{"type": "FeatureCollection", "name": "LOSGALLARDOS", "features": [{"type": "Feature", "properties": {"id": "561098", "FIREDATE": "2026-07-09T15:09:00", "FINALDATE": "2026-07-10T15:46:00", "LASTUPDATE": "2026-07-10 07:09:23.980994", "COUNTRY": "ES", "PROVINCE": "Almería", "COMMUNE": "Gallardos, Los", "AREA_HA": 5400.0, "BROADLEA": 0.0, "CONIFER": 1.0892, "MIXED": 0.0, "SCLEROPH": 67.9527, "TRANSIT": 0.9046, "OTHERNATLC": 22.3002, "AGRIAREAS": 7.6057, "ARTIFSURF": 0.1477, "OTHERLC": 0.0, "PERCNA2K": 72.4146, "CLASS": "30DAYS", "AÑO": 2026, "LATITUD": 37.1784921802252, "LONGITUD": -1.9980228200787704}, "geometry": {"type": "Polygon", "coordinates": [[[-1.99868, 37.143604], [-1.998633, 37.143598], [-1.998601, 37.143594], [-1.998454, 37.1436], [-1.998192, 37.143616], [-1.998038, 37.14363], [-1.997992, 37.143641], [-1.997893, 37.143651], [-1.997741, 37.143661], [-1.99746, 37.14365], [-1.997051, 37.143616], [-1.996826, 37.143542], [-1.996785, 37.143427], [-1.996722, 37.143366], [-1.996636, 37.14336], [-1.996462, 37.14346], [-1.9962, 37.143665], [-1.995916, 37.143736], [-1.995608, 37.143672], [-1.995372, 37.143659], [-1.995209, 37.143697], [-1.995125, 37.143719], [-1.995119, 37.143726], [-1.99511, 37.143791], [-1.995095, 37.143916], [-1.995076, 37.144], [-1.995051, 37.144041], [-1.99499, 37.144061], [-1.994892, 37.144057], [-1.994798, 37.144054], [-1.99471, 37.144051], [-1.994656, 37.144096], [-1.994639, 37.144188], [-1.994589, 37.144254], [-1.994508, 37.144295], [-1.994326, 37.144419], [-1.994044, 37.144627], [-1.993996, 37.144779], [-1.994183, 37.144876], [-1.994369, 37.144905], [-1.994556, 37.144866], [-1.994675, 37.14483], [-1.994724, 37.144795], [-1.994785, 37.144758], [-1.994858, 37.144718], [-1.994924, 37.144714], [-1.994982, 37.144745], [-1.995009, 37.144785], [-1.995003, 37.144832], [-1.994999, 37.144869], [-1.994996, 37.144896], [-1.994995, 37.144939], [-1.994994, 37.144999], [-1.994977, 37.145038], [-1.994943, 37.145055], [-1.994891, 37.145077], [-1.994821, 37.145103], [-1.994745, 37.145134], [-1.994661, 37.145171], [-1.994573, 37.145201], [-1.994482, 37.145226], [-1.994416, 37.145271], [-1.994374, 37.145336], [-1.994341, 37.145409], [-1.994318, 37.145489], [-1.994321, 37.145551], [-1.99435, 37.145594], [-1.994361, 37.145627], [-1.994355, 37.145647], [-1.994327, 37.145681], [-1.994275, 37.145728], [-1.994063, 37.145775], [-1.993689, 37.145823], [-1.993399, 37.145817], [-1.993193, 37.145757], [-1.993025, 37.145716], [-1.992893, 37.145695], [-1.992803, 37.145651], [-1.992754, 37.145584], [-1.992742, 37.145515], [-1.992767, 37.145443], [-1.992807, 37.145371], [-1.992864, 37.145299], [-1.992924, 37.145247], [-1.992987, 37.145213], [-1.993035, 37.145198], [-1.993069, 37.145203], [-1.993118, 37.14521], [-1.993182, 37.145218], [-1.99326, 37.145197], [-1.993352, 37.145147], [-1.993333, 37.145115], [-1.993203, 37.145102], [-1.993119, 37.145091], [-1.993081, 37.145083], [-1.993059, 37.145078], [-1.993054, 37.145077], [-1.993037, 37.145025], [-1.993008, 37.144922], [-1.992943, 37.144854], [-1.992842, 37.144821], [-1.992781, 37.144746], [-1.992761, 37.144628], [-1.992749, 37.144501], [-1.992747, 37.144364], [-1.992792, 37.144289], [-1.992886, 37.144277], [-1.993032, 37.144235], [-1.993232, 37.144162], [-1.993384, 37.144199], [-1.993488, 37.144344], [-1.993572, 37.144452], [-1.993634, 37.144521], [-1.99368, 37.144573], [-1.99371, 37.144608], [-1.993736, 37.144614], [-1.993757, 37.144592], [-1.993793, 37.144554], [-1.993843, 37.144502], [-1.993804, 37.144392], [-1.993678, 37.144226], [-1.993616, 37.144058], [-1.99362, 37.143888], [-1.99358, 37.143755], [-1.993497, 37.143658], [-1.993354, 37.143596], [-1.993151, 37.143568], [-1.993242, 37.14349], [-1.993628, 37.14336], [-1.993904, 37.143267], [-1.994071, 37.14321], [-1.99432, 37.14312], [-1.994652, 37.142997], [-1.994918, 37.142878], [-1.995119, 37.142763], [-1.995353, 37.142617], [-1.99562, 37.14244], [-1.995934, 37.142244], [-1.996293, 37.142028], [-1.996497, 37.141895], [-1.996543, 37.141845], [-1.996716, 37.141698], [-1.997016, 37.141454], [-1.997246, 37.141317], [-1.997406, 37.141288], [-1.997577, 37.141061], [-1.997757, 37.140636], [-1.997963, 37.140328], [-1.998195, 37.140138], [-1.99849, 37.139868], [-1.998849, 37.139519], [-1.999292, 37.13915], [-1.99982, 37.138761], [-2.000236, 37.138453], [-2.000539, 37.138227], [-2.00072, 37.13803], [-2.000779, 37.137861], [-2.000823, 37.137704], [-2.000853, 37.137557], [-2.000972, 37.137448], [-2.00118, 37.137377], [-2.001458, 37.137324], [-2.001805, 37.137288], [-2.00208, 37.137222], [-2.002284, 37.137124], [-2.002444, 37.137059], [-2.002559, 37.137026], [-2.002734, 37.136982], [-2.002967, 37.136925], [-2.003126, 37.136881], [-2.00321, 37.136848], [-2.00342, 37.136911], [-2.003754, 37.137068], [-2.00399, 37.137196], [-2.004129, 37.137294], [-2.004268, 37.137366], [-2.004408, 37.13741], [-2.004452, 37.137311], [-2.004398, 37.137068], [-2.004532, 37.136886], [-2.004853, 37.136764], [-2.005159, 37.136618], [-2.005449, 37.136447], [-2.005708, 37.136289], [-2.005937, 37.136143], [-2.00613, 37.136079], [-2.006287, 37.136094], [-2.006449, 37.136136], [-2.006615, 37.136204], [-2.006685, 37.136257], [-2.006659, 37.136297], [-2.006575, 37.136388], [-2.006435, 37.136531], [-2.006424, 37.136661], [-2.006544, 37.13678], [-2.006585, 37.136859], [-2.006548, 37.1369], [-2.006493, 37.136961], [-2.006418, 37.137042], [-2.006395, 37.137129], [-2.006423, 37.137224], [-2.006548, 37.137186], [-2.006772, 37.137014], [-2.006892, 37.136926], [-2.006907, 37.13692], [-2.006955, 37.136972], [-2.007035, 37.137081], [-2.007137, 37.137177], [-2.007262, 37.13726], [-2.00739, 37.137265], [-2.007521, 37.137195], [-2.007724, 37.137125], [-2.007998, 37.137054], [-2.008127, 37.136966], [-2.008108, 37.136861], [-2.008004, 37.136799], [-2.007813, 37.136778], [-2.007716, 37.136732], [-2.007715, 37.136659], [-2.00773, 37.136617], [-2.007761, 37.136606], [-2.007852, 37.136559], [-2.008003, 37.136477], [-2.00817, 37.13642], [-2.008352, 37.136388], [-2.008512, 37.136327], [-2.008651, 37.136238], [-2.008793, 37.136104], [-2.008939, 37.135924], [-2.009088, 37.135829], [-2.009241, 37.135819], [-2.009321, 37.135773], [-2.009329, 37.135691], [-2.009294, 37.13562], [-2.009217, 37.135558], [-2.009032, 37.135538], [-2.008737, 37.135557], [-2.008595, 37.135468], [-2.008605, 37.135271], [-2.008712, 37.135128], [-2.008918, 37.135039], [-2.009121, 37.134972], [-2.009323, 37.134929], [-2.009429, 37.134906], [-2.009438, 37.134904], [-2.009571, 37.134878], [-2.009829, 37.134828], [-2.009986, 37.134773], [-2.010041, 37.134712], [-2.010146, 37.134743], [-2.0103, 37.134866], [-2.010516, 37.134906], [-2.010796, 37.134861], [-2.010934, 37.134799], [-2.010931, 37.134719], [-2.010995, 37.134643], [-2.011126, 37.134573], [-2.011332, 37.134489], [-2.011613, 37.13439], [-2.011833, 37.134389], [-2.011993, 37.134484], [-2.012099, 37.134614], [-2.012149, 37.134777], [-2.012109, 37.134898], [-2.01198, 37.134977], [-2.011907, 37.135067], [-2.011891, 37.135167], [-2.011823, 37.135252], [-2.011703, 37.135321], [-2.01161, 37.13539], [-2.011545, 37.135461], [-2.011456, 37.135522], [-2.011344, 37.135572], [-2.011254, 37.135565], [-2.011188, 37.135503], [-2.011079, 37.135476], [-2.010926, 37.135487], [-2.010827, 37.135518], [-2.01078, 37.135568], [-2.010734, 37.135624], [-2.010688, 37.135684], [-2.010644, 37.135744], [-2.0106, 37.135802], [-2.010597, 37.135913], [-2.010637, 37.136078], [-2.010745, 37.136158], [-2.010921, 37.136153], [-2.011048, 37.136162], [-2.011128, 37.136185], [-2.011192, 37.136204], [-2.01124, 37.136218], [-2.011336, 37.13626], [-2.011481, 37.136331], [-2.011577, 37.136439], [-2.011624, 37.136585], [-2.01165, 37.136682], [-2.011653, 37.136731], [-2.011656, 37.13678], [-2.011658, 37.136829], [-2.01164, 37.136896], [-2.011599, 37.136981], [-2.011637, 37.13707], [-2.011752, 37.137162], [-2.011794, 37.137273], [-2.011761, 37.137402], [-2.01183, 37.137485], [-2.012002, 37.13752], [-2.012123, 37.137601], [-2.012192, 37.137728], [-2.012295, 37.138023], [-2.012432, 37.138487], [-2.012488, 37.138723], [-2.012463, 37.13873], [-2.012387, 37.138786], [-2.012262, 37.138892], [-2.01227, 37.139002], [-2.012412, 37.139118], [-2.012512, 37.139217], [-2.01257, 37.139299], [-2.012574, 37.139414], [-2.012522, 37.139564], [-2.012425, 37.139701], [-2.012281, 37.139827], [-2.012187, 37.139951], [-2.012142, 37.140072], [-2.012041, 37.140157], [-2.011883, 37.140204], [-2.011805, 37.140294], [-2.011806, 37.140428], [-2.011702, 37.140557], [-2.011492, 37.140682], [-2.011471, 37.140788], [-2.011641, 37.140873], [-2.011703, 37.141102], [-2.011657, 37.141474], [-2.011709, 37.141677], [-2.011858, 37.141711], [-2.011934, 37.141769], [-2.011937, 37.141849], [-2.01202, 37.141914], [-2.012183, 37.141964], [-2.012313, 37.142042], [-2.012408, 37.142145], [-2.012641, 37.142183], [-2.013011, 37.142153], [-2.01328, 37.142177], [-2.013447, 37.142253], [-2.013588, 37.142302], [-2.013702, 37.142323], [-2.013785, 37.142384], [-2.013835, 37.142485], [-2.013779, 37.142608], [-2.013617, 37.142754], [-2.013556, 37.142909], [-2.013595, 37.143074], [-2.013573, 37.143202], [-2.01349, 37.143293], [-2.013458, 37.143457], [-2.013477, 37.143696], [-2.013447, 37.143838], [-2.013366, 37.143884], [-2.013202, 37.143861], [-2.012954, 37.143767], [-2.01281, 37.143826], [-2.012769, 37.144037], [-2.012805, 37.144179], [-2.012918, 37.144254], [-2.013013, 37.144394], [-2.01309, 37.1446], [-2.012931, 37.144732], [-2.012535, 37.14479], [-2.012441, 37.144909], [-2.012649, 37.145088], [-2.012861, 37.145199], [-2.013078, 37.145243], [-2.013187, 37.145331], [-2.013189, 37.145465], [-2.013358, 37.145488], [-2.013696, 37.1454], [-2.013904, 37.145324], [-2.013981, 37.145261], [-2.014149, 37.145244], [-2.014408, 37.145273], [-2.014587, 37.145353], [-2.014687, 37.145483], [-2.014797, 37.145576], [-2.014917, 37.145632], [-2.015016, 37.145695], [-2.015095, 37.145766], [-2.015115, 37.145879], [-2.015076, 37.146036], [-2.015135, 37.146126], [-2.015294, 37.146151], [-2.015411, 37.146314], [-2.015486, 37.146617], [-2.015431, 37.146781], [-2.015248, 37.146804], [-2.015171, 37.146872], [-2.015202, 37.146984], [-2.015292, 37.147057], [-2.015441, 37.147092], [-2.015462, 37.147308], [-2.015355, 37.147706], [-2.0152, 37.148024], [-2.014999, 37.148264], [-2.014822, 37.148421], [-2.014669, 37.148494], [-2.014586, 37.148652], [-2.014573, 37.148895], [-2.014858, 37.149104], [-2.01544, 37.149279], [-2.015812, 37.149384], [-2.015972, 37.149417], [-2.016095, 37.149396], [-2.016182, 37.149323], [-2.016288, 37.149265], [-2.016413, 37.149222], [-2.016517, 37.149217], [-2.0166, 37.149251], [-2.016708, 37.149304], [-2.016842, 37.149377], [-2.016969, 37.149374], [-2.017088, 37.149296], [-2.017213, 37.149258], [-2.017346, 37.149259], [-2.017493, 37.149311], [-2.017655, 37.149415], [-2.017784, 37.149586], [-2.01788, 37.149824], [-2.017977, 37.149838], [-2.018073, 37.14963], [-2.018349, 37.149599], [-2.018805, 37.149746], [-2.019052, 37.149897], [-2.01909, 37.150053], [-2.019256, 37.150215], [-2.01955, 37.150382], [-2.019879, 37.150528], [-2.020242, 37.150651], [-2.020494, 37.150797], [-2.020634, 37.150967], [-2.020833, 37.151066], [-2.021092, 37.151096], [-2.021354, 37.151017], [-2.02162, 37.150832], [-2.02184, 37.150732], [-2.022014, 37.150719], [-2.022097, 37.150654], [-2.022088, 37.15054], [-2.02221, 37.150511], [-2.022463, 37.150567], [-2.022649, 37.150593], [-2.022769, 37.150586], [-2.022849, 37.150536], [-2.022888, 37.150442], [-2.023045, 37.150332], [-2.023322, 37.150207], [-2.02352, 37.150204], [-2.02364, 37.150323], [-2.023797, 37.150405], [-2.023993, 37.150452], [-2.024143, 37.150459], [-2.024248, 37.150428], [-2.024417, 37.150384], [-2.02465, 37.150327], [-2.024924, 37.150315], [-2.025238, 37.150346], [-2.025504, 37.150352], [-2.025722, 37.150333], [-2.025948, 37.150331], [-2.026182, 37.150345], [-2.02637, 37.15041], [-2.026511, 37.150526], [-2.02665, 37.150656], [-2.026785, 37.150799], [-2.026933, 37.150919], [-2.027093, 37.151014], [-2.027194, 37.151091], [-2.027237, 37.151148], [-2.027128, 37.151215], [-2.026866, 37.151293], [-2.026788, 37.151357], [-2.026896, 37.151406], [-2.027119, 37.151448], [-2.027456, 37.151486], [-2.0276, 37.151548], [-2.027548, 37.151634], [-2.027382, 37.15166], [-2.0271, 37.151625], [-2.026942, 37.151641], [-2.02691, 37.151707], [-2.027018, 37.151792], [-2.027268, 37.151894], [-2.027453, 37.15191], [-2.027573, 37.151841], [-2.027707, 37.151851], [-2.027855, 37.151939], [-2.027999, 37.151974], [-2.02814, 37.151956], [-2.028251, 37.151912], [-2.028335, 37.151843], [-2.028445, 37.151811], [-2.028582, 37.151816], [-2.028784, 37.151824], [-2.029051, 37.151835], [-2.029149, 37.15176], [-2.029076, 37.151599], [-2.029162, 37.151486], [-2.029404, 37.151419], [-2.029513, 37.15132], [-2.029491, 37.151189], [-2.029595, 37.151091], [-2.029826, 37.151025], [-2.029959, 37.151026], [-2.029993, 37.151093], [-2.030054, 37.15113], [-2.030144, 37.151137], [-2.030182, 37.15123], [-2.030169, 37.15141], [-2.030262, 37.151501], [-2.030461, 37.151502], [-2.03068, 37.151523], [-2.030919, 37.151564], [-2.031145, 37.151656], [-2.031357, 37.151798], [-2.031487, 37.151973], [-2.031534, 37.152182], [-2.03167, 37.152298], [-2.031895, 37.152323], [-2.032085, 37.152209], [-2.03224, 37.151957], [-2.032457, 37.151746], [-2.032737, 37.151576], [-2.03294, 37.15151], [-2.033068, 37.151547], [-2.033282, 37.151475], [-2.033582, 37.151294], [-2.033912, 37.151229], [-2.034275, 37.151281], [-2.034477, 37.151237], [-2.034519, 37.151098], [-2.034616, 37.151023], [-2.034769, 37.151012], [-2.03501, 37.151035], [-2.03534, 37.151091], [-2.035608, 37.150981], [-2.035813, 37.150704], [-2.036159, 37.150472], [-2.036645, 37.150285], [-2.036963, 37.15024], [-2.037112, 37.150337], [-2.037249, 37.150266], [-2.037373, 37.150027], [-2.037521, 37.149927], [-2.037694, 37.149968], [-2.037805, 37.150069], [-2.037856, 37.150232], [-2.037887, 37.150443], [-2.037899, 37.1507], [-2.037944, 37.1509], [-2.038024, 37.151041], [-2.037997, 37.15117], [-2.037862, 37.151285], [-2.037723, 37.151339], [-2.037578, 37.151331], [-2.037472, 37.151389], [-2.037405, 37.151513], [-2.03733, 37.151684], [-2.037246, 37.1519], [-2.037101, 37.151981], [-2.036893, 37.151927], [-2.036745, 37.152031], [-2.036658, 37.152292], [-2.036529, 37.15247], [-2.036358, 37.152563], [-2.036144, 37.152671], [-2.03589, 37.152793], [-2.035685, 37.152886], [-2.035531, 37.15295], [-2.035544, 37.153025], [-2.035724, 37.153109], [-2.035651, 37.153261], [-2.035325, 37.153481], [-2.035032, 37.153666], [-2.034771, 37.153816], [-2.03454, 37.153979], [-2.034339, 37.154157], [-2.034263, 37.154287], [-2.03431, 37.15437], [-2.034461, 37.154315], [-2.034714, 37.154122], [-2.034949, 37.15398], [-2.035165, 37.15389], [-2.035295, 37.153878], [-2.03534, 37.153944], [-2.035433, 37.153972], [-2.035575, 37.153963], [-2.035779, 37.154026], [-2.036045, 37.154161], [-2.036248, 37.154309], [-2.036386, 37.15447], [-2.03653, 37.15463], [-2.036679, 37.15479], [-2.036793, 37.154971], [-2.036873, 37.155175], [-2.03685, 37.155299], [-2.036725, 37.155342], [-2.036674, 37.155393], [-2.036695, 37.155453], [-2.03679, 37.15549], [-2.036958, 37.155504], [-2.037089, 37.155621], [-2.037182, 37.155841], [-2.037338, 37.155946], [-2.037557, 37.155936], [-2.037717, 37.155965], [-2.037817, 37.156032], [-2.037717, 37.156157], [-2.037418, 37.156338], [-2.037285, 37.156498], [-2.03732, 37.156636], [-2.037394, 37.156743], [-2.037507, 37.156817], [-2.037544, 37.156906], [-2.037507, 37.157009], [-2.037509, 37.157148], [-2.03755, 37.157321], [-2.03769, 37.157428], [-2.037929, 37.157469], [-2.038057, 37.157573], [-2.038076, 37.15774], [-2.038138, 37.157937], [-2.038243, 37.158165], [-2.038467, 37.15831], [-2.03881, 37.158374], [-2.038969, 37.158465], [-2.038945, 37.158584], [-2.03903, 37.158658], [-2.039223, 37.158687], [-2.039379, 37.15876], [-2.039499, 37.158879], [-2.039693, 37.15901], [-2.039961, 37.159154], [-2.040204, 37.159253], [-2.040423, 37.159305], [-2.040568, 37.159407], [-2.040639, 37.159559], [-2.040697, 37.159703], [-2.040743, 37.15984], [-2.040704, 37.159965], [-2.04058, 37.160079], [-2.040483, 37.160186], [-2.040412, 37.160284], [-2.040322, 37.16034], [-2.040214, 37.160354], [-2.040069, 37.160408], [-2.039887, 37.160503], [-2.039793, 37.160627], [-2.039786, 37.16078], [-2.039696, 37.160898], [-2.039523, 37.160983], [-2.039361, 37.160999], [-2.039208, 37.160947], [-2.039115, 37.161049], [-2.039082, 37.161303], [-2.039164, 37.161484], [-2.039359, 37.161593], [-2.039443, 37.161694], [-2.039415, 37.161787], [-2.039295, 37.161829], [-2.039084, 37.16182], [-2.039025, 37.161895], [-2.039119, 37.162053], [-2.039078, 37.162165], [-2.038902, 37.162232], [-2.038832, 37.162371], [-2.038869, 37.16258], [-2.039047, 37.162687], [-2.039368, 37.16269], [-2.039554, 37.162809], [-2.039606, 37.163044], [-2.039665, 37.163192], [-2.039731, 37.163255], [-2.039763, 37.163341], [-2.03976, 37.163448], [-2.039671, 37.163575], [-2.039498, 37.163723], [-2.039313, 37.163769], [-2.039116, 37.163714], [-2.039, 37.163621], [-2.038967, 37.163492], [-2.038878, 37.163427], [-2.038735, 37.163428], [-2.038644, 37.163475], [-2.038605, 37.163569], [-2.038645, 37.163683], [-2.038764, 37.163817], [-2.038923, 37.163904], [-2.039121, 37.163944], [-2.03933, 37.164057], [-2.03955, 37.164243], [-2.039673, 37.164473], [-2.039699, 37.164746], [-2.039852, 37.164932], [-2.040134, 37.165029], [-2.040332, 37.165026], [-2.040447, 37.164922], [-2.040586, 37.164927], [-2.040749, 37.16504], [-2.040978, 37.165086], [-2.041272, 37.165067], [-2.04155, 37.165076], [-2.04181, 37.165114], [-2.042264, 37.16518], [-2.04291, 37.165276], [-2.043195, 37.165427], [-2.043121, 37.165633], [-2.043216, 37.165737], [-2.043481, 37.165738], [-2.043673, 37.165794], [-2.043792, 37.165904], [-2.043739, 37.165982], [-2.043515, 37.166029], [-2.043396, 37.166133], [-2.04338, 37.166296], [-2.043463, 37.166393], [-2.043645, 37.166423], [-2.043831, 37.166479], [-2.044022, 37.166562], [-2.04413, 37.166642], [-2.044154, 37.166719], [-2.044085, 37.166795], [-2.043921, 37.166869], [-2.043935, 37.166948], [-2.044126, 37.167031], [-2.044382, 37.167043], [-2.044703, 37.166983], [-2.045049, 37.16685], [-2.045422, 37.166641], [-2.045578, 37.166465], [-2.04552, 37.166321], [-2.045594, 37.166235], [-2.045799, 37.166209], [-2.045865, 37.166116], [-2.045793, 37.165955], [-2.045944, 37.165904], [-2.046319, 37.165964], [-2.0466, 37.166053], [-2.046786, 37.166171], [-2.046978, 37.166165], [-2.047176, 37.166032], [-2.047356, 37.165929], [-2.04752, 37.165854], [-2.047717, 37.165717], [-2.047947, 37.165518], [-2.04823, 37.165366], [-2.048564, 37.16526], [-2.048743, 37.165175], [-2.048765, 37.165109], [-2.048651, 37.165057], [-2.048401, 37.165018], [-2.048206, 37.165007], [-2.048065, 37.165025], [-2.047966, 37.164833], [-2.047906, 37.164429], [-2.047828, 37.164234], [-2.047731, 37.164247], [-2.047708, 37.164178], [-2.047759, 37.164029], [-2.047838, 37.163911], [-2.047945, 37.163826], [-2.048071, 37.163694], [-2.048216, 37.163515], [-2.048362, 37.163371], [-2.048509, 37.163263], [-2.048504, 37.16317], [-2.048347, 37.163092], [-2.04826, 37.163005], [-2.048243, 37.162909], [-2.048327, 37.162724], [-2.048511, 37.16245], [-2.048722, 37.162302], [-2.048961, 37.162281], [-2.049356, 37.162297], [-2.049906, 37.162351], [-2.050435, 37.162404], [-2.05094, 37.162455], [-2.051259, 37.16245], [-2.051392, 37.162388], [-2.051611, 37.162315], [-2.051917, 37.162231], [-2.052162, 37.162276], [-2.052347, 37.162449], [-2.052458, 37.162613], [-2.052496, 37.162769], [-2.05261, 37.162852], [-2.0528, 37.162864], [-2.052809, 37.162979], [-2.052637, 37.163197], [-2.052595, 37.163368], [-2.052683, 37.16349], [-2.052662, 37.163654], [-2.052532, 37.163858], [-2.052382, 37.163984], [-2.052214, 37.164033], [-2.052139, 37.164105], [-2.052155, 37.164201], [-2.052164, 37.164347], [-2.052165, 37.164543], [-2.05234, 37.164561], [-2.052687, 37.1644], [-2.052988, 37.164384], [-2.053242, 37.164512], [-2.053452, 37.164512], [-2.053617, 37.164384], [-2.053833, 37.164262], [-2.0541, 37.164148], [-2.054281, 37.164173], [-2.054376, 37.16434], [-2.054527, 37.164445], [-2.054734, 37.16449], [-2.054856, 37.164559], [-2.054895, 37.164653], [-2.054784, 37.164778], [-2.054525, 37.164937], [-2.054436, 37.165095], [-2.054519, 37.165254], [-2.054494, 37.165365], [-2.054362, 37.165426], [-2.054367, 37.16552], [-2.05451, 37.165644], [-2.054537, 37.165832], [-2.054449, 37.166085], [-2.054308, 37.166259], [-2.054115, 37.166355], [-2.054116, 37.166422], [-2.05431, 37.16646], [-2.054393, 37.166556], [-2.054365, 37.166712], [-2.054414, 37.166835], [-2.05454, 37.166926], [-2.054596, 37.167057], [-2.054582, 37.167229], [-2.054481, 37.167344], [-2.054293, 37.167404], [-2.054181, 37.167463], [-2.054147, 37.167521], [-2.054044, 37.167561], [-2.053871, 37.167583], [-2.053829, 37.167691], [-2.053918, 37.167885], [-2.053936, 37.168017], [-2.053882, 37.168086], [-2.053881, 37.16818], [-2.053935, 37.168298], [-2.053997, 37.168464], [-2.054068, 37.168679], [-2.054034, 37.168803], [-2.053897, 37.168839], [-2.053845, 37.168953], [-2.053879, 37.169145], [-2.053943, 37.169262], [-2.054039, 37.169303], [-2.054115, 37.169297], [-2.054172, 37.169246], [-2.054262, 37.169189], [-2.054384, 37.169129], [-2.05455, 37.169103], [-2.054762, 37.169112], [-2.054893, 37.169202], [-2.054945, 37.169374], [-2.05506, 37.169462], [-2.055237, 37.169466], [-2.055409, 37.169439], [-2.055576, 37.169382], [-2.055709, 37.16945], [-2.055809, 37.169642], [-2.056017, 37.16979], [-2.056333, 37.169892], [-2.056549, 37.169994], [-2.056666, 37.170095], [-2.056753, 37.170213], [-2.05681, 37.170349], [-2.056891, 37.17037], [-2.056996, 37.170276], [-2.057114, 37.17035], [-2.057244, 37.170592], [-2.057244, 37.170748], [-2.057113, 37.170819], [-2.057047, 37.170916], [-2.057047, 37.171041], [-2.057025, 37.171169], [-2.056981, 37.1713], [-2.056882, 37.171456], [-2.056726, 37.171636], [-2.056607, 37.171812], [-2.056527, 37.171983], [-2.056428, 37.172085], [-2.056313, 37.172118], [-2.056259, 37.17216], [-2.056269, 37.172213], [-2.056356, 37.172242], [-2.056523, 37.172247], [-2.05665, 37.17228], [-2.056738, 37.17234], [-2.056866, 37.172377], [-2.057034, 37.172391], [-2.057164, 37.17254], [-2.057257, 37.172824], [-2.057309, 37.172964], [-2.057321, 37.172962], [-2.057375, 37.172923], [-2.057472, 37.172848], [-2.057576, 37.172808], [-2.057685, 37.172803], [-2.057742, 37.172872], [-2.057744, 37.173014], [-2.057859, 37.173102], [-2.058086, 37.173136], [-2.058197, 37.173202], [-2.058192, 37.173301], [-2.058164, 37.173394], [-2.058113, 37.17348], [-2.058242, 37.173558], [-2.058552, 37.173625], [-2.058775, 37.173574], [-2.058911, 37.173405], [-2.059179, 37.173263], [-2.059579, 37.173149], [-2.059875, 37.173076], [-2.060068, 37.173042], [-2.060318, 37.172987], [-2.060625, 37.172912], [-2.060771, 37.172835], [-2.060758, 37.172757], [-2.060894, 37.172717], [-2.061181, 37.172716], [-2.061388, 37.172796], [-2.061516, 37.172958], [-2.061667, 37.173095], [-2.061841, 37.173207], [-2.061977, 37.173288], [-2.062074, 37.173338], [-2.062199, 37.17358], [-2.062352, 37.174016], [-2.062382, 37.174343], [-2.062287, 37.17456], [-2.062193, 37.174746], [-2.062098, 37.174901], [-2.062101, 37.175075], [-2.062201, 37.175268], [-2.062278, 37.175329], [-2.062332, 37.17526], [-2.062432, 37.175234], [-2.062579, 37.17525], [-2.062585, 37.175352], [-2.062452, 37.175539], [-2.062331, 37.175666], [-2.062221, 37.175734], [-2.06205, 37.175702], [-2.061818, 37.175571], [-2.061581, 37.175544], [-2.06134, 37.175619], [-2.061178, 37.175734], [-2.061094, 37.175888], [-2.061044, 37.17601], [-2.061027, 37.176102], [-2.061281, 37.176132], [-2.061805, 37.1761], [-2.062098, 37.176134], [-2.062159, 37.176233], [-2.062286, 37.176293], [-2.062477, 37.176313], [-2.062495, 37.176417], [-2.062341, 37.176607], [-2.062049, 37.176676], [-2.06162, 37.176624], [-2.061388, 37.176528], [-2.061353, 37.17639], [-2.061317, 37.17631], [-2.06128, 37.176288], [-2.061234, 37.176276], [-2.061178, 37.176274], [-2.061093, 37.176321], [-2.060977, 37.176416], [-2.060944, 37.176483], [-2.060995, 37.176521], [-2.061029, 37.176588], [-2.061046, 37.176684], [-2.060743, 37.176719], [-2.06012, 37.176691], [-2.059755, 37.176725], [-2.05965, 37.176819], [-2.059569, 37.176856], [-2.05951, 37.176837], [-2.059403, 37.176917], [-2.059246, 37.177098], [-2.059126, 37.177199], [-2.059041, 37.177218], [-2.058955, 37.177292], [-2.058866, 37.177419], [-2.058718, 37.177488], [-2.05851, 37.177496], [-2.058278, 37.177624], [-2.058023, 37.177871], [-2.057816, 37.178014], [-2.057657, 37.178052], [-2.057587, 37.178155], [-2.057605, 37.178323], [-2.057684, 37.178428], [-2.057825, 37.178473], [-2.057846, 37.178564], [-2.057748, 37.178701], [-2.057662, 37.178775], [-2.057586, 37.178785], [-2.057566, 37.178828], [-2.057602, 37.178903], [-2.057807, 37.178944], [-2.058184, 37.178949], [-2.058352, 37.179057], [-2.058311, 37.179268], [-2.058252, 37.179436], [-2.058175, 37.179562], [-2.058179, 37.179651], [-2.058265, 37.179702], [-2.058409, 37.179858], [-2.058609, 37.180118], [-2.058782, 37.180256], [-2.058928, 37.180273], [-2.059012, 37.180343], [-2.059033, 37.180465], [-2.059108, 37.180576], [-2.059236, 37.180676], [-2.05929, 37.180829], [-2.059271, 37.181037], [-2.059349, 37.181165], [-2.059523, 37.181215], [-2.059695, 37.18125], [-2.059865, 37.181273], [-2.060011, 37.181384], [-2.060134, 37.181582], [-2.060317, 37.181684], [-2.060561, 37.181688], [-2.06072, 37.181713], [-2.060794, 37.181757], [-2.060673, 37.181884], [-2.060356, 37.182094], [-2.060066, 37.182301], [-2.059804, 37.182504], [-2.059602, 37.182615], [-2.059462, 37.182633], [-2.059397, 37.182673], [-2.059407, 37.182734], [-2.059364, 37.182802], [-2.059267, 37.182877], [-2.059183, 37.182874], [-2.059114, 37.182794], [-2.059025, 37.182725], [-2.058916, 37.182668], [-2.058801, 37.182615], [-2.058683, 37.182568], [-2.058635, 37.182454], [-2.058659, 37.182272], [-2.058523, 37.182191], [-2.058229, 37.182211], [-2.058083, 37.182261], [-2.058086, 37.182341], [-2.058021, 37.182412], [-2.057888, 37.182474], [-2.057851, 37.182577], [-2.057909, 37.182721], [-2.057867, 37.182798], [-2.057725, 37.182807], [-2.057619, 37.182736], [-2.057548, 37.182584], [-2.057404, 37.182487], [-2.057187, 37.182443], [-2.057144, 37.182355], [-2.057275, 37.182222], [-2.057292, 37.182099], [-2.057196, 37.181987], [-2.057055, 37.181911], [-2.056872, 37.181872], [-2.05674, 37.181907], [-2.056659, 37.182015], [-2.056687, 37.18211], [-2.056823, 37.182191], [-2.056853, 37.182303], [-2.056779, 37.182447], [-2.056851, 37.182576], [-2.05707, 37.18269], [-2.057215, 37.182792], [-2.057285, 37.182881], [-2.057268, 37.182942], [-2.057163, 37.182973], [-2.057079, 37.182962], [-2.057014, 37.182907], [-2.056908, 37.182934], [-2.056761, 37.183043], [-2.05657, 37.183116], [-2.056334, 37.183155], [-2.056266, 37.183209], [-2.056366, 37.183276], [-2.056401, 37.183348], [-2.05637, 37.183423], [-2.056415, 37.183493], [-2.056537, 37.183558], [-2.056671, 37.183599], [-2.056817, 37.183616], [-2.056916, 37.183674], [-2.056967, 37.183775], [-2.057068, 37.183816], [-2.057219, 37.183796], [-2.057486, 37.183744], [-2.057868, 37.183659], [-2.058173, 37.183602], [-2.0584, 37.183573], [-2.058624, 37.183495], [-2.058845, 37.183369], [-2.05901, 37.183365], [-2.059119, 37.183485], [-2.059226, 37.183561], [-2.059331, 37.183592], [-2.059348, 37.183688], [-2.059276, 37.183849], [-2.059187, 37.183874], [-2.059079, 37.183763], [-2.058936, 37.183763], [-2.058756, 37.183876], [-2.058621, 37.183893], [-2.058531, 37.183815], [-2.058387, 37.183816], [-2.058191, 37.183895], [-2.058072, 37.183972], [-2.05803, 37.184049], [-2.057947, 37.184109], [-2.057822, 37.184152], [-2.057721, 37.184111], [-2.057644, 37.183987], [-2.057562, 37.183989], [-2.057473, 37.184116], [-2.057371, 37.184259], [-2.057255, 37.184417], [-2.057125, 37.184558], [-2.056982, 37.184684], [-2.056735, 37.184599], [-2.056385, 37.184305], [-2.056104, 37.18418], [-2.055891, 37.184226], [-2.055752, 37.184123], [-2.055686, 37.183873], [-2.055606, 37.183669], [-2.055513, 37.183511], [-2.055323, 37.183437], [-2.055038, 37.183447], [-2.054862, 37.183519], [-2.054797, 37.183652], [-2.054819, 37.183747], [-2.054929, 37.183805], [-2.054887, 37.183944], [-2.054694, 37.184165], [-2.05454, 37.184234], [-2.054426, 37.18415], [-2.054387, 37.184182], [-2.054424, 37.184329], [-2.054378, 37.184411], [-2.054248, 37.184428], [-2.054122, 37.184435], [-2.054, 37.184433], [-2.053963, 37.184344], [-2.054009, 37.184168], [-2.054036, 37.183973], [-2.054043, 37.183758], [-2.054011, 37.183637], [-2.05394, 37.18361], [-2.053829, 37.183705], [-2.053679, 37.18392], [-2.053568, 37.184073], [-2.053495, 37.184163], [-2.053368, 37.18413], [-2.053186, 37.183975], [-2.05311, 37.184016], [-2.053141, 37.184253], [-2.053097, 37.184477], [-2.052979, 37.184689], [-2.053062, 37.184781], [-2.053344, 37.184754], [-2.053562, 37.184797], [-2.053714, 37.184912], [-2.053884, 37.184966], [-2.05407, 37.18496], [-2.054037, 37.185022], [-2.053784, 37.185153], [-2.053628, 37.185177], [-2.053569, 37.185095], [-2.053481, 37.185129], [-2.053364, 37.185278], [-2.053289, 37.185448], [-2.053256, 37.18564], [-2.053142, 37.185748], [-2.052948, 37.185773], [-2.052793, 37.185802], [-2.052677, 37.185835], [-2.052558, 37.18585], [-2.052436, 37.185848], [-2.052314, 37.185873], [-2.05219, 37.185924], [-2.05205, 37.185947], [-2.051895, 37.18594], [-2.051776, 37.185986], [-2.051694, 37.186086], [-2.05161, 37.185985], [-2.051524, 37.185684], [-2.051506, 37.185516], [-2.051555, 37.185483], [-2.051663, 37.185501], [-2.05183, 37.185569], [-2.051955, 37.185588], [-2.052038, 37.18556], [-2.052164, 37.18549], [-2.052332, 37.185379], [-2.052395, 37.185264], [-2.052352, 37.185144], [-2.052383, 37.18494], [-2.052487, 37.184649], [-2.052507, 37.184419], [-2.052444, 37.184249], [-2.052314, 37.184167], [-2.052117, 37.184175], [-2.051998, 37.184159], [-2.051958, 37.184119], [-2.051933, 37.184038], [-2.051922, 37.183914], [-2.051898, 37.183712], [-2.05186, 37.183431], [-2.051847, 37.183232], [-2.05186, 37.183114], [-2.051774, 37.183036], [-2.051591, 37.182997], [-2.051469, 37.182901], [-2.05141, 37.182748], [-2.051305, 37.182654], [-2.051155, 37.18262], [-2.051083, 37.182647], [-2.051087, 37.182735], [-2.051141, 37.182822], [-2.051244, 37.182907], [-2.051209, 37.183023], [-2.051036, 37.183171], [-2.050886, 37.183069], [-2.050759, 37.18272], [-2.050624, 37.182518], [-2.050482, 37.182465], [-2.050447, 37.18255], [-2.050519, 37.182773], [-2.050532, 37.182941], [-2.050486, 37.183054], [-2.050425, 37.183182], [-2.050351, 37.183325], [-2.050225, 37.183301], [-2.050048, 37.18311], [-2.049917, 37.182988], [-2.04983, 37.182937], [-2.049765, 37.182878], [-2.04972, 37.182813], [-2.049666, 37.182788], [-2.049603, 37.182805], [-2.04959, 37.182954], [-2.049628, 37.183235], [-2.049599, 37.183417], [-2.049504, 37.183501], [-2.049418, 37.183325], [-2.049342, 37.182888], [-2.049339, 37.182621], [-2.04941, 37.182522], [-2.049558, 37.18245], [-2.049781, 37.182403], [-2.049879, 37.182297], [-2.04985, 37.182131], [-2.049831, 37.181897], [-2.049823, 37.181594], [-2.049888, 37.18143], [-2.050027, 37.181403], [-2.050139, 37.181353], [-2.050226, 37.181279], [-2.050214, 37.181178], [-2.050103, 37.181049], [-2.049964, 37.180982], [-2.049798, 37.180977], [-2.049646, 37.180992], [-2.049508, 37.181027], [-2.049443, 37.181192], [-2.04945, 37.181486], [-2.049375, 37.181656], [-2.049218, 37.181703], [-2.049144, 37.181753], [-2.049153, 37.181805], [-2.049226, 37.181907], [-2.049363, 37.182059], [-2.04942, 37.182168], [-2.049398, 37.182233], [-2.049273, 37.182241], [-2.049043, 37.18219], [-2.048878, 37.182131], [-2.048778, 37.182063], [-2.048657, 37.181971], [-2.048515, 37.181856], [-2.048446, 37.181615], [-2.048448, 37.181248], [-2.04841, 37.181092], [-2.048331, 37.181147], [-2.048196, 37.181133], [-2.048005, 37.181051], [-2.047829, 37.18102], [-2.047667, 37.181041], [-2.047633, 37.181103], [-2.047729, 37.181207], [-2.047765, 37.181354], [-2.047743, 37.181544], [-2.047664, 37.181563], [-2.047527, 37.181411], [-2.047423, 37.181322], [-2.047352, 37.181295], [-2.047235, 37.181319], [-2.047071, 37.181394], [-2.046979, 37.181468], [-2.046959, 37.181542], [-2.046997, 37.1816], [-2.047092, 37.181641], [-2.047139, 37.18172], [-2.047137, 37.181836], [-2.047215, 37.181902], [-2.047372, 37.181918], [-2.047452, 37.181997], [-2.047455, 37.182139], [-2.047362, 37.182267], [-2.047172, 37.182381], [-2.047066, 37.182475], [-2.047046, 37.182549], [-2.046976, 37.182651], [-2.046855, 37.182783], [-2.046842, 37.182963], [-2.046938, 37.183192], [-2.047014, 37.183379], [-2.047073, 37.183523], [-2.047068, 37.183657], [-2.047002, 37.183782], [-2.047035, 37.183876], [-2.047167, 37.183939], [-2.047291, 37.18395], [-2.047405, 37.183909], [-2.047467, 37.183946], [-2.047476, 37.184061], [-2.047534, 37.184174], [-2.047642, 37.184285], [-2.047556, 37.184331], [-2.047277, 37.184314], [-2.047051, 37.184285], [-2.046878, 37.184244], [-2.04667, 37.184159], [-2.046427, 37.18403], [-2.04627, 37.183925], [-2.046201, 37.183845], [-2.04611, 37.183767], [-2.045998, 37.183692], [-2.04593, 37.183589], [-2.045907, 37.183458], [-2.045801, 37.183387], [-2.045611, 37.183376], [-2.045491, 37.183351], [-2.04544, 37.183313], [-2.045345, 37.18324], [-2.045205, 37.183133], [-2.045091, 37.18305], [-2.045003, 37.182989], [-2.044882, 37.182898], [-2.044728, 37.182775], [-2.044616, 37.182637], [-2.044545, 37.182486], [-2.044506, 37.18239], [-2.044499, 37.182349], [-2.044468, 37.182326], [-2.044412, 37.182321], [-2.044318, 37.182323], [-2.044187, 37.182331], [-2.044056, 37.182307], [-2.043925, 37.182253], [-2.043749, 37.182226], [-2.043529, 37.182228], [-2.043354, 37.182241], [-2.043226, 37.182267], [-2.043101, 37.182247], [-2.04298, 37.182182], [-2.042882, 37.182128], [-2.042808, 37.182084], [-2.042748, 37.182123], [-2.042703, 37.182244], [-2.042728, 37.182353], [-2.042822, 37.182448], [-2.042722, 37.182479], [-2.042429, 37.182445], [-2.042242, 37.182259], [-2.042161, 37.181921], [-2.042171, 37.181661], [-2.042272, 37.181478], [-2.042244, 37.181384], [-2.042088, 37.181377], [-2.042028, 37.181286], [-2.042064, 37.181112], [-2.042015, 37.180989], [-2.041881, 37.180917], [-2.041757, 37.180839], [-2.041643, 37.180755], [-2.041293, 37.180711], [-2.040707, 37.180706], [-2.040114, 37.180693], [-2.039514, 37.180671], [-2.038903, 37.180683], [-2.038282, 37.180727], [-2.037889, 37.180692], [-2.037726, 37.180579], [-2.037505, 37.180514], [-2.037226, 37.180496], [-2.037004, 37.180462], [-2.036841, 37.180411], [-2.036669, 37.180344], [-2.036489, 37.18026], [-2.036295, 37.180196], [-2.036089, 37.180151], [-2.035944, 37.18008], [-2.035861, 37.179984], [-2.035907, 37.17987], [-2.036084, 37.179741], [-2.036, 37.17964], [-2.035656, 37.179568], [-2.035427, 37.179521], [-2.035313, 37.1795], [-2.03521, 37.179513], [-2.035119, 37.179561], [-2.034998, 37.179527], [-2.034845, 37.179413], [-2.034755, 37.179433], [-2.034727, 37.179589], [-2.03468, 37.179671], [-2.034615, 37.179679], [-2.034503, 37.179734], [-2.034344, 37.179834], [-2.034218, 37.179935], [-2.034126, 37.180036], [-2.034097, 37.180156], [-2.034132, 37.180295], [-2.034124, 37.180407], [-2.034073, 37.180494], [-2.03409, 37.180594], [-2.034176, 37.180708], [-2.034185, 37.180788], [-2.034115, 37.180832], [-2.034035, 37.180816], [-2.033944, 37.180738], [-2.033829, 37.180681], [-2.033691, 37.180646], [-2.033643, 37.180719], [-2.033685, 37.180901], [-2.033667, 37.180984], [-2.033587, 37.180967], [-2.0335, 37.180884], [-2.033408, 37.180735], [-2.033326, 37.180628], [-2.033254, 37.180562], [-2.033191, 37.180547], [-2.033137, 37.180585], [-2.033118, 37.180657], [-2.033137, 37.180761], [-2.033045, 37.18084], [-2.032845, 37.180893], [-2.032687, 37.181002], [-2.032573, 37.181168], [-2.032371, 37.18144], [-2.032084, 37.181816], [-2.031796, 37.182098], [-2.031509, 37.182287], [-2.031274, 37.182429], [-2.031092, 37.182523], [-2.030938, 37.182561], [-2.030813, 37.182541], [-2.030673, 37.182528], [-2.030517, 37.182521], [-2.030444, 37.182544], [-2.030453, 37.182596], [-2.03041, 37.182633], [-2.030314, 37.182654], [-2.030255, 37.182604], [-2.030234, 37.182482], [-2.030174, 37.182422], [-2.030075, 37.182426], [-2.029928, 37.182467], [-2.029732, 37.182546], [-2.029624, 37.182654], [-2.029603, 37.18279], [-2.029651, 37.182842], [-2.029767, 37.182809], [-2.029879, 37.182884], [-2.029988, 37.183067], [-2.030132, 37.183289], [-2.03031, 37.183552], [-2.030375, 37.183736], [-2.030327, 37.18384], [-2.030361, 37.183974], [-2.030478, 37.184138], [-2.030431, 37.184246], [-2.03022, 37.1843], [-2.030028, 37.184249], [-2.029858, 37.184092], [-2.029713, 37.184053], [-2.029594, 37.184131], [-2.029466, 37.184093], [-2.029329, 37.183941], [-2.029216, 37.183925], [-2.029126, 37.184043], [-2.029018, 37.184124], [-2.028893, 37.184167], [-2.028821, 37.184256], [-2.0288, 37.184393], [-2.028694, 37.184482], [-2.028503, 37.184525], [-2.028416, 37.184598], [-2.028435, 37.184703], [-2.028526, 37.184754], [-2.028691, 37.184751], [-2.028805, 37.184799], [-2.028866, 37.184898], [-2.02888, 37.185039], [-2.028845, 37.185222], [-2.028792, 37.185331], [-2.028721, 37.185367], [-2.028641, 37.185351], [-2.028552, 37.185282], [-2.028476, 37.185287], [-2.028412, 37.185367], [-2.028323, 37.185423], [-2.028207, 37.185456], [-2.028128, 37.185492], [-2.028086, 37.185531], [-2.028092, 37.185597], [-2.028146, 37.18569], [-2.028137, 37.185786], [-2.028066, 37.185884], [-2.028023, 37.185988], [-2.028009, 37.186097], [-2.028093, 37.186166], [-2.028275, 37.186197], [-2.028415, 37.186241], [-2.028514, 37.1863], [-2.028548, 37.186367], [-2.028517, 37.186443], [-2.028436, 37.18652], [-2.028306, 37.186599], [-2.02821, 37.18671], [-2.028146, 37.186852], [-2.028036, 37.18695], [-2.02788, 37.187006], [-2.027701, 37.18702], [-2.027497, 37.186993], [-2.027422, 37.186944], [-2.027477, 37.186875], [-2.027509, 37.186777], [-2.02752, 37.186651], [-2.027494, 37.186565], [-2.027431, 37.186519], [-2.027236, 37.186571], [-2.026909, 37.18672], [-2.026604, 37.186813], [-2.026324, 37.186849], [-2.026188, 37.186897], [-2.026199, 37.186958], [-2.026183, 37.187054], [-2.026139, 37.187185], [-2.026074, 37.187318], [-2.025987, 37.187454], [-2.025963, 37.1876], [-2.026001, 37.187756], [-2.026036, 37.187894], [-2.026068, 37.188015], [-2.026141, 37.188113], [-2.026253, 37.188188], [-2.026397, 37.188285], [-2.026573, 37.188406], [-2.026725, 37.188489], [-2.026855, 37.188535], [-2.026905, 37.188604], [-2.026877, 37.188697], [-2.026771, 37.188782], [-2.026585, 37.18886], [-2.026433, 37.188901], [-2.026312, 37.188908], [-2.026151, 37.188808], [-2.02595, 37.188602], [-2.025793, 37.188465], [-2.025683, 37.188399], [-2.02552, 37.188353], [-2.025306, 37.188327], [-2.025196, 37.188457], [-2.02519, 37.188744], [-2.025233, 37.188827], [-2.025322, 37.188709], [-2.025424, 37.188624], [-2.025536, 37.188574], [-2.025616, 37.188586], [-2.025662, 37.188661], [-2.025624, 37.188728], [-2.025502, 37.188789], [-2.025445, 37.188939], [-2.025454, 37.189179], [-2.0255, 37.18932], [-2.025585, 37.189363], [-2.025639, 37.189418], [-2.025662, 37.189487], [-2.025625, 37.189625], [-2.025529, 37.189834], [-2.025441, 37.189993], [-2.02536, 37.190101], [-2.025254, 37.190093], [-2.025122, 37.189967], [-2.025006, 37.189937], [-2.024907, 37.190003], [-2.024814, 37.190069], [-2.024726, 37.190133], [-2.024509, 37.190192], [-2.024165, 37.190245], [-2.023877, 37.190331], [-2.023643, 37.190451], [-2.02347, 37.190535], [-2.023358, 37.190585], [-2.023279, 37.190671], [-2.023234, 37.190793], [-2.02318, 37.190931], [-2.023117, 37.191083], [-2.023101, 37.191184], [-2.023133, 37.191231], [-2.023204, 37.191413], [-2.023314, 37.191729], [-2.023318, 37.191943], [-2.023216, 37.192054], [-2.023056, 37.192119], [-2.022838, 37.192138], [-2.022707, 37.19224], [-2.022662, 37.192424], [-2.022628, 37.19258], [-2.022606, 37.192708], [-2.022533, 37.192762], [-2.022408, 37.192743], [-2.02225, 37.192793], [-2.022059, 37.192913], [-2.021935, 37.192992], [-2.021877, 37.193028], [-2.021802, 37.193101], [-2.021711, 37.193211], [-2.021589, 37.193365], [-2.021435, 37.193563], [-2.02132, 37.193757], [-2.021242, 37.193945], [-2.021164, 37.194129], [-2.021085, 37.194309], [-2.020982, 37.194541], [-2.020854, 37.194825], [-2.02069, 37.195021], [-2.020487, 37.195127], [-2.02031, 37.195221], [-2.020159, 37.195303], [-2.020034, 37.195412], [-2.019937, 37.19555], [-2.019942, 37.195674], [-2.02005, 37.195785], [-2.020123, 37.195888], [-2.020161, 37.195981], [-2.020198, 37.196159], [-2.020232, 37.196423], [-2.020277, 37.196551], [-2.020331, 37.196544], [-2.02039, 37.19647], [-2.020453, 37.196327], [-2.020479, 37.19619], [-2.020467, 37.196058], [-2.020499, 37.195924], [-2.020575, 37.19579], [-2.020566, 37.195675], [-2.020472, 37.19558], [-2.020477, 37.195449], [-2.020581, 37.195284], [-2.020661, 37.195207], [-2.020718, 37.195218], [-2.020798, 37.195265], [-2.020902, 37.19535], [-2.021072, 37.195378], [-2.02131, 37.195347], [-2.021465, 37.195363], [-2.021538, 37.195426], [-2.021584, 37.195465], [-2.021601, 37.19548], [-2.021612, 37.195559], [-2.021614, 37.195701], [-2.021687, 37.195768], [-2.021829, 37.195759], [-2.021979, 37.195735], [-2.022138, 37.195697], [-2.022297, 37.195752], [-2.022455, 37.195902], [-2.022383, 37.196058], [-2.02208, 37.196222], [-2.021858, 37.19634], [-2.021716, 37.196411], [-2.021597, 37.196525], [-2.021503, 37.19668], [-2.021516, 37.196723], [-2.021636, 37.196654], [-2.021753, 37.196625], [-2.021866, 37.196638], [-2.021964, 37.196661], [-2.022047, 37.196695], [-2.022134, 37.196813], [-2.022224, 37.197016], [-2.022338, 37.197001], [-2.022474, 37.19677], [-2.022638, 37.196699], [-2.022831, 37.196791], [-2.023068, 37.196881], [-2.023348, 37.19697], [-2.023573, 37.196995], [-2.023743, 37.196955], [-2.023971, 37.196899], [-2.024256, 37.196827], [-2.024514, 37.196754], [-2.024744, 37.19668], [-2.024887, 37.196612], [-2.024943, 37.196552], [-2.025013, 37.196418], [-2.025099, 37.19621], [-2.025209, 37.196147], [-2.025345, 37.196228], [-2.025405, 37.19635], [-2.025389, 37.196512], [-2.025334, 37.19664], [-2.025239, 37.196732], [-2.025203, 37.19684], [-2.025224, 37.196962], [-2.025197, 37.197059], [-2.025121, 37.197131], [-2.025013, 37.197208], [-2.024872, 37.197288], [-2.024845, 37.197417], [-2.024931, 37.197593], [-2.025098, 37.197666], [-2.025347, 37.197634], [-2.025538, 37.197654], [-2.025672, 37.197726], [-2.025787, 37.19772], [-2.025883, 37.197637], [-2.025973, 37.197518], [-2.026056, 37.197364], [-2.026144, 37.197264], [-2.026235, 37.197216], [-2.026293, 37.197138], [-2.026318, 37.197027], [-2.026364, 37.196914], [-2.026433, 37.196798], [-2.026504, 37.196762], [-2.026578, 37.196807], [-2.026614, 37.196887], [-2.026612, 37.197003], [-2.026546, 37.197132], [-2.026416, 37.197274], [-2.026362, 37.197406], [-2.026383, 37.197528], [-2.026369, 37.197672], [-2.026321, 37.197839], [-2.026292, 37.197986], [-2.02628, 37.198112], [-2.02637, 37.198217], [-2.026562, 37.1983], [-2.026688, 37.198422], [-2.026749, 37.198584], [-2.026876, 37.198648], [-2.027069, 37.198614], [-2.027217, 37.19864], [-2.02732, 37.198725], [-2.02741, 37.198825], [-2.027485, 37.19894], [-2.02762, 37.199021], [-2.027816, 37.199067], [-2.027947, 37.199091], [-2.028014, 37.199091], [-2.028202, 37.199125], [-2.028512, 37.199193], [-2.028762, 37.199169], [-2.028952, 37.199056], [-2.029048, 37.199035], [-2.029049, 37.199106], [-2.029161, 37.19915], [-2.029385, 37.199165], [-2.029525, 37.199112], [-2.029581, 37.198989], [-2.029646, 37.198887], [-2.02972, 37.198806], [-2.029851, 37.1987], [-2.030038, 37.198569], [-2.030211, 37.198484], [-2.03037, 37.198446], [-2.030441, 37.198508], [-2.030425, 37.198671], [-2.030461, 37.198778], [-2.030547, 37.198829], [-2.030557, 37.198917], [-2.03049, 37.199042], [-2.030525, 37.199113], [-2.03066, 37.199132], [-2.030774, 37.19918], [-2.030864, 37.199257], [-2.030894, 37.199329], [-2.030861, 37.199396], [-2.030821, 37.199513], [-2.030772, 37.19968], [-2.03077, 37.199823], [-2.030813, 37.199942], [-2.030951, 37.199978], [-2.031186, 37.19993], [-2.031324, 37.19993], [-2.031366, 37.199979], [-2.031301, 37.200081], [-2.031129, 37.200237], [-2.030991, 37.200362], [-2.030885, 37.200455], [-2.030837, 37.200555], [-2.030844, 37.200662], [-2.030923, 37.200705], [-2.031075, 37.200686], [-2.031223, 37.200649], [-2.031368, 37.200594], [-2.031504, 37.200613], [-2.03163, 37.200704], [-2.031683, 37.200783], [-2.031662, 37.20085], [-2.031663, 37.200922], [-2.031687, 37.200997], [-2.031759, 37.201062], [-2.031879, 37.201118], [-2.031853, 37.201224], [-2.031682, 37.20138], [-2.031463, 37.201488], [-2.031197, 37.201549], [-2.031046, 37.201662], [-2.031009, 37.201828], [-2.030912, 37.201938], [-2.030756, 37.201994], [-2.03065, 37.201954], [-2.030593, 37.201819], [-2.030512, 37.201735], [-2.030407, 37.201704], [-2.030337, 37.201811], [-2.030303, 37.202057], [-2.030266, 37.202227], [-2.030227, 37.202321], [-2.030274, 37.202368], [-2.030407, 37.202369], [-2.030506, 37.202401], [-2.030573, 37.202464], [-2.03063, 37.202537], [-2.030677, 37.20262], [-2.030753, 37.202709], [-2.030858, 37.202802], [-2.030961, 37.202887], [-2.031063, 37.202964], [-2.031093, 37.203076], [-2.031053, 37.203224], [-2.031026, 37.203352], [-2.031012, 37.203461], [-2.031078, 37.203622], [-2.031226, 37.203836], [-2.031236, 37.203991], [-2.03111, 37.204087], [-2.03103, 37.2042], [-2.030997, 37.204329], [-2.031037, 37.204494], [-2.031149, 37.204694], [-2.031158, 37.204871], [-2.031063, 37.205026], [-2.031003, 37.20519], [-2.030978, 37.205363], [-2.031038, 37.205485], [-2.031183, 37.205555], [-2.031281, 37.205672], [-2.031331, 37.205835], [-2.03141, 37.205999], [-2.031516, 37.206164], [-2.031667, 37.20627], [-2.031862, 37.206316], [-2.031996, 37.206451], [-2.032068, 37.206674], [-2.03203, 37.206866], [-2.031882, 37.207028], [-2.031719, 37.20708], [-2.031544, 37.207022], [-2.031397, 37.207068], [-2.031279, 37.207217], [-2.031245, 37.207369], [-2.031294, 37.207523], [-2.031465, 37.207555], [-2.031759, 37.207464], [-2.031941, 37.207498], [-2.032014, 37.207659], [-2.032115, 37.207766], [-2.032246, 37.207821], [-2.032399, 37.207935], [-2.032573, 37.208109], [-2.032616, 37.208233], [-2.03253, 37.208307], [-2.032388, 37.208347], [-2.03219, 37.208355], [-2.032037, 37.208334], [-2.031929, 37.208285], [-2.031819, 37.208317], [-2.031706, 37.20843], [-2.031686, 37.208535], [-2.031758, 37.208633], [-2.031892, 37.208674], [-2.032088, 37.208658], [-2.032228, 37.208761], [-2.03231, 37.208982], [-2.032386, 37.209164], [-2.032455, 37.209307], [-2.032386, 37.209383], [-2.032178, 37.209392], [-2.032082, 37.209444], [-2.032098, 37.20954], [-2.032165, 37.209635], [-2.03228, 37.209727], [-2.032392, 37.209864], [-2.032502, 37.210047], [-2.032554, 37.210223], [-2.032551, 37.210393], [-2.032461, 37.210543], [-2.032285, 37.210673], [-2.032224, 37.210765], [-2.032277, 37.210821], [-2.032416, 37.210821], [-2.032638, 37.210766], [-2.032826, 37.210706], [-2.032981, 37.210642], [-2.033136, 37.210582], [-2.033292, 37.210526], [-2.033488, 37.210478], [-2.033724, 37.210439], [-2.033842, 37.210353], [-2.033841, 37.210219], [-2.033893, 37.210141], [-2.034, 37.210118], [-2.034139, 37.210123], [-2.03431, 37.210154], [-2.034372, 37.210227], [-2.034326, 37.21034], [-2.034304, 37.210436], [-2.034307, 37.210516], [-2.034354, 37.210506], [-2.034447, 37.210405], [-2.034532, 37.210287], [-2.034608, 37.210152], [-2.034714, 37.210069], [-2.03485, 37.210039], [-2.034916, 37.210004], [-2.034911, 37.209964], [-2.03493, 37.20991], [-2.034973, 37.209842], [-2.035134, 37.209781], [-2.035412, 37.209727], [-2.035605, 37.209694], [-2.035713, 37.20968], [-2.035821, 37.209697], [-2.035929, 37.209746], [-2.036013, 37.209789], [-2.036075, 37.209825], [-2.036182, 37.209834], [-2.036333, 37.209815], [-2.03652, 37.209782], [-2.036744, 37.209735], [-2.036905, 37.209737], [-2.037002, 37.209787], [-2.037117, 37.209848], [-2.037251, 37.20992], [-2.037376, 37.20994], [-2.037492, 37.209907], [-2.037591, 37.209872], [-2.037673, 37.209835], [-2.037708, 37.209875], [-2.037695, 37.209993], [-2.037728, 37.210087], [-2.037806, 37.210157], [-2.037931, 37.210141], [-2.038101, 37.210039], [-2.038234, 37.209852], [-2.03833, 37.209581], [-2.038515, 37.209531], [-2.038787, 37.209701], [-2.038856, 37.209871], [-2.038719, 37.21004], [-2.038914, 37.210238], [-2.03944, 37.210465], [-2.039795, 37.210509], [-2.039981, 37.210369], [-2.040155, 37.210352], [-2.040316, 37.210456], [-2.040341, 37.210627], [-2.040227, 37.210864], [-2.040258, 37.210914], [-2.040433, 37.210776], [-2.040559, 37.210706], [-2.040636, 37.210705], [-2.040751, 37.210793], [-2.040903, 37.21097], [-2.041071, 37.211046], [-2.041255, 37.211023], [-2.041491, 37.211046], [-2.041779, 37.211116], [-2.042009, 37.211069], [-2.042179, 37.210904], [-2.042214, 37.210695], [-2.042114, 37.21044], [-2.042101, 37.210303], [-2.042175, 37.210284], [-2.042303, 37.210317], [-2.042483, 37.210401], [-2.042643, 37.210434], [-2.042784, 37.210416], [-2.042855, 37.210474], [-2.042856, 37.210608], [-2.042888, 37.210697], [-2.042951, 37.210743], [-2.043113, 37.21078], [-2.043372, 37.210809], [-2.043625, 37.210835], [-2.043872, 37.210857], [-2.044072, 37.210804], [-2.044227, 37.210677], [-2.044219, 37.210598], [-2.044047, 37.210567], [-2.043871, 37.210567], [-2.043689, 37.210599], [-2.043656, 37.210541], [-2.043774, 37.210392], [-2.043934, 37.210327], [-2.044136, 37.210345], [-2.044255, 37.210268], [-2.044291, 37.210093], [-2.044472, 37.209994], [-2.044799, 37.20997], [-2.045, 37.209819], [-2.045073, 37.209542], [-2.045041, 37.20939], [-2.044903, 37.209363], [-2.044795, 37.209404], [-2.044714, 37.209512], [-2.044616, 37.209583], [-2.0445, 37.209616], [-2.044348, 37.209631], [-2.04416, 37.209628], [-2.044057, 37.209574], [-2.044038, 37.20947], [-2.043973, 37.209348], [-2.043861, 37.209211], [-2.04388, 37.209101], [-2.044032, 37.20902], [-2.044269, 37.208895], [-2.044594, 37.208729], [-2.044798, 37.208729], [-2.044883, 37.208897], [-2.045028, 37.208968], [-2.045233, 37.208941], [-2.04537, 37.209062], [-2.045439, 37.20933], [-2.045438, 37.209518], [-2.045369, 37.209625], [-2.045386, 37.209721], [-2.045489, 37.209806], [-2.045512, 37.20991], [-2.045457, 37.210033], [-2.045484, 37.21019], [-2.045595, 37.210381], [-2.045861, 37.210486], [-2.046284, 37.210503], [-2.046571, 37.21047], [-2.046723, 37.210389], [-2.046813, 37.210243], [-2.046843, 37.210034], [-2.046975, 37.209838], [-2.047208, 37.209657], [-2.047312, 37.209492], [-2.047286, 37.209343], [-2.047347, 37.209157], [-2.047496, 37.208932], [-2.047653, 37.208818], [-2.047818, 37.208815], [-2.047957, 37.208757], [-2.04807, 37.208644], [-2.048187, 37.20862], [-2.048309, 37.208685], [-2.048489, 37.208738], [-2.048728, 37.208779], [-2.048719, 37.208851], [-2.048461, 37.208956], [-2.048343, 37.209069], [-2.048364, 37.209191], [-2.048494, 37.209367], [-2.048733, 37.209595], [-2.048806, 37.209827], [-2.048715, 37.210062], [-2.048605, 37.210192], [-2.048477, 37.210217], [-2.048402, 37.210356], [-2.04838, 37.210609], [-2.048473, 37.210794], [-2.048681, 37.21091], [-2.048837, 37.211175], [-2.048943, 37.21159], [-2.048917, 37.211853], [-2.048759, 37.211962], [-2.048704, 37.212058], [-2.048752, 37.212142], [-2.048836, 37.212149], [-2.048957, 37.21208], [-2.049168, 37.212057], [-2.04947, 37.212081], [-2.049689, 37.212128], [-2.049823, 37.212201], [-2.049906, 37.212141], [-2.049939, 37.211949], [-2.050018, 37.211863], [-2.050143, 37.211883], [-2.050309, 37.211951], [-2.050517, 37.212067], [-2.050662, 37.212196], [-2.050741, 37.212337], [-2.050872, 37.212454], [-2.051054, 37.212547], [-2.051092, 37.212698], [-2.050985, 37.212909], [-2.051031, 37.213045], [-2.05123, 37.213109], [-2.051274, 37.213269], [-2.051164, 37.213524], [-2.051022, 37.213689], [-2.050847, 37.213765], [-2.050887, 37.213836], [-2.051142, 37.213902], [-2.051315, 37.21404], [-2.051407, 37.214252], [-2.051393, 37.214392], [-2.051272, 37.214461], [-2.05118, 37.214531], [-2.051115, 37.214602], [-2.051129, 37.214685], [-2.051223, 37.21478], [-2.051355, 37.214745], [-2.051525, 37.21458], [-2.051632, 37.214433], [-2.051676, 37.214302], [-2.051764, 37.214241], [-2.051899, 37.214251], [-2.051936, 37.214402], [-2.051877, 37.214696], [-2.051757, 37.214988], [-2.051575, 37.215279], [-2.051392, 37.215557], [-2.051206, 37.215822], [-2.051057, 37.215948], [-2.050944, 37.215936], [-2.050921, 37.215863], [-2.050986, 37.21573], [-2.050828, 37.21571], [-2.050446, 37.215803], [-2.050286, 37.215962], [-2.050347, 37.216187], [-2.050183, 37.216355], [-2.049794, 37.216467], [-2.049551, 37.216499], [-2.049454, 37.216449], [-2.049501, 37.216367], [-2.049691, 37.216253], [-2.049699, 37.216145], [-2.049527, 37.216042], [-2.049337, 37.215999], [-2.04913, 37.216017], [-2.049006, 37.216095], [-2.048964, 37.216235], [-2.048994, 37.216347], [-2.049098, 37.216432], [-2.049155, 37.216509], [-2.049168, 37.216579], [-2.048694, 37.216778], [-2.047735, 37.217107], [-2.046869, 37.217209], [-2.046096, 37.217085], [-2.045653, 37.217048], [-2.045541, 37.217098], [-2.045338, 37.217173], [-2.045046, 37.217273], [-2.044757, 37.217355], [-2.04447, 37.217418], [-2.044173, 37.217523], [-2.043867, 37.21767], [-2.043653, 37.217741], [-2.043532, 37.217738], [-2.043495, 37.217748], [-2.043542, 37.217769], [-2.04346, 37.217807], [-2.043249, 37.217861], [-2.043094, 37.217831], [-2.042997, 37.217719], [-2.042904, 37.217722], [-2.042814, 37.21784], [-2.042658, 37.217959], [-2.042436, 37.218076], [-2.042201, 37.218156], [-2.041954, 37.218196], [-2.041627, 37.218287], [-2.041221, 37.218429], [-2.040804, 37.21854], [-2.040376, 37.218622], [-2.040029, 37.218657], [-2.039762, 37.218647], [-2.039472, 37.218599], [-2.039159, 37.218514], [-2.038855, 37.218451], [-2.03856, 37.218408], [-2.038186, 37.218385], [-2.037733, 37.21838], [-2.037534, 37.218446], [-2.037591, 37.218581], [-2.037665, 37.218688], [-2.037756, 37.218766], [-2.03784, 37.218871], [-2.037919, 37.219004], [-2.037958, 37.219168], [-2.037959, 37.219365], [-2.038062, 37.219383], [-2.038266, 37.219223], [-2.038401, 37.21917], [-2.038465, 37.219224], [-2.038494, 37.219327], [-2.038488, 37.21948], [-2.038444, 37.21961], [-2.038364, 37.219719], [-2.038311, 37.219828], [-2.038286, 37.219939], [-2.038317, 37.220055], [-2.038405, 37.220178], [-2.038508, 37.220232], [-2.038627, 37.220216], [-2.038789, 37.220258], [-2.038994, 37.220357], [-2.039214, 37.220413], [-2.039449, 37.220428], [-2.039708, 37.220395], [-2.039992, 37.220314], [-2.040244, 37.220268], [-2.040463, 37.220258], [-2.040588, 37.220121], [-2.04062, 37.219858], [-2.040669, 37.219665], [-2.040735, 37.21954], [-2.040883, 37.219499], [-2.041111, 37.219541], [-2.041287, 37.219474], [-2.041411, 37.219297], [-2.041576, 37.219227], [-2.041781, 37.219263], [-2.04199, 37.219321], [-2.042203, 37.219401], [-2.042355, 37.21948], [-2.042445, 37.219557], [-2.042538, 37.21955], [-2.042632, 37.219457], [-2.042771, 37.219431], [-2.042955, 37.21947], [-2.043057, 37.21955], [-2.043079, 37.219672], [-2.043149, 37.21982], [-2.043267, 37.219992], [-2.043457, 37.220102], [-2.04372, 37.220148], [-2.043957, 37.220149], [-2.04417, 37.220104], [-2.044376, 37.220171], [-2.044573, 37.220351], [-2.044633, 37.220504], [-2.044555, 37.22063], [-2.044507, 37.220797], [-2.044488, 37.221005], [-2.044437, 37.221186], [-2.044353, 37.221339], [-2.044194, 37.221476], [-2.043961, 37.221595], [-2.043753, 37.221639], [-2.043571, 37.221609], [-2.043469, 37.221654], [-2.043445, 37.221773], [-2.043406, 37.221894], [-2.04335, 37.222017], [-2.043275, 37.222098], [-2.043183, 37.222137], [-2.043055, 37.222006], [-2.042892, 37.221705], [-2.042569, 37.221532], [-2.042086, 37.221487], [-2.041776, 37.221482], [-2.041638, 37.221518], [-2.041534, 37.221647], [-2.041463, 37.221871], [-2.041208, 37.221961], [-2.040769, 37.221919], [-2.040497, 37.222003], [-2.04039, 37.222214], [-2.040285, 37.222339], [-2.040181, 37.222379], [-2.04022, 37.222445], [-2.040402, 37.222538], [-2.040472, 37.222623], [-2.04043, 37.222699], [-2.040284, 37.222682], [-2.040033, 37.222572], [-2.039766, 37.222566], [-2.039485, 37.222664], [-2.039329, 37.222751], [-2.039298, 37.222827], [-2.039271, 37.222924], [-2.039247, 37.223043], [-2.039338, 37.223116], [-2.039541, 37.223144], [-2.039652, 37.22321], [-2.03967, 37.223315], [-2.039616, 37.223415], [-2.039489, 37.223512], [-2.039341, 37.223643], [-2.039171, 37.223807], [-2.039068, 37.223977], [-2.039032, 37.224151], [-2.03893, 37.224231], [-2.038762, 37.224217], [-2.038631, 37.224162], [-2.038537, 37.224067], [-2.038415, 37.224065], [-2.038265, 37.224155], [-2.038221, 37.22425], [-2.038282, 37.22435], [-2.03833, 37.224468], [-2.038366, 37.224607], [-2.038415, 37.224636], [-2.038478, 37.224557], [-2.038619, 37.224476], [-2.038837, 37.224395], [-2.038896, 37.22445], [-2.038797, 37.224641], [-2.038727, 37.22481], [-2.038687, 37.224958], [-2.038819, 37.225022], [-2.039125, 37.225001], [-2.039205, 37.22508], [-2.039059, 37.225259], [-2.038899, 37.225382], [-2.038723, 37.225449], [-2.038544, 37.225468], [-2.038361, 37.225438], [-2.038276, 37.225328], [-2.038287, 37.225139], [-2.038248, 37.224979], [-2.038159, 37.224848], [-2.038013, 37.224866], [-2.037811, 37.225035], [-2.037628, 37.225161], [-2.037466, 37.225244], [-2.037252, 37.225223], [-2.036987, 37.225096], [-2.036723, 37.22504], [-2.036461, 37.225056], [-2.03632, 37.225074], [-2.036302, 37.225094], [-2.036331, 37.225135], [-2.036408, 37.225197], [-2.036477, 37.225242], [-2.036537, 37.22527], [-2.036521, 37.225307], [-2.03643, 37.225355], [-2.036319, 37.225351], [-2.036188, 37.225297], [-2.036069, 37.225218], [-2.035963, 37.225116], [-2.035867, 37.225101], [-2.03578, 37.225175], [-2.035683, 37.225218], [-2.035574, 37.225232], [-2.035497, 37.225171], [-2.035451, 37.225034], [-2.035338, 37.224986], [-2.035157, 37.225027], [-2.035052, 37.225085], [-2.035021, 37.22516], [-2.034844, 37.225223], [-2.034521, 37.225274], [-2.034365, 37.225329], [-2.034376, 37.22539], [-2.034435, 37.225445], [-2.034543, 37.225494], [-2.034667, 37.225509], [-2.034808, 37.225491], [-2.034934, 37.225488], [-2.035047, 37.225501], [-2.035127, 37.225549], [-2.035175, 37.225632], [-2.035157, 37.225723], [-2.035075, 37.225823], [-2.034922, 37.225861], [-2.034696, 37.225836], [-2.034511, 37.225784], [-2.034364, 37.225704], [-2.034206, 37.225684], [-2.034036, 37.225724], [-2.033852, 37.225775], [-2.033652, 37.225836], [-2.033465, 37.225873], [-2.033291, 37.225887], [-2.033174, 37.225848], [-2.033114, 37.225757], [-2.033024, 37.225907], [-2.032904, 37.226298], [-2.032719, 37.226536], [-2.032469, 37.226621], [-2.032374, 37.226455], [-2.032433, 37.226037], [-2.032347, 37.225829], [-2.032116, 37.225832], [-2.031857, 37.22574], [-2.03157, 37.225553], [-2.031469, 37.225357], [-2.031555, 37.225149], [-2.031676, 37.225053], [-2.031834, 37.225069], [-2.031936, 37.22502], [-2.031982, 37.224907], [-2.032019, 37.224804], [-2.032047, 37.224711], [-2.032033, 37.224597], [-2.031976, 37.224461], [-2.031859, 37.22436], [-2.031682, 37.224294], [-2.031563, 37.224215], [-2.031503, 37.224125], [-2.031434, 37.224107], [-2.031355, 37.224161], [-2.031131, 37.224177], [-2.030762, 37.224153], [-2.030525, 37.224156], [-2.03042, 37.224187], [-2.030413, 37.224238], [-2.030502, 37.224306], [-2.030643, 37.224355], [-2.030836, 37.224384], [-2.030975, 37.224456], [-2.031062, 37.22457], [-2.030946, 37.224638], [-2.03063, 37.224661], [-2.030426, 37.224629], [-2.030333, 37.224542], [-2.030211, 37.22454], [-2.03006, 37.224622], [-2.029965, 37.224491], [-2.029927, 37.224148], [-2.029756, 37.223987], [-2.02945, 37.224008], [-2.029257, 37.223979], [-2.029177, 37.2239], [-2.029048, 37.22389], [-2.028871, 37.223948], [-2.02872, 37.223972], [-2.028597, 37.223961], [-2.028466, 37.223942], [-2.028329, 37.223915], [-2.028217, 37.223876], [-2.028131, 37.223824], [-2.028039, 37.223805], [-2.027942, 37.223817], [-2.027902, 37.223872], [-2.027918, 37.223968], [-2.028007, 37.224032], [-2.028167, 37.224065], [-2.028152, 37.224197], [-2.02796, 37.224427], [-2.027827, 37.224555], [-2.027755, 37.224582], [-2.027651, 37.224524], [-2.027515, 37.224381], [-2.027485, 37.224273], [-2.027561, 37.224201], [-2.027572, 37.224137], [-2.027518, 37.224081], [-2.027307, 37.224073], [-2.026938, 37.224111], [-2.026668, 37.224181], [-2.026498, 37.224283], [-2.026486, 37.224401], [-2.026631, 37.224534], [-2.026687, 37.224634], [-2.026654, 37.224701], [-2.026584, 37.224741], [-2.026476, 37.224755], [-2.026358, 37.224681], [-2.02623, 37.224519], [-2.026149, 37.224368], [-2.026113, 37.22423], [-2.026159, 37.224108], [-2.026284, 37.224003], [-2.026482, 37.223902], [-2.026752, 37.223805], [-2.02684, 37.223642], [-2.026744, 37.223413], [-2.026773, 37.223324], [-2.026926, 37.223376], [-2.027059, 37.223377], [-2.027171, 37.223327], [-2.027234, 37.223212], [-2.027247, 37.223031], [-2.02733, 37.222972], [-2.027485, 37.223032], [-2.027558, 37.222978], [-2.027551, 37.22281], [-2.027522, 37.222711], [-2.027473, 37.222681], [-2.027375, 37.222689], [-2.027228, 37.222735], [-2.027091, 37.222833], [-2.026962, 37.222983], [-2.026822, 37.223064], [-2.026669, 37.223074], [-2.026503, 37.223104], [-2.026324, 37.223154], [-2.026166, 37.223103], [-2.026029, 37.222951], [-2.02598, 37.22277], [-2.026021, 37.222559], [-2.026049, 37.222306], [-2.026063, 37.222009], [-2.025897, 37.221785], [-2.02555, 37.221633], [-2.025323, 37.221724], [-2.025216, 37.22206], [-2.025095, 37.222191], [-2.024961, 37.222119], [-2.024919, 37.221941], [-2.024969, 37.221658], [-2.024966, 37.221511], [-2.024909, 37.221501], [-2.024764, 37.221591], [-2.024532, 37.221781], [-2.024404, 37.221775], [-2.02438, 37.221573], [-2.024443, 37.221395], [-2.024593, 37.221242], [-2.024647, 37.22111], [-2.024606, 37.220999], [-2.02454, 37.220941], [-2.024451, 37.220934], [-2.024378, 37.220801], [-2.024322, 37.22054], [-2.024372, 37.220418], [-2.024529, 37.220433], [-2.024601, 37.220366], [-2.024585, 37.220216], [-2.024683, 37.220079], [-2.024893, 37.219954], [-2.024927, 37.219798], [-2.024784, 37.219611], [-2.024641, 37.219522], [-2.024499, 37.219531], [-2.024417, 37.219599], [-2.024395, 37.219727], [-2.024376, 37.219837], [-2.024359, 37.219928], [-2.024273, 37.220104], [-2.02412, 37.220365], [-2.023995, 37.220408], [-2.023898, 37.220233], [-2.023864, 37.220041], [-2.023894, 37.219832], [-2.023858, 37.219685], [-2.023754, 37.2196], [-2.023636, 37.219557], [-2.023504, 37.219556], [-2.023337, 37.219519], [-2.023137, 37.219446], [-2.023041, 37.219499], [-2.02305, 37.219676], [-2.023005, 37.219798], [-2.022906, 37.219864], [-2.022837, 37.219721], [-2.022797, 37.219369], [-2.022887, 37.219157], [-2.023107, 37.219084], [-2.023253, 37.218972], [-2.023326, 37.21882], [-2.02325, 37.218736], [-2.023027, 37.21872], [-2.02291, 37.218525], [-2.0229, 37.218151], [-2.022959, 37.21792], [-2.023088, 37.217832], [-2.023156, 37.217721], [-2.023166, 37.217586], [-2.023124, 37.217439], [-2.02303, 37.217282], [-2.022927, 37.217353], [-2.022813, 37.217653], [-2.022729, 37.217932], [-2.022675, 37.218189], [-2.022545, 37.218304], [-2.022342, 37.218276], [-2.022227, 37.218157], [-2.022201, 37.217946], [-2.022126, 37.21783], [-2.022001, 37.217811], [-2.021922, 37.217767], [-2.021888, 37.2177], [-2.021801, 37.217707], [-2.02166, 37.217787], [-2.021566, 37.217817], [-2.021518, 37.217797], [-2.021543, 37.217718], [-2.021641, 37.21758], [-2.021788, 37.217445], [-2.021986, 37.217313], [-2.022107, 37.217212], [-2.02215, 37.217144], [-2.022091, 37.21709], [-2.021929, 37.217048], [-2.021851, 37.217076], [-2.021857, 37.217173], [-2.021787, 37.217182], [-2.02164, 37.217103], [-2.021525, 37.217014], [-2.021441, 37.216916], [-2.021291, 37.216878], [-2.021074, 37.216898], [-2.020792, 37.216988], [-2.020444, 37.217149], [-2.020284, 37.21712], [-2.020313, 37.216902], [-2.020324, 37.216557], [-2.02032, 37.216084], [-2.020342, 37.2158], [-2.020391, 37.215704], [-2.020408, 37.215609], [-2.020391, 37.215513], [-2.020324, 37.215441], [-2.020205, 37.215394], [-2.020189, 37.215333], [-2.020275, 37.21526], [-2.020263, 37.215127], [-2.020153, 37.214936], [-2.020143, 37.214817], [-2.020234, 37.214769], [-2.020268, 37.21468], [-2.020246, 37.214549], [-2.020172, 37.214478], [-2.020049, 37.214467], [-2.019995, 37.214318], [-2.020012, 37.21403], [-2.019983, 37.213837], [-2.019911, 37.213739], [-2.019918, 37.213618], [-2.020003, 37.213473], [-2.020148, 37.21345], [-2.020353, 37.213549], [-2.020542, 37.213618], [-2.020715, 37.213659], [-2.020817, 37.213614], [-2.02085, 37.213485], [-2.020762, 37.213363], [-2.020554, 37.213246], [-2.020365, 37.213204], [-2.020193, 37.213235], [-2.02003, 37.213184], [-2.019874, 37.213052], [-2.019729, 37.212883], [-2.019594, 37.212677], [-2.019508, 37.212532], [-2.019471, 37.212448], [-2.019557, 37.212437], [-2.019767, 37.212499], [-2.019914, 37.21252], [-2.019999, 37.2125], [-2.019988, 37.212404], [-2.01988, 37.21223], [-2.019868, 37.212098], [-2.019952, 37.212007], [-2.020011, 37.211932], [-2.020045, 37.211874], [-2.019991, 37.211819], [-2.019849, 37.211765], [-2.019676, 37.211725], [-2.019473, 37.211697], [-2.019355, 37.211654], [-2.019323, 37.211596], [-2.019469, 37.211515], [-2.019793, 37.211411], [-2.019986, 37.211346], [-2.020048, 37.21132], [-2.01994, 37.211272], [-2.019662, 37.2112], [-2.019415, 37.211142], [-2.019197, 37.211099], [-2.019011, 37.210949], [-2.018856, 37.210692], [-2.018697, 37.210605], [-2.018535, 37.210688], [-2.018409, 37.210758], [-2.018319, 37.210814], [-2.018236, 37.210874], [-2.018159, 37.210937], [-2.018052, 37.210928], [-2.017917, 37.210848], [-2.017786, 37.210797], [-2.017661, 37.210778], [-2.017592, 37.210822], [-2.017578, 37.210931], [-2.017535, 37.210972], [-2.017464, 37.210946], [-2.017334, 37.210895], [-2.017144, 37.210821], [-2.017053, 37.210838], [-2.017061, 37.210944], [-2.017077, 37.211071], [-2.017103, 37.211219], [-2.017107, 37.211304], [-2.017088, 37.211324], [-2.016995, 37.211327], [-2.016827, 37.211313], [-2.016735, 37.211325], [-2.016719, 37.211362], [-2.016744, 37.211475], [-2.01681, 37.211663], [-2.016836, 37.211812], [-2.016822, 37.211921], [-2.016735, 37.212057], [-2.016576, 37.21222], [-2.01642, 37.212311], [-2.016269, 37.212331], [-2.016063, 37.212321], [-2.015803, 37.212283], [-2.015714, 37.212312], [-2.015797, 37.212409], [-2.015875, 37.212479], [-2.015949, 37.212523], [-2.016056, 37.212599], [-2.016196, 37.212706], [-2.016309, 37.212781], [-2.016394, 37.212824], [-2.016441, 37.212902], [-2.016449, 37.213017], [-2.016484, 37.213089], [-2.016544, 37.213117], [-2.016663, 37.213133], [-2.01684, 37.213137], [-2.017001, 37.213107], [-2.017145, 37.213044], [-2.017277, 37.212983], [-2.0174, 37.212922], [-2.017525, 37.212911], [-2.017653, 37.212948], [-2.017726, 37.213055], [-2.017746, 37.213231], [-2.017714, 37.213364], [-2.01763, 37.213455], [-2.017491, 37.21354], [-2.017294, 37.213619], [-2.017191, 37.21369], [-2.01718, 37.213754], [-2.017179, 37.213844], [-2.017188, 37.213958], [-2.017194, 37.214123], [-2.017198, 37.214337], [-2.017092, 37.214551], [-2.016875, 37.214766], [-2.016661, 37.214928], [-2.016447, 37.215035], [-2.016324, 37.215154], [-2.016292, 37.215283], [-2.016317, 37.215396], [-2.0164, 37.215492], [-2.016358, 37.215631], [-2.016191, 37.215814], [-2.016045, 37.215899], [-2.015922, 37.215888], [-2.01574, 37.215983], [-2.015498, 37.216183], [-2.0153, 37.216378], [-2.015145, 37.216568], [-2.014955, 37.216677], [-2.014728, 37.216706], [-2.014535, 37.216775], [-2.014378, 37.216885], [-2.014191, 37.216891], [-2.013975, 37.216793], [-2.01379, 37.216746], [-2.013636, 37.216747], [-2.013425, 37.216645], [-2.013157, 37.216438], [-2.013026, 37.216227], [-2.013033, 37.216012], [-2.012975, 37.215872], [-2.012853, 37.215807], [-2.012753, 37.21574], [-2.012675, 37.21567], [-2.012615, 37.215642], [-2.012573, 37.215656], [-2.012582, 37.215802], [-2.012641, 37.21608], [-2.012655, 37.216257], [-2.012624, 37.216332], [-2.012473, 37.216352], [-2.012202, 37.216315], [-2.011985, 37.216307], [-2.011823, 37.216328], [-2.011662, 37.21629], [-2.011501, 37.216195], [-2.01137, 37.216171], [-2.011268, 37.21622], [-2.011109, 37.216196], [-2.010894, 37.216098], [-2.010783, 37.216037], [-2.010779, 37.21601], [-2.010862, 37.215946], [-2.011032, 37.215844], [-2.011045, 37.215633], [-2.0109, 37.215312], [-2.010856, 37.215121], [-2.010912, 37.21506], [-2.010846, 37.214997], [-2.010658, 37.214932], [-2.010469, 37.214867], [-2.010281, 37.214802], [-2.010184, 37.214716], [-2.010176, 37.21461], [-2.010168, 37.214499], [-2.010159, 37.214384], [-2.010127, 37.214393], [-2.010073, 37.214525], [-2.00993, 37.214623], [-2.009698, 37.214689], [-2.009492, 37.214679], [-2.009312, 37.214595], [-2.00925, 37.21446], [-2.009306, 37.214275], [-2.009322, 37.214148], [-2.0093, 37.214079], [-2.009264, 37.213972], [-2.009217, 37.213826], [-2.009177, 37.213724], [-2.009145, 37.213666], [-2.009127, 37.213499], [-2.009123, 37.213222], [-2.009043, 37.213018], [-2.008888, 37.212886], [-2.008814, 37.21278], [-2.008822, 37.212698], [-2.008877, 37.212669], [-2.008981, 37.212692], [-2.00911, 37.212702], [-2.009264, 37.2127], [-2.009425, 37.21267], [-2.009591, 37.212613], [-2.009775, 37.212527], [-2.009976, 37.212412], [-2.010163, 37.212344], [-2.010336, 37.212322], [-2.010447, 37.212263], [-2.010497, 37.212167], [-2.010475, 37.212076], [-2.010383, 37.21199], [-2.010452, 37.211941], [-2.010682, 37.211929], [-2.010859, 37.211898], [-2.010982, 37.211846], [-2.011077, 37.211758], [-2.011144, 37.211634], [-2.011232, 37.2116], [-2.011342, 37.211658], [-2.011449, 37.211769], [-2.011555, 37.211934], [-2.011607, 37.212074], [-2.011605, 37.212191], [-2.011526, 37.212241], [-2.011369, 37.212225], [-2.011271, 37.212234], [-2.011232, 37.212265], [-2.011236, 37.212323], [-2.011284, 37.212406], [-2.011401, 37.212476], [-2.011588, 37.212532], [-2.011663, 37.212616], [-2.011627, 37.212728], [-2.011567, 37.212861], [-2.011484, 37.213014], [-2.011521, 37.213072], [-2.01168, 37.213034], [-2.01182, 37.213011], [-2.01194, 37.213005], [-2.012123, 37.212973], [-2.012367, 37.212915], [-2.012503, 37.212839], [-2.012531, 37.212746], [-2.012474, 37.212678], [-2.012334, 37.212633], [-2.012232, 37.212584], [-2.012167, 37.21253], [-2.012079, 37.212407], [-2.011969, 37.212216], [-2.011974, 37.212117], [-2.012094, 37.21211], [-2.012273, 37.212061], [-2.012511, 37.211968], [-2.012562, 37.21185], [-2.012427, 37.211706], [-2.012307, 37.21165], [-2.012202, 37.211681], [-2.012099, 37.211596], [-2.011997, 37.211395], [-2.011983, 37.211156], [-2.012057, 37.210879], [-2.012036, 37.210663], [-2.01192, 37.210508], [-2.011833, 37.210291], [-2.011773, 37.210013], [-2.011635, 37.209821], [-2.011418, 37.209715], [-2.011315, 37.209728], [-2.011327, 37.20986], [-2.011156, 37.209923], [-2.010801, 37.209914], [-2.010572, 37.209872], [-2.010471, 37.209796], [-2.010381, 37.209758], [-2.010304, 37.209759], [-2.010254, 37.209819], [-2.010231, 37.209938], [-2.010127, 37.210009], [-2.009943, 37.210033], [-2.009756, 37.209972], [-2.009565, 37.209827], [-2.009462, 37.209711], [-2.009447, 37.209623], [-2.009483, 37.209516], [-2.009572, 37.209389], [-2.00963, 37.209276], [-2.009659, 37.209178], [-2.009637, 37.209114], [-2.009563, 37.209084], [-2.009466, 37.209005], [-2.009345, 37.208877], [-2.009259, 37.208799], [-2.00921, 37.20877], [-2.00911, 37.208702], [-2.008959, 37.208596], [-2.008794, 37.208537], [-2.008615, 37.208524], [-2.008492, 37.208513], [-2.008424, 37.208504], [-2.00831, 37.208456], [-2.008152, 37.208369], [-2.008003, 37.208308], [-2.007864, 37.208272], [-2.007705, 37.208248], [-2.007526, 37.208235], [-2.007427, 37.208203], [-2.007407, 37.208152], [-2.007447, 37.208062], [-2.007546, 37.207934], [-2.007664, 37.207914], [-2.007801, 37.208004], [-2.007916, 37.208065], [-2.00801, 37.208097], [-2.008156, 37.208106], [-2.008352, 37.208089], [-2.008489, 37.208152], [-2.008569, 37.208294], [-2.008665, 37.208366], [-2.008776, 37.20837], [-2.008906, 37.208358], [-2.009056, 37.20833], [-2.009153, 37.208348], [-2.009198, 37.208414], [-2.009272, 37.208463], [-2.009377, 37.208494], [-2.009463, 37.208447], [-2.00953, 37.208323], [-2.00959, 37.208226], [-2.009644, 37.208156], [-2.009783, 37.208125], [-2.010005, 37.208132], [-2.010115, 37.2081], [-2.010114, 37.208029], [-2.009994, 37.207911], [-2.009755, 37.207745], [-2.009615, 37.207606], [-2.009574, 37.207496], [-2.009569, 37.207371], [-2.0096, 37.207233], [-2.009681, 37.207129], [-2.009813, 37.207059], [-2.009803, 37.206971], [-2.009652, 37.206865], [-2.009554, 37.206717], [-2.00951, 37.206526], [-2.00952, 37.20636], [-2.009583, 37.206218], [-2.009636, 37.206077], [-2.009678, 37.205938], [-2.009697, 37.205792], [-2.009693, 37.205641], [-2.009789, 37.205526], [-2.009985, 37.205448], [-2.010116, 37.205342], [-2.010181, 37.205208], [-2.010208, 37.205111], [-2.010198, 37.20505], [-2.010347, 37.204861], [-2.010656, 37.204545], [-2.010888, 37.204386], [-2.011043, 37.204384], [-2.011087, 37.204289], [-2.011021, 37.204101], [-2.010853, 37.20393], [-2.010584, 37.203777], [-2.01056, 37.203575], [-2.010781, 37.203324], [-2.010916, 37.203181], [-2.010966, 37.203148], [-2.010994, 37.203087], [-2.011, 37.202997], [-2.011016, 37.202928], [-2.011041, 37.20288], [-2.011095, 37.202873], [-2.011178, 37.202907], [-2.011253, 37.203022], [-2.01132, 37.203219], [-2.011262, 37.203325], [-2.011076, 37.203339], [-2.010962, 37.203412], [-2.010918, 37.203543], [-2.011119, 37.203678], [-2.011563, 37.203817], [-2.011812, 37.203888], [-2.011868, 37.20389], [-2.011929, 37.20386], [-2.011995, 37.203798], [-2.012072, 37.203792], [-2.012158, 37.203844], [-2.012209, 37.203913], [-2.012224, 37.204001], [-2.01216, 37.204107], [-2.012016, 37.204233], [-2.011972, 37.204328], [-2.012027, 37.204392], [-2.012125, 37.204478], [-2.012265, 37.204585], [-2.012391, 37.204609], [-2.012502, 37.20455], [-2.012597, 37.204493], [-2.012676, 37.204438], [-2.012755, 37.204384], [-2.012833, 37.204329], [-2.012881, 37.204256], [-2.012899, 37.204164], [-2.01294, 37.204119], [-2.013007, 37.204119], [-2.013051, 37.204181], [-2.013072, 37.204303], [-2.013102, 37.204411], [-2.01314, 37.204504], [-2.013222, 37.20456], [-2.013346, 37.20458], [-2.013454, 37.204629], [-2.013545, 37.204707], [-2.013594, 37.204794], [-2.013599, 37.204892], [-2.013547, 37.205005], [-2.013438, 37.205135], [-2.013376, 37.205255], [-2.013361, 37.205364], [-2.013383, 37.205459], [-2.013442, 37.205541], [-2.013565, 37.205583], [-2.013753, 37.205586], [-2.013845, 37.205539], [-2.013839, 37.205441], [-2.013931, 37.205371], [-2.014123, 37.205329], [-2.014265, 37.205257], [-2.014358, 37.205156], [-2.01437, 37.205034], [-2.014301, 37.204891], [-2.014293, 37.204749], [-2.014345, 37.204609], [-2.014298, 37.204463], [-2.01415, 37.204312], [-2.014069, 37.204193], [-2.014054, 37.204106], [-2.013967, 37.204054], [-2.01381, 37.204039], [-2.013662, 37.203915], [-2.013522, 37.203683], [-2.013457, 37.20353], [-2.013466, 37.203458], [-2.013489, 37.203366], [-2.013524, 37.203254], [-2.01353, 37.203128], [-2.013506, 37.202989], [-2.01349, 37.202897], [-2.013482, 37.202853], [-2.01344, 37.202801], [-2.013363, 37.202739], [-2.013315, 37.202683], [-2.013295, 37.202632], [-2.01332, 37.202584], [-2.013389, 37.202541], [-2.013424, 37.202518], [-2.013424, 37.202517], [-2.013454, 37.202468], [-2.013514, 37.202371], [-2.013515, 37.202282], [-2.013457, 37.2022], [-2.013348, 37.202147], [-2.01319, 37.202123], [-2.013136, 37.202067], [-2.013187, 37.20198], [-2.013281, 37.201888], [-2.013419, 37.20179], [-2.013503, 37.201735], [-2.013533, 37.201723], [-2.013599, 37.201724], [-2.013702, 37.201736], [-2.013814, 37.201713], [-2.013936, 37.201652], [-2.014047, 37.201589], [-2.014145, 37.201523], [-2.014213, 37.201465], [-2.014248, 37.201416], [-2.014252, 37.20134], [-2.014223, 37.201239], [-2.014253, 37.201154], [-2.01434, 37.201088], [-2.014347, 37.201002], [-2.014274, 37.200895], [-2.014163, 37.200829], [-2.014015, 37.200803], [-2.013904, 37.200831], [-2.013829, 37.200912], [-2.013744, 37.200958], [-2.013646, 37.200971], [-2.013572, 37.200958], [-2.013521, 37.20092], [-2.013467, 37.20086], [-2.013408, 37.200778], [-2.013321, 37.200749], [-2.013203, 37.200773], [-2.013169, 37.200831], [-2.013218, 37.200923], [-2.01319, 37.200984], [-2.013085, 37.201016], [-2.012968, 37.201008], [-2.012839, 37.200962], [-2.012741, 37.200877], [-2.012675, 37.200751], [-2.012583, 37.200701], [-2.012466, 37.200724], [-2.012402, 37.200768], [-2.012391, 37.200832], [-2.012392, 37.200904], [-2.012406, 37.200982], [-2.012472, 37.201076], [-2.01259, 37.201186], [-2.012639, 37.201274], [-2.012617, 37.201339], [-2.012508, 37.201411], [-2.012312, 37.20149], [-2.012241, 37.201557], [-2.012295, 37.201612], [-2.012398, 37.201635], [-2.012551, 37.201624], [-2.012668, 37.201632], [-2.01275, 37.201657], [-2.012873, 37.201668], [-2.013038, 37.201665], [-2.013118, 37.201712], [-2.013113, 37.201811], [-2.013011, 37.20186], [-2.012812, 37.201859], [-2.012676, 37.201898], [-2.012601, 37.201979], [-2.012541, 37.202076], [-2.012494, 37.202189], [-2.012479, 37.20229], [-2.012494, 37.202377], [-2.012542, 37.202496], [-2.012623, 37.202646], [-2.012595, 37.202739], [-2.012458, 37.202774], [-2.012291, 37.2028], [-2.012095, 37.202816], [-2.011962, 37.202842], [-2.011891, 37.202878], [-2.011867, 37.202917], [-2.01189, 37.202959], [-2.011906, 37.202988], [-2.011915, 37.203005], [-2.011968, 37.203038], [-2.012065, 37.203088], [-2.012189, 37.203135], [-2.01234, 37.203178], [-2.012432, 37.203197], [-2.012465, 37.203193], [-2.012544, 37.203174], [-2.012671, 37.20314], [-2.012721, 37.203174], [-2.012694, 37.203275], [-2.012591, 37.203351], [-2.012412, 37.203401], [-2.012304, 37.20341], [-2.012265, 37.203379], [-2.012163, 37.20333], [-2.011996, 37.203262], [-2.01185, 37.203249], [-2.011725, 37.203292], [-2.011628, 37.203273], [-2.011559, 37.203193], [-2.01155, 37.203116], [-2.011601, 37.203041], [-2.011615, 37.203005], [-2.011594, 37.203007], [-2.011569, 37.203002], [-2.011542, 37.202989], [-2.011511, 37.202898], [-2.011475, 37.202728], [-2.011493, 37.202625], [-2.011564, 37.20259], [-2.011598, 37.202527], [-2.011593, 37.202439], [-2.011579, 37.202324], [-2.011555, 37.202185], [-2.011602, 37.202107], [-2.011721, 37.202092], [-2.011804, 37.202063], [-2.011852, 37.202022], [-2.011821, 37.201968], [-2.01171, 37.201901], [-2.011636, 37.201857], [-2.011599, 37.201835], [-2.011563, 37.201786], [-2.011527, 37.20171], [-2.011468, 37.201624], [-2.011385, 37.201528], [-2.01127, 37.201435], [-2.011122, 37.201347], [-2.011003, 37.2013], [-2.010914, 37.201293], [-2.010856, 37.201216], [-2.01083, 37.201068], [-2.010901, 37.201027], [-2.011067, 37.201095], [-2.011194, 37.201093], [-2.01128, 37.201019], [-2.011259, 37.200959], [-2.011129, 37.200913], [-2.01104, 37.200876], [-2.010991, 37.200846], [-2.010917, 37.200833], [-2.010818, 37.200837], [-2.01075, 37.200797], [-2.010713, 37.200712], [-2.010746, 37.200614], [-2.010848, 37.200503], [-2.010946, 37.200401], [-2.011041, 37.200309], [-2.01112, 37.200223], [-2.011183, 37.200143], [-2.011286, 37.200099], [-2.011428, 37.200089], [-2.011486, 37.200042], [-2.01146, 37.199956], [-2.011456, 37.199872], [-2.011475, 37.199789], [-2.011416, 37.19977], [-2.01128, 37.199814], [-2.011165, 37.199819], [-2.011071, 37.199787], [-2.011003, 37.199836], [-2.010959, 37.199966], [-2.010889, 37.200011], [-2.010794, 37.19997], [-2.010775, 37.199892], [-2.010832, 37.199777], [-2.010855, 37.199685], [-2.010843, 37.199615], [-2.010835, 37.199572], [-2.010832, 37.199554], [-2.01081, 37.199557], [-2.01077, 37.19958], [-2.010717, 37.19956], [-2.010651, 37.199497], [-2.010564, 37.199472], [-2.010456, 37.199486], [-2.01033, 37.199525], [-2.010186, 37.199588], [-2.010071, 37.199687], [-2.009984, 37.199823], [-2.009985, 37.199953], [-2.010072, 37.200075], [-2.010109, 37.20016], [-2.010095, 37.200206], [-2.009995, 37.200233], [-2.009808, 37.200239], [-2.009633, 37.200279], [-2.009469, 37.200353], [-2.009285, 37.200279], [-2.00908, 37.200055], [-2.00888, 37.199853], [-2.008683, 37.199673], [-2.008587, 37.199533], [-2.008591, 37.199434], [-2.008719, 37.199311], [-2.008969, 37.199163], [-2.009131, 37.198982], [-2.009204, 37.198767], [-2.009124, 37.198688], [-2.008891, 37.198744], [-2.008734, 37.198729], [-2.008652, 37.198641], [-2.00857, 37.198549], [-2.008487, 37.198452], [-2.008388, 37.19855], [-2.008273, 37.198841], [-2.008242, 37.199015], [-2.008296, 37.19907], [-2.008325, 37.199143], [-2.00833, 37.199231], [-2.008231, 37.199298], [-2.008029, 37.199341], [-2.007874, 37.199437], [-2.007767, 37.199585], [-2.007782, 37.199766], [-2.007919, 37.19998], [-2.007939, 37.200129], [-2.007843, 37.200213], [-2.007777, 37.200311], [-2.007742, 37.200423], [-2.00794, 37.200611], [-2.008373, 37.200877], [-2.008704, 37.201098], [-2.008934, 37.201274], [-2.009158, 37.201393], [-2.009379, 37.201454], [-2.009477, 37.20154], [-2.009452, 37.20165], [-2.009759, 37.201638], [-2.010398, 37.201502], [-2.010798, 37.201451], [-2.010958, 37.201484], [-2.011049, 37.201531], [-2.01107, 37.20159], [-2.011087, 37.201635], [-2.011099, 37.201664], [-2.011104, 37.201679], [-2.011103, 37.20168], [-2.011085, 37.201772], [-2.011051, 37.201954], [-2.010992, 37.202123], [-2.010908, 37.202276], [-2.010837, 37.202375], [-2.010778, 37.202418], [-2.010661, 37.202442], [-2.010485, 37.202446], [-2.010392, 37.20236], [-2.010384, 37.202183], [-2.010301, 37.202086], [-2.010143, 37.202071], [-2.010035, 37.202084], [-2.009976, 37.202128], [-2.009942, 37.202171], [-2.009932, 37.202214], [-2.009914, 37.202297], [-2.009886, 37.202419], [-2.009861, 37.202544], [-2.009839, 37.202672], [-2.0098, 37.202766], [-2.009745, 37.202827], [-2.009663, 37.202927], [-2.009554, 37.203065], [-2.009551, 37.203173], [-2.009652, 37.203249], [-2.009681, 37.203353], [-2.009638, 37.203483], [-2.009413, 37.203521], [-2.009005, 37.203466], [-2.008754, 37.20348], [-2.008658, 37.203564], [-2.008627, 37.203639], [-2.008661, 37.203706], [-2.008708, 37.20379], [-2.00877, 37.203889], [-2.008759, 37.203953], [-2.008675, 37.203981], [-2.008535, 37.203999], [-2.008337, 37.204007], [-2.008186, 37.203901], [-2.008082, 37.203682], [-2.007944, 37.203521], [-2.007771, 37.203418], [-2.007526, 37.20328], [-2.007209, 37.203106], [-2.007107, 37.202968], [-2.007222, 37.202864], [-2.007592, 37.202959], [-2.008218, 37.203254], [-2.008664, 37.203215], [-2.00893, 37.202842], [-2.00902, 37.202598], [-2.008934, 37.202484], [-2.008701, 37.202416], [-2.008322, 37.202393], [-2.007918, 37.202168], [-2.00749, 37.20174], [-2.007252, 37.201383], [-2.007202, 37.201097], [-2.007119, 37.200926], [-2.007003, 37.200872], [-2.006885, 37.200891], [-2.006764, 37.200983], [-2.006698, 37.201118], [-2.006685, 37.201299], [-2.006595, 37.20148], [-2.006428, 37.201662], [-2.006333, 37.201817], [-2.006311, 37.201945], [-2.006252, 37.20205], [-2.006156, 37.202134], [-2.006023, 37.202383], [-2.005852, 37.202798], [-2.005698, 37.203059], [-2.005562, 37.203165], [-2.005479, 37.203069], [-2.005449, 37.202769], [-2.005467, 37.20249], [-2.005533, 37.202232], [-2.005466, 37.202169], [-2.005269, 37.202301], [-2.005074, 37.202451], [-2.004882, 37.202618], [-2.004899, 37.202714], [-2.005124, 37.202739], [-2.005157, 37.202869], [-2.004999, 37.203103], [-2.004777, 37.203159], [-2.00449, 37.203034], [-2.004239, 37.202986], [-2.004023, 37.203014], [-2.004032, 37.203129], [-2.004266, 37.203331], [-2.004457, 37.203414], [-2.004605, 37.203377], [-2.004734, 37.203485], [-2.004845, 37.203739], [-2.004729, 37.203834], [-2.004387, 37.203771], [-2.004171, 37.203673], [-2.004082, 37.203542], [-2.003928, 37.203419], [-2.003709, 37.203304], [-2.003364, 37.203223], [-2.002892, 37.203176], [-2.002637, 37.203236], [-2.002599, 37.203401], [-2.003014, 37.203687], [-2.00388, 37.204095], [-2.004218, 37.204391], [-2.004029, 37.204575], [-2.003716, 37.20474], [-2.003277, 37.204886], [-2.003232, 37.205008], [-2.00358, 37.205106], [-2.003767, 37.205287], [-2.003791, 37.205552], [-2.00387, 37.205756], [-2.004006, 37.2059], [-2.004192, 37.205956], [-2.00443, 37.205926], [-2.004584, 37.205987], [-2.004655, 37.206138], [-2.004486, 37.206249], [-2.004078, 37.206319], [-2.003784, 37.206401], [-2.003601, 37.206496], [-2.00341, 37.206476], [-2.00321, 37.206341], [-2.002974, 37.206255], [-2.002702, 37.206218], [-2.002553, 37.206246], [-2.002525, 37.206339], [-2.002423, 37.206388], [-2.002247, 37.206392], [-2.002044, 37.206624], [-2.001814, 37.207082], [-2.00149, 37.207311], [-2.00107, 37.207311], [-2.000707, 37.207384], [-2.000401, 37.20753], [-2.000302, 37.207659], [-2.00041, 37.20777], [-2.000459, 37.207862], [-2.000449, 37.207934], [-2.0003, 37.207963], [-2.00001, 37.207946], [-1.999837, 37.207718], [-1.999783, 37.207279], [-1.999778, 37.206994], [-1.999821, 37.206863], [-1.999715, 37.206761], [-1.999459, 37.206686], [-1.999092, 37.206608], [-1.998614, 37.206526], [-1.998378, 37.206565], [-1.998384, 37.206725], [-1.998281, 37.206837], [-1.998071, 37.206899], [-1.997744, 37.206861], [-1.9973, 37.206721], [-1.997069, 37.206599], [-1.997051, 37.206494], [-1.997147, 37.206473], [-1.997357, 37.206535], [-1.997562, 37.206509], [-1.997763, 37.206394], [-1.997814, 37.206307], [-1.997715, 37.206248], [-1.997526, 37.206237], [-1.997245, 37.206273], [-1.996941, 37.20624], [-1.996614, 37.206139], [-1.996547, 37.205942], [-1.996739, 37.20565], [-1.996906, 37.205593], [-1.997047, 37.205771], [-1.997274, 37.205867], [-1.997585, 37.205881], [-1.997798, 37.205836], [-1.997913, 37.205732], [-1.997912, 37.205598], [-1.997795, 37.205435], [-1.997872, 37.205309], [-1.998144, 37.20522], [-1.998368, 37.205049], [-1.998545, 37.204794], [-1.998536, 37.204617], [-1.998342, 37.204517], [-1.998201, 37.204401], [-1.998112, 37.204269], [-1.99776, 37.204028], [-1.997147, 37.203678], [-1.996818, 37.203435], [-1.996772, 37.203298], [-1.996816, 37.203105], [-1.996949, 37.202855], [-1.996809, 37.202623], [-1.996397, 37.202408], [-1.996129, 37.202201], [-1.996006, 37.202003], [-1.99601, 37.201583], [-1.996142, 37.200941], [-1.996345, 37.200585], [-1.99662, 37.200514], [-1.996816, 37.200498], [-1.996933, 37.200536], [-1.996998, 37.200591], [-1.99701, 37.20066], [-1.996965, 37.20072], [-1.996863, 37.200769], [-1.996895, 37.200827], [-1.997061, 37.200895], [-1.997192, 37.200918], [-1.997286, 37.200898], [-1.997407, 37.200927], [-1.997555, 37.201006], [-1.997683, 37.201041], [-1.997792, 37.201031], [-1.997903, 37.201049], [-1.998015, 37.201092], [-1.998105, 37.201101], [-1.998172, 37.201074], [-1.998217, 37.200999], [-1.99824, 37.200876], [-1.998327, 37.200852], [-1.998478, 37.200926], [-1.998594, 37.200947], [-1.998677, 37.200914], [-1.998668, 37.200864], [-1.998568, 37.200796], [-1.998487, 37.200726], [-1.998425, 37.200654], [-1.998364, 37.20059], [-1.998305, 37.200535], [-1.998212, 37.200496], [-1.998087, 37.200472], [-1.998004, 37.200502], [-1.997963, 37.200588], [-1.997969, 37.200654], [-1.998022, 37.200701], [-1.998067, 37.200753], [-1.998104, 37.200811], [-1.998041, 37.200841], [-1.997875, 37.200844], [-1.997736, 37.200822], [-1.997623, 37.200774], [-1.997553, 37.200739], [-1.997526, 37.200716], [-1.997494, 37.200689], [-1.997456, 37.200657], [-1.997443, 37.200578], [-1.997454, 37.200452], [-1.997456, 37.200367], [-1.997448, 37.200323], [-1.997449, 37.200289], [-1.997459, 37.200264], [-1.997462, 37.200232], [-1.997457, 37.200194], [-1.997281, 37.200063], [-1.996933, 37.19984], [-1.996695, 37.199549], [-1.996567, 37.19919], [-1.996536, 37.19896], [-1.996602, 37.198858], [-1.996675, 37.198802], [-1.996755, 37.198791], [-1.996781, 37.198752], [-1.996753, 37.198682], [-1.996749, 37.198632], [-1.996771, 37.198599], [-1.996878, 37.19857], [-1.997073, 37.198545], [-1.997193, 37.198522], [-1.997238, 37.1985], [-1.997273, 37.198446], [-1.997297, 37.198361], [-1.997393, 37.198278], [-1.997561, 37.198196], [-1.997636, 37.198135], [-1.997618, 37.198095], [-1.997616, 37.198032], [-1.997629, 37.197946], [-1.997694, 37.197877], [-1.997812, 37.197826], [-1.997909, 37.197778], [-1.997984, 37.197733], [-1.998041, 37.197703], [-1.998081, 37.197688], [-1.998107, 37.197676], [-1.998118, 37.197666], [-1.998099, 37.197584], [-1.99805, 37.19743], [-1.997961, 37.197285], [-1.997833, 37.197149], [-1.997683, 37.197094], [-1.99751, 37.197121], [-1.997393, 37.197145], [-1.99733, 37.197167], [-1.997296, 37.197205], [-1.997288, 37.197259], [-1.997196, 37.197284], [-1.997019, 37.19728], [-1.996901, 37.197302], [-1.996843, 37.19735], [-1.996777, 37.19738], [-1.996702, 37.197394], [-1.996588, 37.197454], [-1.996435, 37.197558], [-1.996338, 37.197622], [-1.996298, 37.197645], [-1.99623, 37.197633], [-1.996133, 37.197587], [-1.996006, 37.197552], [-1.995847, 37.197528], [-1.995697, 37.197556], [-1.995557, 37.197637], [-1.995441, 37.197703], [-1.995351, 37.197754], [-1.995267, 37.19789], [-1.995189, 37.19811], [-1.995088, 37.198326], [-1.994965, 37.198538], [-1.994773, 37.198705], [-1.994513, 37.198828], [-1.99434, 37.198868], [-1.994256, 37.198825], [-1.994172, 37.198851], [-1.994089, 37.198947], [-1.993946, 37.199045], [-1.993743, 37.199147], [-1.993605, 37.199256], [-1.993531, 37.199373], [-1.993464, 37.199417], [-1.993404, 37.199389], [-1.993366, 37.199298], [-1.99335, 37.199144], [-1.993273, 37.199078], [-1.993133, 37.1991], [-1.993027, 37.199078], [-1.992955, 37.199011], [-1.992875, 37.198966], [-1.992788, 37.198941], [-1.992758, 37.198994], [-1.992786, 37.199124], [-1.992756, 37.199202], [-1.992666, 37.199227], [-1.992605, 37.199223], [-1.992572, 37.199192], [-1.99258, 37.199146], [-1.992631, 37.199086], [-1.992634, 37.199043], [-1.992591, 37.199018], [-1.99247, 37.198986], [-1.99227, 37.198949], [-1.992054, 37.198881], [-1.991821, 37.198781], [-1.991776, 37.198646], [-1.991917, 37.198476], [-1.991988, 37.198358], [-1.991987, 37.198291], [-1.991962, 37.198241], [-1.991912, 37.198207], [-1.991849, 37.198177], [-1.991773, 37.198151], [-1.991655, 37.198175], [-1.991497, 37.198249], [-1.991385, 37.198384], [-1.99132, 37.19858], [-1.991229, 37.198723], [-1.991112, 37.198814], [-1.990986, 37.198836], [-1.990851, 37.198791], [-1.990715, 37.198788], [-1.990579, 37.198828], [-1.990457, 37.198857], [-1.99035, 37.198875], [-1.990278, 37.198876], [-1.990242, 37.198858], [-1.990232, 37.198803], [-1.990249, 37.198712], [-1.990201, 37.198658], [-1.990088, 37.198641], [-1.99003, 37.198671], [-1.990026, 37.198747], [-1.990034, 37.198824], [-1.990053, 37.198902], [-1.990119, 37.198996], [-1.990232, 37.199107], [-1.990375, 37.199131], [-1.990546, 37.199069], [-1.990687, 37.199053], [-1.990797, 37.199084], [-1.9909, 37.199106], [-1.990997, 37.199121], [-1.990999, 37.199179], [-1.990906, 37.19928], [-1.990756, 37.199355], [-1.990549, 37.199403], [-1.990368, 37.199409], [-1.990212, 37.199371], [-1.990021, 37.199321], [-1.989795, 37.199261], [-1.989633, 37.199188], [-1.989536, 37.199102], [-1.989512, 37.199031], [-1.989564, 37.198976], [-1.989609, 37.198934], [-1.989648, 37.198907], [-1.989663, 37.198849], [-1.989653, 37.198761], [-1.989641, 37.198676], [-1.989627, 37.198593], [-1.989575, 37.198534], [-1.989487, 37.198501], [-1.989375, 37.198511], [-1.989241, 37.198564], [-1.98912, 37.198566], [-1.989012, 37.198517], [-1.988821, 37.198468], [-1.988547, 37.198418], [-1.98833, 37.198455], [-1.988169, 37.198578], [-1.988063, 37.198585], [-1.988011, 37.198475], [-1.987986, 37.198362], [-1.987987, 37.198246], [-1.988034, 37.198167], [-1.988126, 37.198124], [-1.988187, 37.198078], [-1.988218, 37.198029], [-1.988236, 37.19796], [-1.988242, 37.19787], [-1.988237, 37.197777], [-1.988221, 37.197681], [-1.988261, 37.197595], [-1.988358, 37.19752], [-1.988483, 37.197473], [-1.988634, 37.197454], [-1.988773, 37.197429], [-1.988901, 37.1974], [-1.988988, 37.197346], [-1.989035, 37.197269], [-1.98905, 37.19718], [-1.989033, 37.197079], [-1.98909, 37.196994], [-1.989221, 37.196924], [-1.989314, 37.196869], [-1.989368, 37.196831], [-1.989386, 37.196778], [-1.989369, 37.196708], [-1.989347, 37.196631], [-1.989321, 37.196545], [-1.989336, 37.196458], [-1.989393, 37.19637], [-1.989414, 37.196283], [-1.989398, 37.196196], [-1.989366, 37.196088], [-1.989316, 37.195961], [-1.98936, 37.195858], [-1.989497, 37.195779], [-1.989613, 37.195749], [-1.989709, 37.195766], [-1.989795, 37.195806], [-1.989872, 37.195867], [-1.989979, 37.195912], [-1.990116, 37.195939], [-1.990192, 37.195918], [-1.990208, 37.195849], [-1.990148, 37.195772], [-1.990011, 37.195687], [-1.989933, 37.195624], [-1.989914, 37.195584], [-1.989892, 37.19554], [-1.989869, 37.195492], [-1.989806, 37.195445], [-1.989705, 37.1954], [-1.98958, 37.19538], [-1.989432, 37.195386], [-1.989309, 37.195379], [-1.989212, 37.19536], [-1.989148, 37.195326], [-1.989117, 37.195276], [-1.989091, 37.195204], [-1.989069, 37.195108], [-1.989047, 37.195029], [-1.989025, 37.194965], [-1.989038, 37.1949], [-1.989088, 37.194836], [-1.989134, 37.194768], [-1.989177, 37.194695], [-1.989218, 37.194663], [-1.989258, 37.194671], [-1.989416, 37.194705], [-1.989691, 37.194763], [-1.989887, 37.194841], [-1.990003, 37.194938], [-1.990103, 37.195021], [-1.990187, 37.195091], [-1.990278, 37.195171], [-1.990376, 37.195261], [-1.990461, 37.195303], [-1.990532, 37.195299], [-1.990622, 37.195307], [-1.990731, 37.195329], [-1.990836, 37.195334], [-1.990939, 37.19532], [-1.991039, 37.195326], [-1.991137, 37.195349], [-1.991239, 37.195375], [-1.991345, 37.195405], [-1.991438, 37.195431], [-1.991518, 37.195453], [-1.991594, 37.195471], [-1.991668, 37.195484], [-1.991751, 37.195496], [-1.991841, 37.195507], [-1.991915, 37.195522], [-1.991974, 37.195541], [-1.992089, 37.195571], [-1.992262, 37.195611], [-1.992377, 37.195684], [-1.992434, 37.195788], [-1.99248, 37.195867], [-1.992517, 37.19592], [-1.992602, 37.195961], [-1.992733, 37.195989], [-1.992862, 37.196012], [-1.992987, 37.196032], [-1.99309, 37.196039], [-1.993172, 37.196033], [-1.993157, 37.195995], [-1.993045, 37.195924], [-1.99296, 37.195879], [-1.992902, 37.19586], [-1.992842, 37.195821], [-1.992782, 37.195761], [-1.99275, 37.195716], [-1.992744, 37.195686], [-1.992788, 37.195651], [-1.992881, 37.195613], [-1.99299, 37.195592], [-1.993117, 37.195589], [-1.99327, 37.195579], [-1.993449, 37.19556], [-1.993552, 37.195536], [-1.99358, 37.195505], [-1.993638, 37.195458], [-1.993726, 37.195393], [-1.993796, 37.195335], [-1.993848, 37.195284], [-1.993911, 37.195251], [-1.993986, 37.195237], [-1.994034, 37.195213], [-1.994056, 37.19518], [-1.994066, 37.195163], [-1.994067, 37.195162], [-1.994057, 37.195137], [-1.994037, 37.195085], [-1.993972, 37.195058], [-1.99386, 37.195054], [-1.993742, 37.195058], [-1.993617, 37.19507], [-1.993491, 37.195059], [-1.993364, 37.195026], [-1.993243, 37.194995], [-1.993127, 37.194965], [-1.993044, 37.194918], [-1.992994, 37.194853], [-1.992932, 37.19478], [-1.992858, 37.1947], [-1.992764, 37.194639], [-1.992652, 37.194595], [-1.992585, 37.194559], [-1.992563, 37.194531], [-1.992555, 37.194487], [-1.992562, 37.194428], [-1.992541, 37.194373], [-1.992493, 37.194321], [-1.99243, 37.194271], [-1.99235, 37.194223], [-1.992261, 37.194257], [-1.992165, 37.194372], [-1.992035, 37.194417], [-1.991871, 37.194393], [-1.991753, 37.194364], [-1.99168, 37.194329], [-1.99158, 37.194288], [-1.99145, 37.194242], [-1.991333, 37.194217], [-1.991227, 37.194212], [-1.991148, 37.194187], [-1.991096, 37.19414], [-1.991039, 37.194087], [-1.990979, 37.194027], [-1.990941, 37.193965], [-1.990924, 37.193901], [-1.990949, 37.193866], [-1.991014, 37.193862], [-1.991105, 37.193891], [-1.99122, 37.193952], [-1.991314, 37.194], [-1.991387, 37.194036], [-1.99148, 37.194062], [-1.991593, 37.194079], [-1.991682, 37.194081], [-1.991746, 37.194068], [-1.991841, 37.194063], [-1.991969, 37.194064], [-1.992057, 37.194051], [-1.992108, 37.194022], [-1.992065, 37.193985], [-1.99193, 37.19394], [-1.991797, 37.193905], [-1.991666, 37.193882], [-1.991501, 37.193838], [-1.991303, 37.193774], [-1.991169, 37.193722], [-1.991102, 37.193682], [-1.99104, 37.193611], [-1.990984, 37.193511], [-1.990906, 37.193463], [-1.990808, 37.193467], [-1.990711, 37.193486], [-1.990618, 37.19352], [-1.990514, 37.193556], [-1.990399, 37.193593], [-1.990283, 37.193608], [-1.990165, 37.1936], [-1.990038, 37.193616], [-1.989902, 37.193656], [-1.989798, 37.193647], [-1.989727, 37.193589], [-1.989606, 37.193574], [-1.989434, 37.1936], [-1.9893, 37.193606], [-1.989203, 37.193591], [-1.989156, 37.19356], [-1.989159, 37.19351], [-1.989158, 37.193378], [-1.989154, 37.193165], [-1.989181, 37.193034], [-1.989239, 37.192986], [-1.989299, 37.193015], [-1.989361, 37.193118], [-1.989435, 37.193196], [-1.989522, 37.193247], [-1.989606, 37.193223], [-1.989688, 37.193123], [-1.989777, 37.193065], [-1.989874, 37.193048], [-1.99, 37.193077], [-1.990156, 37.193151], [-1.990252, 37.193192], [-1.990287, 37.193201], [-1.990289, 37.19312], [-1.99026, 37.19295], [-1.990327, 37.192861], [-1.990491, 37.192853], [-1.990645, 37.192883], [-1.990789, 37.192949], [-1.990934, 37.193002], [-1.991079, 37.193042], [-1.991268, 37.193084], [-1.991503, 37.19313], [-1.991644, 37.19315], [-1.991693, 37.193144], [-1.991788, 37.193136], [-1.99193, 37.193127], [-1.992058, 37.193117], [-1.992172, 37.193107], [-1.992295, 37.193145], [-1.992426, 37.193231], [-1.992644, 37.193311], [-1.992949, 37.193383], [-1.993164, 37.193365], [-1.993288, 37.193255], [-1.993487, 37.193252], [-1.993759, 37.193356], [-1.993945, 37.19341], [-1.994045, 37.193415], [-1.994179, 37.193454], [-1.994346, 37.193526], [-1.994469, 37.193584], [-1.994549, 37.193627], [-1.994652, 37.193666], [-1.994779, 37.193698], [-1.994894, 37.193742], [-1.994997, 37.193796], [-1.995048, 37.193847], [-1.995045, 37.193897], [-1.995015, 37.193974], [-1.994956, 37.19408], [-1.99501, 37.194155], [-1.995178, 37.194201], [-1.995309, 37.194238], [-1.995402, 37.194266], [-1.995508, 37.19432], [-1.995626, 37.194398], [-1.995744, 37.194468], [-1.995859, 37.194529], [-1.995928, 37.194587], [-1.995951, 37.194641], [-1.996017, 37.194673], [-1.996127, 37.194682], [-1.996263, 37.194694], [-1.996426, 37.194709], [-1.996584, 37.194729], [-1.996737, 37.194754], [-1.996832, 37.194697], [-1.996869, 37.194559], [-1.996903, 37.194469], [-1.996935, 37.19443], [-1.996989, 37.194454], [-1.997065, 37.194542], [-1.997148, 37.194607], [-1.997238, 37.194646], [-1.997289, 37.194669], [-1.997301, 37.194674], [-1.997325, 37.194674], [-1.997363, 37.194669], [-1.997457, 37.194666], [-1.997605, 37.194665], [-1.997674, 37.194632], [-1.997663, 37.194566], [-1.997617, 37.194496], [-1.997538, 37.194422], [-1.997414, 37.194297], [-1.997246, 37.194122], [-1.997239, 37.194], [-1.997392, 37.193931], [-1.997535, 37.193862], [-1.997666, 37.193792], [-1.997747, 37.193826], [-1.997776, 37.193965], [-1.99778, 37.194098], [-1.997758, 37.194226], [-1.997764, 37.194321], [-1.997797, 37.194384], [-1.997868, 37.194413], [-1.997978, 37.194408], [-1.998036, 37.194347], [-1.998043, 37.19423], [-1.998087, 37.194193], [-1.998166, 37.194237], [-1.998207, 37.194312], [-1.998209, 37.194419], [-1.99821, 37.194523], [-1.998211, 37.194626], [-1.998217, 37.194719], [-1.998226, 37.194803], [-1.998276, 37.194823], [-1.998368, 37.19478], [-1.998436, 37.194756], [-1.998479, 37.19475], [-1.998618, 37.194759], [-1.998854, 37.194782], [-1.999023, 37.194801], [-1.999125, 37.194815], [-1.999232, 37.19481], [-1.999344, 37.194787], [-1.999457, 37.194757], [-1.999572, 37.19472], [-1.999653, 37.194692], [-1.9997, 37.194672], [-1.999733, 37.194641], [-1.999753, 37.194598], [-1.999761, 37.194553], [-1.999758, 37.194504], [-1.999778, 37.194464], [-1.999821, 37.194432], [-1.999839, 37.194406], [-1.999831, 37.194384], [-1.999896, 37.194357], [-2.000034, 37.194326], [-2.000181, 37.194347], [-2.000338, 37.194421], [-2.000521, 37.19446], [-2.000732, 37.194464], [-2.000846, 37.194425], [-2.000865, 37.194342], [-2.000839, 37.194286], [-2.000767, 37.194255], [-2.000677, 37.194246], [-2.000569, 37.19426], [-2.000471, 37.194234], [-2.000382, 37.19417], [-2.00034, 37.194102], [-2.000344, 37.19403], [-2.000345, 37.193974], [-2.000344, 37.193934], [-2.000231, 37.193935], [-2.000006, 37.193977], [-1.999876, 37.193973], [-1.99984, 37.193924], [-1.999812, 37.193861], [-1.999793, 37.193783], [-1.999722, 37.193725], [-1.9996, 37.193687], [-1.999509, 37.19369], [-1.999451, 37.193733], [-1.999359, 37.193714], [-1.999234, 37.193631], [-1.999121, 37.193552], [-1.999019, 37.193476], [-1.998962, 37.193403], [-1.99895, 37.193333], [-1.998914, 37.193248], [-1.998852, 37.193149], [-1.998789, 37.193072], [-1.998724, 37.193018], [-1.998695, 37.192928], [-1.998701, 37.192802], [-1.998698, 37.192689], [-1.998686, 37.192588], [-1.998748, 37.192566], [-1.998885, 37.192625], [-1.999007, 37.192707], [-1.999114, 37.192814], [-1.999198, 37.192868], [-1.999259, 37.192869], [-1.999399, 37.192834], [-1.999618, 37.192761], [-1.999733, 37.192706], [-1.999743, 37.192669], [-1.999709, 37.192615], [-1.999631, 37.192545], [-1.999618, 37.192455], [-1.999671, 37.192346], [-1.999746, 37.192269], [-1.999843, 37.192226], [-1.999754, 37.192161], [-1.99948, 37.192075], [-1.999402, 37.19199], [-1.999519, 37.191903], [-1.99943, 37.191816], [-1.999133, 37.191729], [-1.998931, 37.191679], [-1.998824, 37.191666], [-1.998725, 37.191701], [-1.998634, 37.191784], [-1.998551, 37.191813], [-1.998475, 37.191787], [-1.998379, 37.191745], [-1.998264, 37.191688], [-1.998162, 37.191686], [-1.998071, 37.191738], [-1.997951, 37.191744], [-1.997801, 37.191705], [-1.997645, 37.191728], [-1.997482, 37.191811], [-1.997351, 37.191899], [-1.997252, 37.191992], [-1.997127, 37.192084], [-1.996977, 37.192174], [-1.996845, 37.192225], [-1.996731, 37.192235], [-1.996642, 37.192219], [-1.99658, 37.192178], [-1.996517, 37.192133], [-1.996453, 37.192083], [-1.99636, 37.192057], [-1.996238, 37.192055], [-1.996127, 37.192035], [-1.996027, 37.191999], [-1.99596, 37.191947], [-1.995926, 37.19188], [-1.995932, 37.191799], [-1.995976, 37.191704], [-1.995922, 37.191619], [-1.995771, 37.191545], [-1.995659, 37.191533], [-1.995585, 37.191582], [-1.995529, 37.19158], [-1.995492, 37.191527], [-1.995382, 37.191479], [-1.995198, 37.191435], [-1.995026, 37.191417], [-1.994867, 37.191424], [-1.994739, 37.191402], [-1.994642, 37.191352], [-1.994561, 37.191314], [-1.994497, 37.191286], [-1.994443, 37.191278], [-1.9944, 37.191287], [-1.994355, 37.19132], [-1.994309, 37.191375], [-1.994263, 37.191425], [-1.994216, 37.191472], [-1.994167, 37.191491], [-1.994116, 37.191484], [-1.994061, 37.191469], [-1.994001, 37.191445], [-1.993977, 37.191407], [-1.993987, 37.191355], [-1.993987, 37.191311], [-1.993978, 37.191273], [-1.993966, 37.191257], [-1.99395, 37.191261], [-1.993947, 37.191257], [-1.993955, 37.191245], [-1.993999, 37.191211], [-1.994078, 37.191157], [-1.994131, 37.191098], [-1.994159, 37.191037], [-1.994181, 37.190985], [-1.994196, 37.190943], [-1.994227, 37.190901], [-1.994275, 37.190859], [-1.994305, 37.190811], [-1.994318, 37.190755], [-1.994293, 37.190692], [-1.99423, 37.190619], [-1.994184, 37.19054], [-1.994152, 37.190455], [-1.994118, 37.190384], [-1.99408, 37.190326], [-1.994024, 37.190304], [-1.993949, 37.190318], [-1.993873, 37.190355], [-1.993795, 37.190414], [-1.9937, 37.190428], [-1.99359, 37.190397], [-1.993552, 37.190338], [-1.993586, 37.190248], [-1.993643, 37.190176], [-1.993722, 37.190122], [-1.993812, 37.19007], [-1.993914, 37.190021], [-1.993984, 37.189981], [-1.994023, 37.189949], [-1.994113, 37.189945], [-1.994255, 37.189967], [-1.994347, 37.189957], [-1.99439, 37.189916], [-1.994376, 37.189869], [-1.994306, 37.189815], [-1.994228, 37.189794], [-1.994141, 37.189805], [-1.994031, 37.189774], [-1.993897, 37.189702], [-1.993776, 37.189626], [-1.993669, 37.189546], [-1.993533, 37.189499], [-1.993371, 37.189484], [-1.993252, 37.189497], [-1.993176, 37.189538], [-1.99312, 37.18958], [-1.993083, 37.189625], [-1.993041, 37.189682], [-1.992992, 37.189751], [-1.992949, 37.189805], [-1.992912, 37.189846], [-1.99285, 37.189905], [-1.992765, 37.189983], [-1.992688, 37.190049], [-1.99262, 37.190102], [-1.992559, 37.190136], [-1.992507, 37.190152], [-1.992444, 37.190138], [-1.99237, 37.190094], [-1.992284, 37.190029], [-1.992186, 37.189943], [-1.992093, 37.189915], [-1.992004, 37.189944], [-1.99189, 37.189987], [-1.991751, 37.190043], [-1.991665, 37.190101], [-1.991631, 37.19016], [-1.99158, 37.190221], [-1.991514, 37.190283], [-1.991448, 37.190334], [-1.991383, 37.190374], [-1.991326, 37.190381], [-1.991278, 37.190356], [-1.991233, 37.19035], [-1.991191, 37.190365], [-1.99112, 37.190416], [-1.991019, 37.190505], [-1.990917, 37.190598], [-1.990813, 37.190696], [-1.990732, 37.190725], [-1.990675, 37.190683], [-1.990685, 37.190615], [-1.990763, 37.19052], [-1.990841, 37.190432], [-1.990921, 37.19035], [-1.990951, 37.190284], [-1.990931, 37.190233], [-1.990871, 37.190205], [-1.99077, 37.1902], [-1.990687, 37.190166], [-1.990621, 37.190103], [-1.990575, 37.190044], [-1.990549, 37.189989], [-1.99049, 37.189934], [-1.990397, 37.189879], [-1.990358, 37.189813], [-1.990372, 37.189735], [-1.990417, 37.189676], [-1.990493, 37.189635], [-1.990624, 37.189625], [-1.99081, 37.189646], [-1.990943, 37.189646], [-1.991025, 37.189625], [-1.991077, 37.189612], [-1.991102, 37.189605], [-1.991111, 37.189569], [-1.991105, 37.189503], [-1.991056, 37.189442], [-1.990963, 37.189387], [-1.99086, 37.189333], [-1.990746, 37.189281], [-1.990684, 37.189255], [-1.990674, 37.189255], [-1.990622, 37.189258], [-1.990528, 37.189262], [-1.990458, 37.189291], [-1.990412, 37.189346], [-1.990335, 37.189407], [-1.990225, 37.189475], [-1.990132, 37.189558], [-1.990055, 37.189657], [-1.989984, 37.189693], [-1.989919, 37.189666], [-1.989844, 37.189633], [-1.98976, 37.189594], [-1.989691, 37.189594], [-1.989637, 37.189632], [-1.98953, 37.189686], [-1.989371, 37.189756], [-1.989271, 37.189831], [-1.98923, 37.189912], [-1.989185, 37.189969], [-1.989135, 37.190002], [-1.989096, 37.190032], [-1.989067, 37.190058], [-1.989038, 37.190158], [-1.989007, 37.190331], [-1.988962, 37.190435], [-1.988902, 37.19047], [-1.988869, 37.19044], [-1.988864, 37.190347], [-1.988876, 37.190241], [-1.988905, 37.190121], [-1.988939, 37.190003], [-1.98898, 37.189886], [-1.989028, 37.189797], [-1.989083, 37.189737], [-1.989158, 37.189689], [-1.989251, 37.189655], [-1.989306, 37.189605], [-1.989323, 37.189541], [-1.989367, 37.189493], [-1.989439, 37.189461], [-1.989546, 37.189425], [-1.989688, 37.189385], [-1.989808, 37.189361], [-1.989906, 37.189353], [-1.989984, 37.189345], [-1.990044, 37.189337], [-1.990088, 37.189287], [-1.990116, 37.189194], [-1.990152, 37.189102], [-1.990197, 37.189012], [-1.990234, 37.188951], [-1.990261, 37.188921], [-1.990287, 37.188907], [-1.990309, 37.188908], [-1.990399, 37.188915], [-1.990555, 37.188926], [-1.990695, 37.188892], [-1.99082, 37.188814], [-1.990862, 37.188742], [-1.990823, 37.188675], [-1.990672, 37.188614], [-1.990408, 37.188559], [-1.990258, 37.18852], [-1.990221, 37.188498], [-1.99015, 37.188487], [-1.990045, 37.188487], [-1.989967, 37.188485], [-1.989915, 37.188482], [-1.989856, 37.188478], [-1.989791, 37.188474], [-1.989725, 37.188452], [-1.989657, 37.188411], [-1.989578, 37.188386], [-1.989488, 37.188375], [-1.989359, 37.1884], [-1.989193, 37.188462], [-1.989056, 37.188526], [-1.988946, 37.188594], [-1.988859, 37.188636], [-1.988796, 37.188653], [-1.988751, 37.188634], [-1.988725, 37.188579], [-1.988709, 37.188503], [-1.988703, 37.188406], [-1.988665, 37.188346], [-1.988595, 37.188324], [-1.98854, 37.188275], [-1.988499, 37.1882], [-1.988486, 37.188137], [-1.988499, 37.188086], [-1.988449, 37.188063], [-1.988336, 37.188068], [-1.988266, 37.188075], [-1.988237, 37.188083], [-1.988216, 37.188084], [-1.988203, 37.188077], [-1.988194, 37.188073], [-1.988189, 37.18807], [-1.988174, 37.188063], [-1.98815, 37.188051], [-1.988106, 37.188016], [-1.98804, 37.187957], [-1.988004, 37.187915], [-1.987997, 37.187889], [-1.987953, 37.187872], [-1.987871, 37.187865], [-1.987801, 37.187851], [-1.987743, 37.187832], [-1.987719, 37.187817], [-1.98773, 37.187807], [-1.987713, 37.187805], [-1.987668, 37.18781], [-1.987622, 37.187803], [-1.987574, 37.187782], [-1.987532, 37.187761], [-1.987495, 37.187739], [-1.987458, 37.187764], [-1.98742, 37.187835], [-1.987386, 37.187922], [-1.987354, 37.188025], [-1.987335, 37.188092], [-1.98733, 37.188124], [-1.987345, 37.188149], [-1.987381, 37.188166], [-1.987433, 37.188193], [-1.9875, 37.188229], [-1.987506, 37.188268], [-1.987453, 37.188311], [-1.987407, 37.18835], [-1.98737, 37.188386], [-1.987364, 37.188432], [-1.98739, 37.188486], [-1.987396, 37.188568], [-1.987381, 37.188677], [-1.987346, 37.188742], [-1.987289, 37.188763], [-1.987227, 37.188744], [-1.987162, 37.188685], [-1.987088, 37.188655], [-1.987004, 37.188652], [-1.986934, 37.188643], [-1.986876, 37.188628], [-1.986836, 37.188604], [-1.986814, 37.188571], [-1.986784, 37.18853], [-1.986748, 37.188481], [-1.986701, 37.188445], [-1.986641, 37.188421], [-1.986556, 37.188405], [-1.986444, 37.188397], [-1.986332, 37.188434], [-1.986219, 37.188515], [-1.986119, 37.188575], [-1.986031, 37.188613], [-1.985925, 37.188636], [-1.985799, 37.188643], [-1.985718, 37.188604], [-1.985681, 37.188519], [-1.985654, 37.188456], [-1.985635, 37.188414], [-1.985603, 37.188357], [-1.985558, 37.188287], [-1.985529, 37.188213], [-1.985515, 37.188134], [-1.985509, 37.18805], [-1.98551, 37.187961], [-1.985535, 37.187884], [-1.985585, 37.18782], [-1.985587, 37.187755], [-1.985543, 37.187689], [-1.985461, 37.187681], [-1.985343, 37.187732], [-1.985229, 37.18776], [-1.98512, 37.187765], [-1.985025, 37.18773], [-1.984946, 37.187656], [-1.98489, 37.187585], [-1.984856, 37.187518], [-1.984792, 37.187452], [-1.984698, 37.187388], [-1.98462, 37.187354], [-1.984559, 37.187348], [-1.984485, 37.187322], [-1.9844, 37.187275], [-1.984347, 37.187228], [-1.984328, 37.187181], [-1.984262, 37.187163], [-1.984147, 37.187173], [-1.984057, 37.187131], [-1.983991, 37.187037], [-1.983936, 37.18697], [-1.98389, 37.186931], [-1.983849, 37.18693], [-1.983811, 37.186966], [-1.98377, 37.187049], [-1.983726, 37.18718], [-1.98366, 37.187244], [-1.983571, 37.187242], [-1.983525, 37.187236], [-1.98352, 37.187227], [-1.983508, 37.187224], [-1.98349, 37.187227], [-1.983438, 37.187219], [-1.983351, 37.187199], [-1.983291, 37.187155], [-1.983258, 37.187088], [-1.98327, 37.18703], [-1.983328, 37.186983], [-1.983357, 37.18693], [-1.983358, 37.186872], [-1.983338, 37.186834], [-1.983296, 37.186817], [-1.983254, 37.186812], [-1.983211, 37.186817], [-1.983132, 37.186809], [-1.983018, 37.186788], [-1.982919, 37.186761], [-1.982836, 37.186726], [-1.982762, 37.186711], [-1.982696, 37.186715], [-1.982647, 37.186748], [-1.982613, 37.186811], [-1.982603, 37.186863], [-1.982616, 37.186906], [-1.982669, 37.186924], [-1.982762, 37.186917], [-1.982803, 37.186952], [-1.982795, 37.187029], [-1.982727, 37.187071], [-1.982602, 37.187078], [-1.982508, 37.187112], [-1.982447, 37.187173], [-1.982371, 37.187228], [-1.98228, 37.187275], [-1.982246, 37.187317], [-1.982269, 37.187355], [-1.982317, 37.187395], [-1.982391, 37.187439], [-1.982405, 37.1875], [-1.982357, 37.187578], [-1.982297, 37.187643], [-1.982223, 37.187697], [-1.982116, 37.187716], [-1.981975, 37.187698], [-1.981883, 37.187645], [-1.98184, 37.187557], [-1.981713, 37.187508], [-1.981502, 37.187499], [-1.981324, 37.187477], [-1.98118, 37.187442], [-1.981037, 37.187414], [-1.980895, 37.187392], [-1.980806, 37.187356], [-1.98077, 37.187307], [-1.980697, 37.187319], [-1.980588, 37.187391], [-1.980547, 37.187456], [-1.980574, 37.187515], [-1.98063, 37.187579], [-1.980713, 37.187649], [-1.980769, 37.187718], [-1.980798, 37.187786], [-1.980813, 37.18784], [-1.980814, 37.18788], [-1.98077, 37.187943], [-1.98068, 37.188031], [-1.9806, 37.188043], [-1.980528, 37.187981], [-1.980469, 37.187912], [-1.980423, 37.187838], [-1.980373, 37.187757], [-1.98032, 37.18767], [-1.980284, 37.187608], [-1.980266, 37.18757], [-1.980183, 37.187536], [-1.980034, 37.187506], [-1.979961, 37.187526], [-1.979962, 37.187598], [-1.980006, 37.187661], [-1.980093, 37.187717], [-1.980156, 37.187778], [-1.980195, 37.187845], [-1.980196, 37.187896], [-1.980158, 37.187932], [-1.980122, 37.187966], [-1.980089, 37.187997], [-1.980077, 37.188054], [-1.980086, 37.188138], [-1.980057, 37.188195], [-1.979991, 37.188226], [-1.979941, 37.188259], [-1.979909, 37.188294], [-1.979844, 37.18828], [-1.979748, 37.188216], [-1.979645, 37.188198], [-1.979537, 37.188225], [-1.979417, 37.18823], [-1.979287, 37.188211], [-1.97917, 37.188205], [-1.979067, 37.188214], [-1.978977, 37.188221], [-1.978901, 37.188226], [-1.978831, 37.188157], [-1.978767, 37.188014], [-1.978568, 37.187916], [-1.978233, 37.187865], [-1.978086, 37.187873], [-1.978125, 37.187939], [-1.978249, 37.187988], [-1.978459, 37.188019], [-1.978487, 37.188072], [-1.978334, 37.188145], [-1.978161, 37.188162], [-1.977966, 37.188125], [-1.977812, 37.188095], [-1.977698, 37.188074], [-1.977611, 37.188112], [-1.97755, 37.188209], [-1.977473, 37.188272], [-1.977379, 37.188302], [-1.977276, 37.188331], [-1.977165, 37.188359], [-1.97704, 37.188352], [-1.9769, 37.188312], [-1.976809, 37.188263], [-1.976766, 37.188206], [-1.976712, 37.18818], [-1.976646, 37.188184], [-1.976567, 37.188174], [-1.976475, 37.18815], [-1.976403, 37.188168], [-1.976353, 37.188228], [-1.976339, 37.188292], [-1.976362, 37.18836], [-1.976422, 37.188433], [-1.976518, 37.18851], [-1.976578, 37.188587], [-1.976603, 37.188665], [-1.976545, 37.188743], [-1.976404, 37.188824], [-1.976269, 37.188872], [-1.976139, 37.188889], [-1.976013, 37.18888], [-1.975892, 37.188847], [-1.975823, 37.188784], [-1.975807, 37.188692], [-1.975815, 37.188611], [-1.975847, 37.18854], [-1.975919, 37.188433], [-1.976032, 37.188289], [-1.976097, 37.188151], [-1.976113, 37.18802], [-1.97613, 37.187899], [-1.97615, 37.187789], [-1.976124, 37.187733], [-1.976051, 37.187728], [-1.975928, 37.187849], [-1.975756, 37.188094], [-1.975575, 37.188325], [-1.975386, 37.188541], [-1.97525, 37.188697], [-1.975167, 37.188792], [-1.975075, 37.188831], [-1.974972, 37.188812], [-1.974904, 37.188868], [-1.974872, 37.188997], [-1.974854, 37.189104], [-1.974852, 37.189189], [-1.974823, 37.189305], [-1.974765, 37.18945], [-1.974647, 37.189517], [-1.974468, 37.189504], [-1.97446, 37.189552], [-1.974622, 37.18966], [-1.974753, 37.189749], [-1.974853, 37.189816], [-1.974915, 37.189804], [-1.974937, 37.189712], [-1.974999, 37.189684], [-1.975099, 37.18972], [-1.975148, 37.18981], [-1.975145, 37.189953], [-1.975179, 37.190051], [-1.975249, 37.190105], [-1.97531, 37.190133], [-1.975364, 37.190136], [-1.97542, 37.190158], [-1.975479, 37.190199], [-1.975527, 37.190227], [-1.975563, 37.190241], [-1.975581, 37.190263], [-1.97558, 37.190293], [-1.975638, 37.190346], [-1.975756, 37.19042], [-1.975777, 37.190509], [-1.975701, 37.190612], [-1.975613, 37.190666], [-1.975515, 37.190669], [-1.975401, 37.190601], [-1.975272, 37.190461], [-1.975169, 37.190345], [-1.975092, 37.190252], [-1.975009, 37.190158], [-1.974921, 37.190062], [-1.974815, 37.189979], [-1.974693, 37.18991], [-1.974553, 37.189832], [-1.974394, 37.189745], [-1.97427, 37.18973], [-1.97418, 37.189786], [-1.974071, 37.189889], [-1.973943, 37.190039], [-1.973837, 37.190162], [-1.973754, 37.190258], [-1.973728, 37.190364], [-1.973759, 37.19048], [-1.973819, 37.190569], [-1.973907, 37.190629], [-1.97402, 37.190632], [-1.97416, 37.190579], [-1.974271, 37.190547], [-1.974352, 37.190536], [-1.974416, 37.190557], [-1.974464, 37.190609], [-1.974488, 37.190702], [-1.974489, 37.190836], [-1.974465, 37.191029], [-1.974414, 37.19128], [-1.974396, 37.191448], [-1.974411, 37.191531], [-1.974446, 37.191573], [-1.974501, 37.191575], [-1.974571, 37.191515], [-1.974655, 37.191393], [-1.974717, 37.191369], [-1.974757, 37.191444], [-1.974706, 37.191609], [-1.974562, 37.191864], [-1.974444, 37.192058], [-1.974351, 37.19219], [-1.974252, 37.192254], [-1.974146, 37.19225], [-1.974086, 37.192186], [-1.97407, 37.192063], [-1.974071, 37.191958], [-1.974089, 37.191871], [-1.974134, 37.19178], [-1.974206, 37.191686], [-1.974249, 37.191603], [-1.974264, 37.19153], [-1.974262, 37.191434], [-1.974241, 37.191316], [-1.974033, 37.191296], [-1.973638, 37.191373], [-1.97344, 37.191454], [-1.973438, 37.191539], [-1.973494, 37.191608], [-1.973608, 37.19166], [-1.973736, 37.191811], [-1.973879, 37.192061], [-1.973834, 37.192169], [-1.973602, 37.192136], [-1.973429, 37.192091], [-1.973314, 37.192035], [-1.97323, 37.191994], [-1.973176, 37.19197], [-1.973087, 37.191997], [-1.972962, 37.192075], [-1.972938, 37.19221], [-1.973016, 37.192401], [-1.973024, 37.192591], [-1.972964, 37.19278], [-1.972947, 37.192903], [-1.972972, 37.192959], [-1.973013, 37.193006], [-1.973069, 37.193043], [-1.973194, 37.193063], [-1.973388, 37.193065], [-1.973491, 37.193057], [-1.973504, 37.193037], [-1.973531, 37.193], [-1.973571, 37.192946], [-1.973628, 37.192876], [-1.973702, 37.192791], [-1.973765, 37.192727], [-1.973819, 37.192684], [-1.973875, 37.192657], [-1.973933, 37.192645], [-1.973971, 37.192654], [-1.973987, 37.192683], [-1.973984, 37.192733], [-1.973963, 37.192802], [-1.973946, 37.19288], [-1.973934, 37.192967], [-1.973925, 37.19303], [-1.973921, 37.193071], [-1.973982, 37.193148], [-1.974106, 37.193262], [-1.974152, 37.193336], [-1.97412, 37.193371], [-1.974078, 37.193386], [-1.974027, 37.193379], [-1.973953, 37.19335], [-1.973856, 37.1933], [-1.973749, 37.193289], [-1.973633, 37.193317], [-1.973554, 37.193386], [-1.973512, 37.193494], [-1.97346, 37.193563], [-1.973399, 37.193593], [-1.973324, 37.19364], [-1.973236, 37.193705], [-1.973166, 37.193727], [-1.973113, 37.193707], [-1.973009, 37.193685], [-1.972856, 37.19366], [-1.972773, 37.193675], [-1.97276, 37.19373], [-1.972811, 37.193797], [-1.972924, 37.193877], [-1.973034, 37.193909], [-1.973142, 37.193896], [-1.973242, 37.193867], [-1.973334, 37.193824], [-1.973411, 37.193788], [-1.973472, 37.193758], [-1.973486, 37.193805], [-1.973452, 37.19393], [-1.97349, 37.194023], [-1.9736, 37.194085], [-1.973643, 37.194155], [-1.973618, 37.194234], [-1.973585, 37.194285], [-1.973545, 37.194308], [-1.973566, 37.194348], [-1.973647, 37.194405], [-1.973708, 37.194422], [-1.973749, 37.194399], [-1.973804, 37.19432], [-1.973875, 37.194186], [-1.973895, 37.194096], [-1.973865, 37.194051], [-1.973815, 37.194002], [-1.973745, 37.193948], [-1.973703, 37.193895], [-1.973688, 37.193844], [-1.973708, 37.193799], [-1.973762, 37.193761], [-1.97382, 37.193773], [-1.97388, 37.193837], [-1.973953, 37.193919], [-1.974036, 37.19402], [-1.97413, 37.194064], [-1.974232, 37.194051], [-1.974297, 37.194043], [-1.974324, 37.194039], [-1.974342, 37.194077], [-1.97435, 37.194157], [-1.974437, 37.194262], [-1.974603, 37.194392], [-1.974672, 37.1945], [-1.974642, 37.194584], [-1.974718, 37.194659], [-1.974901, 37.194725], [-1.975031, 37.19484], [-1.97511, 37.195004], [-1.975149, 37.195135], [-1.975149, 37.195233], [-1.975166, 37.195314], [-1.975199, 37.195376], [-1.975181, 37.195466], [-1.975113, 37.195581], [-1.975022, 37.195644], [-1.974908, 37.195655], [-1.974878, 37.195707], [-1.974933, 37.195803], [-1.975035, 37.195897], [-1.975184, 37.19599], [-1.975256, 37.196137], [-1.975253, 37.196338], [-1.97518, 37.19651], [-1.975039, 37.196653], [-1.974986, 37.19679], [-1.975019, 37.196919], [-1.975117, 37.197021], [-1.975279, 37.197094], [-1.975447, 37.197108], [-1.975621, 37.197063], [-1.975779, 37.197001], [-1.975919, 37.19692], [-1.975995, 37.196828], [-1.976004, 37.196724], [-1.97597, 37.196639], [-1.975892, 37.196573], [-1.975837, 37.196543], [-1.975805, 37.196547], [-1.975769, 37.196594], [-1.975729, 37.196684], [-1.975684, 37.196712], [-1.975634, 37.196678], [-1.975615, 37.196615], [-1.975627, 37.196525], [-1.975616, 37.19643], [-1.975583, 37.196332], [-1.975564, 37.196269], [-1.975559, 37.196243], [-1.975631, 37.196227], [-1.975779, 37.196222], [-1.975884, 37.196204], [-1.975945, 37.196174], [-1.976028, 37.196159], [-1.976132, 37.196159], [-1.97625, 37.196198], [-1.976379, 37.196275], [-1.976479, 37.196376], [-1.976551, 37.196501], [-1.976668, 37.196606], [-1.976832, 37.196692], [-1.976978, 37.19675], [-1.977104, 37.196778], [-1.977203, 37.196855], [-1.977274, 37.19698], [-1.977297, 37.197075], [-1.97727, 37.19714], [-1.977367, 37.197237], [-1.977587, 37.197366], [-1.977778, 37.197451], [-1.97794, 37.197493], [-1.978027, 37.197482], [-1.978038, 37.197418], [-1.978101, 37.197368], [-1.978216, 37.197331], [-1.978312, 37.197347], [-1.978391, 37.197418], [-1.978425, 37.197505], [-1.978416, 37.197609], [-1.978398, 37.1977], [-1.978373, 37.197779], [-1.978315, 37.197854], [-1.978222, 37.197923], [-1.978173, 37.19799], [-1.978167, 37.198053], [-1.978182, 37.198123], [-1.978217, 37.198199], [-1.978261, 37.198278], [-1.978314, 37.19836], [-1.97845, 37.198461], [-1.97867, 37.19858], [-1.978772, 37.198658], [-1.978756, 37.198693], [-1.978931, 37.198746], [-1.979297, 37.198818], [-1.979569, 37.198892], [-1.979747, 37.198968], [-1.979814, 37.199097], [-1.979769, 37.199282], [-1.97977, 37.199541], [-1.979816, 37.199874], [-1.979915, 37.200093], [-1.980066, 37.200199], [-1.980248, 37.200323], [-1.98046, 37.200466], [-1.980605, 37.200697], [-1.980683, 37.201018], [-1.980707, 37.201287], [-1.980679, 37.201505], [-1.980483, 37.201713], [-1.98012, 37.201911], [-1.979824, 37.202181], [-1.979596, 37.202522], [-1.979675, 37.202816], [-1.98006, 37.203061], [-1.980408, 37.203253], [-1.980719, 37.203392], [-1.980986, 37.203528], [-1.981208, 37.20366], [-1.981267, 37.203907], [-1.981164, 37.204268], [-1.98101, 37.204556], [-1.980804, 37.20477], [-1.980582, 37.204927], [-1.980346, 37.205029], [-1.979986, 37.205115], [-1.979501, 37.205186], [-1.979076, 37.205155], [-1.978711, 37.205023], [-1.978425, 37.20497], [-1.97822, 37.204996], [-1.977972, 37.204997], [-1.97768, 37.204972], [-1.977425, 37.204964], [-1.977206, 37.204974], [-1.976987, 37.204957], [-1.97677, 37.204914], [-1.976552, 37.204928], [-1.976332, 37.205001], [-1.976111, 37.205033], [-1.975889, 37.205026], [-1.975715, 37.205008], [-1.975589, 37.204979], [-1.975387, 37.204934], [-1.975111, 37.204871], [-1.974988, 37.204766], [-1.975018, 37.204619], [-1.975005, 37.204515], [-1.97495, 37.204454], [-1.974718, 37.204457], [-1.97431, 37.204524], [-1.974128, 37.20459], [-1.974174, 37.204655], [-1.974238, 37.204768], [-1.97432, 37.204927], [-1.974433, 37.205064], [-1.974574, 37.20518], [-1.9746, 37.205297], [-1.97451, 37.205416], [-1.974399, 37.205537], [-1.974266, 37.205661], [-1.97418, 37.205771], [-1.974141, 37.205865], [-1.97404, 37.205922], [-1.973878, 37.205943], [-1.973692, 37.205953], [-1.973482, 37.205953], [-1.973422, 37.20589], [-1.97351, 37.205762], [-1.973396, 37.205616], [-1.973081, 37.205451], [-1.972834, 37.205366], [-1.972657, 37.205362], [-1.972512, 37.205296], [-1.972402, 37.205167], [-1.972349, 37.205053], [-1.972354, 37.204954], [-1.972329, 37.204877], [-1.972276, 37.204822], [-1.97218, 37.20478], [-1.972043, 37.204753], [-1.971893, 37.204687], [-1.971732, 37.204583], [-1.971644, 37.204523], [-1.97163, 37.204506], [-1.971616, 37.20449], [-1.971602, 37.204474], [-1.971592, 37.204474], [-1.971585, 37.204491], [-1.971557, 37.204552], [-1.971508, 37.204659], [-1.971437, 37.204728], [-1.971342, 37.204758], [-1.971238, 37.204824], [-1.971123, 37.204928], [-1.971061, 37.205017], [-1.971052, 37.205089], [-1.971015, 37.205165], [-1.970952, 37.205245], [-1.970975, 37.205345], [-1.971084, 37.205465], [-1.971136, 37.205574], [-1.971131, 37.205673], [-1.971158, 37.20583], [-1.971218, 37.206046], [-1.971256, 37.206201], [-1.971273, 37.206297], [-1.971246, 37.206368], [-1.971176, 37.206412], [-1.971045, 37.206385], [-1.970851, 37.206284], [-1.970739, 37.206182], [-1.97071, 37.206079], [-1.970678, 37.206021], [-1.970642, 37.206007], [-1.970537, 37.206034], [-1.97036, 37.206101], [-1.970116, 37.20619], [-1.969804, 37.206302], [-1.969539, 37.206398], [-1.969322, 37.206479], [-1.969144, 37.206506], [-1.969007, 37.206479], [-1.968809, 37.206455], [-1.968552, 37.206434], [-1.968374, 37.206426], [-1.968275, 37.20643], [-1.968103, 37.20646], [-1.967859, 37.206518], [-1.967678, 37.206555], [-1.967559, 37.20657], [-1.967424, 37.206587], [-1.967273, 37.206606], [-1.96713, 37.206642], [-1.966996, 37.206695], [-1.966911, 37.206782], [-1.966877, 37.206902], [-1.966879, 37.207009], [-1.966917, 37.207103], [-1.967026, 37.20716], [-1.967207, 37.207182], [-1.967324, 37.207153], [-1.967376, 37.207075], [-1.967374, 37.206964], [-1.967315, 37.20682], [-1.967395, 37.206738], [-1.967613, 37.206719], [-1.967797, 37.2067], [-1.967948, 37.206681], [-1.968033, 37.206724], [-1.968051, 37.206829], [-1.968067, 37.20692], [-1.968081, 37.206999], [-1.968135, 37.207059], [-1.968231, 37.2071], [-1.968286, 37.20716], [-1.968299, 37.207239], [-1.96826, 37.207329], [-1.968167, 37.20743], [-1.968053, 37.207444], [-1.967919, 37.207372], [-1.967847, 37.207404], [-1.967838, 37.207539], [-1.967693, 37.207597], [-1.967414, 37.207579], [-1.967114, 37.2076], [-1.966793, 37.207659], [-1.966561, 37.207661], [-1.966419, 37.207608], [-1.966265, 37.20761], [-1.966098, 37.207667], [-1.96591, 37.207695], [-1.9657, 37.207695], [-1.965562, 37.207726], [-1.965495, 37.207788], [-1.96547, 37.207867], [-1.965487, 37.207963], [-1.965427, 37.208002], [-1.965292, 37.207984], [-1.965141, 37.207914], [-1.964977, 37.207792], [-1.964862, 37.207735], [-1.964797, 37.207743], [-1.964696, 37.207765], [-1.964559, 37.2078], [-1.964426, 37.20782], [-1.9643, 37.207824], [-1.964206, 37.207827], [-1.964146, 37.207829], [-1.964095, 37.207833], [-1.964052, 37.207838], [-1.964016, 37.20785], [-1.963988, 37.207867], [-1.963944, 37.207895], [-1.963882, 37.207934], [-1.963849, 37.208038], [-1.963845, 37.208208], [-1.963798, 37.208348], [-1.963706, 37.208458], [-1.963638, 37.208449], [-1.963594, 37.20832], [-1.963566, 37.208221], [-1.963554, 37.208152], [-1.963499, 37.20808], [-1.963403, 37.208008], [-1.963352, 37.20797], [-1.963347, 37.207966], [-1.963257, 37.207971], [-1.963083, 37.207984], [-1.962995, 37.207991], [-1.962995, 37.207992], [-1.962922, 37.208112], [-1.962777, 37.208354], [-1.962656, 37.208418], [-1.962559, 37.208305], [-1.962513, 37.208191], [-1.962517, 37.208076], [-1.962522, 37.207973], [-1.962525, 37.207882], [-1.962533, 37.207777], [-1.962546, 37.207659], [-1.962459, 37.207604], [-1.962273, 37.20761], [-1.961933, 37.207626], [-1.961441, 37.207653], [-1.961175, 37.207682], [-1.961137, 37.207714], [-1.961091, 37.207769], [-1.961038, 37.207847], [-1.960966, 37.207924], [-1.960874, 37.207999], [-1.960816, 37.208046], [-1.960792, 37.208066], [-1.960787, 37.20812], [-1.960802, 37.208207], [-1.96076, 37.208284], [-1.960661, 37.20835], [-1.960538, 37.208437], [-1.960391, 37.208545], [-1.960123, 37.208682], [-1.959732, 37.208848], [-1.959516, 37.208974], [-1.959475, 37.209059], [-1.959418, 37.209049], [-1.959345, 37.208942], [-1.959071, 37.208955], [-1.958597, 37.209086], [-1.958328, 37.209192], [-1.958264, 37.209272], [-1.958161, 37.209347], [-1.958019, 37.209419], [-1.957949, 37.20949], [-1.95795, 37.209562], [-1.958014, 37.209611], [-1.95814, 37.20964], [-1.958212, 37.209796], [-1.958227, 37.21008], [-1.958307, 37.210284], [-1.95845, 37.210408], [-1.958498, 37.210492], [-1.95845, 37.210533], [-1.958308, 37.210511], [-1.958072, 37.210425], [-1.95776, 37.210474], [-1.957372, 37.210657], [-1.957114, 37.210695], [-1.956984, 37.210586], [-1.95685, 37.21051], [-1.956709, 37.210465], [-1.95657, 37.210492], [-1.956433, 37.210589], [-1.956296, 37.210629], [-1.95616, 37.210611], [-1.956062, 37.210614], [-1.956, 37.21064], [-1.955915, 37.210629], [-1.955807, 37.21058], [-1.955704, 37.210589], [-1.955605, 37.210655], [-1.955373, 37.210564], [-1.95501, 37.210315], [-1.954799, 37.21015], [-1.954741, 37.210068], [-1.954637, 37.210058], [-1.954488, 37.21012], [-1.954403, 37.210198], [-1.95438, 37.210292], [-1.954381, 37.210382], [-1.954407, 37.210468], [-1.954447, 37.210668], [-1.954502, 37.210983], [-1.954512, 37.2112], [-1.954477, 37.21132], [-1.95434, 37.211418], [-1.954099, 37.211494], [-1.953945, 37.211562], [-1.953878, 37.211624], [-1.953736, 37.21166], [-1.953516, 37.21167], [-1.953283, 37.211691], [-1.953034, 37.211723], [-1.952746, 37.211782], [-1.952419, 37.211868], [-1.952158, 37.211959], [-1.951965, 37.212055], [-1.951785, 37.2121], [-1.951618, 37.212095], [-1.951488, 37.212068], [-1.951394, 37.212019], [-1.9512, 37.211919], [-1.950906, 37.211767], [-1.950689, 37.211673], [-1.950551, 37.211637], [-1.950306, 37.211534], [-1.949957, 37.211365], [-1.949886, 37.21124], [-1.950093, 37.21116], [-1.950152, 37.211054], [-1.950063, 37.210923], [-1.949942, 37.210866], [-1.949791, 37.210886], [-1.949665, 37.210893], [-1.949565, 37.210888], [-1.949455, 37.210893], [-1.949337, 37.210908], [-1.949139, 37.210946], [-1.948863, 37.211008], [-1.948707, 37.211039], [-1.948672, 37.21104], [-1.948523, 37.211041], [-1.94826, 37.211043], [-1.948069, 37.211051], [-1.94795, 37.211066], [-1.94779, 37.211127], [-1.947587, 37.211233], [-1.947388, 37.211325], [-1.947192, 37.211404], [-1.946942, 37.2114], [-1.94664, 37.211313], [-1.946463, 37.211215], [-1.946411, 37.211106], [-1.946358, 37.210992], [-1.946305, 37.210874], [-1.946219, 37.210827], [-1.946102, 37.210851], [-1.946018, 37.21091], [-1.945969, 37.211006], [-1.945859, 37.211042], [-1.945689, 37.211019], [-1.945693, 37.210947], [-1.945871, 37.210826], [-1.94593, 37.210685], [-1.945868, 37.210523], [-1.945795, 37.210484], [-1.94571, 37.210566], [-1.945632, 37.210594], [-1.945561, 37.210567], [-1.945465, 37.21049], [-1.945344, 37.210362], [-1.945152, 37.210181], [-1.944891, 37.209947], [-1.944761, 37.20974], [-1.944763, 37.209561], [-1.944786, 37.209407], [-1.94483, 37.209276], [-1.944929, 37.20921], [-1.945083, 37.209208], [-1.945249, 37.209209], [-1.945427, 37.209214], [-1.945604, 37.209218], [-1.945781, 37.209222], [-1.945926, 37.209164], [-1.946037, 37.209042], [-1.9461, 37.208927], [-1.946115, 37.208818], [-1.946215, 37.20873], [-1.946402, 37.208661], [-1.946445, 37.208589], [-1.946343, 37.208512], [-1.946234, 37.208455], [-1.946117, 37.208416], [-1.946013, 37.208456], [-1.945923, 37.208575], [-1.945733, 37.208688], [-1.945443, 37.208797], [-1.945225, 37.208909], [-1.945079, 37.209026], [-1.944918, 37.209082], [-1.94474, 37.209078], [-1.944653, 37.209018], [-1.944655, 37.208901], [-1.944843, 37.208712], [-1.945217, 37.20845], [-1.945442, 37.208279], [-1.945516, 37.208198], [-1.945676, 37.208133], [-1.945921, 37.208084], [-1.94602, 37.20792], [-1.945972, 37.20764], [-1.945944, 37.207452], [-1.945939, 37.207354], [-1.945983, 37.207291], [-1.946077, 37.207261], [-1.946168, 37.207189], [-1.946256, 37.207077], [-1.946311, 37.207007], [-1.946331, 37.206981], [-1.946459, 37.20698], [-1.946695, 37.207004], [-1.946911, 37.20707], [-1.947107, 37.207179], [-1.947278, 37.207278], [-1.947426, 37.207366], [-1.947593, 37.207438], [-1.94778, 37.207495], [-1.947953, 37.20754], [-1.948113, 37.207573], [-1.948215, 37.207556], [-1.948259, 37.207488], [-1.948231, 37.207388], [-1.948131, 37.207258], [-1.948034, 37.207177], [-1.94794, 37.207144], [-1.947855, 37.20707], [-1.94778, 37.206955], [-1.947653, 37.206891], [-1.947474, 37.206878], [-1.947328, 37.206834], [-1.947216, 37.206759], [-1.947132, 37.206685], [-1.947075, 37.206612], [-1.947062, 37.206475], [-1.947094, 37.206274], [-1.947138, 37.206148], [-1.947195, 37.206096], [-1.947331, 37.206048], [-1.947544, 37.206003], [-1.947503, 37.205897], [-1.947209, 37.205729], [-1.947057, 37.205681], [-1.947048, 37.205754], [-1.94701, 37.205821], [-1.946943, 37.205883], [-1.946865, 37.205942], [-1.946775, 37.205998], [-1.946752, 37.206086], [-1.946795, 37.206205], [-1.946788, 37.206358], [-1.946732, 37.206544], [-1.946682, 37.206577], [-1.946639, 37.206457], [-1.946578, 37.206354], [-1.946497, 37.206266], [-1.94645, 37.206214], [-1.946435, 37.206198], [-1.946429, 37.2061], [-1.946431, 37.205921], [-1.94646, 37.205833], [-1.946515, 37.205835], [-1.946545, 37.205835], [-1.946549, 37.205833], [-1.946622, 37.205806], [-1.946763, 37.205754], [-1.94685, 37.205698], [-1.946885, 37.20564], [-1.946883, 37.205565], [-1.946844, 37.205471], [-1.946789, 37.205407], [-1.946717, 37.205372], [-1.946716, 37.205305], [-1.946787, 37.205206], [-1.946916, 37.205154], [-1.947103, 37.205148], [-1.947176, 37.20509], [-1.947135, 37.204979], [-1.947079, 37.204915], [-1.94701, 37.204897], [-1.946924, 37.204916], [-1.946821, 37.204972], [-1.946725, 37.205025], [-1.946636, 37.205073], [-1.946506, 37.205113], [-1.946335, 37.205144], [-1.946201, 37.205107], [-1.946106, 37.205003], [-1.946145, 37.204909], [-1.946318, 37.204824], [-1.946465, 37.204748], [-1.946586, 37.204679], [-1.946641, 37.204614], [-1.94663, 37.204552], [-1.946664, 37.20449], [-1.946741, 37.204427], [-1.946831, 37.204442], [-1.946933, 37.204536], [-1.946997, 37.204557], [-1.947024, 37.204506], [-1.947016, 37.204458], [-1.946976, 37.204413], [-1.946986, 37.204311], [-1.947047, 37.204151], [-1.947128, 37.204055], [-1.94723, 37.204023], [-1.947392, 37.203971], [-1.947614, 37.2039], [-1.947727, 37.203806], [-1.947729, 37.20369], [-1.94775, 37.20362], [-1.94779, 37.203597], [-1.947884, 37.203536], [-1.948033, 37.203437], [-1.948137, 37.203334], [-1.948196, 37.203228], [-1.948327, 37.203189], [-1.94853, 37.203217], [-1.948625, 37.203192], [-1.948612, 37.203113], [-1.948525, 37.202995], [-1.948365, 37.202836], [-1.948271, 37.202768], [-1.948241, 37.20279], [-1.948127, 37.202834], [-1.947929, 37.2029], [-1.947778, 37.20295], [-1.947673, 37.202985], [-1.947581, 37.202994], [-1.947501, 37.202978], [-1.947482, 37.202931], [-1.947523, 37.202854], [-1.947612, 37.202794], [-1.947748, 37.20275], [-1.94785, 37.202714], [-1.947917, 37.202686], [-1.948009, 37.202647], [-1.948128, 37.202598], [-1.948205, 37.202518], [-1.948241, 37.202406], [-1.948237, 37.202317], [-1.948192, 37.202251], [-1.948168, 37.202216], [-1.948164, 37.202212], [-1.948096, 37.202136], [-1.947963, 37.201988], [-1.94783, 37.201945], [-1.947697, 37.202006], [-1.947608, 37.202067], [-1.947563, 37.202126], [-1.947569, 37.202192], [-1.947626, 37.202265], [-1.947724, 37.20232], [-1.947862, 37.202356], [-1.947881, 37.202429], [-1.947778, 37.202541], [-1.947647, 37.202611], [-1.947486, 37.20264], [-1.947339, 37.20265], [-1.947205, 37.20264], [-1.947117, 37.202643], [-1.947075, 37.202657], [-1.946965, 37.20272], [-1.946785, 37.202832], [-1.946633, 37.202941], [-1.946508, 37.203046], [-1.946439, 37.203162], [-1.946428, 37.203288], [-1.946322, 37.203284], [-1.946122, 37.203149], [-1.945959, 37.202906], [-1.945832, 37.202556], [-1.945713, 37.202286], [-1.945603, 37.202094], [-1.945538, 37.201911], [-1.945519, 37.201735], [-1.945517, 37.201534], [-1.945533, 37.201309], [-1.945462, 37.201153], [-1.945304, 37.201066], [-1.945205, 37.200975], [-1.945167, 37.200882], [-1.945265, 37.200745], [-1.945498, 37.200563], [-1.945608, 37.200366], [-1.945593, 37.200154], [-1.94554, 37.20004], [-1.945449, 37.200025], [-1.945311, 37.20002], [-1.945124, 37.200026], [-1.944942, 37.200089], [-1.944764, 37.20021], [-1.944616, 37.200251], [-1.944499, 37.200213], [-1.944397, 37.200132], [-1.944309, 37.200009], [-1.944335, 37.199872], [-1.944475, 37.19972], [-1.944546, 37.199591], [-1.94455, 37.199483], [-1.944451, 37.199393], [-1.944251, 37.19932], [-1.944133, 37.199117], [-1.944097, 37.198782], [-1.94423, 37.198658], [-1.944532, 37.198744], [-1.944783, 37.198851], [-1.944981, 37.198978], [-1.945151, 37.19913], [-1.945292, 37.199308], [-1.945308, 37.199431], [-1.945198, 37.199499], [-1.945286, 37.199559], [-1.945571, 37.199612], [-1.945768, 37.199663], [-1.945876, 37.199712], [-1.94601, 37.199722], [-1.94617, 37.199692], [-1.946316, 37.199674], [-1.946447, 37.199666], [-1.946534, 37.199525], [-1.946575, 37.199252], [-1.946583, 37.199046], [-1.946559, 37.198906], [-1.94649, 37.198826], [-1.946376, 37.198805], [-1.946309, 37.198706], [-1.94629, 37.19853], [-1.9463, 37.198399], [-1.94634, 37.198314], [-1.946377, 37.198175], [-1.94641, 37.197983], [-1.946311, 37.197858], [-1.94608, 37.197798], [-1.945938, 37.19774], [-1.945884, 37.197684], [-1.945776, 37.197729], [-1.945613, 37.197875], [-1.945549, 37.198048], [-1.945584, 37.198249], [-1.94553, 37.19835], [-1.945386, 37.19835], [-1.945179, 37.198332], [-1.944907, 37.198295], [-1.944615, 37.198203], [-1.944303, 37.198055], [-1.944181, 37.197928], [-1.944251, 37.197821], [-1.94436, 37.197749], [-1.944508, 37.197712], [-1.944639, 37.197669], [-1.944752, 37.197619], [-1.944911, 37.197647], [-1.945118, 37.197755], [-1.945252, 37.197702], [-1.945315, 37.197489], [-1.945377, 37.197369], [-1.945438, 37.197344], [-1.945557, 37.197297], [-1.945734, 37.19723], [-1.94591, 37.197168], [-1.946088, 37.197109], [-1.94619, 37.197072], [-1.946216, 37.197055], [-1.946251, 37.197033], [-1.946294, 37.197005], [-1.946228, 37.1969], [-1.946053, 37.196716], [-1.94586, 37.196652], [-1.945649, 37.196705], [-1.945544, 37.196732], [-1.945543, 37.196732], [-1.945528, 37.196779], [-1.9455, 37.196872], [-1.945402, 37.196875], [-1.945232, 37.19679], [-1.945021, 37.19675], [-1.944768, 37.196755], [-1.944609, 37.19686], [-1.944545, 37.197065], [-1.944471, 37.197275], [-1.944387, 37.197491], [-1.944267, 37.197591], [-1.944109, 37.197575], [-1.944001, 37.197526], [-1.943943, 37.197445], [-1.943825, 37.197366], [-1.943646, 37.197291], [-1.943513, 37.197223], [-1.943425, 37.197162], [-1.943409, 37.197071], [-1.943465, 37.196947], [-1.94342, 37.196815], [-1.943274, 37.196673], [-1.94319, 37.196505], [-1.943168, 37.196311], [-1.943195, 37.196214], [-1.943272, 37.196213], [-1.943357, 37.196225], [-1.943449, 37.196249], [-1.9436, 37.196261], [-1.94381, 37.196261], [-1.943927, 37.196216], [-1.943951, 37.196125], [-1.943964, 37.196074], [-1.943967, 37.196063], [-1.943857, 37.196018], [-1.943633, 37.19594], [-1.943489, 37.195811], [-1.943425, 37.195631], [-1.943382, 37.195476], [-1.943359, 37.195345], [-1.94337, 37.19525], [-1.943415, 37.195191], [-1.943539, 37.195202], [-1.943741, 37.195283], [-1.943929, 37.195353], [-1.944105, 37.195411], [-1.944226, 37.195503], [-1.944292, 37.195628], [-1.944334, 37.195748], [-1.944354, 37.195861], [-1.944469, 37.195923], [-1.944681, 37.195931], [-1.944749, 37.195878], [-1.944674, 37.195763], [-1.944613, 37.195668], [-1.944567, 37.195593], [-1.944539, 37.195525], [-1.944528, 37.195464], [-1.944521, 37.195358], [-1.944517, 37.195207], [-1.944588, 37.195109], [-1.944735, 37.195063], [-1.944837, 37.195108], [-1.944893, 37.195244], [-1.94485, 37.195347], [-1.944708, 37.195419], [-1.944661, 37.195497], [-1.944708, 37.19558], [-1.944833, 37.1956], [-1.945035, 37.195556], [-1.945138, 37.195445], [-1.94514, 37.195266], [-1.94513, 37.195115], [-1.945109, 37.194993], [-1.945147, 37.194895], [-1.945245, 37.19482], [-1.945262, 37.19463], [-1.945198, 37.194326], [-1.945101, 37.194084], [-1.944971, 37.193904], [-1.944946, 37.19376], [-1.945026, 37.193651], [-1.945032, 37.193494], [-1.944964, 37.193289], [-1.944911, 37.19305], [-1.944875, 37.192778], [-1.944817, 37.192602], [-1.944737, 37.192523], [-1.944662, 37.192533], [-1.94459, 37.192631], [-1.944467, 37.192718], [-1.944293, 37.192794], [-1.94413, 37.192841], [-1.943979, 37.192861], [-1.943764, 37.192897], [-1.943486, 37.19295], [-1.943331, 37.192916], [-1.943299, 37.192795], [-1.94339, 37.192712], [-1.943603, 37.192667], [-1.943831, 37.192612], [-1.944073, 37.192545], [-1.944197, 37.192462], [-1.944202, 37.192363], [-1.944121, 37.19228], [-1.943955, 37.192212], [-1.943874, 37.192093], [-1.943877, 37.191923], [-1.943697, 37.191901], [-1.943332, 37.192028], [-1.943087, 37.192112], [-1.942962, 37.192155], [-1.942754, 37.192195], [-1.942462, 37.192232], [-1.94226, 37.192276], [-1.942147, 37.192326], [-1.942091, 37.192386], [-1.942093, 37.192458], [-1.942156, 37.192503], [-1.942281, 37.192523], [-1.942287, 37.192594], [-1.942176, 37.192715], [-1.942022, 37.192815], [-1.941826, 37.192893], [-1.941723, 37.193], [-1.941713, 37.193135], [-1.941609, 37.193207], [-1.941412, 37.193214], [-1.941343, 37.193102], [-1.941402, 37.192871], [-1.941452, 37.192682], [-1.941493, 37.192534], [-1.941497, 37.192431], [-1.941465, 37.192372], [-1.941377, 37.192406], [-1.941233, 37.192531], [-1.94113, 37.192669], [-1.941068, 37.19282], [-1.940947, 37.192853], [-1.940766, 37.192769], [-1.940651, 37.192739], [-1.9406, 37.192764], [-1.940595, 37.192831], [-1.940636, 37.192942], [-1.940625, 37.193037], [-1.940562, 37.193117], [-1.940487, 37.193131], [-1.9404, 37.193079], [-1.940301, 37.193145], [-1.94019, 37.193329], [-1.940105, 37.193416], [-1.940048, 37.193405], [-1.939991, 37.193363], [-1.939935, 37.19329], [-1.939841, 37.193262], [-1.939712, 37.193278], [-1.9396, 37.193333], [-1.939505, 37.193425], [-1.939519, 37.193535], [-1.93964, 37.193662], [-1.939816, 37.193725], [-1.940048, 37.193722], [-1.940173, 37.193773], [-1.940191, 37.193878], [-1.940181, 37.193982], [-1.940144, 37.194085], [-1.94012, 37.194173], [-1.940111, 37.194245], [-1.940136, 37.194327], [-1.940196, 37.194417], [-1.940296, 37.194489], [-1.940438, 37.194543], [-1.940512, 37.194587], [-1.940518, 37.194622], [-1.940516, 37.194672], [-1.940507, 37.194736], [-1.940496, 37.194804], [-1.940485, 37.194876], [-1.940553, 37.194921], [-1.9407, 37.194938], [-1.940768, 37.194983], [-1.940759, 37.195055], [-1.940708, 37.195147], [-1.940617, 37.195257], [-1.940598, 37.195371], [-1.940651, 37.195489], [-1.940609, 37.195565], [-1.940472, 37.195601], [-1.940394, 37.195566], [-1.940376, 37.195461], [-1.940287, 37.195459], [-1.940128, 37.19556], [-1.939882, 37.195604], [-1.939549, 37.195593], [-1.939259, 37.195545], [-1.939012, 37.195461], [-1.938686, 37.195426], [-1.93828, 37.195442], [-1.938067, 37.195487], [-1.938047, 37.195561], [-1.938024, 37.195622], [-1.937999, 37.19567], [-1.937943, 37.195632], [-1.937856, 37.195509], [-1.937698, 37.195458], [-1.93747, 37.195478], [-1.937398, 37.195541], [-1.937482, 37.195646], [-1.937403, 37.195795], [-1.93716, 37.195986], [-1.936897, 37.196029], [-1.936613, 37.195922], [-1.936567, 37.195812], [-1.936757, 37.195698], [-1.936716, 37.195525], [-1.936444, 37.195292], [-1.936205, 37.195126], [-1.936, 37.195027], [-1.935892, 37.194782], [-1.935879, 37.19439], [-1.936037, 37.194183], [-1.936364, 37.194159], [-1.936532, 37.194048], [-1.936542, 37.193851], [-1.936643, 37.193731], [-1.936835, 37.193689], [-1.937054, 37.193618], [-1.9373, 37.19352], [-1.937563, 37.193415], [-1.937844, 37.193304], [-1.938277, 37.193157], [-1.938864, 37.192975], [-1.939295, 37.192912], [-1.939569, 37.192966], [-1.939811, 37.192958], [-1.940019, 37.192886], [-1.940102, 37.192822], [-1.940059, 37.192765], [-1.940058, 37.192694], [-1.940098, 37.192609], [-1.940129, 37.192529], [-1.940149, 37.192455], [-1.940177, 37.192362], [-1.940213, 37.19225], [-1.940284, 37.192121], [-1.940391, 37.191973], [-1.9405, 37.191964], [-1.940611, 37.192093], [-1.94072, 37.19215], [-1.940828, 37.192136], [-1.940951, 37.192179], [-1.94109, 37.192277], [-1.941207, 37.192316], [-1.941303, 37.192295], [-1.941322, 37.192185], [-1.941266, 37.191987], [-1.941125, 37.191871], [-1.940898, 37.191837], [-1.940693, 37.191707], [-1.940511, 37.191481], [-1.940277, 37.191439], [-1.939993, 37.191582], [-1.939747, 37.191631], [-1.939541, 37.191586], [-1.939406, 37.191541], [-1.939343, 37.191495], [-1.939213, 37.191512], [-1.939017, 37.19159], [-1.938862, 37.191587], [-1.938748, 37.191504], [-1.9386, 37.191415], [-1.938419, 37.191322], [-1.93835, 37.191246], [-1.938395, 37.191187], [-1.938528, 37.191188], [-1.938748, 37.191249], [-1.938961, 37.191236], [-1.939167, 37.191147], [-1.939356, 37.191092], [-1.939529, 37.19107], [-1.939609, 37.191024], [-1.939597, 37.190954], [-1.939462, 37.190873], [-1.939203, 37.190781], [-1.93891, 37.190809], [-1.938582, 37.190958], [-1.938375, 37.191007], [-1.938289, 37.190955], [-1.938101, 37.190952], [-1.937811, 37.190998], [-1.937805, 37.190869], [-1.938084, 37.190566], [-1.938276, 37.190372], [-1.938383, 37.190287], [-1.938439, 37.190244], [-1.938444, 37.190242], [-1.93856, 37.19021], [-1.938787, 37.190146], [-1.938923, 37.190123], [-1.938968, 37.19014], [-1.939092, 37.190187], [-1.939295, 37.190263], [-1.939431, 37.190346], [-1.939502, 37.190435], [-1.939745, 37.190533], [-1.940161, 37.190641], [-1.940416, 37.190743], [-1.94051, 37.190838], [-1.940724, 37.190833], [-1.94106, 37.190728], [-1.941218, 37.190623], [-1.9412, 37.190518], [-1.941242, 37.19041], [-1.941344, 37.190299], [-1.94155, 37.190277], [-1.94186, 37.190345], [-1.941944, 37.190289], [-1.941803, 37.190111], [-1.941672, 37.189994], [-1.941552, 37.189938], [-1.941475, 37.189845], [-1.941442, 37.189715], [-1.941321, 37.189717], [-1.941112, 37.189851], [-1.940981, 37.189858], [-1.940927, 37.18974], [-1.940793, 37.189731], [-1.940579, 37.189829], [-1.940504, 37.189941], [-1.94057, 37.190067], [-1.940519, 37.190189], [-1.940352, 37.190309], [-1.940197, 37.190369], [-1.940054, 37.190369], [-1.939989, 37.190284], [-1.940004, 37.190112], [-1.940008, 37.190014], [-1.940002, 37.189988], [-1.940005, 37.189974], [-1.940017, 37.189972], [-1.940065, 37.189926], [-1.940149, 37.189835], [-1.940167, 37.189748], [-1.940119, 37.189664], [-1.940184, 37.189527], [-1.940361, 37.189335], [-1.940533, 37.189215], [-1.940701, 37.189166], [-1.940817, 37.189067], [-1.940879, 37.188916], [-1.940829, 37.188851], [-1.940667, 37.188872], [-1.940523, 37.188868], [-1.940396, 37.188839], [-1.940245, 37.188792], [-1.940067, 37.188725], [-1.939977, 37.188651], [-1.939975, 37.188571], [-1.939845, 37.188521], [-1.939587, 37.1885], [-1.93939, 37.188481], [-1.939255, 37.188462], [-1.939039, 37.188458], [-1.938743, 37.188469], [-1.938514, 37.188454], [-1.938352, 37.188412], [-1.938137, 37.18835], [-1.937869, 37.188268], [-1.937884, 37.18823], [-1.938184, 37.188237], [-1.938489, 37.188247], [-1.9388, 37.188261], [-1.939097, 37.188255], [-1.93938, 37.188228], [-1.93956, 37.188151], [-1.939637, 37.188025], [-1.939621, 37.187898], [-1.93951, 37.187769], [-1.939383, 37.1877], [-1.939238, 37.187692], [-1.939157, 37.187609], [-1.939141, 37.18745], [-1.939249, 37.187311], [-1.939482, 37.187192], [-1.939521, 37.187098], [-1.939366, 37.187029], [-1.939259, 37.186953], [-1.939201, 37.186871], [-1.93922, 37.186824], [-1.939317, 37.186812], [-1.939531, 37.186834], [-1.939861, 37.18689], [-1.940047, 37.18688], [-1.940089, 37.186803], [-1.940192, 37.186794], [-1.940357, 37.186854], [-1.940496, 37.186863], [-1.940611, 37.186821], [-1.940746, 37.18684], [-1.940903, 37.186918], [-1.941015, 37.186863], [-1.941082, 37.186676], [-1.941112, 37.186525], [-1.941103, 37.18641], [-1.941024, 37.186242], [-1.940875, 37.18602], [-1.940795, 37.185874], [-1.940783, 37.185804], [-1.940737, 37.185765], [-1.940659, 37.185757], [-1.940598, 37.185595], [-1.940554, 37.18528], [-1.940484, 37.185065], [-1.940387, 37.184953], [-1.940297, 37.184817], [-1.940215, 37.184658], [-1.940207, 37.184551], [-1.940275, 37.184498], [-1.940306, 37.184454], [-1.9403, 37.184419], [-1.94024, 37.184391], [-1.940126, 37.18437], [-1.940059, 37.184236], [-1.940038, 37.183988], [-1.940137, 37.183855], [-1.940354, 37.183836], [-1.940474, 37.183955], [-1.940496, 37.184211], [-1.940686, 37.184317], [-1.941042, 37.184271], [-1.941191, 37.184145], [-1.941134, 37.183938], [-1.941276, 37.183835], [-1.941618, 37.183836], [-1.941935, 37.183845], [-1.942224, 37.183862], [-1.942451, 37.183829], [-1.942613, 37.183746], [-1.942706, 37.183644], [-1.942729, 37.183525], [-1.942696, 37.183458], [-1.942605, 37.183443], [-1.942509, 37.183495], [-1.942408, 37.183615], [-1.942171, 37.183646], [-1.941796, 37.183586], [-1.94152, 37.183554], [-1.941343, 37.18355], [-1.94121, 37.183549], [-1.941122, 37.183551], [-1.94103, 37.183496], [-1.940933, 37.183383], [-1.940898, 37.183276], [-1.940924, 37.183175], [-1.940899, 37.182995], [-1.940821, 37.182737], [-1.940725, 37.182562], [-1.940609, 37.182469], [-1.940533, 37.18235], [-1.940497, 37.182202], [-1.940524, 37.182101], [-1.940613, 37.182045], [-1.940711, 37.18197], [-1.940816, 37.181876], [-1.940781, 37.1818], [-1.940605, 37.181742], [-1.940518, 37.181655], [-1.94052, 37.181539], [-1.940597, 37.181409], [-1.940749, 37.181264], [-1.940878, 37.181118], [-1.940985, 37.180971], [-1.94096, 37.180889], [-1.940803, 37.180874], [-1.940669, 37.180833], [-1.940558, 37.180766], [-1.940679, 37.180679], [-1.941033, 37.180571], [-1.941232, 37.18051], [-1.941277, 37.180496], [-1.941376, 37.180546], [-1.941528, 37.180661], [-1.941616, 37.180754], [-1.941641, 37.180825], [-1.941721, 37.180904], [-1.941856, 37.180991], [-1.942037, 37.181083], [-1.942263, 37.181179], [-1.942399, 37.181327], [-1.942445, 37.181526], [-1.942483, 37.181655], [-1.942516, 37.181714], [-1.942601, 37.181761], [-1.94274, 37.181797], [-1.94278, 37.181868], [-1.94272, 37.181973], [-1.942638, 37.182073], [-1.942533, 37.182167], [-1.942462, 37.182426], [-1.942425, 37.18285], [-1.942527, 37.183087], [-1.942767, 37.183137], [-1.942946, 37.183181], [-1.943063, 37.18322], [-1.943191, 37.183319], [-1.943329, 37.18348], [-1.943288, 37.183597], [-1.943069, 37.18367], [-1.942921, 37.183805], [-1.942845, 37.184002], [-1.942944, 37.184096], [-1.943218, 37.184088], [-1.943383, 37.184148], [-1.943438, 37.184274], [-1.943515, 37.184336], [-1.943614, 37.184332], [-1.943727, 37.184345], [-1.943853, 37.184373], [-1.943814, 37.184561], [-1.943609, 37.184909], [-1.943479, 37.185149], [-1.943425, 37.18528], [-1.943423, 37.185401], [-1.943475, 37.185511], [-1.943522, 37.185496], [-1.943565, 37.185356], [-1.943647, 37.185324], [-1.94377, 37.185397], [-1.943837, 37.185496], [-1.943847, 37.185619], [-1.943815, 37.185717], [-1.943739, 37.18579], [-1.943709, 37.185869], [-1.943724, 37.185957], [-1.943867, 37.185987], [-1.944139, 37.185962], [-1.944315, 37.185993], [-1.944396, 37.186081], [-1.944351, 37.186203], [-1.944179, 37.186358], [-1.944029, 37.18648], [-1.943901, 37.186568], [-1.94388, 37.186704], [-1.943968, 37.18689], [-1.943955, 37.187007], [-1.943842, 37.187057], [-1.943786, 37.187118], [-1.943788, 37.187189], [-1.943835, 37.187237], [-1.943927, 37.187261], [-1.944019, 37.187347], [-1.944111, 37.187496], [-1.944152, 37.187607], [-1.944143, 37.18768], [-1.944208, 37.18777], [-1.944348, 37.187877], [-1.944602, 37.187907], [-1.944969, 37.18786], [-1.945177, 37.187914], [-1.945226, 37.188069], [-1.945292, 37.188225], [-1.945374, 37.188385], [-1.945567, 37.188507], [-1.945869, 37.188594], [-1.946076, 37.188737], [-1.946188, 37.188937], [-1.946341, 37.189025], [-1.946535, 37.189], [-1.946709, 37.189018], [-1.946863, 37.189079], [-1.947022, 37.189103], [-1.947186, 37.189091], [-1.947188, 37.188975], [-1.947028, 37.188754], [-1.946775, 37.18863], [-1.946428, 37.188603], [-1.946208, 37.188546], [-1.946116, 37.18846], [-1.946098, 37.188355], [-1.946154, 37.188232], [-1.946172, 37.188113], [-1.946152, 37.188], [-1.946163, 37.187869], [-1.946204, 37.187721], [-1.946129, 37.187579], [-1.94594, 37.187442], [-1.945908, 37.187353], [-1.946033, 37.18731], [-1.946196, 37.18736], [-1.946398, 37.187504], [-1.94657, 37.187576], [-1.946714, 37.187576], [-1.946705, 37.187523], [-1.946543, 37.187419], [-1.946521, 37.187194], [-1.946638, 37.186849], [-1.946835, 37.186775], [-1.947112, 37.186972], [-1.947323, 37.187074], [-1.947468, 37.187083], [-1.94756, 37.186977], [-1.947599, 37.186758], [-1.947492, 37.186682], [-1.947239, 37.18675], [-1.947094, 37.186711], [-1.947058, 37.186563], [-1.947037, 37.18641], [-1.947031, 37.18625], [-1.946942, 37.18615], [-1.946769, 37.186109], [-1.946687, 37.186142], [-1.946694, 37.186248], [-1.946597, 37.186292], [-1.946395, 37.186273], [-1.946316, 37.186198], [-1.946359, 37.186068], [-1.946311, 37.186011], [-1.946171, 37.186029], [-1.946021, 37.186026], [-1.945862, 37.186001], [-1.945636, 37.185811], [-1.945343, 37.185456], [-1.945128, 37.185269], [-1.944993, 37.185251], [-1.944865, 37.185276], [-1.944744, 37.185345], [-1.944672, 37.185278], [-1.944648, 37.185076], [-1.944731, 37.184949], [-1.944921, 37.184898], [-1.945067, 37.184821], [-1.945171, 37.184719], [-1.945246, 37.184576], [-1.945291, 37.184391], [-1.945225, 37.184199], [-1.945047, 37.183998], [-1.944892, 37.183839], [-1.944762, 37.183722], [-1.944624, 37.183628], [-1.944479, 37.183557], [-1.944317, 37.183515], [-1.944138, 37.183502], [-1.943987, 37.183455], [-1.943862, 37.183372], [-1.943784, 37.183208], [-1.943753, 37.182962], [-1.943735, 37.182795], [-1.94373, 37.182706], [-1.943654, 37.182618], [-1.943507, 37.182529], [-1.943378, 37.182555], [-1.94327, 37.182693], [-1.943128, 37.182801], [-1.942954, 37.182876], [-1.942849, 37.182814], [-1.942814, 37.182613], [-1.942839, 37.182405], [-1.942923, 37.182188], [-1.94306, 37.182019], [-1.943248, 37.181897], [-1.943474, 37.181891], [-1.943735, 37.182], [-1.943911, 37.182121], [-1.944, 37.182252], [-1.944113, 37.1823], [-1.94425, 37.182265], [-1.944307, 37.182178], [-1.944283, 37.182038], [-1.944143, 37.181899], [-1.943887, 37.181762], [-1.943637, 37.181656], [-1.943392, 37.18158], [-1.943233, 37.181488], [-1.943159, 37.181382], [-1.943269, 37.181314], [-1.943562, 37.181286], [-1.943714, 37.18124], [-1.943725, 37.181176], [-1.943885, 37.181111], [-1.944194, 37.181045], [-1.944424, 37.1811], [-1.944576, 37.181277], [-1.944756, 37.181388], [-1.944962, 37.181434], [-1.945123, 37.181404], [-1.945237, 37.1813], [-1.945343, 37.181149], [-1.945441, 37.180949], [-1.945524, 37.180786], [-1.94559, 37.180662], [-1.945489, 37.180585], [-1.945219, 37.180557], [-1.945061, 37.180569], [-1.945014, 37.180619], [-1.944822, 37.180621], [-1.944483, 37.180575], [-1.944273, 37.180481], [-1.944193, 37.18034], [-1.944169, 37.180196], [-1.944198, 37.180049], [-1.944282, 37.179958], [-1.944419, 37.179923], [-1.944665, 37.179909], [-1.94502, 37.179918], [-1.945189, 37.179874], [-1.945173, 37.179778], [-1.945063, 37.179684], [-1.944859, 37.179594], [-1.94469, 37.17954], [-1.944554, 37.179522], [-1.944379, 37.179499], [-1.944165, 37.179473], [-1.944072, 37.179445], [-1.9441, 37.179414], [-1.944192, 37.179376], [-1.94435, 37.179329], [-1.944368, 37.179242], [-1.944247, 37.179114], [-1.944178, 37.179007], [-1.944163, 37.17892], [-1.944162, 37.178812], [-1.944174, 37.178686], [-1.944263, 37.17859], [-1.944427, 37.178524], [-1.944585, 37.178487], [-1.944738, 37.178476], [-1.944912, 37.178494], [-1.945108, 37.178541], [-1.945316, 37.178594], [-1.945536, 37.178656], [-1.945661, 37.178738], [-1.94569, 37.178841], [-1.945769, 37.178916], [-1.945898, 37.178962], [-1.946033, 37.178914], [-1.946174, 37.178771], [-1.946313, 37.178584], [-1.94645, 37.178352], [-1.946518, 37.178223], [-1.946518, 37.178198], [-1.946437, 37.178146], [-1.946275, 37.178067], [-1.946079, 37.178029], [-1.945848, 37.178031], [-1.94567, 37.178023], [-1.945545, 37.178003], [-1.945454, 37.177956], [-1.945397, 37.177883], [-1.945477, 37.177833], [-1.945693, 37.177805], [-1.945883, 37.17779], [-1.946048, 37.177787], [-1.946205, 37.177811], [-1.946353, 37.177861], [-1.946403, 37.177863], [-1.946355, 37.177818], [-1.946419, 37.177793], [-1.946595, 37.177789], [-1.946725, 37.177871], [-1.946809, 37.178038], [-1.946895, 37.178023], [-1.946982, 37.177824], [-1.947058, 37.177654], [-1.947121, 37.177512], [-1.947143, 37.17738], [-1.947121, 37.177258], [-1.94705, 37.177186], [-1.946929, 37.177165], [-1.946855, 37.177152], [-1.946828, 37.177147], [-1.946854, 37.177051], [-1.946932, 37.176862], [-1.947056, 37.176753], [-1.947228, 37.176722], [-1.947297, 37.176615], [-1.947266, 37.176431], [-1.947468, 37.176413], [-1.947904, 37.176558], [-1.948127, 37.176633], [-1.948136, 37.176636], [-1.948264, 37.176715], [-1.948512, 37.176871], [-1.948711, 37.176939], [-1.948862, 37.17692], [-1.948927, 37.176849], [-1.948906, 37.176727], [-1.948952, 37.176672], [-1.949065, 37.176685], [-1.949123, 37.176637], [-1.949126, 37.176529], [-1.949082, 37.176442], [-1.94899, 37.176374], [-1.948908, 37.176313], [-1.948835, 37.176259], [-1.948855, 37.176207], [-1.948968, 37.176157], [-1.949069, 37.176164], [-1.949158, 37.176228], [-1.949252, 37.176297], [-1.949353, 37.176369], [-1.949451, 37.176395], [-1.949547, 37.176374], [-1.949607, 37.176371], [-1.949631, 37.176385], [-1.949701, 37.176407], [-1.949817, 37.176437], [-1.949888, 37.176437], [-1.949916, 37.176406], [-1.949922, 37.176343], [-1.949905, 37.176247], [-1.949868, 37.176191], [-1.94981, 37.176174], [-1.94978, 37.17616], [-1.949778, 37.176149], [-1.949765, 37.176132], [-1.94974, 37.17611], [-1.949675, 37.176052], [-1.949569, 37.175956], [-1.949418, 37.175854], [-1.949222, 37.175745], [-1.949132, 37.175636], [-1.949146, 37.175527], [-1.949108, 37.175434], [-1.949017, 37.175356], [-1.948976, 37.175276], [-1.948984, 37.175195], [-1.948966, 37.175063], [-1.948924, 37.174881], [-1.94893, 37.174724], [-1.948984, 37.174592], [-1.949111, 37.17459], [-1.949309, 37.174716], [-1.949511, 37.174829], [-1.949716, 37.174928], [-1.949867, 37.17494], [-1.949964, 37.174865], [-1.950161, 37.174759], [-1.950458, 37.174623], [-1.950636, 37.174601], [-1.950696, 37.174691], [-1.950839, 37.174722], [-1.951066, 37.174693], [-1.951316, 37.17467], [-1.951589, 37.174654], [-1.951816, 37.17466], [-1.951998, 37.174691], [-1.952268, 37.174719], [-1.952626, 37.174745], [-1.952907, 37.174776], [-1.953112, 37.174812], [-1.953329, 37.174852], [-1.953557, 37.174894], [-1.953714, 37.174941], [-1.9538, 37.174992], [-1.953892, 37.175043], [-1.953989, 37.175093], [-1.954105, 37.175128], [-1.954241, 37.175146], [-1.95446, 37.175141], [-1.954764, 37.175111], [-1.954923, 37.175037], [-1.954935, 37.174919], [-1.955063, 37.174827], [-1.955305, 37.174761], [-1.955742, 37.174669], [-1.956373, 37.174553], [-1.9567, 37.174529], [-1.956723, 37.174598], [-1.956736, 37.174706], [-1.956737, 37.174855], [-1.956739, 37.174957], [-1.956739, 37.175014], [-1.956781, 37.175345], [-1.956863, 37.17595], [-1.95703, 37.176273], [-1.957279, 37.176313], [-1.957447, 37.176291], [-1.957532, 37.176209], [-1.957685, 37.176167], [-1.957905, 37.176166], [-1.958029, 37.176114], [-1.958055, 37.176013], [-1.958171, 37.175945], [-1.958374, 37.17591], [-1.958478, 37.17587], [-1.958481, 37.175825], [-1.958409, 37.175758], [-1.958261, 37.17567], [-1.958123, 37.175701], [-1.957994, 37.175851], [-1.957899, 37.175903], [-1.957835, 37.175858], [-1.957838, 37.17571], [-1.957905, 37.175461], [-1.958016, 37.175308], [-1.958172, 37.175253], [-1.958281, 37.175114], [-1.958342, 37.174892], [-1.958335, 37.174752], [-1.958259, 37.174696], [-1.958256, 37.174662], [-1.958323, 37.17465], [-1.958347, 37.174599], [-1.958327, 37.174511], [-1.958252, 37.174439], [-1.958121, 37.174384], [-1.958091, 37.174334], [-1.95816, 37.17429], [-1.958207, 37.174244], [-1.958232, 37.174196], [-1.958163, 37.174115], [-1.958, 37.174002], [-1.95786, 37.173895], [-1.957743, 37.173794], [-1.9576, 37.173763], [-1.95743, 37.173803], [-1.957285, 37.173826], [-1.957165, 37.173832], [-1.95705, 37.173775], [-1.956941, 37.173655], [-1.956883, 37.173573], [-1.956875, 37.17353], [-1.956806, 37.173543], [-1.956674, 37.173613], [-1.956592, 37.173646], [-1.956558, 37.173641], [-1.956404, 37.173612], [-1.956129, 37.173558], [-1.955911, 37.173474], [-1.955748, 37.173361], [-1.955728, 37.173247], [-1.955852, 37.173133], [-1.956018, 37.172978], [-1.956227, 37.172782], [-1.956485, 37.172646], [-1.956792, 37.172572], [-1.957106, 37.172536], [-1.957427, 37.17254], [-1.957754, 37.172578], [-1.958087, 37.172652], [-1.958375, 37.172723], [-1.958618, 37.17279], [-1.958775, 37.172864], [-1.958844, 37.172944], [-1.958817, 37.173014], [-1.958695, 37.173075], [-1.958632, 37.173154], [-1.958627, 37.173253], [-1.958641, 37.173336], [-1.958675, 37.173403], [-1.958722, 37.173486], [-1.958784, 37.173586], [-1.958744, 37.173707], [-1.958603, 37.17385], [-1.958525, 37.173976], [-1.958511, 37.174084], [-1.95861, 37.174081], [-1.958822, 37.173965], [-1.959059, 37.173934], [-1.959323, 37.17399], [-1.959501, 37.173967], [-1.959594, 37.173866], [-1.959672, 37.173745], [-1.959736, 37.173603], [-1.959729, 37.173501], [-1.959652, 37.173439], [-1.959539, 37.173391], [-1.95939, 37.173357], [-1.959364, 37.173306], [-1.959463, 37.17324], [-1.959615, 37.173221], [-1.959818, 37.173248], [-1.959999, 37.173274], [-1.960158, 37.173299], [-1.960429, 37.173367], [-1.960813, 37.173479], [-1.961073, 37.173579], [-1.96121, 37.173668], [-1.961285, 37.173717], [-1.961297, 37.173725], [-1.9615, 37.173721], [-1.961895, 37.173707], [-1.962147, 37.173693], [-1.962255, 37.173679], [-1.962414, 37.173676], [-1.962626, 37.173685], [-1.962705, 37.173572], [-1.962654, 37.173338], [-1.962714, 37.173241], [-1.962887, 37.173281], [-1.963096, 37.173308], [-1.963341, 37.173322], [-1.963469, 37.173297], [-1.96348, 37.173233], [-1.963488, 37.17312], [-1.963493, 37.172959], [-1.963575, 37.17289], [-1.963734, 37.172915], [-1.963889, 37.17298], [-1.96404, 37.173085], [-1.964154, 37.173236], [-1.964232, 37.173431], [-1.964326, 37.173558], [-1.964435, 37.173615], [-1.964554, 37.173631], [-1.964682, 37.173606], [-1.964752, 37.173535], [-1.964765, 37.173417], [-1.964716, 37.173294], [-1.964605, 37.173165], [-1.964589, 37.1731], [-1.964666, 37.173099], [-1.964812, 37.173081], [-1.965026, 37.173045], [-1.965146, 37.172971], [-1.965171, 37.172861], [-1.96519, 37.172747], [-1.965203, 37.172629], [-1.965146, 37.172525], [-1.96502, 37.172434], [-1.964891, 37.172325], [-1.964758, 37.172199], [-1.964705, 37.172085], [-1.964732, 37.171984], [-1.964783, 37.171928], [-1.964859, 37.171919], [-1.964996, 37.171946], [-1.965195, 37.17201], [-1.96535, 37.172079], [-1.965462, 37.172154], [-1.965585, 37.172223], [-1.965717, 37.172287], [-1.965785, 37.17239], [-1.965787, 37.172532], [-1.965763, 37.172647], [-1.965712, 37.172734], [-1.965655, 37.172817], [-1.965591, 37.172897], [-1.965506, 37.17301], [-1.965399, 37.173158], [-1.965407, 37.1733], [-1.96553, 37.173436], [-1.965681, 37.17351], [-1.96586, 37.173523], [-1.966058, 37.173551], [-1.966275, 37.173595], [-1.966451, 37.173591], [-1.966585, 37.173538], [-1.966787, 37.17349], [-1.967055, 37.173447], [-1.967303, 37.173446], [-1.967531, 37.173488], [-1.967728, 37.173477], [-1.967893, 37.173411], [-1.968069, 37.173313], [-1.968257, 37.173182], [-1.968421, 37.173018], [-1.968564, 37.172821], [-1.968734, 37.172786], [-1.968933, 37.172912], [-1.969022, 37.172852], [-1.969001, 37.172605], [-1.968824, 37.17244], [-1.968489, 37.172358], [-1.968292, 37.172271], [-1.968232, 37.17218], [-1.968095, 37.172122], [-1.967881, 37.172096], [-1.967721, 37.172098], [-1.967616, 37.17213], [-1.967499, 37.172028], [-1.967371, 37.171795], [-1.967511, 37.171679], [-1.967919, 37.17168], [-1.968088, 37.171605], [-1.968018, 37.171453], [-1.967995, 37.171287], [-1.968018, 37.171105], [-1.96793, 37.171041], [-1.967729, 37.171093], [-1.967589, 37.171178], [-1.96751, 37.171295], [-1.967347, 37.171307], [-1.967099, 37.171213], [-1.966959, 37.171231], [-1.966926, 37.171361], [-1.966772, 37.171367], [-1.966498, 37.17125], [-1.966318, 37.171134], [-1.966232, 37.17102], [-1.966182, 37.170889], [-1.966167, 37.170739], [-1.966189, 37.17058], [-1.966248, 37.170411], [-1.966182, 37.170348], [-1.965991, 37.170391], [-1.965865, 37.170491], [-1.965804, 37.170651], [-1.96579, 37.170827], [-1.965823, 37.171019], [-1.965807, 37.171115], [-1.965741, 37.171114], [-1.96566, 37.171098], [-1.965566, 37.171065], [-1.96548, 37.171009], [-1.9654, 37.17093], [-1.965281, 37.170852], [-1.965124, 37.170773], [-1.964959, 37.170745], [-1.964786, 37.170767], [-1.964661, 37.170841], [-1.964584, 37.170967], [-1.964434, 37.170995], [-1.964212, 37.170925], [-1.964147, 37.170835], [-1.964238, 37.170726], [-1.964317, 37.170604], [-1.964382, 37.170471], [-1.964534, 37.170456], [-1.964772, 37.170559], [-1.964951, 37.170572], [-1.96507, 37.170495], [-1.965059, 37.170366], [-1.964918, 37.170188], [-1.964693, 37.170069], [-1.964385, 37.170011], [-1.964237, 37.169922], [-1.96425, 37.169805], [-1.964347, 37.169694], [-1.964528, 37.169591], [-1.964595, 37.169502], [-1.964549, 37.169427], [-1.964489, 37.169368], [-1.964415, 37.169324], [-1.964297, 37.169312], [-1.964135, 37.169333], [-1.963905, 37.169375], [-1.963607, 37.16944], [-1.963474, 37.169529], [-1.963504, 37.169641], [-1.963467, 37.169681], [-1.963362, 37.16965], [-1.963268, 37.16955], [-1.963184, 37.169382], [-1.963227, 37.169252], [-1.963399, 37.169159], [-1.963565, 37.169097], [-1.963725, 37.169068], [-1.963943, 37.169018], [-1.964217, 37.168947], [-1.964308, 37.168833], [-1.964215, 37.168675], [-1.964171, 37.168458], [-1.964179, 37.16818], [-1.964164, 37.168034], [-1.964129, 37.168021], [-1.964084, 37.168112], [-1.964029, 37.168306], [-1.963959, 37.168409], [-1.963872, 37.16842], [-1.963765, 37.168375], [-1.963638, 37.168276], [-1.963553, 37.168139], [-1.963512, 37.167966], [-1.963401, 37.167895], [-1.963219, 37.167927], [-1.963113, 37.167985], [-1.963083, 37.16807], [-1.962995, 37.168166], [-1.962848, 37.168274], [-1.962775, 37.168394], [-1.962776, 37.168528], [-1.96273, 37.16861], [-1.962636, 37.16864], [-1.962613, 37.168732], [-1.962662, 37.168887], [-1.962652, 37.169084], [-1.962583, 37.169325], [-1.962483, 37.169351], [-1.962351, 37.169163], [-1.962281, 37.168949], [-1.962272, 37.168709], [-1.962237, 37.168601], [-1.962175, 37.168627], [-1.962133, 37.168704], [-1.962111, 37.168832], [-1.962028, 37.168923], [-1.961883, 37.168977], [-1.961713, 37.169008], [-1.961518, 37.169017], [-1.961363, 37.168982], [-1.961249, 37.168903], [-1.961159, 37.168739], [-1.961093, 37.168491], [-1.961012, 37.168436], [-1.960917, 37.168574], [-1.960828, 37.168701], [-1.960747, 37.168818], [-1.960686, 37.168982], [-1.960645, 37.169193], [-1.960555, 37.169342], [-1.960416, 37.169432], [-1.960351, 37.169534], [-1.96036, 37.169649], [-1.960227, 37.169773], [-1.959952, 37.169906], [-1.959698, 37.170036], [-1.959466, 37.170164], [-1.959263, 37.170297], [-1.959088, 37.170435], [-1.958864, 37.170446], [-1.95859, 37.170329], [-1.958319, 37.170136], [-1.958052, 37.169867], [-1.957899, 37.169685], [-1.957861, 37.169592], [-1.957951, 37.16954], [-1.95817, 37.16953], [-1.958386, 37.169534], [-1.958599, 37.169552], [-1.958758, 37.169513], [-1.958863, 37.16942], [-1.958908, 37.169329], [-1.958893, 37.169242], [-1.958916, 37.16915], [-1.958976, 37.169053], [-1.959007, 37.168973], [-1.959007, 37.16891], [-1.958907, 37.168905], [-1.958706, 37.168958], [-1.958531, 37.169033], [-1.958383, 37.169133], [-1.958213, 37.169235], [-1.958021, 37.169339], [-1.957856, 37.169405], [-1.957717, 37.169432], [-1.957586, 37.169373], [-1.957461, 37.169228], [-1.957308, 37.169194], [-1.957127, 37.169272], [-1.957048, 37.169378], [-1.957071, 37.169514], [-1.957118, 37.169603], [-1.957189, 37.169645], [-1.957286, 37.16971], [-1.957407, 37.169798], [-1.95754, 37.169892], [-1.957685, 37.169994], [-1.957859, 37.170144], [-1.958063, 37.170341], [-1.958255, 37.170471], [-1.958436, 37.170533], [-1.958593, 37.170582], [-1.958726, 37.170617], [-1.958864, 37.170676], [-1.959006, 37.170761], [-1.95921, 37.170838], [-1.959477, 37.170907], [-1.959712, 37.17098], [-1.959917, 37.171057], [-1.960068, 37.171132], [-1.960165, 37.171206], [-1.96023, 37.171335], [-1.960262, 37.17152], [-1.960238, 37.171686], [-1.960157, 37.171833], [-1.96005, 37.17201], [-1.959916, 37.172216], [-1.959848, 37.172379], [-1.959848, 37.172499], [-1.959856, 37.17261], [-1.959874, 37.17271], [-1.959551, 37.172683], [-1.958887, 37.172527], [-1.95837, 37.172361], [-1.958, 37.172185], [-1.957519, 37.172041], [-1.956926, 37.171927], [-1.956609, 37.171873], [-1.956568, 37.171879], [-1.956464, 37.171892], [-1.956298, 37.171913], [-1.95616, 37.171974], [-1.95605, 37.172073], [-1.955906, 37.1721], [-1.955728, 37.172054], [-1.955522, 37.171969], [-1.955288, 37.171844], [-1.954982, 37.171729], [-1.954603, 37.171623], [-1.95427, 37.171476], [-1.953983, 37.17129], [-1.953981, 37.171032], [-1.954264, 37.170704], [-1.954398, 37.170438], [-1.954384, 37.170234], [-1.95428, 37.170127], [-1.954088, 37.170118], [-1.953962, 37.170005], [-1.953904, 37.169789], [-1.953817, 37.169654], [-1.953701, 37.1696], [-1.953451, 37.169443], [-1.953067, 37.169183], [-1.952734, 37.169037], [-1.952452, 37.169004], [-1.952278, 37.168855], [-1.95221, 37.168589], [-1.952327, 37.168402], [-1.952627, 37.168295], [-1.952795, 37.168162], [-1.952831, 37.168003], [-1.952818, 37.167868], [-1.952756, 37.167755], [-1.952942, 37.167663], [-1.953375, 37.167591], [-1.953765, 37.167455], [-1.954113, 37.167256], [-1.954303, 37.167069], [-1.954337, 37.166893], [-1.954278, 37.166798], [-1.954127, 37.166783], [-1.95391, 37.166819], [-1.953628, 37.166906], [-1.953364, 37.167034], [-1.953117, 37.167203], [-1.952884, 37.167327], [-1.952664, 37.167407], [-1.952509, 37.167495], [-1.95242, 37.167592], [-1.952353, 37.167695], [-1.952308, 37.167804], [-1.952195, 37.167887], [-1.952014, 37.167944], [-1.951789, 37.16799], [-1.951519, 37.168024], [-1.951348, 37.168141], [-1.951276, 37.168339], [-1.95115, 37.168655], [-1.950971, 37.16909], [-1.950707, 37.169098], [-1.950358, 37.168678], [-1.95005, 37.168426], [-1.94978, 37.16834], [-1.949653, 37.16785], [-1.949668, 37.166955], [-1.949789, 37.166425], [-1.950015, 37.166259], [-1.950043, 37.166118], [-1.949875, 37.166002], [-1.950048, 37.165963], [-1.950564, 37.166], [-1.950739, 37.165969], [-1.950573, 37.16587], [-1.950459, 37.165576], [-1.950395, 37.165086], [-1.950509, 37.164823], [-1.9508, 37.164786], [-1.950894, 37.164654], [-1.950791, 37.164427], [-1.950637, 37.164275], [-1.950433, 37.164198], [-1.950335, 37.164244], [-1.950343, 37.164415], [-1.950303, 37.164489], [-1.950214, 37.164466], [-1.950148, 37.164328], [-1.950104, 37.164076], [-1.950013, 37.163856], [-1.949874, 37.163668], [-1.949912, 37.163517], [-1.950126, 37.163404], [-1.950486, 37.163341], [-1.950993, 37.163328], [-1.951314, 37.163279], [-1.951447, 37.163193], [-1.951469, 37.16307], [-1.951377, 37.16291], [-1.951234, 37.162757], [-1.951039, 37.16261], [-1.951036, 37.162344], [-1.951224, 37.16196], [-1.951214, 37.161721], [-1.951007, 37.161627], [-1.950908, 37.161425], [-1.950918, 37.161115], [-1.951072, 37.160958], [-1.951368, 37.160954], [-1.951573, 37.160911], [-1.951686, 37.160828], [-1.951799, 37.160685], [-1.951912, 37.160482], [-1.952142, 37.160272], [-1.952486, 37.160057], [-1.952749, 37.15986], [-1.952931, 37.159683], [-1.953084, 37.159526], [-1.953209, 37.15939], [-1.953385, 37.159372], [-1.953611, 37.159473], [-1.953761, 37.15954], [-1.953833, 37.159573], [-1.953961, 37.159629], [-1.954145, 37.159708], [-1.954398, 37.159822], [-1.95472, 37.15997], [-1.954971, 37.160067], [-1.955148, 37.160113], [-1.955294, 37.160034], [-1.955407, 37.159831], [-1.955465, 37.159737], [-1.955468, 37.159754], [-1.955607, 37.159634], [-1.95588, 37.159376], [-1.956051, 37.15932], [-1.956119, 37.159465], [-1.956376, 37.159484], [-1.956825, 37.159376], [-1.957063, 37.159156], [-1.95709, 37.158827], [-1.957093, 37.158535], [-1.95707, 37.15828], [-1.957084, 37.158055], [-1.957135, 37.15786], [-1.957383, 37.157759], [-1.957828, 37.157754], [-1.958129, 37.157656], [-1.958287, 37.157464], [-1.958417, 37.157293], [-1.958518, 37.157143], [-1.958786, 37.15716], [-1.959221, 37.157345], [-1.959528, 37.1574], [-1.959706, 37.157326], [-1.959928, 37.157135], [-1.960193, 37.156827], [-1.9604, 37.156551], [-1.960549, 37.156309], [-1.960621, 37.155991], [-1.960616, 37.155597], [-1.960653, 37.155197], [-1.960732, 37.154792], [-1.960685, 37.154524], [-1.960514, 37.154391], [-1.960431, 37.154281], [-1.960438, 37.154195], [-1.960581, 37.154168], [-1.960863, 37.154201], [-1.961143, 37.153916], [-1.96142, 37.153314], [-1.96153, 37.152966], [-1.961471, 37.15287], [-1.961424, 37.152722], [-1.961389, 37.15252], [-1.961359, 37.152223], [-1.961334, 37.151832], [-1.961256, 37.151507], [-1.961127, 37.151249], [-1.961045, 37.151019], [-1.96101, 37.150817], [-1.961077, 37.150594], [-1.961247, 37.15035], [-1.961475, 37.150132], [-1.96176, 37.149941], [-1.961845, 37.149758], [-1.96173, 37.149584], [-1.961548, 37.149513], [-1.961299, 37.149545], [-1.961044, 37.149603], [-1.960783, 37.149688], [-1.960559, 37.149682], [-1.960372, 37.149586], [-1.960225, 37.149467], [-1.960116, 37.149327], [-1.95996, 37.149226], [-1.959759, 37.149166], [-1.959637, 37.149012], [-1.959594, 37.148765], [-1.959704, 37.148605], [-1.959968, 37.148532], [-1.960126, 37.148467], [-1.96018, 37.148409], [-1.960247, 37.148246], [-1.960328, 37.147978], [-1.960457, 37.147867], [-1.960635, 37.147913], [-1.960952, 37.147847], [-1.961409, 37.147668], [-1.961641, 37.147476], [-1.961648, 37.147269], [-1.961616, 37.147144], [-1.961545, 37.147102], [-1.961333, 37.147103], [-1.96098, 37.147148], [-1.960829, 37.147073], [-1.96088, 37.146877], [-1.96103, 37.146704], [-1.96128, 37.146552], [-1.961641, 37.146368], [-1.962113, 37.146154], [-1.962515, 37.145965], [-1.962848, 37.145803], [-1.963161, 37.145651], [-1.963455, 37.145511], [-1.963855, 37.145434], [-1.964362, 37.145421], [-1.964827, 37.145473], [-1.965251, 37.145591], [-1.965692, 37.145689], [-1.966151, 37.145768], [-1.966741, 37.145864], [-1.967461, 37.145978], [-1.967963, 37.146], [-1.968248, 37.145929], [-1.968565, 37.145863], [-1.968915, 37.145801], [-1.969573, 37.145924], [-1.970538, 37.14623], [-1.971406, 37.146402], [-1.972176, 37.146441], [-1.972938, 37.14655], [-1.97369, 37.146729], [-1.974477, 37.14686], [-1.975297, 37.146944], [-1.976114, 37.147063], [-1.976925, 37.147217], [-1.977483, 37.147249], [-1.977785, 37.147159], [-1.978396, 37.147192], [-1.979314, 37.14735], [-1.980021, 37.147448], [-1.980516, 37.147488], [-1.98081, 37.147536], [-1.980905, 37.147593], [-1.981231, 37.147637], [-1.981788, 37.147669], [-1.982176, 37.147705], [-1.982396, 37.147746], [-1.98272, 37.147782], [-1.98315, 37.147813], [-1.98351, 37.14781], [-1.9838, 37.147773], [-1.984081, 37.147737], [-1.984351, 37.147702], [-1.984759, 37.147796], [-1.985307, 37.148018], [-1.985707, 37.148121], [-1.985959, 37.148106], [-1.986175, 37.148062], [-1.986355, 37.14799], [-1.986479, 37.147905], [-1.986545, 37.147809], [-1.986627, 37.147678], [-1.986725, 37.147511], [-1.986834, 37.147342], [-1.986953, 37.147173], [-1.987097, 37.14704], [-1.987264, 37.146944], [-1.987438, 37.146845], [-1.987618, 37.146741], [-1.987732, 37.146668], [-1.987781, 37.146625], [-1.987928, 37.146494], [-1.988174, 37.146277], [-1.988368, 37.146091], [-1.98851, 37.145935], [-1.988639, 37.145696], [-1.988752, 37.145372], [-1.98884, 37.145206], [-1.988903, 37.145198], [-1.988993, 37.14523], [-1.989111, 37.1453], [-1.989191, 37.145393], [-1.989232, 37.145508], [-1.989276, 37.14558], [-1.989324, 37.145608], [-1.989407, 37.145658], [-1.989525, 37.145728], [-1.98966, 37.145771], [-1.989811, 37.145786], [-1.990011, 37.145718], [-1.99026, 37.145566], [-1.990439, 37.145431], [-1.990546, 37.145315], [-1.990757, 37.145245], [-1.991071, 37.145222], [-1.991302, 37.145149], [-1.991451, 37.145027], [-1.991578, 37.145028], [-1.991685, 37.145152], [-1.991846, 37.145286], [-1.992062, 37.14543], [-1.992171, 37.145502], [-1.992174, 37.145503], [-1.992176, 37.14558], [-1.992179, 37.145733], [-1.99226, 37.145902], [-1.99242, 37.146088], [-1.992578, 37.146265], [-1.992734, 37.146434], [-1.992791, 37.146641], [-1.992749, 37.146887], [-1.992648, 37.146977], [-1.992488, 37.146912], [-1.992559, 37.147014], [-1.992861, 37.147285], [-1.993158, 37.14747], [-1.993451, 37.14757], [-1.993662, 37.14756], [-1.993789, 37.147441], [-1.993877, 37.147515], [-1.993923, 37.147784], [-1.994053, 37.148042], [-1.994265, 37.14829], [-1.994444, 37.148644], [-1.994588, 37.149107], [-1.994765, 37.149393], [-1.994975, 37.149504], [-1.995084, 37.149644], [-1.995092, 37.149815], [-1.994988, 37.150008], [-1.994771, 37.150225], [-1.994567, 37.150397], [-1.994377, 37.150524], [-1.994269, 37.150632], [-1.994242, 37.150722], [-1.994182, 37.150806], [-1.99409, 37.150887], [-1.994026, 37.151007], [-1.99399, 37.151166], [-1.993998, 37.151336], [-1.994051, 37.151518], [-1.994169, 37.151589], [-1.994353, 37.151549], [-1.994403, 37.151405], [-1.994317, 37.151158], [-1.994379, 37.151022], [-1.994586, 37.150995], [-1.994795, 37.151037], [-1.995005, 37.151148], [-1.995183, 37.151314], [-1.995327, 37.151536], [-1.995435, 37.151668], [-1.995506, 37.15171], [-1.995651, 37.151752], [-1.99587, 37.151792], [-1.995885, 37.151876], [-1.995695, 37.152004], [-1.995614, 37.152151], [-1.995643, 37.152319], [-1.995578, 37.152431], [-1.995418, 37.152485], [-1.995321, 37.152601], [-1.995288, 37.152777], [-1.995378, 37.152868], [-1.995591, 37.152875], [-1.995811, 37.152796], [-1.996037, 37.152629], [-1.996173, 37.1525], [-1.996221, 37.152408], [-1.996428, 37.152253], [-1.996793, 37.152035], [-1.997091, 37.151859], [-1.997323, 37.151727], [-1.997494, 37.151671], [-1.997603, 37.151691], [-1.997792, 37.151615], [-1.998059, 37.151444], [-1.998039, 37.151206], [-1.997732, 37.150902], [-1.997577, 37.150682], [-1.997574, 37.150545], [-1.99731, 37.150553], [-1.996785, 37.150706], [-1.996635, 37.150879], [-1.99686, 37.151074], [-1.996892, 37.151198], [-1.996732, 37.151253], [-1.996529, 37.151245], [-1.996283, 37.151173], [-1.995992, 37.15115], [-1.995657, 37.151176], [-1.995427, 37.151008], [-1.9953, 37.150646], [-1.995268, 37.150402], [-1.995331, 37.150273], [-1.99546, 37.150283], [-1.995655, 37.150429], [-1.99583, 37.150459], [-1.995984, 37.15037], [-1.996149, 37.150341], [-1.996324, 37.15037], [-1.99647, 37.150359], [-1.996589, 37.15031], [-1.996699, 37.15021], [-1.9968, 37.15006], [-1.996939, 37.149879], [-1.997114, 37.149668], [-1.997308, 37.149497], [-1.997518, 37.149367], [-1.997535, 37.149219], [-1.997358, 37.149053], [-1.997152, 37.148968], [-1.996918, 37.148963], [-1.996752, 37.148985], [-1.996654, 37.149031], [-1.996551, 37.149113], [-1.996444, 37.14923], [-1.99633, 37.149184], [-1.996209, 37.148977], [-1.996124, 37.14879], [-1.996074, 37.148625], [-1.996007, 37.148419], [-1.995921, 37.148172], [-1.995956, 37.147945], [-1.996111, 37.147736], [-1.996219, 37.147628], [-1.996282, 37.14762], [-1.99641, 37.147689], [-1.996606, 37.147836], [-1.996746, 37.147912], [-1.996832, 37.147919], [-1.99695, 37.147801], [-1.997099, 37.147558], [-1.997147, 37.147346], [-1.997094, 37.147164], [-1.997145, 37.147029], [-1.997299, 37.14694], [-1.997464, 37.146911], [-1.997638, 37.14694], [-1.99785, 37.146939], [-1.998099, 37.146907], [-1.998202, 37.146945], [-1.998157, 37.147054], [-1.998067, 37.147211], [-1.997933, 37.147417], [-1.998024, 37.147509], [-1.998338, 37.147486], [-1.998615, 37.147493], [-1.998855, 37.147531], [-1.99902, 37.147381], [-1.99911, 37.147044], [-1.999213, 37.146842], [-1.999329, 37.146775], [-1.999367, 37.146874], [-1.999327, 37.147136], [-1.999522, 37.147154], [-1.999949, 37.146928], [-2.000244, 37.146796], [-2.000408, 37.146758], [-2.000621, 37.146705], [-2.000885, 37.146636], [-2.00114, 37.146698], [-2.001385, 37.14689], [-2.001655, 37.147036], [-2.001948, 37.147136], [-2.002127, 37.14725], [-2.002192, 37.147379], [-2.002104, 37.147545], [-2.001863, 37.147747], [-2.001733, 37.147979], [-2.001715, 37.148238], [-2.001762, 37.148387], [-2.001874, 37.148424], [-2.002051, 37.148462], [-2.002291, 37.148499], [-2.00249, 37.148611], [-2.00265, 37.148797], [-2.00285, 37.148909], [-2.00309, 37.148947], [-2.003496, 37.148843], [-2.004069, 37.148598], [-2.004435, 37.148508], [-2.004595, 37.148574], [-2.004988, 37.148515], [-2.005614, 37.148332], [-2.00617, 37.148115], [-2.006657, 37.147864], [-2.006822, 37.147714], [-2.006665, 37.147665], [-2.006385, 37.147701], [-2.005982, 37.147821], [-2.005713, 37.147804], [-2.00558, 37.14765], [-2.005594, 37.147485], [-2.005755, 37.14731], [-2.005652, 37.147143], [-2.005284, 37.146984], [-2.005011, 37.146873], [-2.00483, 37.14681], [-2.004724, 37.146686], [-2.004692, 37.146501], [-2.004653, 37.146343], [-2.004609, 37.146212], [-2.004466, 37.145998], [-2.004224, 37.145703], [-2.004032, 37.145513], [-2.00389, 37.145428], [-2.003674, 37.145404], [-2.003383, 37.145441], [-2.003152, 37.145514], [-2.002979, 37.145622], [-2.002816, 37.1456], [-2.002663, 37.145448], [-2.002498, 37.145417], [-2.002323, 37.145508], [-2.002073, 37.145532], [-2.001747, 37.145488], [-2.001437, 37.145416], [-2.001144, 37.145316], [-2.000821, 37.145349], [-2.000468, 37.145514], [-2.000178, 37.14568], [-1.999952, 37.145846], [-1.999734, 37.145934], [-1.999524, 37.145944], [-1.999272, 37.145899], [-1.998979, 37.145799], [-1.998624, 37.145647], [-1.998206, 37.145443], [-1.997903, 37.145284], [-1.997713, 37.145171], [-1.99756, 37.145079], [-1.997441, 37.145008], [-1.997226, 37.145053], [-1.996915, 37.145213], [-1.996673, 37.145248], [-1.996502, 37.145158], [-1.996472, 37.145093], [-1.996584, 37.145053], [-1.996664, 37.144994], [-1.996714, 37.144915], [-1.996757, 37.144885], [-1.996792, 37.144907], [-1.996853, 37.144937], [-1.99694, 37.144978], [-1.997047, 37.144966], [-1.997174, 37.144903], [-1.997253, 37.144852], [-1.997284, 37.144815], [-1.997393, 37.144771], [-1.99758, 37.144721], [-1.997736, 37.144644], [-1.997862, 37.144541], [-1.998023, 37.14449], [-1.998219, 37.144492], [-1.998326, 37.144436], [-1.998343, 37.144322], [-1.998363, 37.144221], [-1.998385, 37.144132], [-1.998453, 37.144055], [-1.998569, 37.143989], [-1.998693, 37.143908], [-1.998825, 37.143814], [-1.998864, 37.14373], [-1.998808, 37.143655], [-1.998779, 37.143618], [-1.998775, 37.143617], [-1.998742, 37.143613], [-1.99868, 37.143604]], [[-2.003062, 37.182617], [-2.002966, 37.182522], [-2.002705, 37.182487], [-2.002589, 37.182364], [-2.002616, 37.182155], [-2.002706, 37.182122], [-2.002858, 37.182266], [-2.002975, 37.182298], [-2.003057, 37.182219], [-2.00305, 37.182147], [-2.002953, 37.182082], [-2.002831, 37.181986], [-2.002681, 37.181859], [-2.002549, 37.181709], [-2.002434, 37.181534], [-2.002483, 37.181421], [-2.002697, 37.181368], [-2.002707, 37.181276], [-2.002515, 37.181146], [-2.002366, 37.181174], [-2.00226, 37.181359], [-2.002124, 37.181432], [-2.001958, 37.181394], [-2.001895, 37.181333], [-2.001933, 37.181251], [-2.002, 37.181148], [-2.002096, 37.181024], [-2.00208, 37.180962], [-2.001952, 37.180961], [-2.001836, 37.180937], [-2.001733, 37.18089], [-2.001666, 37.180779], [-2.001635, 37.180602], [-2.001534, 37.180478], [-2.001362, 37.180406], [-2.00113, 37.180319], [-2.000836, 37.18022], [-2.000617, 37.180089], [-2.000472, 37.179927], [-2.00035, 37.179771], [-2.000249, 37.179621], [-2.000352, 37.179449], [-2.000658, 37.179255], [-2.000799, 37.179057], [-2.000774, 37.178854], [-2.000652, 37.178668], [-2.000431, 37.178499], [-2.000298, 37.17825], [-2.000251, 37.177921], [-2.000215, 37.177681], [-2.000189, 37.17753], [-2.000299, 37.17749], [-2.000544, 37.177562], [-2.000616, 37.177544], [-2.000512, 37.177437], [-2.00038, 37.177347], [-2.000218, 37.177273], [-2.000091, 37.177242], [-1.999997, 37.177254], [-1.999776, 37.177141], [-1.999427, 37.176902], [-1.999031, 37.176794], [-1.998589, 37.176816], [-1.998367, 37.176759], [-1.998365, 37.176622], [-1.998276, 37.176448], [-1.998102, 37.176239], [-1.998078, 37.176135], [-1.998206, 37.176136], [-1.99836, 37.176197], [-1.998541, 37.17632], [-1.998723, 37.176396], [-1.998909, 37.176423], [-1.999049, 37.17647], [-1.999146, 37.176535], [-1.999226, 37.176507], [-1.99929, 37.176388], [-1.999287, 37.17622], [-1.999218, 37.176006], [-1.999074, 37.175879], [-1.998855, 37.175838], [-1.998761, 37.175726], [-1.998793, 37.175541], [-1.998726, 37.175464], [-1.998561, 37.175494], [-1.998501, 37.17542], [-1.998544, 37.175243], [-1.998455, 37.175245], [-1.998232, 37.175428], [-1.997946, 37.175525], [-1.997598, 37.175535], [-1.997326, 37.175591], [-1.997132, 37.175694], [-1.99699, 37.175888], [-1.996902, 37.176173], [-1.996737, 37.176383], [-1.996495, 37.176517], [-1.996249, 37.17657], [-1.996, 37.176542], [-1.995814, 37.17648], [-1.995691, 37.176384], [-1.995537, 37.176352], [-1.995352, 37.176384], [-1.995302, 37.176314], [-1.995389, 37.176139], [-1.99539, 37.175993], [-1.995306, 37.175875], [-1.995245, 37.175797], [-1.995206, 37.175759], [-1.995156, 37.175714], [-1.995094, 37.175662], [-1.994985, 37.17571], [-1.994831, 37.175859], [-1.994652, 37.175869], [-1.994449, 37.17574], [-1.994318, 37.175628], [-1.994259, 37.175533], [-1.994307, 37.175441], [-1.994462, 37.175352], [-1.994492, 37.175284], [-1.994399, 37.175236], [-1.99428, 37.175191], [-1.994134, 37.17515], [-1.994008, 37.175127], [-1.993902, 37.175124], [-1.993775, 37.175221], [-1.99363, 37.17542], [-1.993477, 37.175487], [-1.993317, 37.175421], [-1.993226, 37.17545], [-1.993205, 37.175573], [-1.993283, 37.175683], [-1.993459, 37.175781], [-1.993544, 37.175873], [-1.993537, 37.17596], [-1.993586, 37.176026], [-1.99369, 37.176073], [-1.993719, 37.176147], [-1.993672, 37.176247], [-1.993691, 37.176356], [-1.993775, 37.176474], [-1.993796, 37.176592], [-1.993752, 37.176709], [-1.993642, 37.176775], [-1.993464, 37.176789], [-1.993289, 37.17676], [-1.993117, 37.176687], [-1.992971, 37.176581], [-1.992852, 37.176442], [-1.99269, 37.176368], [-1.992487, 37.17636], [-1.992318, 37.176364], [-1.992183, 37.176382], [-1.99217, 37.17646], [-1.99228, 37.176601], [-1.992333, 37.176753], [-1.992329, 37.176917], [-1.992331, 37.177079], [-1.992338, 37.177242], [-1.992411, 37.177357], [-1.99255, 37.177425], [-1.992669, 37.1775], [-1.992768, 37.177581], [-1.992882, 37.177717], [-1.99301, 37.177907], [-1.993116, 37.177932], [-1.993198, 37.177793], [-1.993382, 37.177726], [-1.99367, 37.177732], [-1.993919, 37.177761], [-1.994129, 37.177811], [-1.994287, 37.177834], [-1.994393, 37.177829], [-1.994501, 37.177875], [-1.994614, 37.177972], [-1.994596, 37.178112], [-1.994447, 37.178294], [-1.994299, 37.17836], [-1.994152, 37.17831], [-1.994043, 37.178599], [-1.993972, 37.179226], [-1.993888, 37.179537], [-1.993791, 37.179532], [-1.993598, 37.179703], [-1.993308, 37.180049], [-1.993055, 37.180214], [-1.99284, 37.180199], [-1.992735, 37.180264], [-1.992739, 37.180409], [-1.992777, 37.180507], [-1.99285, 37.180558], [-1.992912, 37.180644], [-1.992965, 37.180766], [-1.993085, 37.180905], [-1.993271, 37.181062], [-1.993377, 37.181211], [-1.993402, 37.181354], [-1.993455, 37.181446], [-1.993536, 37.181487], [-1.993626, 37.181574], [-1.993723, 37.181708], [-1.993887, 37.181798], [-1.994119, 37.181846], [-1.994335, 37.181994], [-1.994538, 37.182243], [-1.994684, 37.182349], [-1.994773, 37.182312], [-1.994812, 37.182234], [-1.994802, 37.182115], [-1.994877, 37.182024], [-1.995035, 37.181961], [-1.99514, 37.181832], [-1.995191, 37.181636], [-1.995286, 37.181568], [-1.995423, 37.181628], [-1.995511, 37.181737], [-1.995549, 37.181895], [-1.99556, 37.182078], [-1.995543, 37.182286], [-1.995609, 37.18236], [-1.995757, 37.182298], [-1.995868, 37.182262], [-1.995941, 37.182253], [-1.996026, 37.182289], [-1.996126, 37.182371], [-1.99623, 37.182542], [-1.996339, 37.182803], [-1.996512, 37.182948], [-1.996751, 37.182977], [-1.996917, 37.182892], [-1.997009, 37.182691], [-1.99714, 37.182619], [-1.997309, 37.182674], [-1.997507, 37.182714], [-1.997733, 37.182736], [-1.997896, 37.182814], [-1.997993, 37.182948], [-1.99806, 37.182965], [-1.998096, 37.182866], [-1.998042, 37.182679], [-1.997899, 37.182406], [-1.997836, 37.182195], [-1.997853, 37.182047], [-1.997829, 37.181913], [-1.997766, 37.181792], [-1.997718, 37.181669], [-1.997686, 37.181545], [-1.997683, 37.181438], [-1.99771, 37.181349], [-1.99778, 37.181232], [-1.997893, 37.181089], [-1.998093, 37.180956], [-1.99838, 37.180834], [-1.998605, 37.180724], [-1.998768, 37.180626], [-1.998832, 37.180446], [-1.998797, 37.180184], [-1.998806, 37.18002], [-1.998858, 37.179953], [-1.998834, 37.179875], [-1.998733, 37.179785], [-1.998634, 37.179793], [-1.998536, 37.1799], [-1.998414, 37.179933], [-1.998269, 37.179891], [-1.99824, 37.179818], [-1.998328, 37.179712], [-1.998428, 37.179643], [-1.998539, 37.179612], [-1.998632, 37.179536], [-1.998706, 37.179415], [-1.998785, 37.179289], [-1.998869, 37.179158], [-1.998939, 37.179046], [-1.998998, 37.178953], [-1.999031, 37.178837], [-1.999038, 37.178698], [-1.999112, 37.178509], [-1.99925, 37.178268], [-1.999439, 37.178162], [-1.999677, 37.178192], [-1.99975, 37.178243], [-1.999656, 37.178315], [-1.999569, 37.178364], [-1.999489, 37.178392], [-1.999576, 37.178553], [-1.999828, 37.178846], [-1.999889, 37.179045], [-1.999758, 37.179147], [-1.999711, 37.179239], [-1.999746, 37.17932], [-1.999765, 37.17943], [-1.999768, 37.179567], [-1.999766, 37.179738], [-1.999759, 37.179945], [-1.999739, 37.180107], [-1.999706, 37.180222], [-1.999654, 37.180349], [-1.999582, 37.180487], [-1.999561, 37.180636], [-1.999588, 37.180795], [-1.999617, 37.180933], [-1.999648, 37.181049], [-1.999609, 37.181192], [-1.999501, 37.18136], [-1.999535, 37.181467], [-1.999713, 37.181513], [-1.999851, 37.181453], [-1.999949, 37.181286], [-2.000054, 37.181246], [-2.000165, 37.181335], [-2.000271, 37.181395], [-2.000372, 37.181425], [-2.000495, 37.181435], [-2.000642, 37.181424], [-2.000743, 37.181519], [-2.000799, 37.181718], [-2.000843, 37.181879], [-2.000875, 37.182004], [-2.000977, 37.182068], [-2.001147, 37.182072], [-2.001258, 37.182097], [-2.001308, 37.182142], [-2.00136, 37.18223], [-2.001415, 37.18236], [-2.001543, 37.182455], [-2.001744, 37.182515], [-2.001901, 37.182564], [-2.002014, 37.182601], [-2.002061, 37.182685], [-2.002041, 37.182816], [-2.001975, 37.182924], [-2.001862, 37.183007], [-2.001788, 37.183102], [-2.001754, 37.183209], [-2.001838, 37.183267], [-2.002041, 37.183276], [-2.002136, 37.183212], [-2.002123, 37.183076], [-2.002155, 37.182922], [-2.002231, 37.182749], [-2.00232, 37.182622], [-2.002423, 37.18254], [-2.002595, 37.182587], [-2.002838, 37.182762], [-2.002994, 37.182772], [-2.003062, 37.182617]], [[-1.984016, 37.184857], [-1.984159, 37.184826], [-1.984332, 37.184778], [-1.984488, 37.184728], [-1.984627, 37.184676], [-1.984753, 37.184579], [-1.984867, 37.184435], [-1.984814, 37.184318], [-1.984597, 37.184225], [-1.984395, 37.184135], [-1.98421, 37.184047], [-1.984084, 37.18399], [-1.984015, 37.183965], [-1.983935, 37.183962], [-1.983843, 37.183982], [-1.983728, 37.183958], [-1.983589, 37.18389], [-1.983469, 37.183846], [-1.98337, 37.183824], [-1.983331, 37.183872], [-1.983351, 37.183989], [-1.983337, 37.184094], [-1.98329, 37.184186], [-1.983249, 37.18426], [-1.983217, 37.184316], [-1.983296, 37.184378], [-1.983489, 37.184448], [-1.983635, 37.184524], [-1.983734, 37.184606], [-1.983799, 37.184705], [-1.98383, 37.184821], [-1.983902, 37.184872], [-1.984016, 37.184857]], [[-2.010737, 37.185232], [-2.010823, 37.185264], [-2.010878, 37.185246], [-2.010903, 37.185178], [-2.010936, 37.185123], [-2.010976, 37.185079], [-2.011039, 37.185045], [-2.011125, 37.185021], [-2.011217, 37.185027], [-2.011313, 37.185062], [-2.0114, 37.185102], [-2.011477, 37.185148], [-2.011582, 37.185177], [-2.011717, 37.18519], [-2.011856, 37.185166], [-2.012, 37.185105], [-2.012094, 37.185022], [-2.01214, 37.184917], [-2.012144, 37.184837], [-2.012108, 37.184782], [-2.012061, 37.184771], [-2.012003, 37.184804], [-2.011932, 37.184884], [-2.011848, 37.18501], [-2.011773, 37.18502], [-2.011706, 37.184912], [-2.011637, 37.184836], [-2.011565, 37.184789], [-2.011553, 37.18475], [-2.011601, 37.184718], [-2.011698, 37.184697], [-2.011845, 37.184687], [-2.011935, 37.184643], [-2.01197, 37.184566], [-2.012045, 37.184541], [-2.012161, 37.184569], [-2.012238, 37.184508], [-2.012276, 37.184357], [-2.012263, 37.18427], [-2.012201, 37.184248], [-2.012106, 37.184222], [-2.011979, 37.184191], [-2.011906, 37.18414], [-2.011889, 37.184069], [-2.011928, 37.184034], [-2.012023, 37.184035], [-2.012125, 37.184022], [-2.012232, 37.183996], [-2.012252, 37.183946], [-2.012186, 37.183873], [-2.012038, 37.183846], [-2.011809, 37.183867], [-2.011658, 37.183904], [-2.011588, 37.183956], [-2.011491, 37.183994], [-2.011368, 37.184018], [-2.011239, 37.183951], [-2.011105, 37.183792], [-2.011012, 37.183729], [-2.010959, 37.183761], [-2.010921, 37.183816], [-2.010897, 37.183892], [-2.010895, 37.183969], [-2.010914, 37.184048], [-2.010906, 37.184111], [-2.010872, 37.184159], [-2.010838, 37.184221], [-2.010803, 37.184298], [-2.010748, 37.184318], [-2.010673, 37.184281], [-2.010621, 37.184195], [-2.010592, 37.184062], [-2.010524, 37.183987], [-2.010415, 37.183971], [-2.010321, 37.18398], [-2.010242, 37.184016], [-2.010184, 37.184077], [-2.010146, 37.184164], [-2.010101, 37.18418], [-2.010049, 37.184127], [-2.010009, 37.184168], [-2.009979, 37.184305], [-2.009993, 37.184417], [-2.010051, 37.184504], [-2.010116, 37.184526], [-2.010188, 37.184482], [-2.010283, 37.184451], [-2.010402, 37.184431], [-2.010508, 37.184476], [-2.010601, 37.184584], [-2.010688, 37.184687], [-2.010768, 37.184784], [-2.01081, 37.184888], [-2.010814, 37.184999], [-2.010785, 37.185095], [-2.010725, 37.185175], [-2.010737, 37.185232]], [[-2.015845, 37.172513], [-2.01587, 37.172385], [-2.015871, 37.172316], [-2.015848, 37.172306], [-2.015808, 37.172285], [-2.015749, 37.172254], [-2.015713, 37.172197], [-2.015698, 37.172113], [-2.015694, 37.17203], [-2.015701, 37.171947], [-2.015753, 37.17188], [-2.015851, 37.171829], [-2.015878, 37.171776], [-2.015837, 37.171722], [-2.015793, 37.171665], [-2.015745, 37.171607], [-2.015685, 37.17152], [-2.015612, 37.171405], [-2.015554, 37.171297], [-2.015509, 37.171195], [-2.015453, 37.171084], [-2.015384, 37.170964], [-2.015351, 37.170848], [-2.015353, 37.170737], [-2.015451, 37.170597], [-2.015645, 37.170431], [-2.01569, 37.170329], [-2.015588, 37.17029], [-2.015528, 37.170236], [-2.015511, 37.170165], [-2.015437, 37.170136], [-2.015306, 37.170148], [-2.015238, 37.170215], [-2.015233, 37.170336], [-2.015183, 37.170419], [-2.015091, 37.170465], [-2.015016, 37.170477], [-2.014959, 37.170454], [-2.014904, 37.170461], [-2.014852, 37.170498], [-2.014739, 37.170517], [-2.014564, 37.170518], [-2.01446, 37.170546], [-2.014427, 37.170602], [-2.014469, 37.170657], [-2.014584, 37.17071], [-2.014669, 37.170788], [-2.014724, 37.170888], [-2.014791, 37.170911], [-2.014872, 37.170858], [-2.014934, 37.170861], [-2.014976, 37.17092], [-2.015053, 37.170979], [-2.015164, 37.171038], [-2.015182, 37.17111], [-2.015106, 37.171197], [-2.015051, 37.171273], [-2.015014, 37.171338], [-2.014973, 37.17142], [-2.014927, 37.171521], [-2.014881, 37.171623], [-2.014835, 37.171728], [-2.014774, 37.171819], [-2.014698, 37.171898], [-2.014657, 37.171986], [-2.014653, 37.172086], [-2.014704, 37.172161], [-2.014808, 37.172212], [-2.014888, 37.172201], [-2.014945, 37.17213], [-2.015008, 37.172109], [-2.015076, 37.172139], [-2.015108, 37.172242], [-2.015101, 37.172419], [-2.015168, 37.172498], [-2.015308, 37.17248], [-2.015393, 37.172538], [-2.015421, 37.172672], [-2.015452, 37.172741], [-2.015484, 37.172745], [-2.015536, 37.172719], [-2.015605, 37.172663], [-2.015688, 37.172621], [-2.015784, 37.172591], [-2.015845, 37.172513]], [[-2.023747, 37.217083], [-2.023808, 37.217131], [-2.023636, 37.217239], [-2.023517, 37.217318], [-2.023452, 37.21737], [-2.023458, 37.217407], [-2.023537, 37.217432], [-2.023708, 37.217405], [-2.02397, 37.217329], [-2.024109, 37.217268], [-2.024122, 37.217224], [-2.02414, 37.217144], [-2.024163, 37.21703], [-2.024281, 37.216946], [-2.024495, 37.216893], [-2.024581, 37.216839], [-2.024539, 37.216784], [-2.024473, 37.216741], [-2.024383, 37.21671], [-2.024282, 37.21668], [-2.024171, 37.216651], [-2.02407, 37.216621], [-2.02398, 37.21659], [-2.023932, 37.216531], [-2.023928, 37.216446], [-2.023973, 37.216397], [-2.024066, 37.216385], [-2.024121, 37.216301], [-2.024136, 37.216145], [-2.024108, 37.216045], [-2.024037, 37.216003], [-2.024011, 37.215916], [-2.024031, 37.215785], [-2.024031, 37.215635], [-2.024012, 37.215465], [-2.024034, 37.215317], [-2.024097, 37.215189], [-2.024149, 37.215122], [-2.02419, 37.215116], [-2.024296, 37.215112], [-2.024465, 37.215107], [-2.024584, 37.215092], [-2.024654, 37.215066], [-2.02468, 37.215002], [-2.024663, 37.214901], [-2.024609, 37.21484], [-2.02452, 37.214817], [-2.024452, 37.214791], [-2.024405, 37.214763], [-2.024351, 37.214697], [-2.02429, 37.214593], [-2.024169, 37.214566], [-2.023986, 37.214615], [-2.023839, 37.214715], [-2.023727, 37.214867], [-2.023637, 37.214956], [-2.023567, 37.214982], [-2.023434, 37.214982], [-2.023238, 37.214955], [-2.02309, 37.214837], [-2.02299, 37.214626], [-2.022858, 37.214476], [-2.022693, 37.214385], [-2.02254, 37.214362], [-2.022399, 37.214406], [-2.022355, 37.214489], [-2.022408, 37.214611], [-2.022466, 37.214728], [-2.022528, 37.21484], [-2.022601, 37.214921], [-2.022683, 37.21497], [-2.022882, 37.215044], [-2.023196, 37.215141], [-2.02336, 37.215227], [-2.023373, 37.215303], [-2.02335, 37.215383], [-2.02329, 37.215468], [-2.023192, 37.21548], [-2.023054, 37.215421], [-2.022908, 37.215375], [-2.022754, 37.215343], [-2.022679, 37.215374], [-2.022685, 37.215468], [-2.022709, 37.215572], [-2.02275, 37.215687], [-2.022811, 37.215761], [-2.022891, 37.215794], [-2.023041, 37.215864], [-2.023262, 37.215973], [-2.023321, 37.216069], [-2.023218, 37.216151], [-2.023127, 37.216235], [-2.023046, 37.216323], [-2.022978, 37.216417], [-2.022921, 37.216519], [-2.022929, 37.216591], [-2.023, 37.216634], [-2.023093, 37.216682], [-2.023209, 37.216736], [-2.023301, 37.216779], [-2.023371, 37.216813], [-2.02338, 37.216898], [-2.02333, 37.217033], [-2.023452, 37.217095], [-2.023747, 37.217083]], [[-2.025297, 37.214456], [-2.025333, 37.214545], [-2.025404, 37.214553], [-2.025508, 37.21448], [-2.025628, 37.214405], [-2.025763, 37.214327], [-2.025912, 37.214269], [-2.026075, 37.214231], [-2.026176, 37.214171], [-2.026215, 37.214089], [-2.026371, 37.213979], [-2.026644, 37.213841], [-2.026696, 37.21371], [-2.026526, 37.213586], [-2.026466, 37.213516], [-2.026516, 37.213501], [-2.026635, 37.213452], [-2.026822, 37.213368], [-2.026948, 37.21327], [-2.027014, 37.213158], [-2.026995, 37.213049], [-2.026891, 37.212942], [-2.026731, 37.212937], [-2.026514, 37.213034], [-2.026317, 37.213059], [-2.026139, 37.213013], [-2.026038, 37.213103], [-2.026014, 37.213329], [-2.025918, 37.213509], [-2.02575, 37.213642], [-2.025612, 37.213677], [-2.025506, 37.213613], [-2.025459, 37.213684], [-2.025474, 37.213888], [-2.025435, 37.21403], [-2.025343, 37.214111], [-2.025292, 37.214216], [-2.025283, 37.214346], [-2.025297, 37.214456]], [[-1.98816, 37.176391], [-1.988223, 37.176342], [-1.988213, 37.176284], [-1.98822, 37.176201], [-1.988244, 37.176095], [-1.988323, 37.176001], [-1.988457, 37.17592], [-1.98862, 37.175878], [-1.98881, 37.175875], [-1.988927, 37.175903], [-1.988969, 37.175962], [-1.988986, 37.17603], [-1.988978, 37.176109], [-1.989026, 37.176139], [-1.989129, 37.176122], [-1.989225, 37.176079], [-1.989315, 37.176012], [-1.989357, 37.175953], [-1.989354, 37.175902], [-1.989385, 37.175855], [-1.989452, 37.175812], [-1.989466, 37.175767], [-1.989426, 37.175721], [-1.989426, 37.175663], [-1.989467, 37.175593], [-1.989462, 37.175517], [-1.98941, 37.175433], [-1.989338, 37.175413], [-1.989244, 37.175455], [-1.9892, 37.175426], [-1.989204, 37.175327], [-1.989222, 37.175232], [-1.989254, 37.175142], [-1.989264, 37.175066], [-1.989254, 37.175003], [-1.989178, 37.174948], [-1.989037, 37.174902], [-1.988915, 37.174838], [-1.98881, 37.174757], [-1.988685, 37.174693], [-1.988539, 37.174648], [-1.988408, 37.174639], [-1.98829, 37.174667], [-1.988232, 37.174711], [-1.988232, 37.174771], [-1.988237, 37.174849], [-1.988249, 37.174947], [-1.988357, 37.175036], [-1.988562, 37.175117], [-1.988663, 37.175192], [-1.988659, 37.175261], [-1.988595, 37.175293], [-1.988472, 37.175287], [-1.988371, 37.1753], [-1.988292, 37.175332], [-1.988237, 37.175369], [-1.988207, 37.175411], [-1.988164, 37.175468], [-1.988108, 37.17554], [-1.988022, 37.175596], [-1.987907, 37.175636], [-1.987827, 37.175683], [-1.987783, 37.175736], [-1.98776, 37.175801], [-1.987758, 37.175878], [-1.987763, 37.175957], [-1.987777, 37.176037], [-1.987737, 37.176126], [-1.987643, 37.176223], [-1.987592, 37.176281], [-1.987584, 37.1763], [-1.987674, 37.176344], [-1.987861, 37.176414], [-1.988023, 37.17643], [-1.98816, 37.176391]]]}}]}