{"type": "FeatureCollection", "name": "LUESIA", "features": [{"type": "Feature", "properties": {"id": "561527", "FIREDATE": "2026-07-15T09:11:00", "FINALDATE": "2026-07-18T14:05:00", "LASTUPDATE": "2026-07-16 07:12:22.736698", "COUNTRY": "ES", "PROVINCE": "Zaragoza", "COMMUNE": "Luesia", "AREA_HA": 15045.0, "BROADLEA": 2.765, "CONIFER": 1.7547, "MIXED": 7.7102, "SCLEROPH": 39.0628, "TRANSIT": 9.7175, "OTHERNATLC": 5.9355, "AGRIAREAS": 33.0475, "ARTIFSURF": 0.0066, "OTHERLC": 0.0, "PERCNA2K": 1.4978, "CLASS": "30DAYS", "AÑO": 2026, "LATITUD": 42.32370708228338, "LONGITUD": -1.082870718729536}, "geometry": {"type": "Polygon", "coordinates": [[[-1.135225, 42.401146], [-1.135221, 42.40105], [-1.135108, 42.400934], [-1.134887, 42.400799], [-1.134781, 42.400669], [-1.134791, 42.400544], [-1.134761, 42.400354], [-1.134691, 42.400099], [-1.134563, 42.399903], [-1.134375, 42.399768], [-1.134253, 42.399738], [-1.134198, 42.399813], [-1.133981, 42.399839], [-1.133605, 42.399817], [-1.133388, 42.399884], [-1.133331, 42.400039], [-1.133161, 42.400207], [-1.13288, 42.400387], [-1.132664, 42.400539], [-1.132515, 42.400662], [-1.132485, 42.40058], [-1.132575, 42.400293], [-1.132617, 42.400054], [-1.13261, 42.399863], [-1.132444, 42.399818], [-1.132118, 42.399918], [-1.131877, 42.400009], [-1.13172, 42.40009], [-1.131567, 42.400192], [-1.131418, 42.400315], [-1.131187, 42.400383], [-1.130874, 42.400397], [-1.130671, 42.400462], [-1.130578, 42.400578], [-1.130523, 42.400744], [-1.130506, 42.400959], [-1.130265, 42.401124], [-1.129799, 42.40124], [-1.129525, 42.401387], [-1.129444, 42.401567], [-1.129325, 42.401697], [-1.129168, 42.401778], [-1.129068, 42.401779], [-1.129024, 42.401698], [-1.129003, 42.401584], [-1.129004, 42.401434], [-1.128779, 42.401385], [-1.12833, 42.401435], [-1.128007, 42.401396], [-1.127811, 42.401268], [-1.127838, 42.401106], [-1.128088, 42.400908], [-1.128195, 42.400715], [-1.12816, 42.400527], [-1.128207, 42.400394], [-1.128336, 42.400316], [-1.128555, 42.400185], [-1.128865, 42.400002], [-1.128932, 42.399824], [-1.128757, 42.399651], [-1.128603, 42.399594], [-1.12847, 42.399651], [-1.128341, 42.399729], [-1.128216, 42.399829], [-1.128142, 42.399815], [-1.128119, 42.39969], [-1.128001, 42.399671], [-1.127788, 42.399759], [-1.127638, 42.399956], [-1.127552, 42.400264], [-1.127259, 42.400382], [-1.126758, 42.40031], [-1.126505, 42.400274], [-1.126499, 42.400275], [-1.126455, 42.400344], [-1.126371, 42.400481], [-1.126093, 42.400586], [-1.125619, 42.400659], [-1.125366, 42.400653], [-1.125332, 42.400568], [-1.125224, 42.400526], [-1.125042, 42.40053], [-1.124966, 42.400465], [-1.124999, 42.400334], [-1.125086, 42.400207], [-1.125227, 42.400085], [-1.125189, 42.400036], [-1.124973, 42.40006], [-1.124827, 42.400012], [-1.124753, 42.399892], [-1.124737, 42.399767], [-1.124778, 42.399635], [-1.124768, 42.399559], [-1.124705, 42.399537], [-1.124647, 42.399557], [-1.124594, 42.39962], [-1.12444, 42.399598], [-1.124185, 42.399491], [-1.124005, 42.399404], [-1.123899, 42.399337], [-1.123775, 42.399314], [-1.123634, 42.399334], [-1.123542, 42.399306], [-1.123499, 42.399231], [-1.123504, 42.399154], [-1.123558, 42.399075], [-1.123591, 42.399033], [-1.123605, 42.399029], [-1.123664, 42.398965], [-1.123769, 42.398843], [-1.12381, 42.398645], [-1.123787, 42.39837], [-1.123741, 42.39812], [-1.12367, 42.397894], [-1.123775, 42.397765], [-1.124056, 42.397734], [-1.124325, 42.39764], [-1.124582, 42.397484], [-1.124685, 42.397345], [-1.124634, 42.397222], [-1.124518, 42.397065], [-1.124339, 42.396872], [-1.12433, 42.39667], [-1.124492, 42.396461], [-1.124599, 42.396268], [-1.124652, 42.396092], [-1.124661, 42.39591], [-1.124626, 42.395722], [-1.124655, 42.395569], [-1.124748, 42.395453], [-1.124799, 42.395266], [-1.124809, 42.395009], [-1.124846, 42.394824], [-1.124911, 42.394711], [-1.125094, 42.394616], [-1.125395, 42.39454], [-1.125654, 42.394543], [-1.12587, 42.394626], [-1.125969, 42.394774], [-1.125952, 42.394989], [-1.125924, 42.395227], [-1.125887, 42.395486], [-1.125856, 42.395703], [-1.125831, 42.395876], [-1.12593, 42.39595], [-1.126155, 42.395925], [-1.126412, 42.395918], [-1.1267, 42.395929], [-1.126911, 42.39598], [-1.127042, 42.396072], [-1.127054, 42.396134], [-1.126946, 42.396168], [-1.126749, 42.396264], [-1.126463, 42.396423], [-1.126291, 42.396655], [-1.126233, 42.39696], [-1.126285, 42.397082], [-1.126446, 42.397022], [-1.126623, 42.396896], [-1.126816, 42.396704], [-1.127054, 42.396567], [-1.127335, 42.396485], [-1.127512, 42.396433], [-1.127584, 42.396412], [-1.127686, 42.396373], [-1.127819, 42.396316], [-1.12791, 42.396189], [-1.127959, 42.395991], [-1.128104, 42.395848], [-1.128346, 42.395757], [-1.128398, 42.395655], [-1.128263, 42.395542], [-1.128085, 42.395434], [-1.127865, 42.395331], [-1.127882, 42.395191], [-1.128135, 42.395013], [-1.128289, 42.394837], [-1.128342, 42.39466], [-1.128266, 42.394488], [-1.128063, 42.394319], [-1.127857, 42.394288], [-1.127647, 42.394397], [-1.127458, 42.394535], [-1.127289, 42.394703], [-1.127134, 42.394794], [-1.126993, 42.39481], [-1.126866, 42.394739], [-1.12675, 42.394581], [-1.126661, 42.39441], [-1.126598, 42.394225], [-1.126631, 42.394019], [-1.126761, 42.393792], [-1.126814, 42.393541], [-1.126792, 42.393267], [-1.126716, 42.393094], [-1.126588, 42.393023], [-1.126442, 42.393007], [-1.126278, 42.393047], [-1.126176, 42.392962], [-1.126137, 42.392754], [-1.125995, 42.392544], [-1.125749, 42.392332], [-1.125595, 42.3922], [-1.125534, 42.392148], [-1.125618, 42.39197], [-1.125848, 42.391668], [-1.125964, 42.391417], [-1.125965, 42.391218], [-1.125913, 42.391013], [-1.125807, 42.390802], [-1.125696, 42.390563], [-1.12558, 42.390296], [-1.125405, 42.390012], [-1.125171, 42.389709], [-1.125049, 42.389467], [-1.125037, 42.389288], [-1.124913, 42.389153], [-1.124675, 42.389065], [-1.124497, 42.38906], [-1.124379, 42.389139], [-1.124109, 42.389177], [-1.123688, 42.389174], [-1.123356, 42.389293], [-1.123113, 42.389534], [-1.122921, 42.389687], [-1.122778, 42.389752], [-1.122704, 42.389784], [-1.122699, 42.389784], [-1.122474, 42.389768], [-1.122031, 42.389735], [-1.121675, 42.389652], [-1.121406, 42.389517], [-1.121152, 42.38934], [-1.120912, 42.38912], [-1.120741, 42.388917], [-1.12064, 42.388731], [-1.12054, 42.388553], [-1.120442, 42.388383], [-1.120423, 42.388163], [-1.120484, 42.387893], [-1.120553, 42.387683], [-1.120632, 42.387534], [-1.120662, 42.387452], [-1.120643, 42.387437], [-1.120531, 42.387421], [-1.120327, 42.387404], [-1.120234, 42.38734], [-1.120251, 42.387229], [-1.120282, 42.387036], [-1.120325, 42.386762], [-1.120318, 42.386587], [-1.120259, 42.386512], [-1.120283, 42.386402], [-1.120389, 42.386259], [-1.120427, 42.386107], [-1.120397, 42.385945], [-1.120342, 42.385828], [-1.120262, 42.385755], [-1.120134, 42.38572], [-1.119957, 42.385723], [-1.119804, 42.385732], [-1.119674, 42.385746], [-1.11966, 42.385674], [-1.119764, 42.385514], [-1.119934, 42.385421], [-1.120173, 42.385395], [-1.1203, 42.385307], [-1.120317, 42.385157], [-1.120335, 42.385015], [-1.120354, 42.384881], [-1.120488, 42.384768], [-1.120736, 42.384675], [-1.12083, 42.384525], [-1.120769, 42.384317], [-1.120704, 42.383971], [-1.120636, 42.383485], [-1.120618, 42.38315], [-1.12065, 42.382966], [-1.120702, 42.382828], [-1.120773, 42.382738], [-1.120796, 42.382621], [-1.120769, 42.382476], [-1.120639, 42.382375], [-1.120407, 42.382318], [-1.120261, 42.382244], [-1.120199, 42.382152], [-1.120157, 42.382042], [-1.120133, 42.381913], [-1.120048, 42.381816], [-1.119903, 42.381749], [-1.119789, 42.381672], [-1.119706, 42.381582], [-1.119614, 42.381444], [-1.119513, 42.381258], [-1.119379, 42.381076], [-1.119213, 42.380897], [-1.119087, 42.380754], [-1.119001, 42.380649], [-1.118972, 42.380734], [-1.119002, 42.381011], [-1.119008, 42.381224], [-1.118992, 42.381373], [-1.118992, 42.381554], [-1.11901, 42.381766], [-1.119126, 42.381975], [-1.119342, 42.382182], [-1.119543, 42.382373], [-1.119731, 42.38255], [-1.11984, 42.382661], [-1.119871, 42.382707], [-1.119898, 42.382909], [-1.11992, 42.383269], [-1.119811, 42.383511], [-1.119569, 42.383636], [-1.119373, 42.383773], [-1.119223, 42.383921], [-1.119051, 42.384006], [-1.118856, 42.384028], [-1.118765, 42.384136], [-1.11878, 42.384332], [-1.118694, 42.384523], [-1.118507, 42.384708], [-1.118357, 42.384856], [-1.118245, 42.384967], [-1.118241, 42.385181], [-1.118344, 42.385499], [-1.118256, 42.385739], [-1.117977, 42.385901], [-1.117974, 42.386066], [-1.118249, 42.386233], [-1.118403, 42.38641], [-1.118438, 42.386597], [-1.118434, 42.386691], [-1.118389, 42.386693], [-1.118288, 42.386705], [-1.11813, 42.386728], [-1.118037, 42.386744], [-1.11801, 42.386751], [-1.117941, 42.386809], [-1.117832, 42.386917], [-1.117633, 42.38704], [-1.117343, 42.387179], [-1.117017, 42.387353], [-1.116655, 42.387564], [-1.1164, 42.38773], [-1.116251, 42.387853], [-1.116101, 42.387887], [-1.115951, 42.387833], [-1.115836, 42.387828], [-1.115755, 42.387872], [-1.115706, 42.387895], [-1.11569, 42.387895], [-1.115502, 42.3879], [-1.115144, 42.387908], [-1.114799, 42.387971], [-1.114467, 42.38809], [-1.114188, 42.388195], [-1.113961, 42.388286], [-1.113817, 42.388401], [-1.113754, 42.388539], [-1.113639, 42.388634], [-1.113472, 42.388686], [-1.113281, 42.388731], [-1.113067, 42.388771], [-1.11291, 42.388879], [-1.11281, 42.389055], [-1.11276, 42.3892], [-1.112759, 42.389315], [-1.112719, 42.389459], [-1.112641, 42.389633], [-1.112497, 42.389813], [-1.112289, 42.39], [-1.112122, 42.390175], [-1.111998, 42.390337], [-1.111896, 42.390504], [-1.111817, 42.390677], [-1.111725, 42.390856], [-1.111619, 42.39104], [-1.11155, 42.39116], [-1.111517, 42.391216], [-1.11138, 42.391257], [-1.111137, 42.391284], [-1.11098, 42.391333], [-1.110907, 42.391405], [-1.110943, 42.39154], [-1.111087, 42.391736], [-1.111151, 42.391849], [-1.111135, 42.391877], [-1.11113, 42.39191], [-1.111137, 42.391946], [-1.111159, 42.392144], [-1.111197, 42.392502], [-1.111182, 42.392802], [-1.111112, 42.393044], [-1.111063, 42.393241], [-1.111034, 42.393393], [-1.110848, 42.393552], [-1.110506, 42.393718], [-1.110242, 42.393827], [-1.110055, 42.393879], [-1.109877, 42.394051], [-1.109709, 42.394343], [-1.109413, 42.394547], [-1.108989, 42.394663], [-1.108764, 42.394765], [-1.108738, 42.394853], [-1.108685, 42.394898], [-1.108605, 42.3949], [-1.108487, 42.395017], [-1.108331, 42.395248], [-1.108209, 42.395426], [-1.108121, 42.395551], [-1.108029, 42.395767], [-1.107931, 42.396074], [-1.107748, 42.396322], [-1.10748, 42.396513], [-1.107359, 42.396733], [-1.107384, 42.396982], [-1.107406, 42.397234], [-1.107424, 42.397487], [-1.107327, 42.397733], [-1.107113, 42.397969], [-1.106981, 42.397952], [-1.10693, 42.397681], [-1.106834, 42.397702], [-1.106691, 42.398016], [-1.106596, 42.398271], [-1.106546, 42.398468], [-1.106529, 42.398683], [-1.106544, 42.398916], [-1.106609, 42.399111], [-1.106724, 42.399269], [-1.106755, 42.39951], [-1.106701, 42.399836], [-1.106599, 42.40006], [-1.10645, 42.400183], [-1.106269, 42.400288], [-1.106056, 42.400376], [-1.105838, 42.400517], [-1.105617, 42.400712], [-1.10543, 42.400786], [-1.105278, 42.400738], [-1.105135, 42.400744], [-1.105002, 42.400801], [-1.104891, 42.400973], [-1.104801, 42.40126], [-1.104695, 42.401229], [-1.104573, 42.40088], [-1.104384, 42.400564], [-1.104129, 42.400281], [-1.104001, 42.400135], [-1.104002, 42.400127], [-1.103969, 42.399946], [-1.103903, 42.399591], [-1.103869, 42.39941], [-1.103868, 42.399404], [-1.10395, 42.399384], [-1.104116, 42.399351], [-1.104216, 42.399269], [-1.104248, 42.399138], [-1.104253, 42.39901], [-1.10423, 42.398884], [-1.104179, 42.398762], [-1.104099, 42.398643], [-1.103951, 42.398542], [-1.103735, 42.39846], [-1.103516, 42.39847], [-1.103293, 42.398573], [-1.103184, 42.398739], [-1.103188, 42.398967], [-1.10314, 42.399085], [-1.103042, 42.399093], [-1.102923, 42.399165], [-1.102784, 42.399303], [-1.102501, 42.399374], [-1.102071, 42.399379], [-1.101776, 42.399411], [-1.101616, 42.399471], [-1.101491, 42.39957], [-1.101402, 42.399708], [-1.101286, 42.399859], [-1.101145, 42.400024], [-1.100964, 42.400129], [-1.100743, 42.400175], [-1.100535, 42.400134], [-1.100339, 42.400007], [-1.10011, 42.400085], [-1.099848, 42.40037], [-1.099693, 42.400387], [-1.099647, 42.400136], [-1.099678, 42.39992], [-1.099787, 42.399737], [-1.099819, 42.399446], [-1.099773, 42.399047], [-1.099659, 42.398748], [-1.099476, 42.398551], [-1.099173, 42.39849], [-1.098749, 42.398563], [-1.098453, 42.398503], [-1.098283, 42.398307], [-1.098188, 42.398203], [-1.098167, 42.398192], [-1.098202, 42.398141], [-1.098294, 42.39805], [-1.098395, 42.39794], [-1.098505, 42.397809], [-1.098523, 42.397744], [-1.09845, 42.397743], [-1.098312, 42.39779], [-1.098109, 42.397885], [-1.0979, 42.397981], [-1.097685, 42.398077], [-1.097496, 42.398112], [-1.097331, 42.398085], [-1.097271, 42.398155], [-1.097315, 42.398323], [-1.097434, 42.398472], [-1.09763, 42.398603], [-1.097777, 42.3987], [-1.097875, 42.398765], [-1.097854, 42.398887], [-1.097716, 42.399066], [-1.097609, 42.399127], [-1.097534, 42.39907], [-1.097434, 42.398994], [-1.09731, 42.398901], [-1.09726, 42.39892], [-1.097285, 42.399054], [-1.097307, 42.39917], [-1.097325, 42.399268], [-1.097208, 42.399299], [-1.096957, 42.399263], [-1.096829, 42.399216], [-1.096824, 42.399158], [-1.096818, 42.399127], [-1.096812, 42.399123], [-1.096796, 42.399114], [-1.09677, 42.3991], [-1.096702, 42.399024], [-1.09659, 42.398887], [-1.096401, 42.398717], [-1.096133, 42.398512], [-1.095996, 42.398623], [-1.09599, 42.39905], [-1.095876, 42.399211], [-1.095656, 42.399108], [-1.095459, 42.39897], [-1.095283, 42.398798], [-1.095055, 42.398727], [-1.094774, 42.398758], [-1.09469, 42.398842], [-1.094801, 42.398979], [-1.094976, 42.399151], [-1.095216, 42.399359], [-1.095437, 42.399547], [-1.095641, 42.399717], [-1.095626, 42.399793], [-1.095394, 42.399776], [-1.095238, 42.399708], [-1.095158, 42.399589], [-1.095078, 42.399619], [-1.094997, 42.399798], [-1.094985, 42.400006], [-1.095043, 42.400241], [-1.094874, 42.400442], [-1.094478, 42.400608], [-1.094042, 42.400774], [-1.093564, 42.400942], [-1.093132, 42.400998], [-1.092745, 42.400942], [-1.092354, 42.400985], [-1.09196, 42.401127], [-1.091421, 42.401023], [-1.090735, 42.400671], [-1.090292, 42.400439], [-1.090091, 42.400327], [-1.090029, 42.40015], [-1.090106, 42.399906], [-1.090043, 42.399727], [-1.089838, 42.399613], [-1.089734, 42.399549], [-1.089731, 42.399534], [-1.089705, 42.399392], [-1.089654, 42.399121], [-1.089625, 42.398961], [-1.089616, 42.398913], [-1.089636, 42.398793], [-1.089686, 42.3986], [-1.089687, 42.398278], [-1.089641, 42.397829], [-1.0896, 42.397554], [-1.089567, 42.397454], [-1.08957, 42.397013], [-1.089611, 42.396229], [-1.08968, 42.395736], [-1.089777, 42.395534], [-1.089923, 42.395395], [-1.090117, 42.395319], [-1.090281, 42.395246], [-1.090415, 42.395177], [-1.09045, 42.395032], [-1.090384, 42.394812], [-1.090511, 42.394702], [-1.090829, 42.394704], [-1.091095, 42.394715], [-1.091307, 42.394737], [-1.091524, 42.394586], [-1.091745, 42.394261], [-1.091922, 42.394028], [-1.092055, 42.393886], [-1.092102, 42.393776], [-1.092063, 42.393698], [-1.0919, 42.393712], [-1.091614, 42.393816], [-1.091479, 42.393749], [-1.091496, 42.393511], [-1.091593, 42.393245], [-1.091771, 42.392953], [-1.091878, 42.392768], [-1.091913, 42.392691], [-1.092079, 42.392596], [-1.092376, 42.392481], [-1.092558, 42.392306], [-1.092624, 42.392071], [-1.092739, 42.391799], [-1.092902, 42.39149], [-1.092946, 42.391067], [-1.09287, 42.390529], [-1.092802, 42.390163], [-1.092742, 42.38997], [-1.092657, 42.389943], [-1.092548, 42.390082], [-1.092385, 42.390159], [-1.092167, 42.390174], [-1.092058, 42.390309], [-1.092056, 42.390564], [-1.092072, 42.390813], [-1.092105, 42.391055], [-1.092167, 42.391194], [-1.092259, 42.391229], [-1.092248, 42.39133], [-1.092132, 42.391498], [-1.092073, 42.391709], [-1.092071, 42.391964], [-1.091999, 42.392004], [-1.091856, 42.391828], [-1.091715, 42.391826], [-1.091575, 42.391996], [-1.091507, 42.392222], [-1.09151, 42.392504], [-1.091244, 42.392852], [-1.090709, 42.393266], [-1.090359, 42.393423], [-1.090193, 42.393323], [-1.090059, 42.39336], [-1.089957, 42.393535], [-1.089908, 42.393764], [-1.089911, 42.394045], [-1.089751, 42.394208], [-1.089429, 42.394253], [-1.089232, 42.39438], [-1.08916, 42.394588], [-1.088999, 42.394742], [-1.088749, 42.394842], [-1.088185, 42.394909], [-1.08731, 42.394942], [-1.086837, 42.394973], [-1.086767, 42.395003], [-1.086727, 42.395009], [-1.086717, 42.394991], [-1.086595, 42.395011], [-1.086363, 42.39507], [-1.086138, 42.395111], [-1.085921, 42.395135], [-1.085089, 42.395062], [-1.083641, 42.394893], [-1.082871, 42.39474], [-1.082779, 42.394602], [-1.082534, 42.394596], [-1.082137, 42.394722], [-1.081868, 42.39476], [-1.081726, 42.39471], [-1.081511, 42.394741], [-1.081225, 42.394852], [-1.081038, 42.394888], [-1.080952, 42.39485], [-1.080866, 42.394681], [-1.080779, 42.394383], [-1.080727, 42.394232], [-1.08071, 42.394226], [-1.080705, 42.394209], [-1.080713, 42.394179], [-1.080649, 42.394097], [-1.080514, 42.393964], [-1.080466, 42.393829], [-1.080508, 42.393693], [-1.080626, 42.393614], [-1.080821, 42.393593], [-1.081103, 42.393504], [-1.081473, 42.393348], [-1.081755, 42.393202], [-1.081951, 42.393065], [-1.082068, 42.392921], [-1.082106, 42.392769], [-1.08213, 42.392659], [-1.08214, 42.392592], [-1.08203, 42.392539], [-1.081802, 42.392498], [-1.081695, 42.392403], [-1.081712, 42.392253], [-1.08152, 42.392176], [-1.081121, 42.39217], [-1.080824, 42.392178], [-1.080629, 42.3922], [-1.080434, 42.392184], [-1.080241, 42.392129], [-1.080057, 42.392097], [-1.079884, 42.392087], [-1.079843, 42.392035], [-1.079937, 42.391943], [-1.080039, 42.391887], [-1.080151, 42.391867], [-1.080257, 42.391777], [-1.080356, 42.391615], [-1.080498, 42.391499], [-1.080685, 42.391429], [-1.080901, 42.391405], [-1.081149, 42.391427], [-1.081296, 42.391444], [-1.081342, 42.391455], [-1.081411, 42.391433], [-1.081502, 42.391378], [-1.08152, 42.391236], [-1.081465, 42.391008], [-1.081411, 42.390893], [-1.081359, 42.39089], [-1.081334, 42.390868], [-1.081334, 42.390826], [-1.08131, 42.390728], [-1.081262, 42.390573], [-1.081176, 42.390455], [-1.081054, 42.390374], [-1.080931, 42.390319], [-1.080808, 42.390289], [-1.080666, 42.390265], [-1.080507, 42.390246], [-1.080366, 42.390225], [-1.080244, 42.390202], [-1.080127, 42.39015], [-1.080014, 42.390068], [-1.079895, 42.390017], [-1.07977, 42.389997], [-1.079715, 42.389949], [-1.079728, 42.389871], [-1.079554, 42.389811], [-1.079192, 42.389769], [-1.078883, 42.389712], [-1.078626, 42.389642], [-1.078228, 42.389464], [-1.077688, 42.389178], [-1.077281, 42.388952], [-1.077007, 42.388785], [-1.076802, 42.388635], [-1.076666, 42.388502], [-1.076416, 42.388464], [-1.07605, 42.38852], [-1.075845, 42.388485], [-1.075799, 42.388359], [-1.075897, 42.388233], [-1.07614, 42.388108], [-1.076259, 42.388037], [-1.076256, 42.388021], [-1.076202, 42.387969], [-1.076098, 42.387882], [-1.076094, 42.387743], [-1.076191, 42.387551], [-1.076329, 42.387339], [-1.076507, 42.387105], [-1.076566, 42.386951], [-1.076508, 42.386875], [-1.07645, 42.386799], [-1.076391, 42.386723], [-1.076292, 42.386603], [-1.07615, 42.386437], [-1.076105, 42.386207], [-1.076155, 42.38591], [-1.076192, 42.385692], [-1.076216, 42.385553], [-1.076179, 42.385341], [-1.076082, 42.385056], [-1.076121, 42.384788], [-1.076296, 42.384539], [-1.076422, 42.384327], [-1.076501, 42.384154], [-1.076537, 42.384025], [-1.07653, 42.383939], [-1.076612, 42.383796], [-1.076782, 42.383596], [-1.076928, 42.383191], [-1.07705, 42.382582], [-1.077045, 42.382292], [-1.076913, 42.382321], [-1.07668, 42.382564], [-1.076345, 42.383023], [-1.076082, 42.383327], [-1.075893, 42.383477], [-1.075652, 42.383562], [-1.075359, 42.38358], [-1.075115, 42.3836], [-1.07492, 42.383622], [-1.07465, 42.383602], [-1.074307, 42.383541], [-1.07395, 42.383523], [-1.073578, 42.383548], [-1.073471, 42.383625], [-1.073628, 42.383756], [-1.073715, 42.383927], [-1.073732, 42.384139], [-1.073654, 42.384293], [-1.07348, 42.38439], [-1.073369, 42.384452], [-1.073323, 42.384478], [-1.073236, 42.384564], [-1.073108, 42.384709], [-1.073048, 42.384864], [-1.073056, 42.385028], [-1.073106, 42.385178], [-1.073198, 42.385316], [-1.073353, 42.385373], [-1.073569, 42.385349], [-1.073934, 42.385523], [-1.074445, 42.385894], [-1.074757, 42.386205], [-1.07487, 42.386455], [-1.074956, 42.386857], [-1.075014, 42.38741], [-1.074561, 42.38783], [-1.073596, 42.388117], [-1.073071, 42.388208], [-1.072985, 42.388102], [-1.072931, 42.387993], [-1.072911, 42.38788], [-1.072799, 42.387818], [-1.072598, 42.387808], [-1.072354, 42.387744], [-1.072067, 42.387628], [-1.071752, 42.387539], [-1.071409, 42.387478], [-1.071115, 42.387568], [-1.070872, 42.387809], [-1.070611, 42.387953], [-1.070333, 42.388], [-1.070072, 42.388029], [-1.069831, 42.388039], [-1.069636, 42.38806], [-1.069487, 42.388093], [-1.06934, 42.388076], [-1.069195, 42.38801], [-1.068987, 42.387844], [-1.068716, 42.387578], [-1.068457, 42.387434], [-1.06821, 42.387412], [-1.068051, 42.387331], [-1.06798, 42.38719], [-1.067748, 42.38701], [-1.067353, 42.386791], [-1.067127, 42.386528], [-1.067071, 42.386222], [-1.066934, 42.385965], [-1.066719, 42.385759], [-1.066496, 42.385627], [-1.066264, 42.385571], [-1.066039, 42.385431], [-1.06582, 42.385209], [-1.065669, 42.384987], [-1.065583, 42.384766], [-1.065413, 42.384563], [-1.065157, 42.384377], [-1.065016, 42.38427], [-1.064988, 42.38424], [-1.064944, 42.384302], [-1.064884, 42.384457], [-1.064811, 42.384596], [-1.064723, 42.384721], [-1.064722, 42.384894], [-1.064807, 42.385115], [-1.064897, 42.385417], [-1.06499, 42.385802], [-1.06484, 42.38595], [-1.064448, 42.385861], [-1.064218, 42.385755], [-1.064151, 42.385631], [-1.064082, 42.385499], [-1.064012, 42.385359], [-1.063919, 42.385278], [-1.063805, 42.385258], [-1.063681, 42.385247], [-1.063548, 42.385245], [-1.06338, 42.385354], [-1.063177, 42.385574], [-1.062826, 42.385645], [-1.062325, 42.385569], [-1.062084, 42.385406], [-1.062104, 42.385158], [-1.06215, 42.384988], [-1.062222, 42.384898], [-1.062271, 42.384802], [-1.062296, 42.384701], [-1.062324, 42.38455], [-1.062353, 42.384349], [-1.062374, 42.384224], [-1.062387, 42.384173], [-1.062386, 42.38405], [-1.062372, 42.383854], [-1.062356, 42.383708], [-1.062338, 42.383611], [-1.062214, 42.383542], [-1.061986, 42.383502], [-1.061715, 42.383416], [-1.061404, 42.383286], [-1.061185, 42.383121], [-1.061059, 42.382921], [-1.06102, 42.38277], [-1.061067, 42.382666], [-1.061204, 42.382568], [-1.061431, 42.382478], [-1.061696, 42.382358], [-1.062, 42.382209], [-1.062316, 42.38206], [-1.062642, 42.381909], [-1.062881, 42.381767], [-1.063034, 42.381635], [-1.063012, 42.381695], [-1.062815, 42.381947], [-1.062783, 42.382255], [-1.062917, 42.382618], [-1.063087, 42.382936], [-1.063292, 42.38321], [-1.063507, 42.383351], [-1.063729, 42.383359], [-1.063711, 42.383139], [-1.063451, 42.382691], [-1.063341, 42.382399], [-1.063382, 42.382263], [-1.063508, 42.382167], [-1.063719, 42.38211], [-1.063876, 42.382003], [-1.063979, 42.381843], [-1.06401, 42.381651], [-1.063968, 42.381425], [-1.063963, 42.381278], [-1.063994, 42.381209], [-1.064029, 42.381155], [-1.064066, 42.381118], [-1.064226, 42.381084], [-1.064508, 42.381053], [-1.064907, 42.381059], [-1.065424, 42.3811], [-1.065684, 42.381072], [-1.065688, 42.380973], [-1.065451, 42.380892], [-1.064975, 42.380829], [-1.064621, 42.38077], [-1.064389, 42.380713], [-1.064187, 42.380694], [-1.064013, 42.380713], [-1.063758, 42.380766], [-1.06342, 42.380853], [-1.063144, 42.380916], [-1.06293, 42.380956], [-1.062699, 42.380965], [-1.062452, 42.380943], [-1.062271, 42.380864], [-1.062157, 42.380729], [-1.062103, 42.380611], [-1.062106, 42.380512], [-1.062214, 42.380435], [-1.062424, 42.380379], [-1.062569, 42.380322], [-1.062647, 42.380264], [-1.062756, 42.380079], [-1.062898, 42.379767], [-1.063184, 42.37958], [-1.063614, 42.379516], [-1.063875, 42.37943], [-1.063965, 42.379321], [-1.064091, 42.379225], [-1.064253, 42.379141], [-1.064508, 42.37911], [-1.064857, 42.379132], [-1.065047, 42.379144], [-1.065079, 42.379146], [-1.06512, 42.379103], [-1.06517, 42.379015], [-1.065318, 42.378802], [-1.065565, 42.378462], [-1.06591, 42.378235], [-1.066354, 42.37812], [-1.066501, 42.378022], [-1.066353, 42.37794], [-1.06603, 42.377868], [-1.065532, 42.377808], [-1.065166, 42.377799], [-1.06493, 42.377842], [-1.064713, 42.377923], [-1.064514, 42.378044], [-1.064376, 42.378168], [-1.0643, 42.378297], [-1.06419, 42.378482], [-1.064048, 42.378722], [-1.063763, 42.378768], [-1.063337, 42.378617], [-1.063051, 42.378624], [-1.062904, 42.378788], [-1.062574, 42.378858], [-1.06206, 42.378832], [-1.061769, 42.37893], [-1.061699, 42.379151], [-1.061837, 42.3793], [-1.062184, 42.379377], [-1.062348, 42.379548], [-1.062331, 42.379813], [-1.062206, 42.379975], [-1.061973, 42.380034], [-1.061701, 42.380055], [-1.061388, 42.380041], [-1.061031, 42.379965], [-1.06063, 42.379828], [-1.060504, 42.379867], [-1.060654, 42.38008], [-1.060786, 42.380493], [-1.0609, 42.381106], [-1.06069, 42.381285], [-1.060156, 42.381031], [-1.059721, 42.380956], [-1.059386, 42.381059], [-1.059075, 42.381109], [-1.058787, 42.381108], [-1.058701, 42.381002], [-1.058817, 42.380792], [-1.058905, 42.38061], [-1.058965, 42.380455], [-1.058991, 42.380296], [-1.058983, 42.380133], [-1.058986, 42.380034], [-1.059002, 42.379999], [-1.059197, 42.379978], [-1.059572, 42.379969], [-1.059765, 42.37994], [-1.059778, 42.379889], [-1.059698, 42.379816], [-1.059525, 42.37972], [-1.059401, 42.379585], [-1.059325, 42.379413], [-1.059188, 42.379329], [-1.05899, 42.379335], [-1.058862, 42.379423], [-1.058805, 42.379593], [-1.058582, 42.379643], [-1.058192, 42.37957], [-1.057913, 42.379494], [-1.057743, 42.379414], [-1.057743, 42.379357], [-1.057914, 42.379322], [-1.058151, 42.379287], [-1.058455, 42.379254], [-1.058782, 42.379168], [-1.059132, 42.379031], [-1.059362, 42.378957], [-1.05947, 42.378945], [-1.059551, 42.378903], [-1.059604, 42.378831], [-1.059745, 42.378816], [-1.059974, 42.378856], [-1.060207, 42.378921], [-1.060445, 42.37901], [-1.060589, 42.379011], [-1.060639, 42.378923], [-1.060567, 42.378774], [-1.060374, 42.378566], [-1.060117, 42.378495], [-1.059798, 42.378563], [-1.059448, 42.378528], [-1.059069, 42.378389], [-1.058864, 42.378419], [-1.058835, 42.37862], [-1.058648, 42.378747], [-1.058304, 42.378802], [-1.058134, 42.378779], [-1.058138, 42.37868], [-1.058227, 42.378621], [-1.0584, 42.378602], [-1.058489, 42.378543], [-1.058493, 42.378444], [-1.05843, 42.378344], [-1.0583, 42.378243], [-1.058068, 42.378244], [-1.057733, 42.378347], [-1.057495, 42.378373], [-1.057353, 42.378323], [-1.057213, 42.378223], [-1.057074, 42.378074], [-1.056961, 42.377938], [-1.056872, 42.377817], [-1.05675, 42.377699], [-1.056596, 42.377584], [-1.056464, 42.377467], [-1.056353, 42.377348], [-1.056326, 42.37726], [-1.056382, 42.377205], [-1.056461, 42.377212], [-1.056563, 42.377283], [-1.056745, 42.37737], [-1.057007, 42.377473], [-1.057267, 42.377559], [-1.057523, 42.37763], [-1.057715, 42.37765], [-1.057842, 42.377619], [-1.058024, 42.377525], [-1.05826, 42.377368], [-1.058414, 42.377244], [-1.058486, 42.377154], [-1.058322, 42.377164], [-1.057922, 42.377274], [-1.05757, 42.377288], [-1.057268, 42.377206], [-1.057028, 42.377109], [-1.056853, 42.376997], [-1.056787, 42.376938], [-1.05683, 42.376933], [-1.056884, 42.37687], [-1.05695, 42.376748], [-1.056762, 42.376686], [-1.056319, 42.376685], [-1.055982, 42.376657], [-1.05575, 42.3766], [-1.055646, 42.376694], [-1.055669, 42.376938], [-1.055534, 42.376986], [-1.055241, 42.376837], [-1.055031, 42.376836], [-1.054903, 42.376981], [-1.05477, 42.377103], [-1.054634, 42.3772], [-1.054465, 42.377186], [-1.054265, 42.37706], [-1.054139, 42.37686], [-1.054088, 42.376586], [-1.054208, 42.376458], [-1.054499, 42.376475], [-1.054701, 42.376428], [-1.054813, 42.376317], [-1.055027, 42.376219], [-1.055343, 42.376135], [-1.05554, 42.376064], [-1.055618, 42.376006], [-1.055766, 42.375965], [-1.055982, 42.375942], [-1.056172, 42.375888], [-1.056333, 42.375804], [-1.056586, 42.375735], [-1.05693, 42.375681], [-1.057105, 42.375555], [-1.057113, 42.375357], [-1.057099, 42.375161], [-1.057063, 42.374968], [-1.057069, 42.374842], [-1.057116, 42.374785], [-1.057115, 42.37472], [-1.057066, 42.374645], [-1.0571, 42.374569], [-1.057218, 42.37449], [-1.057222, 42.374391], [-1.057111, 42.374272], [-1.056954, 42.374199], [-1.05675, 42.374172], [-1.056467, 42.374137], [-1.056105, 42.374095], [-1.055819, 42.374044], [-1.055609, 42.373985], [-1.055481, 42.373892], [-1.055436, 42.373766], [-1.055476, 42.373687], [-1.055603, 42.373657], [-1.055683, 42.373607], [-1.055714, 42.373538], [-1.055594, 42.373427], [-1.055323, 42.373276], [-1.055044, 42.373143], [-1.054757, 42.373026], [-1.05455, 42.372868], [-1.054425, 42.372668], [-1.054315, 42.372491], [-1.05422, 42.372337], [-1.05418, 42.372243], [-1.054196, 42.372208], [-1.054315, 42.372195], [-1.054538, 42.372204], [-1.054697, 42.37217], [-1.054794, 42.372093], [-1.05485, 42.37198], [-1.054867, 42.37183], [-1.054844, 42.371586], [-1.054781, 42.371248], [-1.054628, 42.371076], [-1.054383, 42.37107], [-1.054123, 42.371041], [-1.053848, 42.370989], [-1.053516, 42.370927], [-1.053127, 42.370855], [-1.052922, 42.370885], [-1.052903, 42.371019], [-1.052912, 42.371191], [-1.052951, 42.3714], [-1.052887, 42.37153], [-1.052719, 42.371582], [-1.052574, 42.371573], [-1.052451, 42.371504], [-1.052271, 42.371491], [-1.052036, 42.371534], [-1.051892, 42.371656], [-1.051841, 42.371859], [-1.051746, 42.372059], [-1.051605, 42.372255], [-1.051475, 42.372327], [-1.051354, 42.372275], [-1.051251, 42.372253], [-1.051164, 42.372263], [-1.051098, 42.372204], [-1.051052, 42.372078], [-1.051115, 42.371939], [-1.051286, 42.371789], [-1.051366, 42.371624], [-1.051355, 42.371444], [-1.051278, 42.371387], [-1.051136, 42.371452], [-1.050978, 42.37156], [-1.050807, 42.37171], [-1.050673, 42.371823], [-1.050577, 42.3719], [-1.050566, 42.372082], [-1.050642, 42.37237], [-1.050806, 42.372598], [-1.051058, 42.372768], [-1.051142, 42.372923], [-1.051058, 42.373064], [-1.051145, 42.373177], [-1.051405, 42.373264], [-1.051674, 42.373407], [-1.051955, 42.373606], [-1.052082, 42.373757], [-1.052057, 42.373858], [-1.052008, 42.374011], [-1.051935, 42.374217], [-1.051873, 42.374421], [-1.051822, 42.374624], [-1.051743, 42.374674], [-1.051635, 42.37457], [-1.051458, 42.374508], [-1.05121, 42.374486], [-1.050907, 42.374461], [-1.050548, 42.374435], [-1.050347, 42.374424], [-1.050304, 42.374429], [-1.050285, 42.374505], [-1.05029, 42.374653], [-1.050392, 42.374962], [-1.05059, 42.375434], [-1.05062, 42.375718], [-1.050483, 42.375815], [-1.050239, 42.37599], [-1.049888, 42.376243], [-1.049679, 42.376134], [-1.049615, 42.375664], [-1.049504, 42.375364], [-1.049347, 42.375233], [-1.049112, 42.375218], [-1.048798, 42.375318], [-1.048598, 42.375192], [-1.048511, 42.37484], [-1.048473, 42.374639], [-1.048486, 42.374588], [-1.048527, 42.374452], [-1.048597, 42.374231], [-1.048545, 42.374187], [-1.04837, 42.374321], [-1.048131, 42.374463], [-1.047827, 42.374611], [-1.047515, 42.374662], [-1.047197, 42.374615], [-1.04694, 42.37466], [-1.046744, 42.374796], [-1.046606, 42.374951], [-1.046528, 42.375124], [-1.046426, 42.375111], [-1.0463, 42.374911], [-1.046161, 42.374638], [-1.046009, 42.374293], [-1.045835, 42.374132], [-1.04564, 42.374153], [-1.045391, 42.374181], [-1.045087, 42.374214], [-1.044927, 42.374182], [-1.044909, 42.374086], [-1.044781, 42.373935], [-1.044544, 42.373731], [-1.044459, 42.373568], [-1.044525, 42.373445], [-1.044768, 42.373386], [-1.045189, 42.373389], [-1.045499, 42.37333], [-1.045698, 42.37321], [-1.045898, 42.373097], [-1.0461, 42.372993], [-1.046302, 42.372888], [-1.046504, 42.372784], [-1.046808, 42.372635], [-1.047215, 42.372442], [-1.047587, 42.372303], [-1.047925, 42.372216], [-1.048133, 42.372144], [-1.048211, 42.372086], [-1.048351, 42.372005], [-1.048553, 42.371901], [-1.04869, 42.371803], [-1.048761, 42.371713], [-1.04889, 42.371633], [-1.049077, 42.371563], [-1.049316, 42.371422], [-1.049608, 42.371209], [-1.049867, 42.370991], [-1.050091, 42.370769], [-1.050323, 42.37053], [-1.050563, 42.370273], [-1.050726, 42.370075], [-1.05081, 42.369934], [-1.050988, 42.369758], [-1.051259, 42.369547], [-1.051466, 42.369352], [-1.051609, 42.369172], [-1.051359, 42.369134], [-1.050715, 42.369237], [-1.050179, 42.369452], [-1.049753, 42.369779], [-1.049435, 42.370036], [-1.049227, 42.370223], [-1.049004, 42.370396], [-1.048768, 42.370553], [-1.048598, 42.370769], [-1.048494, 42.371044], [-1.04804, 42.371283], [-1.047237, 42.371486], [-1.04669, 42.371695], [-1.046397, 42.371908], [-1.04598, 42.372225], [-1.045439, 42.372646], [-1.045001, 42.37285], [-1.044667, 42.372838], [-1.04432, 42.372818], [-1.043961, 42.372792], [-1.043649, 42.372777], [-1.043383, 42.372774], [-1.043107, 42.372837], [-1.042821, 42.372967], [-1.042704, 42.373169], [-1.042754, 42.373443], [-1.042668, 42.373576], [-1.042446, 42.373567], [-1.042209, 42.373544], [-1.041959, 42.373506], [-1.041694, 42.373453], [-1.041416, 42.373385], [-1.041203, 42.373367], [-1.041054, 42.3734], [-1.040972, 42.373614], [-1.040957, 42.374011], [-1.040795, 42.374196], [-1.040487, 42.374169], [-1.040245, 42.374179], [-1.040071, 42.374226], [-1.039943, 42.374212], [-1.039863, 42.374139], [-1.039726, 42.374055], [-1.039532, 42.373962], [-1.039291, 42.373857], [-1.039004, 42.37374], [-1.03875, 42.373743], [-1.03853, 42.373866], [-1.038445, 42.374007], [-1.038497, 42.374166], [-1.038358, 42.374255], [-1.03803, 42.374275], [-1.037749, 42.374248], [-1.037514, 42.374175], [-1.037301, 42.3741], [-1.03711, 42.374022], [-1.036872, 42.373934], [-1.036588, 42.373833], [-1.036394, 42.373739], [-1.036289, 42.373652], [-1.036205, 42.373555], [-1.03614, 42.373447], [-1.035986, 42.37339], [-1.035742, 42.373384], [-1.035343, 42.373263], [-1.034791, 42.373028], [-1.03428, 42.372837], [-1.033811, 42.372692], [-1.033561, 42.372596], [-1.03353, 42.37255], [-1.033594, 42.372477], [-1.033753, 42.372377], [-1.033683, 42.372303], [-1.033387, 42.372253], [-1.033047, 42.372151], [-1.032664, 42.371995], [-1.032367, 42.37188], [-1.032154, 42.371805], [-1.032173, 42.371671], [-1.032425, 42.371479], [-1.032712, 42.371357], [-1.033035, 42.371305], [-1.0333, 42.371243], [-1.033507, 42.371171], [-1.033609, 42.371061], [-1.033604, 42.370914], [-1.033506, 42.370801], [-1.033314, 42.370724], [-1.033256, 42.37059], [-1.033332, 42.370401], [-1.033367, 42.370233], [-1.033362, 42.370085], [-1.033323, 42.369933], [-1.03325, 42.369777], [-1.033026, 42.369703], [-1.032651, 42.369711], [-1.032376, 42.369659], [-1.032201, 42.369547], [-1.032048, 42.369441], [-1.031919, 42.36934], [-1.031816, 42.369261], [-1.031739, 42.369203], [-1.031855, 42.369117], [-1.032162, 42.369001], [-1.032295, 42.368897], [-1.032253, 42.368802], [-1.032349, 42.368725], [-1.032585, 42.368667], [-1.032775, 42.368683], [-1.032921, 42.368773], [-1.03309, 42.368797], [-1.033283, 42.368755], [-1.033495, 42.368742], [-1.033727, 42.368759], [-1.033891, 42.368677], [-1.033987, 42.368496], [-1.033993, 42.368336], [-1.03391, 42.368196], [-1.033774, 42.368003], [-1.033585, 42.367758], [-1.033515, 42.367573], [-1.033563, 42.36745], [-1.033602, 42.36735], [-1.033631, 42.367273], [-1.033721, 42.367173], [-1.03387, 42.367051], [-1.034028, 42.366937], [-1.034195, 42.366834], [-1.034342, 42.366695], [-1.034467, 42.366522], [-1.034519, 42.36634], [-1.034499, 42.366151], [-1.034612, 42.366027], [-1.034859, 42.365968], [-1.035038, 42.365815], [-1.03515, 42.365568], [-1.035124, 42.365427], [-1.03496, 42.365392], [-1.034808, 42.365382], [-1.034668, 42.365398], [-1.034526, 42.365482], [-1.034382, 42.365637], [-1.034313, 42.36565], [-1.034318, 42.365521], [-1.034364, 42.365383], [-1.034451, 42.365235], [-1.034388, 42.365125], [-1.034174, 42.365053], [-1.034002, 42.36505], [-1.033871, 42.365118], [-1.033834, 42.365191], [-1.033892, 42.36527], [-1.033962, 42.365379], [-1.034045, 42.365519], [-1.034085, 42.365653], [-1.03408, 42.365782], [-1.033985, 42.365771], [-1.033799, 42.365621], [-1.0337, 42.365472], [-1.033687, 42.365324], [-1.033666, 42.365172], [-1.033637, 42.365016], [-1.033587, 42.364899], [-1.033515, 42.364822], [-1.033608, 42.3647], [-1.033863, 42.364533], [-1.033902, 42.36447], [-1.033723, 42.364511], [-1.03355, 42.364583], [-1.033383, 42.364687], [-1.033209, 42.364791], [-1.033028, 42.364896], [-1.032881, 42.364918], [-1.03277, 42.364856], [-1.032652, 42.364799], [-1.032528, 42.364749], [-1.032407, 42.364714], [-1.032289, 42.364695], [-1.032198, 42.364748], [-1.032135, 42.364872], [-1.031945, 42.364925], [-1.031626, 42.364907], [-1.031377, 42.364993], [-1.031197, 42.365183], [-1.031025, 42.36526], [-1.030861, 42.365225], [-1.030827, 42.365154], [-1.030922, 42.365048], [-1.031003, 42.364926], [-1.031072, 42.364789], [-1.031109, 42.364716], [-1.031113, 42.364707], [-1.031125, 42.3646], [-1.031145, 42.364395], [-1.03157, 42.364024], [-1.032402, 42.363485], [-1.033, 42.36327], [-1.033364, 42.363379], [-1.03358, 42.36335], [-1.03365, 42.363183], [-1.033646, 42.363045], [-1.033568, 42.362936], [-1.033423, 42.362846], [-1.033209, 42.362774], [-1.032984, 42.362761], [-1.032749, 42.362808], [-1.032541, 42.362804], [-1.032359, 42.36275], [-1.03219, 42.362763], [-1.032033, 42.362844], [-1.031911, 42.362959], [-1.031824, 42.363107], [-1.031685, 42.36325], [-1.031496, 42.363388], [-1.031301, 42.363537], [-1.031102, 42.363697], [-1.03086, 42.363825], [-1.030577, 42.36392], [-1.030318, 42.364108], [-1.030084, 42.364389], [-1.029966, 42.364642], [-1.029964, 42.364866], [-1.029963, 42.364989], [-1.029963, 42.365013], [-1.029963, 42.365024], [-1.029961, 42.365025], [-1.029788, 42.364986], [-1.029442, 42.364909], [-1.029181, 42.364757], [-1.029007, 42.36453], [-1.028794, 42.364454], [-1.028542, 42.364531], [-1.028356, 42.364478], [-1.028233, 42.364294], [-1.028085, 42.364212], [-1.027912, 42.364231], [-1.027805, 42.364193], [-1.027766, 42.364099], [-1.027619, 42.364024], [-1.027366, 42.36397], [-1.027151, 42.364002], [-1.026973, 42.36412], [-1.026752, 42.36412], [-1.026487, 42.364001], [-1.026297, 42.363874], [-1.026184, 42.363738], [-1.026146, 42.363594], [-1.026185, 42.363442], [-1.02617, 42.363304], [-1.026103, 42.36318], [-1.025903, 42.363054], [-1.02557, 42.362926], [-1.02528, 42.362917], [-1.025035, 42.363026], [-1.02509, 42.362847], [-1.025447, 42.36238], [-1.025461, 42.362157], [-1.025133, 42.362176], [-1.025008, 42.362098], [-1.025088, 42.361922], [-1.025209, 42.361823], [-1.025369, 42.361801], [-1.025605, 42.361778], [-1.025916, 42.361754], [-1.026079, 42.36163], [-1.026095, 42.361404], [-1.025969, 42.361306], [-1.025703, 42.361336], [-1.025301, 42.361332], [-1.024764, 42.361295], [-1.024447, 42.361207], [-1.02435, 42.361069], [-1.0243, 42.360987], [-1.024299, 42.360962], [-1.024327, 42.360928], [-1.024386, 42.360887], [-1.024454, 42.360779], [-1.024533, 42.360606], [-1.024728, 42.360585], [-1.02504, 42.360715], [-1.025354, 42.360681], [-1.025671, 42.360481], [-1.025947, 42.360361], [-1.026183, 42.360318], [-1.026542, 42.360345], [-1.027024, 42.36044], [-1.027323, 42.360505], [-1.027441, 42.360542], [-1.027531, 42.360672], [-1.027594, 42.360895], [-1.027708, 42.36103], [-1.027871, 42.361078], [-1.0281, 42.360938], [-1.028393, 42.36061], [-1.028571, 42.360376], [-1.028634, 42.360238], [-1.02874, 42.360095], [-1.02889, 42.359947], [-1.029118, 42.359807], [-1.029426, 42.359674], [-1.029747, 42.359557], [-1.030082, 42.359454], [-1.030213, 42.359325], [-1.03014, 42.359168], [-1.029736, 42.359196], [-1.029001, 42.359409], [-1.028472, 42.359541], [-1.02815, 42.359592], [-1.0278, 42.359672], [-1.027421, 42.359779], [-1.027115, 42.359739], [-1.026882, 42.359551], [-1.026671, 42.359368], [-1.026484, 42.359192], [-1.026436, 42.358992], [-1.026527, 42.358768], [-1.026644, 42.358566], [-1.026788, 42.358386], [-1.026918, 42.358133], [-1.027035, 42.357808], [-1.027158, 42.357753], [-1.027286, 42.357969], [-1.027521, 42.358042], [-1.027862, 42.357972], [-1.028164, 42.35793], [-1.028427, 42.357918], [-1.028579, 42.357843], [-1.02862, 42.357707], [-1.02853, 42.35752], [-1.028309, 42.357281], [-1.028168, 42.357153], [-1.028106, 42.357136], [-1.028107, 42.356982], [-1.028173, 42.356691], [-1.028221, 42.356475], [-1.028252, 42.356333], [-1.02817, 42.356316], [-1.027975, 42.356422], [-1.027822, 42.356524], [-1.027711, 42.356622], [-1.027599, 42.356634], [-1.027485, 42.356561], [-1.027422, 42.356523], [-1.02741, 42.356519], [-1.027404, 42.356502], [-1.027405, 42.356474], [-1.027423, 42.356376], [-1.027459, 42.356207], [-1.027455, 42.35601], [-1.027414, 42.355785], [-1.027393, 42.355614], [-1.027394, 42.355499], [-1.027614, 42.355253], [-1.028053, 42.354876], [-1.028317, 42.354636], [-1.028406, 42.354532], [-1.028586, 42.354395], [-1.028857, 42.354224], [-1.028988, 42.354068], [-1.02898, 42.353928], [-1.029126, 42.353676], [-1.029427, 42.353312], [-1.029609, 42.353003], [-1.029673, 42.352749], [-1.029595, 42.352446], [-1.029375, 42.352092], [-1.029474, 42.35167], [-1.029892, 42.35118], [-1.030136, 42.351128], [-1.030208, 42.351515], [-1.030384, 42.351693], [-1.030666, 42.351662], [-1.030848, 42.351606], [-1.030929, 42.351526], [-1.031026, 42.351481], [-1.031136, 42.351473], [-1.031227, 42.351428], [-1.031298, 42.351345], [-1.031386, 42.35124], [-1.031491, 42.351111], [-1.031583, 42.350989], [-1.031662, 42.350874], [-1.03173, 42.350739], [-1.031787, 42.350584], [-1.031815, 42.350491], [-1.031812, 42.350461], [-1.03183, 42.350443], [-1.031869, 42.350437], [-1.03199, 42.350519], [-1.032193, 42.350688], [-1.032318, 42.350701], [-1.032363, 42.350558], [-1.032452, 42.350457], [-1.032584, 42.3504], [-1.032656, 42.350286], [-1.032667, 42.350114], [-1.032607, 42.349982], [-1.032476, 42.34989], [-1.0324, 42.349909], [-1.032381, 42.350039], [-1.032341, 42.350091], [-1.032279, 42.350066], [-1.032217, 42.350041], [-1.032155, 42.350016], [-1.032027, 42.350023], [-1.031832, 42.350061], [-1.031711, 42.350021], [-1.031661, 42.349903], [-1.031635, 42.349842], [-1.031632, 42.349838], [-1.031635, 42.349811], [-1.031644, 42.349761], [-1.031629, 42.349691], [-1.03159, 42.349601], [-1.031578, 42.349353], [-1.031591, 42.348946], [-1.031623, 42.348712], [-1.031673, 42.348653], [-1.031806, 42.348628], [-1.032022, 42.348636], [-1.032113, 42.348563], [-1.032077, 42.348409], [-1.032268, 42.348331], [-1.032684, 42.348328], [-1.032925, 42.34827], [-1.03299, 42.348158], [-1.033039, 42.348098], [-1.033072, 42.348091], [-1.033227, 42.348024], [-1.033504, 42.347898], [-1.033706, 42.347753], [-1.033834, 42.34759], [-1.033945, 42.347418], [-1.034041, 42.347237], [-1.03409, 42.347116], [-1.034092, 42.347055], [-1.034094, 42.34699], [-1.034097, 42.346924], [-1.034017, 42.346798], [-1.033854, 42.346614], [-1.033738, 42.346451], [-1.033669, 42.346309], [-1.033654, 42.346231], [-1.033694, 42.346216], [-1.033833, 42.34627], [-1.034071, 42.346393], [-1.034251, 42.346517], [-1.034375, 42.346642], [-1.034414, 42.346776], [-1.034368, 42.346919], [-1.034344, 42.346995], [-1.034341, 42.347004], [-1.034289, 42.347148], [-1.034188, 42.347428], [-1.034074, 42.347649], [-1.033946, 42.347812], [-1.03381, 42.347965], [-1.033665, 42.348109], [-1.033494, 42.348272], [-1.033299, 42.348453], [-1.033228, 42.348615], [-1.033283, 42.348758], [-1.033356, 42.348803], [-1.033447, 42.348751], [-1.033565, 42.348653], [-1.03371, 42.348509], [-1.03387, 42.348369], [-1.034045, 42.348232], [-1.034256, 42.348092], [-1.034501, 42.347948], [-1.034722, 42.347865], [-1.034919, 42.347844], [-1.034936, 42.3479], [-1.034775, 42.348035], [-1.034546, 42.348188], [-1.034248, 42.348359], [-1.033975, 42.348549], [-1.033727, 42.348757], [-1.033638, 42.348895], [-1.033708, 42.348962], [-1.033877, 42.348874], [-1.034148, 42.348631], [-1.034347, 42.348471], [-1.034476, 42.348393], [-1.03466, 42.348303], [-1.034899, 42.348202], [-1.035097, 42.348149], [-1.035253, 42.348142], [-1.035161, 42.348227], [-1.034822, 42.348403], [-1.034631, 42.348535], [-1.034591, 42.348625], [-1.034778, 42.348594], [-1.035194, 42.348442], [-1.03546, 42.34837], [-1.035576, 42.348378], [-1.035724, 42.348442], [-1.035903, 42.348561], [-1.035935, 42.348616], [-1.035819, 42.348607], [-1.035621, 42.348581], [-1.03534, 42.348537], [-1.035096, 42.348607], [-1.034886, 42.34879], [-1.034723, 42.348877], [-1.034607, 42.348868], [-1.034489, 42.348966], [-1.034369, 42.349171], [-1.034289, 42.349356], [-1.034247, 42.34952], [-1.034193, 42.349691], [-1.034126, 42.349869], [-1.03408, 42.350007], [-1.034055, 42.350105], [-1.03412, 42.350189], [-1.034276, 42.350257], [-1.034422, 42.35031], [-1.034558, 42.350348], [-1.034669, 42.350443], [-1.034754, 42.350593], [-1.034711, 42.350709], [-1.03454, 42.350792], [-1.034532, 42.350867], [-1.034688, 42.350936], [-1.034792, 42.350993], [-1.034843, 42.351041], [-1.034971, 42.351112], [-1.035175, 42.351207], [-1.035421, 42.35126], [-1.035709, 42.35127], [-1.035939, 42.351272], [-1.036109, 42.351264], [-1.036325, 42.351272], [-1.036588, 42.351296], [-1.036826, 42.351307], [-1.03704, 42.351305], [-1.03722, 42.351349], [-1.037366, 42.35144], [-1.037509, 42.351477], [-1.037649, 42.351462], [-1.037788, 42.351399], [-1.037925, 42.351288], [-1.038006, 42.351146], [-1.038032, 42.350972], [-1.038072, 42.35084], [-1.038126, 42.350749], [-1.038237, 42.350652], [-1.038404, 42.350548], [-1.038587, 42.350528], [-1.038785, 42.350592], [-1.038757, 42.350674], [-1.038504, 42.350777], [-1.038442, 42.350869], [-1.038572, 42.35095], [-1.038582, 42.351082], [-1.038472, 42.351265], [-1.03836, 42.351469], [-1.038244, 42.351695], [-1.038319, 42.351755], [-1.038587, 42.351651], [-1.038765, 42.351531], [-1.038854, 42.351393], [-1.03891, 42.351233], [-1.038934, 42.351049], [-1.039046, 42.350882], [-1.039247, 42.350732], [-1.039383, 42.350574], [-1.039452, 42.350406], [-1.039559, 42.350325], [-1.039703, 42.350331], [-1.039832, 42.35029], [-1.039944, 42.350203], [-1.040071, 42.350152], [-1.040211, 42.350136], [-1.040369, 42.350061], [-1.040544, 42.349924], [-1.040726, 42.349862], [-1.040914, 42.349873], [-1.041061, 42.349814], [-1.041166, 42.349685], [-1.041334, 42.349624], [-1.041564, 42.349631], [-1.041732, 42.349607], [-1.041836, 42.349553], [-1.041645, 42.349484], [-1.041156, 42.349399], [-1.040937, 42.349295], [-1.040986, 42.349173], [-1.041014, 42.349058], [-1.041023, 42.34895], [-1.040916, 42.348872], [-1.040692, 42.348822], [-1.040532, 42.348813], [-1.040438, 42.348844], [-1.040369, 42.3489], [-1.040327, 42.348979], [-1.0403, 42.349105], [-1.040289, 42.349276], [-1.040228, 42.349373], [-1.040118, 42.349396], [-1.040002, 42.34935], [-1.03988, 42.349236], [-1.039719, 42.349099], [-1.039518, 42.34894], [-1.039328, 42.348844], [-1.03915, 42.34881], [-1.03908, 42.348701], [-1.039117, 42.348516], [-1.039125, 42.348395], [-1.039103, 42.348339], [-1.039062, 42.348231], [-1.039001, 42.348073], [-1.03878, 42.347893], [-1.038399, 42.34769], [-1.038258, 42.347546], [-1.038356, 42.34746], [-1.038437, 42.347393], [-1.038499, 42.347343], [-1.038598, 42.347295], [-1.038733, 42.347248], [-1.038913, 42.347293], [-1.039138, 42.347427], [-1.039256, 42.347638], [-1.039266, 42.347925], [-1.039286, 42.348126], [-1.039316, 42.348241], [-1.03934, 42.348335], [-1.039359, 42.348405], [-1.039448, 42.348485], [-1.039608, 42.348574], [-1.039754, 42.348669], [-1.039888, 42.348772], [-1.040039, 42.348814], [-1.040207, 42.348795], [-1.040309, 42.348726], [-1.040344, 42.348605], [-1.040322, 42.34849], [-1.040245, 42.348381], [-1.040268, 42.348352], [-1.040392, 42.348402], [-1.040477, 42.348398], [-1.040524, 42.34834], [-1.04055, 42.34821], [-1.040555, 42.348008], [-1.040558, 42.347907], [-1.040558, 42.347905], [-1.04056, 42.347905], [-1.040564, 42.347905], [-1.040678, 42.347903], [-1.040903, 42.347899], [-1.040999, 42.347814], [-1.040968, 42.347647], [-1.04088, 42.34756], [-1.040733, 42.347553], [-1.040653, 42.347446], [-1.04064, 42.347237], [-1.040741, 42.347158], [-1.040956, 42.347207], [-1.041104, 42.347259], [-1.041186, 42.347314], [-1.041295, 42.347435], [-1.041429, 42.347623], [-1.041542, 42.34769], [-1.041633, 42.347638], [-1.041732, 42.347595], [-1.041841, 42.347561], [-1.041968, 42.347515], [-1.042115, 42.347457], [-1.042245, 42.347501], [-1.042358, 42.347648], [-1.042463, 42.347791], [-1.04256, 42.347929], [-1.042716, 42.348035], [-1.04293, 42.348107], [-1.043073, 42.348033], [-1.043147, 42.347812], [-1.043116, 42.347645], [-1.042981, 42.347532], [-1.042906, 42.347396], [-1.042891, 42.347238], [-1.042877, 42.347048], [-1.042865, 42.346826], [-1.042606, 42.346785], [-1.042103, 42.346926], [-1.04181, 42.346931], [-1.041729, 42.346802], [-1.041572, 42.346691], [-1.041341, 42.3466], [-1.041174, 42.346437], [-1.041074, 42.346203], [-1.041154, 42.346056], [-1.041415, 42.345995], [-1.04159, 42.345896], [-1.041679, 42.345758], [-1.041637, 42.345646], [-1.041463, 42.345558], [-1.041245, 42.345465], [-1.040984, 42.345366], [-1.040778, 42.345224], [-1.04063, 42.345038], [-1.040535, 42.344953], [-1.040495, 42.344968], [-1.04028, 42.34497], [-1.039892, 42.344959], [-1.039666, 42.344899], [-1.039603, 42.344789], [-1.039563, 42.344722], [-1.039547, 42.344699], [-1.039489, 42.344615], [-1.039387, 42.34447], [-1.03927, 42.344384], [-1.039136, 42.344356], [-1.038951, 42.34434], [-1.038715, 42.344335], [-1.038564, 42.344294], [-1.038498, 42.344214], [-1.03837, 42.344126], [-1.038181, 42.34403], [-1.038098, 42.34389], [-1.038121, 42.343706], [-1.03813, 42.343528], [-1.038125, 42.343356], [-1.038137, 42.343302], [-1.038164, 42.343365], [-1.038282, 42.343337], [-1.038489, 42.343218], [-1.0386, 42.343121], [-1.038614, 42.343045], [-1.038716, 42.343012], [-1.038904, 42.343024], [-1.0391, 42.342959], [-1.039303, 42.34282], [-1.039576, 42.34271], [-1.03992, 42.34263], [-1.040325, 42.342574], [-1.040792, 42.342544], [-1.041105, 42.342419], [-1.041265, 42.3422], [-1.041377, 42.341997], [-1.041443, 42.341812], [-1.041558, 42.341661], [-1.041723, 42.341544], [-1.041768, 42.341414], [-1.041691, 42.341273], [-1.041676, 42.341122], [-1.041722, 42.340962], [-1.041747, 42.340847], [-1.041749, 42.340777], [-1.041851, 42.340747], [-1.042052, 42.340758], [-1.042189, 42.340661], [-1.042262, 42.340455], [-1.042254, 42.340234], [-1.042166, 42.339997], [-1.04216, 42.339908], [-1.042237, 42.339965], [-1.042379, 42.340015], [-1.042586, 42.340058], [-1.042919, 42.340062], [-1.043377, 42.340029], [-1.043713, 42.339934], [-1.043927, 42.339779], [-1.044213, 42.339649], [-1.044569, 42.339544], [-1.044843, 42.339527], [-1.045033, 42.339599], [-1.045207, 42.339593], [-1.045364, 42.339509], [-1.045548, 42.33946], [-1.045761, 42.339447], [-1.045831, 42.339519], [-1.04576, 42.339676], [-1.045688, 42.339774], [-1.045614, 42.339812], [-1.045536, 42.339852], [-1.045452, 42.339896], [-1.045306, 42.339971], [-1.045097, 42.340079], [-1.04494, 42.340198], [-1.044835, 42.340327], [-1.04476, 42.340463], [-1.044715, 42.340606], [-1.04466, 42.340735], [-1.044595, 42.340848], [-1.044669, 42.340861], [-1.044882, 42.340774], [-1.045011, 42.340813], [-1.045056, 42.340978], [-1.045096, 42.341075], [-1.045131, 42.341103], [-1.045215, 42.341168], [-1.045347, 42.341271], [-1.045366, 42.341381], [-1.045273, 42.341498], [-1.045184, 42.34157], [-1.045097, 42.341597], [-1.045044, 42.341614], [-1.045023, 42.34162], [-1.044938, 42.341647], [-1.044788, 42.341695], [-1.04464, 42.341711], [-1.044494, 42.341695], [-1.044376, 42.341699], [-1.044286, 42.341723], [-1.044217, 42.341741], [-1.044171, 42.341754], [-1.044101, 42.341781], [-1.044009, 42.341823], [-1.044003, 42.3419], [-1.044084, 42.342011], [-1.044142, 42.34209], [-1.044176, 42.342136], [-1.044117, 42.342216], [-1.043966, 42.342328], [-1.04392, 42.342424], [-1.043977, 42.342503], [-1.044048, 42.342575], [-1.044131, 42.34264], [-1.044183, 42.342725], [-1.044202, 42.342829], [-1.044334, 42.342847], [-1.044579, 42.342777], [-1.044813, 42.342762], [-1.045035, 42.342802], [-1.045108, 42.342927], [-1.045032, 42.343137], [-1.045046, 42.343253], [-1.045151, 42.343273], [-1.045268, 42.34333], [-1.0454, 42.343422], [-1.045505, 42.343527], [-1.045585, 42.343646], [-1.045637, 42.343774], [-1.045662, 42.343909], [-1.04567, 42.344007], [-1.045662, 42.344067], [-1.045786, 42.34409], [-1.046041, 42.344077], [-1.046153, 42.343982], [-1.04612, 42.343804], [-1.046163, 42.343619], [-1.046282, 42.343425], [-1.046477, 42.343223], [-1.046747, 42.343012], [-1.046925, 42.342851], [-1.047011, 42.342741], [-1.047138, 42.3427], [-1.047309, 42.34273], [-1.047439, 42.342798], [-1.047528, 42.342907], [-1.047464, 42.343056], [-1.047248, 42.343244], [-1.047111, 42.343424], [-1.047054, 42.343595], [-1.047003, 42.343798], [-1.046958, 42.344033], [-1.04687, 42.34433], [-1.046737, 42.34469], [-1.04675, 42.344872], [-1.046909, 42.344876], [-1.046996, 42.345036], [-1.04701, 42.345353], [-1.047064, 42.345453], [-1.047157, 42.345336], [-1.04728, 42.345227], [-1.047433, 42.345125], [-1.047569, 42.345046], [-1.047688, 42.344991], [-1.047901, 42.344946], [-1.04821, 42.344912], [-1.048409, 42.344826], [-1.048498, 42.344688], [-1.048547, 42.344566], [-1.048556, 42.344458], [-1.048554, 42.344369], [-1.048541, 42.344299], [-1.048589, 42.344242], [-1.048699, 42.344201], [-1.04869, 42.34413], [-1.048561, 42.344029], [-1.048651, 42.34392], [-1.048961, 42.343804], [-1.049135, 42.343547], [-1.049172, 42.343148], [-1.049211, 42.34288], [-1.049252, 42.342744], [-1.049371, 42.342674], [-1.049569, 42.342668], [-1.049782, 42.342563], [-1.050009, 42.342357], [-1.050199, 42.342188], [-1.050352, 42.342056], [-1.050559, 42.341984], [-1.050823, 42.341971], [-1.05112, 42.341906], [-1.051452, 42.341787], [-1.051892, 42.341656], [-1.05244, 42.341514], [-1.052875, 42.341474], [-1.053197, 42.341537], [-1.053619, 42.341491], [-1.054143, 42.341334], [-1.054665, 42.341227], [-1.055185, 42.34117], [-1.055681, 42.341099], [-1.056151, 42.341014], [-1.056473, 42.340962], [-1.056647, 42.340943], [-1.056653, 42.34086], [-1.056494, 42.340714], [-1.05653, 42.340611], [-1.056762, 42.340552], [-1.056909, 42.340528], [-1.056969, 42.340537], [-1.056996, 42.340429], [-1.056988, 42.340204], [-1.056932, 42.339963], [-1.056827, 42.339709], [-1.056792, 42.339521], [-1.056827, 42.3394], [-1.056875, 42.339272], [-1.056936, 42.339138], [-1.057052, 42.339029], [-1.057223, 42.338946], [-1.05734, 42.338923], [-1.057404, 42.338958], [-1.057399, 42.339007], [-1.057324, 42.339068], [-1.057233, 42.339195], [-1.057126, 42.339388], [-1.057104, 42.339582], [-1.057169, 42.339778], [-1.057222, 42.339947], [-1.057263, 42.340092], [-1.057292, 42.340271], [-1.05731, 42.340484], [-1.057333, 42.340593], [-1.057364, 42.340597], [-1.057398, 42.340581], [-1.057435, 42.340544], [-1.057555, 42.340712], [-1.057756, 42.341084], [-1.057914, 42.341157], [-1.058026, 42.340931], [-1.058076, 42.340663], [-1.058063, 42.340352], [-1.05805, 42.340174], [-1.058036, 42.340129], [-1.058144, 42.340045], [-1.058373, 42.339923], [-1.05862, 42.339841], [-1.058885, 42.339801], [-1.059095, 42.339816], [-1.059251, 42.339884], [-1.05947, 42.33987], [-1.059753, 42.339775], [-1.060047, 42.3397], [-1.060352, 42.339645], [-1.060674, 42.339567], [-1.061013, 42.339466], [-1.061244, 42.33936], [-1.061367, 42.339251], [-1.061438, 42.339131], [-1.061457, 42.339001], [-1.061361, 42.338948], [-1.061151, 42.338971], [-1.06102, 42.338922], [-1.060969, 42.3388], [-1.060906, 42.33869], [-1.06083, 42.338591], [-1.060667, 42.338599], [-1.060416, 42.338712], [-1.060252, 42.338831], [-1.060175, 42.338957], [-1.06, 42.339135], [-1.059728, 42.339368], [-1.059416, 42.339498], [-1.059063, 42.339526], [-1.058734, 42.339568], [-1.058429, 42.339623], [-1.05819, 42.339682], [-1.058017, 42.339745], [-1.057922, 42.339751], [-1.057907, 42.3397], [-1.057861, 42.339646], [-1.057783, 42.339589], [-1.057792, 42.339469], [-1.057888, 42.339288], [-1.05805, 42.339084], [-1.05828, 42.338856], [-1.058449, 42.338646], [-1.058556, 42.338453], [-1.058668, 42.338319], [-1.058782, 42.338242], [-1.058905, 42.33817], [-1.059036, 42.338102], [-1.059147, 42.338047], [-1.05924, 42.338005], [-1.059307, 42.337984], [-1.05935, 42.337982], [-1.059421, 42.33798], [-1.059521, 42.337976], [-1.059581, 42.337915], [-1.059602, 42.337795], [-1.059581, 42.337723], [-1.059519, 42.337698], [-1.059444, 42.337667], [-1.059356, 42.337632], [-1.059294, 42.337606], [-1.059258, 42.337592], [-1.059196, 42.337536], [-1.059106, 42.33744], [-1.05906, 42.33739], [-1.059056, 42.337388], [-1.058849, 42.337434], [-1.05844, 42.33753], [-1.058029, 42.337601], [-1.057618, 42.337646], [-1.057361, 42.337634], [-1.057259, 42.337563], [-1.057183, 42.33739], [-1.057132, 42.337116], [-1.056929, 42.336974], [-1.056574, 42.336964], [-1.056333, 42.336916], [-1.056206, 42.336832], [-1.056006, 42.336763], [-1.055731, 42.336711], [-1.055577, 42.336654], [-1.055543, 42.336592], [-1.055531, 42.336405], [-1.055539, 42.336091], [-1.05537, 42.335896], [-1.055024, 42.335819], [-1.054746, 42.335751], [-1.054536, 42.335692], [-1.054322, 42.335609], [-1.054103, 42.335501], [-1.053846, 42.335365], [-1.05355, 42.335201], [-1.053331, 42.334912], [-1.053188, 42.3345], [-1.052853, 42.334241], [-1.052325, 42.334135], [-1.051953, 42.334036], [-1.051737, 42.333945], [-1.051582, 42.334003], [-1.051488, 42.334211], [-1.05099, 42.334331], [-1.05009, 42.334365], [-1.049462, 42.334557], [-1.049107, 42.334909], [-1.048781, 42.335117], [-1.048484, 42.335183], [-1.04822, 42.335311], [-1.04799, 42.3355], [-1.047947, 42.335628], [-1.048092, 42.335695], [-1.048288, 42.335739], [-1.048535, 42.335761], [-1.048712, 42.3357], [-1.048818, 42.335557], [-1.049135, 42.335415], [-1.049662, 42.335275], [-1.050001, 42.335139], [-1.050154, 42.335007], [-1.050423, 42.334912], [-1.05081, 42.334853], [-1.051154, 42.334798], [-1.051455, 42.334749], [-1.051685, 42.334682], [-1.051847, 42.334599], [-1.052089, 42.334654], [-1.052413, 42.334849], [-1.052716, 42.335054], [-1.052999, 42.335269], [-1.053173, 42.335554], [-1.053239, 42.335909], [-1.053246, 42.336188], [-1.053195, 42.336391], [-1.053025, 42.336664], [-1.052735, 42.337009], [-1.052491, 42.337126], [-1.052294, 42.337016], [-1.052055, 42.336977], [-1.051773, 42.337008], [-1.051545, 42.337033], [-1.051372, 42.337052], [-1.051288, 42.337135], [-1.051293, 42.337283], [-1.051498, 42.337375], [-1.051903, 42.337413], [-1.052181, 42.337481], [-1.052332, 42.337579], [-1.052162, 42.33768], [-1.051673, 42.337783], [-1.051267, 42.337861], [-1.050945, 42.337913], [-1.050692, 42.337858], [-1.050508, 42.337698], [-1.050303, 42.33749], [-1.050079, 42.337235], [-1.049935, 42.337054], [-1.049871, 42.336946], [-1.049777, 42.336935], [-1.049653, 42.337022], [-1.049613, 42.337161], [-1.049657, 42.33735], [-1.049677, 42.337449], [-1.049673, 42.337456], [-1.04977, 42.337515], [-1.049967, 42.337625], [-1.050123, 42.337796], [-1.050238, 42.338028], [-1.050211, 42.338116], [-1.050043, 42.33806], [-1.049876, 42.338009], [-1.04971, 42.337964], [-1.049605, 42.337887], [-1.049561, 42.337779], [-1.049538, 42.337728], [-1.049534, 42.337735], [-1.049469, 42.337665], [-1.049342, 42.33752], [-1.049188, 42.337425], [-1.049008, 42.337381], [-1.048908, 42.337418], [-1.048887, 42.337538], [-1.048855, 42.337675], [-1.048812, 42.337828], [-1.048672, 42.337886], [-1.048436, 42.337848], [-1.048157, 42.337773], [-1.047835, 42.337659], [-1.047768, 42.337565], [-1.047955, 42.337491], [-1.048183, 42.337414], [-1.048453, 42.337334], [-1.048595, 42.337292], [-1.048611, 42.337288], [-1.048645, 42.337193], [-1.0487, 42.337008], [-1.04873, 42.336906], [-1.048735, 42.336888], [-1.048738, 42.33683], [-1.048739, 42.336733], [-1.048607, 42.336567], [-1.048343, 42.336333], [-1.048062, 42.336191], [-1.047766, 42.336142], [-1.047549, 42.336108], [-1.047413, 42.33609], [-1.047184, 42.336222], [-1.04686, 42.336505], [-1.046614, 42.336729], [-1.046446, 42.336895], [-1.046261, 42.337031], [-1.046059, 42.337135], [-1.045819, 42.337211], [-1.04554, 42.337258], [-1.045071, 42.337351], [-1.044411, 42.337489], [-1.044005, 42.337509], [-1.043855, 42.337411], [-1.043737, 42.337251], [-1.043652, 42.33703], [-1.043636, 42.336826], [-1.04369, 42.33664], [-1.043766, 42.33645], [-1.043863, 42.336259], [-1.043904, 42.336065], [-1.04389, 42.335869], [-1.043824, 42.335688], [-1.043704, 42.33552], [-1.043529, 42.335442], [-1.043299, 42.335453], [-1.043156, 42.335311], [-1.043102, 42.335018], [-1.04314, 42.334758], [-1.04327, 42.334531], [-1.043382, 42.334284], [-1.043476, 42.334018], [-1.043488, 42.333777], [-1.04342, 42.333561], [-1.043317, 42.333391], [-1.04318, 42.333268], [-1.04311, 42.333238], [-1.043107, 42.333303], [-1.043106, 42.333452], [-1.043106, 42.333686], [-1.04286, 42.333788], [-1.042368, 42.333757], [-1.042137, 42.333787], [-1.042169, 42.33388], [-1.042268, 42.333954], [-1.042436, 42.33401], [-1.042512, 42.334108], [-1.042494, 42.334248], [-1.042455, 42.334343], [-1.042392, 42.334393], [-1.042308, 42.334365], [-1.042203, 42.334259], [-1.042096, 42.334241], [-1.041987, 42.334312], [-1.04192, 42.334341], [-1.041894, 42.334331], [-1.041877, 42.334298], [-1.04187, 42.334244], [-1.041834, 42.334161], [-1.041771, 42.334051], [-1.041675, 42.333998], [-1.041547, 42.334001], [-1.041402, 42.334033], [-1.041242, 42.334093], [-1.041161, 42.334236], [-1.041159, 42.334459], [-1.041111, 42.334624], [-1.041016, 42.334731], [-1.040874, 42.334819], [-1.040686, 42.33489], [-1.040578, 42.334916], [-1.040551, 42.334899], [-1.040519, 42.334793], [-1.040483, 42.3346], [-1.040419, 42.334492], [-1.040326, 42.334469], [-1.040086, 42.334479], [-1.039699, 42.334522], [-1.039415, 42.334462], [-1.039236, 42.334299], [-1.039042, 42.33416], [-1.038835, 42.334044], [-1.038721, 42.333897], [-1.038703, 42.333718], [-1.038687, 42.333517], [-1.038675, 42.333295], [-1.038603, 42.333218], [-1.038472, 42.333285], [-1.038363, 42.333388], [-1.038273, 42.333526], [-1.038173, 42.333718], [-1.038061, 42.333964], [-1.037976, 42.334165], [-1.037919, 42.334321], [-1.037923, 42.334496], [-1.037988, 42.334691], [-1.038018, 42.334796], [-1.038013, 42.33481], [-1.037866, 42.334822], [-1.037577, 42.334832], [-1.037259, 42.334847], [-1.036914, 42.334867], [-1.036682, 42.33478], [-1.036563, 42.334584], [-1.036373, 42.334517], [-1.036113, 42.334578], [-1.03596, 42.33473], [-1.035915, 42.334974], [-1.035792, 42.335164], [-1.035592, 42.335301], [-1.035481, 42.335422], [-1.035458, 42.335529], [-1.035706, 42.335668], [-1.036224, 42.335841], [-1.036551, 42.335995], [-1.036686, 42.336128], [-1.036817, 42.336179], [-1.036944, 42.336149], [-1.037021, 42.336096], [-1.037047, 42.336023], [-1.037137, 42.335965], [-1.03729, 42.335924], [-1.037342, 42.33604], [-1.037292, 42.336312], [-1.037345, 42.336481], [-1.0375, 42.33655], [-1.037694, 42.336629], [-1.037926, 42.336721], [-1.038072, 42.336817], [-1.038134, 42.336916], [-1.038177, 42.336975], [-1.038203, 42.336991], [-1.038215, 42.337038], [-1.038214, 42.337114], [-1.038225, 42.337274], [-1.038248, 42.337518], [-1.0382, 42.337622], [-1.038083, 42.337585], [-1.037963, 42.337475], [-1.037841, 42.337291], [-1.037649, 42.337148], [-1.037386, 42.337045], [-1.037047, 42.336943], [-1.03663, 42.336841], [-1.036512, 42.33692], [-1.036693, 42.337179], [-1.036759, 42.337579], [-1.036711, 42.338118], [-1.036664, 42.338393], [-1.036619, 42.338405], [-1.036557, 42.338422], [-1.036476, 42.338445], [-1.036357, 42.338407], [-1.036202, 42.33831], [-1.036064, 42.338224], [-1.035945, 42.338149], [-1.035856, 42.337992], [-1.035797, 42.337754], [-1.035656, 42.337598], [-1.035431, 42.337525], [-1.035266, 42.337448], [-1.035159, 42.337369], [-1.034992, 42.337309], [-1.034763, 42.337268], [-1.034338, 42.33706], [-1.033716, 42.336685], [-1.03326, 42.33643], [-1.03297, 42.336298], [-1.032707, 42.336187], [-1.032469, 42.336098], [-1.032294, 42.335986], [-1.03218, 42.33585], [-1.032104, 42.335678], [-1.032065, 42.335468], [-1.032039, 42.335266], [-1.032025, 42.33507], [-1.032033, 42.334872], [-1.032062, 42.334671], [-1.032081, 42.334499], [-1.032089, 42.334354], [-1.032095, 42.334263], [-1.032097, 42.334226], [-1.0321, 42.3341], [-1.032105, 42.333886], [-1.032099, 42.333672], [-1.032082, 42.333461], [-1.031836, 42.33315], [-1.031363, 42.332742], [-1.031028, 42.332425], [-1.030832, 42.3322], [-1.030663, 42.332005], [-1.030522, 42.33184], [-1.030404, 42.331738], [-1.030308, 42.331699], [-1.030259, 42.331852], [-1.030257, 42.332198], [-1.030483, 42.332584], [-1.030937, 42.333011], [-1.031242, 42.333462], [-1.031396, 42.333939], [-1.031449, 42.334272], [-1.031401, 42.334464], [-1.031357, 42.334641], [-1.031315, 42.334805], [-1.031289, 42.335036], [-1.031278, 42.335333], [-1.031304, 42.335593], [-1.031367, 42.335816], [-1.03148, 42.33601], [-1.031643, 42.336173], [-1.031557, 42.336305], [-1.031222, 42.336408], [-1.031116, 42.336551], [-1.031238, 42.336735], [-1.031336, 42.336905], [-1.031409, 42.337062], [-1.031651, 42.337175], [-1.032062, 42.337245], [-1.032211, 42.337335], [-1.032099, 42.337446], [-1.031884, 42.337478], [-1.031565, 42.337431], [-1.031416, 42.337521], [-1.031436, 42.337749], [-1.031345, 42.337915], [-1.031144, 42.33802], [-1.030849, 42.338159], [-1.030461, 42.338333], [-1.030109, 42.338462], [-1.029793, 42.338546], [-1.02955, 42.338491], [-1.029381, 42.338296], [-1.029278, 42.338093], [-1.029239, 42.337884], [-1.029147, 42.337746], [-1.029002, 42.33768], [-1.028882, 42.337627], [-1.028787, 42.337588], [-1.028725, 42.337496], [-1.028699, 42.337351], [-1.028759, 42.337197], [-1.028905, 42.337033], [-1.028863, 42.336922], [-1.028631, 42.336865], [-1.028469, 42.336768], [-1.028378, 42.33663], [-1.028249, 42.336652], [-1.028084, 42.336835], [-1.027969, 42.337053], [-1.027906, 42.337307], [-1.027807, 42.33749], [-1.027673, 42.337604], [-1.027644, 42.337508], [-1.027721, 42.337204], [-1.02778, 42.336984], [-1.027821, 42.336847], [-1.027882, 42.336701], [-1.027964, 42.336544], [-1.027994, 42.336409], [-1.027973, 42.336296], [-1.027797, 42.336299], [-1.027465, 42.336418], [-1.026914, 42.336487], [-1.026144, 42.336506], [-1.025558, 42.336504], [-1.025156, 42.336483], [-1.024794, 42.336498], [-1.024472, 42.33655], [-1.024245, 42.336698], [-1.024113, 42.336942], [-1.02396, 42.337132], [-1.023786, 42.337266], [-1.023663, 42.337197], [-1.02359, 42.336926], [-1.023541, 42.336718], [-1.023514, 42.336573], [-1.023465, 42.336487], [-1.023394, 42.336462], [-1.023255, 42.336544], [-1.023046, 42.336731], [-1.022843, 42.336712], [-1.022647, 42.336487], [-1.022619, 42.336334], [-1.022759, 42.336253], [-1.022988, 42.336178], [-1.023307, 42.33611], [-1.023582, 42.336039], [-1.023811, 42.335964], [-1.02398, 42.335864], [-1.02409, 42.335737], [-1.024172, 42.335522], [-1.024226, 42.33522], [-1.024346, 42.334968], [-1.02453, 42.334767], [-1.024729, 42.334589], [-1.024944, 42.334434], [-1.025129, 42.334422], [-1.025286, 42.334553], [-1.025438, 42.334536], [-1.025584, 42.334372], [-1.02562, 42.334146], [-1.025545, 42.333858], [-1.025506, 42.333649], [-1.025504, 42.333518], [-1.025517, 42.333442], [-1.025544, 42.333421], [-1.025526, 42.333416], [-1.025462, 42.333427], [-1.0255, 42.333349], [-1.02564, 42.333181], [-1.025782, 42.333099], [-1.025926, 42.333105], [-1.026037, 42.333045], [-1.026114, 42.332919], [-1.026103, 42.332819], [-1.026003, 42.332745], [-1.026055, 42.332601], [-1.026259, 42.332387], [-1.026361, 42.332163], [-1.026361, 42.331928], [-1.026409, 42.331763], [-1.026506, 42.331668], [-1.02669, 42.331504], [-1.026963, 42.331271], [-1.027015, 42.33117], [-1.026849, 42.331199], [-1.026648, 42.331311], [-1.026412, 42.331508], [-1.02625, 42.33168], [-1.026163, 42.331828], [-1.026031, 42.332082], [-1.025854, 42.332442], [-1.025712, 42.332681], [-1.025605, 42.332799], [-1.025481, 42.332941], [-1.02534, 42.333105], [-1.02513, 42.333134], [-1.024852, 42.333026], [-1.024725, 42.33288], [-1.024749, 42.332697], [-1.024835, 42.332581], [-1.024983, 42.332532], [-1.02512, 42.332459], [-1.025245, 42.33236], [-1.025307, 42.332231], [-1.025306, 42.332071], [-1.025349, 42.331954], [-1.025436, 42.331881], [-1.025495, 42.331773], [-1.025526, 42.331632], [-1.025538, 42.33154], [-1.02553, 42.331498], [-1.025583, 42.331439], [-1.025698, 42.331362], [-1.025698, 42.331263], [-1.025584, 42.331139], [-1.025552, 42.331042], [-1.025601, 42.33097], [-1.025721, 42.330865], [-1.02591, 42.330727], [-1.026063, 42.330588], [-1.026181, 42.330447], [-1.026286, 42.330244], [-1.02638, 42.329978], [-1.026441, 42.329763], [-1.026468, 42.329601], [-1.026496, 42.32948], [-1.026525, 42.329403], [-1.026427, 42.329414], [-1.026201, 42.329513], [-1.026089, 42.329445], [-1.026089, 42.329211], [-1.026145, 42.329013], [-1.026258, 42.328852], [-1.026287, 42.328737], [-1.026232, 42.328668], [-1.026033, 42.328717], [-1.025691, 42.328882], [-1.02556, 42.329099], [-1.025638, 42.329367], [-1.02557, 42.329582], [-1.025357, 42.329744], [-1.025119, 42.329967], [-1.024856, 42.330252], [-1.0246, 42.330376], [-1.02435, 42.330339], [-1.02422, 42.330319], [-1.024209, 42.330316], [-1.02411, 42.330284], [-1.023923, 42.330224], [-1.023823, 42.330175], [-1.023811, 42.330136], [-1.023793, 42.330079], [-1.02377, 42.330005], [-1.02383, 42.329891], [-1.023974, 42.329736], [-1.024184, 42.329596], [-1.024461, 42.32947], [-1.024702, 42.3293], [-1.024906, 42.329086], [-1.024998, 42.328889], [-1.02498, 42.32871], [-1.024967, 42.3286], [-1.024959, 42.328558], [-1.025082, 42.328486], [-1.025335, 42.328384], [-1.025498, 42.328259], [-1.025571, 42.328113], [-1.02554, 42.32802], [-1.025404, 42.327982], [-1.025253, 42.327955], [-1.025087, 42.327939], [-1.025018, 42.327869], [-1.025044, 42.327743], [-1.025011, 42.327611], [-1.02492, 42.327473], [-1.024864, 42.32739], [-1.024845, 42.327361], [-1.024755, 42.327316], [-1.024593, 42.327254], [-1.0245, 42.327155], [-1.024475, 42.327019], [-1.024418, 42.326908], [-1.024331, 42.326822], [-1.024274, 42.326706], [-1.024247, 42.32656], [-1.024214, 42.326462], [-1.024177, 42.326413], [-1.024195, 42.326278], [-1.024269, 42.326057], [-1.024306, 42.325945], [-1.024307, 42.325942], [-1.024279, 42.325922], [-1.024221, 42.325886], [-1.023983, 42.325809], [-1.023563, 42.32569], [-1.023323, 42.32547], [-1.023264, 42.325148], [-1.023126, 42.324941], [-1.022911, 42.32485], [-1.022862, 42.324707], [-1.022981, 42.324513], [-1.023028, 42.324409], [-1.023002, 42.324394], [-1.023064, 42.324368], [-1.023213, 42.324331], [-1.023308, 42.324304], [-1.023349, 42.324289], [-1.023418, 42.324239], [-1.023517, 42.324154], [-1.023519, 42.324047], [-1.023423, 42.323919], [-1.02339, 42.323779], [-1.02342, 42.323627], [-1.023436, 42.323481], [-1.023439, 42.323342], [-1.023345, 42.32322], [-1.023156, 42.323115], [-1.023079, 42.323044], [-1.023114, 42.323009], [-1.023143, 42.3229], [-1.023165, 42.322718], [-1.023016, 42.322611], [-1.022696, 42.322579], [-1.022605, 42.322508], [-1.022742, 42.322397], [-1.022833, 42.322318], [-1.022877, 42.32227], [-1.022786, 42.322221], [-1.022559, 42.322171], [-1.022468, 42.322103], [-1.022514, 42.322015], [-1.022554, 42.321937], [-1.02259, 42.321867], [-1.022617, 42.321758], [-1.022633, 42.321608], [-1.022625, 42.321502], [-1.022591, 42.32144], [-1.022497, 42.321171], [-1.022343, 42.320694], [-1.022222, 42.320445], [-1.022135, 42.320424], [-1.022086, 42.320356], [-1.022075, 42.320243], [-1.022012, 42.320182], [-1.021895, 42.320174], [-1.021821, 42.320211], [-1.021787, 42.320293], [-1.021709, 42.32032], [-1.021587, 42.320289], [-1.021464, 42.320214], [-1.021341, 42.320093], [-1.021251, 42.320085], [-1.021193, 42.320191], [-1.021153, 42.320298], [-1.02113, 42.320407], [-1.021028, 42.320477], [-1.020848, 42.320507], [-1.020685, 42.32053], [-1.02054, 42.320546], [-1.020303, 42.320614], [-1.019973, 42.320732], [-1.019728, 42.320834], [-1.019566, 42.320917], [-1.019425, 42.320894], [-1.019304, 42.320763], [-1.01923, 42.320622], [-1.019202, 42.320472], [-1.019143, 42.32038], [-1.019051, 42.320348], [-1.018943, 42.320307], [-1.018819, 42.320256], [-1.018713, 42.320225], [-1.018625, 42.320214], [-1.018486, 42.320234], [-1.018295, 42.320287], [-1.018153, 42.320372], [-1.01806, 42.320489], [-1.017999, 42.320623], [-1.01797, 42.320775], [-1.017898, 42.320964], [-1.017782, 42.32119], [-1.017737, 42.321332], [-1.017765, 42.321391], [-1.017635, 42.321449], [-1.017349, 42.321509], [-1.017069, 42.321635], [-1.016795, 42.32183], [-1.016679, 42.321939], [-1.016721, 42.321962], [-1.016832, 42.322024], [-1.017012, 42.322124], [-1.017178, 42.322232], [-1.017332, 42.322346], [-1.017384, 42.322505], [-1.017333, 42.322708], [-1.017343, 42.322945], [-1.017415, 42.323217], [-1.017162, 42.323401], [-1.016583, 42.323497], [-1.016028, 42.323665], [-1.015497, 42.323904], [-1.015027, 42.32417], [-1.014616, 42.324461], [-1.013797, 42.324814], [-1.01257, 42.325229], [-1.011782, 42.325513], [-1.011434, 42.325666], [-1.011049, 42.325733], [-1.010625, 42.325713], [-1.010269, 42.325637], [-1.009979, 42.325505], [-1.009827, 42.325398], [-1.009812, 42.325318], [-1.009708, 42.325115], [-1.009516, 42.324791], [-1.009344, 42.32458], [-1.009194, 42.324481], [-1.008932, 42.324378], [-1.008558, 42.324271], [-1.008157, 42.324134], [-1.007729, 42.323968], [-1.007422, 42.323862], [-1.007237, 42.323816], [-1.007013, 42.323684], [-1.006752, 42.323466], [-1.006555, 42.323176], [-1.006422, 42.322812], [-1.006324, 42.322519], [-1.00626, 42.322295], [-1.006136, 42.322038], [-1.005949, 42.321746], [-1.005783, 42.321444], [-1.005637, 42.321131], [-1.005436, 42.320939], [-1.00518, 42.320868], [-1.004804, 42.320688], [-1.004309, 42.320397], [-1.003719, 42.320075], [-1.003035, 42.319723], [-1.002522, 42.319458], [-1.002181, 42.319282], [-1.001974, 42.319239], [-1.001902, 42.319329], [-1.001668, 42.319379], [-1.001272, 42.31939], [-1.00104, 42.319259], [-1.000971, 42.318988], [-1.000997, 42.318829], [-1.001118, 42.318782], [-1.001202, 42.318707], [-1.001249, 42.318603], [-1.001266, 42.318453], [-1.001252, 42.318257], [-1.001191, 42.31805], [-1.001085, 42.317832], [-1.001, 42.317681], [-1.000936, 42.317598], [-1.000902, 42.317523], [-1.000899, 42.317458], [-1.00087, 42.317407], [-1.000815, 42.317372], [-1.000737, 42.317262], [-1.000636, 42.317075], [-1.000583, 42.316843], [-1.000575, 42.316564], [-1.000569, 42.316386], [-1.000563, 42.316308], [-1.000554, 42.316202], [-1.000543, 42.316068], [-1.000537, 42.315935], [-1.000535, 42.315804], [-1.000732, 42.315914], [-1.001128, 42.316265], [-1.001419, 42.316463], [-1.001604, 42.316509], [-1.00178, 42.316506], [-1.001948, 42.316455], [-1.002134, 42.316508], [-1.00234, 42.316667], [-1.002519, 42.316737], [-1.002671, 42.316721], [-1.002886, 42.316689], [-1.003164, 42.316642], [-1.003285, 42.316579], [-1.003249, 42.316501], [-1.003186, 42.316401], [-1.003098, 42.316279], [-1.003123, 42.316178], [-1.003263, 42.316097], [-1.00332, 42.315984], [-1.003293, 42.315839], [-1.003121, 42.315685], [-1.002804, 42.315522], [-1.002526, 42.315396], [-1.002289, 42.315307], [-1.002073, 42.315216], [-1.001879, 42.315122], [-1.00175, 42.315021], [-1.001686, 42.314913], [-1.001769, 42.314822], [-1.001998, 42.314747], [-1.002083, 42.314607], [-1.002023, 42.314399], [-1.001951, 42.314193], [-1.00187, 42.313989], [-1.001802, 42.313799], [-1.001747, 42.313624], [-1.001636, 42.313439], [-1.001467, 42.313244], [-1.001318, 42.313211], [-1.001187, 42.31334], [-1.001041, 42.313447], [-1.000879, 42.31353], [-1.000741, 42.313619], [-1.000626, 42.313714], [-1.000658, 42.313891], [-1.000839, 42.314151], [-1.000825, 42.314317], [-1.000617, 42.314389], [-1.000513, 42.314483], [-1.000512, 42.314598], [-1.000455, 42.314645], [-1.00034, 42.314625], [-1.000198, 42.314575], [-1.000029, 42.314495], [-0.999778, 42.314391], [-0.999445, 42.314263], [-0.999222, 42.314173], [-0.999109, 42.314121], [-0.998964, 42.314055], [-0.998788, 42.313974], [-0.99874, 42.313871], [-0.99882, 42.313747], [-0.998872, 42.313668], [-0.998894, 42.313632], [-0.998985, 42.313565], [-0.999144, 42.313466], [-0.999247, 42.313306], [-0.999295, 42.313087], [-0.999135, 42.312984], [-0.998767, 42.312997], [-0.998547, 42.313005], [-0.998476, 42.313007], [-0.99838, 42.31304], [-0.998259, 42.313102], [-0.998058, 42.313149], [-0.997776, 42.31318], [-0.997517, 42.313151], [-0.997279, 42.313062], [-0.996779, 42.312804], [-0.996016, 42.312378], [-0.995722, 42.311983], [-0.995898, 42.311618], [-0.995849, 42.31141], [-0.995574, 42.311358], [-0.995453, 42.311239], [-0.995485, 42.311055], [-0.995793, 42.310865], [-0.996375, 42.31067], [-0.99667, 42.310412], [-0.996675, 42.310091], [-0.996907, 42.30977], [-0.997365, 42.309447], [-0.99769, 42.309265], [-0.997882, 42.309223], [-0.998065, 42.309203], [-0.998237, 42.309205], [-0.998399, 42.30915], [-0.99855, 42.309038], [-0.998601, 42.308814], [-0.998554, 42.308478], [-0.998484, 42.308294], [-0.998393, 42.308262], [-0.99831, 42.308201], [-0.998237, 42.308114], [-0.998196, 42.307969], [-0.998187, 42.307768], [-0.998137, 42.307613], [-0.998046, 42.307506], [-0.997987, 42.30738], [-0.99796, 42.307234], [-0.99788, 42.307147], [-0.997746, 42.307119], [-0.997566, 42.307037], [-0.997341, 42.306902], [-0.997162, 42.306821], [-0.997028, 42.306793], [-0.996832, 42.30674], [-0.996574, 42.306661], [-0.996441, 42.306616], [-0.996433, 42.306602], [-0.996403, 42.306552], [-0.99635, 42.306466], [-0.996268, 42.306397], [-0.996159, 42.306345], [-0.996052, 42.306271], [-0.995949, 42.306176], [-0.995993, 42.306065], [-0.996184, 42.305938], [-0.996404, 42.30585], [-0.996652, 42.305801], [-0.996854, 42.305768], [-0.997008, 42.305751], [-0.997098, 42.305677], [-0.997123, 42.305546], [-0.997091, 42.305399], [-0.997001, 42.305238], [-0.996955, 42.305155], [-0.996952, 42.30515], [-0.99688, 42.305065], [-0.996737, 42.304899], [-0.996589, 42.304802], [-0.996437, 42.304772], [-0.996298, 42.30469], [-0.996173, 42.304555], [-0.996198, 42.304433], [-0.996372, 42.304326], [-0.99652, 42.304235], [-0.996641, 42.304161], [-0.996765, 42.30408], [-0.996892, 42.303991], [-0.997002, 42.303889], [-0.997095, 42.303772], [-0.997085, 42.303603], [-0.996973, 42.303381], [-0.99692, 42.303263], [-0.996926, 42.303248], [-0.996947, 42.303204], [-0.996981, 42.303128], [-0.99709, 42.303084], [-0.997272, 42.30307], [-0.997427, 42.303058], [-0.997555, 42.303049], [-0.997693, 42.303057], [-0.997841, 42.303083], [-0.998091, 42.303083], [-0.998444, 42.303054], [-0.99857, 42.303003], [-0.998471, 42.302929], [-0.998296, 42.302831], [-0.998044, 42.30271], [-0.997874, 42.302638], [-0.997784, 42.302616], [-0.997707, 42.30255], [-0.997644, 42.302439], [-0.997556, 42.302231], [-0.997442, 42.301924], [-0.99737, 42.301754], [-0.997338, 42.30172], [-0.997433, 42.301564], [-0.997652, 42.301285], [-0.997498, 42.30115], [-0.996969, 42.301158], [-0.996681, 42.301034], [-0.996634, 42.300776], [-0.996669, 42.30055], [-0.996788, 42.300356], [-0.996829, 42.300154], [-0.99679, 42.299945], [-0.996776, 42.299749], [-0.996787, 42.299567], [-0.996811, 42.2994], [-0.99685, 42.299248], [-0.996939, 42.299074], [-0.99708, 42.298877], [-0.997292, 42.298829], [-0.997576, 42.29893], [-0.997848, 42.299031], [-0.99811, 42.299134], [-0.99835, 42.299174], [-0.998566, 42.29915], [-0.99879, 42.299043], [-0.99902, 42.298854], [-0.999198, 42.298563], [-0.999325, 42.298171], [-0.999434, 42.297863], [-0.999526, 42.297639], [-0.99967, 42.297401], [-0.999866, 42.297149], [-1.000084, 42.296953], [-1.000323, 42.296812], [-1.000505, 42.29666], [-1.00063, 42.296498], [-1.000787, 42.296268], [-1.000975, 42.295967], [-1.001039, 42.295656], [-1.00098, 42.295334], [-1.000999, 42.295019], [-1.001097, 42.294713], [-1.001163, 42.294409], [-1.001196, 42.29411], [-1.001204, 42.293788], [-1.001185, 42.293445], [-1.001216, 42.293195], [-1.001298, 42.293038], [-1.001408, 42.292919], [-1.001548, 42.292838], [-1.00175, 42.292857], [-1.002015, 42.292976], [-1.002174, 42.292876], [-1.002225, 42.292558], [-1.00222, 42.292287], [-1.002157, 42.292064], [-1.002083, 42.291842], [-1.001998, 42.291621], [-1.00189, 42.291452], [-1.001758, 42.291335], [-1.001567, 42.2912], [-1.001318, 42.291046], [-1.001184, 42.290956], [-1.001164, 42.290929], [-1.00107, 42.290898], [-1.000902, 42.290864], [-1.000779, 42.29076], [-1.000703, 42.290588], [-1.000723, 42.290452], [-1.000837, 42.290353], [-1.000883, 42.290241], [-1.00086, 42.290116], [-1.000853, 42.29002], [-1.000863, 42.289953], [-1.000942, 42.28978], [-1.001089, 42.289501], [-1.001181, 42.28922], [-1.001217, 42.288936], [-1.001187, 42.288709], [-1.001089, 42.288539], [-1.000943, 42.288407], [-1.000749, 42.288313], [-1.000611, 42.288222], [-1.000528, 42.288132], [-1.000471, 42.287941], [-1.000439, 42.287649], [-1.000468, 42.287382], [-1.000556, 42.287143], [-1.000629, 42.286937], [-1.000686, 42.286767], [-1.000729, 42.286581], [-1.000758, 42.28638], [-1.000836, 42.286142], [-1.000962, 42.285865], [-1.00111, 42.285709], [-1.00128, 42.285674], [-1.001457, 42.285556], [-1.001641, 42.285355], [-1.001774, 42.285118], [-1.001857, 42.284846], [-1.002037, 42.284382], [-1.002314, 42.283727], [-1.002586, 42.283105], [-1.002853, 42.282517], [-1.003007, 42.282212], [-1.003048, 42.282191], [-1.003294, 42.28209], [-1.003747, 42.281909], [-1.003929, 42.281758], [-1.00384, 42.281636], [-1.003698, 42.281462], [-1.003502, 42.281237], [-1.003477, 42.281061], [-1.003623, 42.280935], [-1.003819, 42.280836], [-1.004066, 42.280765], [-1.00431, 42.280689], [-1.004553, 42.280609], [-1.004668, 42.280534], [-1.004655, 42.280464], [-1.004772, 42.280415], [-1.00502, 42.280388], [-1.005286, 42.2804], [-1.005571, 42.280451], [-1.005692, 42.280355], [-1.005647, 42.280114], [-1.005559, 42.279934], [-1.005427, 42.279817], [-1.005236, 42.279712], [-1.004984, 42.279619], [-1.00483, 42.279562], [-1.004773, 42.279541], [-1.004746, 42.279479], [-1.004748, 42.279376], [-1.004751, 42.279269], [-1.004753, 42.279158], [-1.004707, 42.279025], [-1.004613, 42.278871], [-1.004543, 42.27873], [-1.004497, 42.278604], [-1.004502, 42.278488], [-1.004555, 42.278382], [-1.004604, 42.278286], [-1.004648, 42.2782], [-1.004719, 42.27807], [-1.00482, 42.277894], [-1.004732, 42.277838], [-1.004457, 42.277901], [-1.004223, 42.277894], [-1.004032, 42.277816], [-1.003936, 42.277712], [-1.003934, 42.277581], [-1.004075, 42.277507], [-1.004359, 42.277493], [-1.004626, 42.277439], [-1.004873, 42.277346], [-1.004872, 42.27728], [-1.004622, 42.277242], [-1.004479, 42.277184], [-1.004443, 42.277105], [-1.00449, 42.277002], [-1.004621, 42.276872], [-1.004731, 42.276753], [-1.004822, 42.276644], [-1.004807, 42.276506], [-1.004688, 42.276338], [-1.004679, 42.276197], [-1.004778, 42.27608], [-1.00494, 42.275993], [-1.005164, 42.275933], [-1.005308, 42.275809], [-1.005374, 42.275621], [-1.005405, 42.275511], [-1.005401, 42.275479], [-1.00544, 42.275429], [-1.005522, 42.275363], [-1.005539, 42.275201], [-1.005492, 42.274943], [-1.005472, 42.274805], [-1.005481, 42.274786], [-1.005507, 42.274763], [-1.005551, 42.274735], [-1.005679, 42.274752], [-1.00589, 42.274814], [-1.006039, 42.274808], [-1.006126, 42.274735], [-1.006202, 42.274641], [-1.006267, 42.274528], [-1.00638, 42.274446], [-1.006543, 42.274396], [-1.006624, 42.274264], [-1.006624, 42.274051], [-1.00676, 42.273893], [-1.007033, 42.273791], [-1.007229, 42.2737], [-1.007347, 42.273621], [-1.007433, 42.273593], [-1.007487, 42.273615], [-1.007582, 42.273654], [-1.007719, 42.273709], [-1.0078, 42.273718], [-1.007823, 42.273679], [-1.007921, 42.273611], [-1.008093, 42.273513], [-1.008237, 42.273359], [-1.008353, 42.273149], [-1.008414, 42.273038], [-1.008418, 42.273027], [-1.008543, 42.272966], [-1.008787, 42.272855], [-1.009016, 42.272756], [-1.009229, 42.272669], [-1.009329, 42.272559], [-1.009316, 42.272425], [-1.009325, 42.272331], [-1.009354, 42.272276], [-1.009269, 42.272185], [-1.009069, 42.272059], [-1.008869, 42.271991], [-1.008668, 42.27198], [-1.008595, 42.271881], [-1.008649, 42.271694], [-1.008707, 42.27147], [-1.008768, 42.271208], [-1.008841, 42.270974], [-1.008926, 42.270768], [-1.00896, 42.270654], [-1.008945, 42.27063], [-1.008907, 42.270505], [-1.008847, 42.270278], [-1.008912, 42.270166], [-1.009103, 42.270169], [-1.009284, 42.270171], [-1.009456, 42.270174], [-1.009562, 42.270127], [-1.0096, 42.27003], [-1.009642, 42.269988], [-1.009686, 42.270001], [-1.009845, 42.269911], [-1.010118, 42.269716], [-1.010257, 42.269569], [-1.010261, 42.26947], [-1.010223, 42.269326], [-1.010144, 42.269138], [-1.010171, 42.268921], [-1.010302, 42.268676], [-1.010459, 42.268445], [-1.01064, 42.268228], [-1.010872, 42.268112], [-1.011156, 42.268097], [-1.011354, 42.268092], [-1.011465, 42.268096], [-1.011696, 42.26803], [-1.012046, 42.267893], [-1.012347, 42.267728], [-1.012599, 42.267536], [-1.012784, 42.267343], [-1.012903, 42.267149], [-1.012979, 42.26696], [-1.013011, 42.266776], [-1.013017, 42.266569], [-1.012998, 42.266341], [-1.013094, 42.266084], [-1.013306, 42.265798], [-1.013481, 42.265548], [-1.013619, 42.265336], [-1.013759, 42.26514], [-1.013903, 42.264959], [-1.014035, 42.26478], [-1.014157, 42.264603], [-1.014295, 42.26439], [-1.014448, 42.264143], [-1.014586, 42.263931], [-1.014708, 42.263753], [-1.014679, 42.2636], [-1.014501, 42.263471], [-1.014488, 42.263341], [-1.014641, 42.263209], [-1.014804, 42.263118], [-1.014977, 42.263068], [-1.01513, 42.263048], [-1.015262, 42.26306], [-1.015404, 42.263014], [-1.015557, 42.262912], [-1.015688, 42.262807], [-1.015797, 42.2627], [-1.015899, 42.262555], [-1.015994, 42.262374], [-1.016044, 42.262264], [-1.016047, 42.262224], [-1.016094, 42.262151], [-1.016183, 42.262044], [-1.016313, 42.261916], [-1.016484, 42.261765], [-1.016706, 42.261593], [-1.016979, 42.261398], [-1.017125, 42.261292], [-1.017144, 42.261273], [-1.017216, 42.261218], [-1.017341, 42.261125], [-1.017441, 42.261067], [-1.017518, 42.261043], [-1.017648, 42.260989], [-1.017833, 42.260905], [-1.017981, 42.260814], [-1.018092, 42.260717], [-1.018187, 42.260616], [-1.018268, 42.260511], [-1.018296, 42.260452], [-1.018272, 42.260438], [-1.018257, 42.26043], [-1.018251, 42.260427], [-1.018223, 42.260411], [-1.018174, 42.260384], [-1.018052, 42.260386], [-1.017858, 42.260418], [-1.017721, 42.260449], [-1.01764, 42.260479], [-1.017636, 42.260416], [-1.017707, 42.260259], [-1.017822, 42.260065], [-1.017979, 42.259835], [-1.018046, 42.259694], [-1.018023, 42.259644], [-1.017884, 42.259664], [-1.017629, 42.259756], [-1.017465, 42.259838], [-1.017393, 42.25991], [-1.017307, 42.259948], [-1.017209, 42.259953], [-1.017145, 42.259848], [-1.017114, 42.259634], [-1.017244, 42.259536], [-1.017534, 42.259553], [-1.017641, 42.259353], [-1.017564, 42.258934], [-1.017808, 42.258759], [-1.018372, 42.258828], [-1.018579, 42.258633], [-1.018428, 42.258173], [-1.018316, 42.257831], [-1.018242, 42.257608], [-1.018225, 42.257447], [-1.018265, 42.25735], [-1.018388, 42.257271], [-1.018595, 42.257211], [-1.018767, 42.256894], [-1.018904, 42.25632], [-1.019043, 42.255992], [-1.019183, 42.255911], [-1.01926, 42.25573], [-1.019274, 42.255449], [-1.019345, 42.255235], [-1.019473, 42.25509], [-1.01971, 42.25494], [-1.020058, 42.254787], [-1.020253, 42.25465], [-1.020297, 42.25453], [-1.020393, 42.254388], [-1.020539, 42.254224], [-1.020795, 42.254056], [-1.021161, 42.253885], [-1.021462, 42.25372], [-1.021698, 42.253562], [-1.021883, 42.253427], [-1.022016, 42.253314], [-1.022195, 42.253204], [-1.022418, 42.253097], [-1.022613, 42.252895], [-1.022779, 42.252597], [-1.022918, 42.252335], [-1.023031, 42.252109], [-1.023261, 42.2521], [-1.023609, 42.252308], [-1.023848, 42.252167], [-1.023978, 42.251676], [-1.024197, 42.251249], [-1.024506, 42.250886], [-1.024684, 42.250666], [-1.024733, 42.25059], [-1.024895, 42.250334], [-1.025172, 42.249897], [-1.025414, 42.249643], [-1.025622, 42.249571], [-1.025706, 42.249669], [-1.025667, 42.249936], [-1.025708, 42.250119], [-1.02583, 42.250217], [-1.025947, 42.250311], [-1.026058, 42.250401], [-1.02619, 42.25038], [-1.026342, 42.250248], [-1.026455, 42.250159], [-1.026527, 42.250112], [-1.02663, 42.250069], [-1.026764, 42.250031], [-1.026937, 42.249933], [-1.02715, 42.249775], [-1.027402, 42.249623], [-1.027692, 42.249477], [-1.027887, 42.249334], [-1.027984, 42.249192], [-1.028107, 42.249016], [-1.028253, 42.248804], [-1.028337, 42.248683], [-1.028359, 42.248651], [-1.028277, 42.248346], [-1.028089, 42.247766], [-1.027937, 42.247458], [-1.02782, 42.247422], [-1.027846, 42.247263], [-1.028015, 42.246981], [-1.028313, 42.246619], [-1.028739, 42.246178], [-1.028996, 42.245952], [-1.029082, 42.245943], [-1.029289, 42.245986], [-1.029615, 42.246081], [-1.029797, 42.246228], [-1.029833, 42.246427], [-1.029862, 42.24658], [-1.029881, 42.246688], [-1.030009, 42.24672], [-1.030244, 42.246678], [-1.030304, 42.246525], [-1.03019, 42.246261], [-1.030133, 42.246128], [-1.030131, 42.246125], [-1.030133, 42.246123], [-1.030137, 42.246121], [-1.030326, 42.246068], [-1.030699, 42.245962], [-1.030798, 42.245852], [-1.030623, 42.24574], [-1.030522, 42.245673], [-1.030494, 42.245652], [-1.030327, 42.245522], [-1.03002, 42.245285], [-1.029866, 42.245042], [-1.029864, 42.244796], [-1.029852, 42.244608], [-1.029828, 42.244479], [-1.029943, 42.244146], [-1.030198, 42.243608], [-1.030469, 42.243225], [-1.030758, 42.242996], [-1.03099, 42.242699], [-1.031166, 42.242334], [-1.031352, 42.242026], [-1.031549, 42.241774], [-1.031659, 42.241416], [-1.031684, 42.240953], [-1.031729, 42.240595], [-1.031793, 42.240341], [-1.031767, 42.240081], [-1.031651, 42.239814], [-1.031594, 42.239623], [-1.031595, 42.239508], [-1.031664, 42.239344], [-1.031802, 42.239132], [-1.031931, 42.238936], [-1.032053, 42.238759], [-1.032201, 42.238726], [-1.032377, 42.238838], [-1.032621, 42.238844], [-1.032933, 42.238744], [-1.033182, 42.238897], [-1.033368, 42.239304], [-1.033428, 42.239512], [-1.033363, 42.239519], [-1.033268, 42.239603], [-1.033143, 42.239765], [-1.033352, 42.239899], [-1.033893, 42.240006], [-1.034201, 42.240098], [-1.034275, 42.240174], [-1.034378, 42.240184], [-1.03451, 42.240127], [-1.034591, 42.240059], [-1.034619, 42.239981], [-1.034605, 42.239889], [-1.034547, 42.239782], [-1.034558, 42.239706], [-1.034637, 42.23966], [-1.03471, 42.239461], [-1.034777, 42.239108], [-1.034867, 42.238876], [-1.034979, 42.238765], [-1.035172, 42.238695], [-1.035446, 42.238664], [-1.03563, 42.238644], [-1.035724, 42.238634], [-1.035916, 42.23858], [-1.036207, 42.238482], [-1.036461, 42.238364], [-1.036678, 42.238225], [-1.03693, 42.238213], [-1.037216, 42.23833], [-1.037421, 42.238365], [-1.037545, 42.238318], [-1.037698, 42.23831], [-1.03788, 42.238339], [-1.038047, 42.238288], [-1.0382, 42.238156], [-1.0384, 42.238043], [-1.038647, 42.23795], [-1.038817, 42.237792], [-1.038908, 42.237568], [-1.039096, 42.237449], [-1.03938, 42.237434], [-1.039539, 42.237219], [-1.039573, 42.236804], [-1.039474, 42.236626], [-1.039242, 42.236684], [-1.039075, 42.236599], [-1.038973, 42.236369], [-1.038978, 42.23623], [-1.039092, 42.23618], [-1.039231, 42.236121], [-1.039397, 42.236051], [-1.039552, 42.235988], [-1.039694, 42.235932], [-1.039824, 42.235882], [-1.039942, 42.235839], [-1.040034, 42.235806], [-1.040099, 42.235785], [-1.040135, 42.235776], [-1.040142, 42.235778], [-1.040392, 42.235735], [-1.040883, 42.235648], [-1.041221, 42.235504], [-1.041404, 42.235303], [-1.041519, 42.235085], [-1.041564, 42.23485], [-1.041451, 42.234726], [-1.041179, 42.234713], [-1.041091, 42.234636], [-1.041185, 42.234496], [-1.041321, 42.234279], [-1.0415, 42.233988], [-1.041728, 42.23386], [-1.042004, 42.233896], [-1.042305, 42.233839], [-1.04263, 42.233688], [-1.042919, 42.23364], [-1.043172, 42.233694], [-1.043511, 42.233558], [-1.043936, 42.233232], [-1.044294, 42.23302], [-1.044585, 42.232922], [-1.044746, 42.232788], [-1.044776, 42.232618], [-1.044808, 42.232433], [-1.044842, 42.232234], [-1.045067, 42.232063], [-1.045482, 42.231918], [-1.045903, 42.231987], [-1.04633, 42.232269], [-1.046649, 42.232382], [-1.046859, 42.232326], [-1.04704, 42.232347], [-1.04719, 42.232445], [-1.047351, 42.232477], [-1.047521, 42.232442], [-1.047616, 42.232481], [-1.047637, 42.232594], [-1.047808, 42.232624], [-1.04813, 42.232572], [-1.048352, 42.23258], [-1.048475, 42.232649], [-1.048668, 42.232677], [-1.04893, 42.232665], [-1.049115, 42.23271], [-1.049223, 42.232813], [-1.049432, 42.232872], [-1.049744, 42.232887], [-1.049672, 42.233035], [-1.049216, 42.233316], [-1.048945, 42.233584], [-1.04886, 42.23384], [-1.048787, 42.234103], [-1.048726, 42.234373], [-1.048746, 42.234601], [-1.048847, 42.234787], [-1.048979, 42.234962], [-1.049141, 42.235125], [-1.049348, 42.235348], [-1.049599, 42.235633], [-1.049677, 42.235879], [-1.049583, 42.236087], [-1.049621, 42.236231], [-1.04979, 42.236311], [-1.049875, 42.236474], [-1.049877, 42.236721], [-1.049694, 42.236935], [-1.049327, 42.237117], [-1.049135, 42.237212], [-1.049117, 42.23722], [-1.04897, 42.237191], [-1.048693, 42.237123], [-1.048598, 42.237207], [-1.048686, 42.237444], [-1.04876, 42.237606], [-1.048819, 42.237693], [-1.048824, 42.237775], [-1.048775, 42.237853], [-1.048629, 42.238041], [-1.048388, 42.238337], [-1.048185, 42.238515], [-1.048021, 42.238575], [-1.04789, 42.238652], [-1.047793, 42.238748], [-1.047748, 42.238855], [-1.047753, 42.238972], [-1.047714, 42.239076], [-1.047628, 42.239167], [-1.047546, 42.239258], [-1.047467, 42.23935], [-1.047334, 42.23942], [-1.047148, 42.239467], [-1.046939, 42.239585], [-1.046709, 42.239775], [-1.046529, 42.239935], [-1.046399, 42.240064], [-1.046369, 42.240265], [-1.046441, 42.240536], [-1.046556, 42.240729], [-1.046713, 42.240841], [-1.046802, 42.240906], [-1.046823, 42.240921], [-1.046937, 42.241008], [-1.047142, 42.241166], [-1.047254, 42.241294], [-1.047272, 42.24139], [-1.047291, 42.241495], [-1.047312, 42.241608], [-1.047356, 42.241784], [-1.047422, 42.242023], [-1.047408, 42.242247], [-1.047314, 42.242455], [-1.047282, 42.242639], [-1.047311, 42.2428], [-1.047446, 42.242991], [-1.047685, 42.243211], [-1.047815, 42.243378], [-1.047836, 42.243491], [-1.047854, 42.243768], [-1.047869, 42.24421], [-1.047884, 42.244471], [-1.047899, 42.244551], [-1.047908, 42.244599], [-1.047911, 42.244616], [-1.047984, 42.244831], [-1.048126, 42.245243], [-1.048218, 42.245504], [-1.048261, 42.245614], [-1.04837, 42.245668], [-1.048546, 42.245665], [-1.048753, 42.245651], [-1.048991, 42.245624], [-1.049154, 42.245672], [-1.049243, 42.245794], [-1.04929, 42.245928], [-1.049295, 42.246076], [-1.049191, 42.246227], [-1.048976, 42.246382], [-1.048791, 42.246575], [-1.048635, 42.246806], [-1.048553, 42.247021], [-1.048546, 42.247219], [-1.048762, 42.247434], [-1.049202, 42.247665], [-1.049492, 42.247863], [-1.049633, 42.248028], [-1.049745, 42.248098], [-1.049829, 42.248073], [-1.049957, 42.248231], [-1.050131, 42.248574], [-1.050405, 42.248741], [-1.050779, 42.248732], [-1.051059, 42.248636], [-1.051245, 42.248451], [-1.051403, 42.248285], [-1.05153, 42.24814], [-1.05175, 42.248017], [-1.052063, 42.247917], [-1.05224, 42.247868], [-1.052282, 42.24787], [-1.052303, 42.247925], [-1.052304, 42.248033], [-1.052307, 42.248161], [-1.052312, 42.248309], [-1.052315, 42.248432], [-1.052317, 42.248532], [-1.052318, 42.248598], [-1.052319, 42.248629], [-1.05232, 42.248653], [-1.052323, 42.248669], [-1.052516, 42.248697], [-1.052899, 42.248737], [-1.053221, 42.248751], [-1.053484, 42.248738], [-1.053613, 42.248658], [-1.053608, 42.248511], [-1.053797, 42.2484], [-1.05418, 42.248324], [-1.054429, 42.248116], [-1.054543, 42.247775], [-1.054755, 42.247669], [-1.055066, 42.247799], [-1.055398, 42.247861], [-1.05575, 42.247855], [-1.056021, 42.247891], [-1.056212, 42.247969], [-1.056331, 42.248019], [-1.056377, 42.248041], [-1.056457, 42.24827], [-1.056573, 42.248705], [-1.056597, 42.248952], [-1.056531, 42.24901], [-1.056423, 42.249228], [-1.056272, 42.249607], [-1.056388, 42.249701], [-1.056773, 42.24951], [-1.056978, 42.249488], [-1.057005, 42.249633], [-1.056655, 42.249951], [-1.055929, 42.250442], [-1.055573, 42.250785], [-1.055587, 42.250981], [-1.055501, 42.251172], [-1.055314, 42.251357], [-1.055106, 42.251487], [-1.054877, 42.251561], [-1.054731, 42.251668], [-1.054668, 42.251806], [-1.054749, 42.252003], [-1.054973, 42.252258], [-1.05531, 42.252294], [-1.055763, 42.252113], [-1.055912, 42.252146], [-1.055759, 42.252393], [-1.055662, 42.252585], [-1.055621, 42.252721], [-1.055436, 42.252856], [-1.055108, 42.252991], [-1.05492, 42.253168], [-1.054872, 42.253387], [-1.054793, 42.25356], [-1.054684, 42.253687], [-1.054649, 42.253856], [-1.054688, 42.254065], [-1.054681, 42.254206], [-1.054628, 42.254277], [-1.054598, 42.25432], [-1.05459, 42.254334], [-1.054442, 42.254425], [-1.054151, 42.254591], [-1.054023, 42.254771], [-1.054059, 42.254965], [-1.054082, 42.255069], [-1.054093, 42.255085], [-1.054096, 42.255093], [-1.054092, 42.255094], [-1.054179, 42.255166], [-1.054357, 42.25531], [-1.0545, 42.255442], [-1.054611, 42.255562], [-1.05491, 42.25557], [-1.055399, 42.255467], [-1.055649, 42.255505], [-1.05566, 42.255684], [-1.055921, 42.255779], [-1.05643, 42.255789], [-1.056822, 42.255696], [-1.057095, 42.255502], [-1.057272, 42.255622], [-1.057352, 42.256057], [-1.057522, 42.25626], [-1.057782, 42.256232], [-1.057914, 42.256052], [-1.05792, 42.255723], [-1.058029, 42.255538], [-1.058242, 42.255498], [-1.05839, 42.255523], [-1.058473, 42.255613], [-1.0586, 42.25564], [-1.05877, 42.255605], [-1.058799, 42.255462], [-1.058686, 42.255211], [-1.058624, 42.254996], [-1.058613, 42.254816], [-1.058731, 42.254737], [-1.058978, 42.254759], [-1.059245, 42.254829], [-1.059531, 42.254945], [-1.059669, 42.254913], [-1.059658, 42.254734], [-1.059758, 42.254616], [-1.059968, 42.25456], [-1.060163, 42.254538], [-1.060342, 42.254551], [-1.060567, 42.254576], [-1.060839, 42.254612], [-1.061065, 42.254644], [-1.061248, 42.254673], [-1.061395, 42.254632], [-1.061507, 42.254521], [-1.061728, 42.254464], [-1.062058, 42.254461], [-1.062266, 42.254569], [-1.062351, 42.25479], [-1.062517, 42.254969], [-1.062763, 42.255106], [-1.06294, 42.255169], [-1.063048, 42.255157], [-1.063193, 42.255223], [-1.063374, 42.255368], [-1.063534, 42.255399], [-1.063674, 42.255318], [-1.063615, 42.255119], [-1.063358, 42.254802], [-1.063111, 42.254542], [-1.062875, 42.254338], [-1.062681, 42.254129], [-1.062532, 42.253915], [-1.062415, 42.253763], [-1.062333, 42.253674], [-1.062152, 42.253357], [-1.061875, 42.252812], [-1.061758, 42.252414], [-1.061799, 42.252162], [-1.06183, 42.25197], [-1.06185, 42.251836], [-1.061792, 42.251703], [-1.061657, 42.25157], [-1.061407, 42.251531], [-1.061042, 42.251588], [-1.060797, 42.251574], [-1.060671, 42.251489], [-1.060712, 42.251353], [-1.06092, 42.251166], [-1.061076, 42.250992], [-1.061179, 42.250833], [-1.061234, 42.250597], [-1.061243, 42.250283], [-1.061105, 42.250076], [-1.060822, 42.249976], [-1.060601, 42.249976], [-1.060443, 42.250076], [-1.060305, 42.25005], [-1.060189, 42.249898], [-1.060034, 42.249718], [-1.059841, 42.249509], [-1.059852, 42.249146], [-1.060065, 42.248629], [-1.060171, 42.248247], [-1.06017, 42.248001], [-1.060059, 42.247758], [-1.059838, 42.247519], [-1.059889, 42.247374], [-1.06021, 42.247322], [-1.060401, 42.247276], [-1.060459, 42.247237], [-1.060492, 42.247053], [-1.060497, 42.246723], [-1.060567, 42.246502], [-1.0607, 42.246388], [-1.060821, 42.246383], [-1.060928, 42.246486], [-1.060912, 42.246579], [-1.060772, 42.24666], [-1.060792, 42.246765], [-1.06097, 42.246893], [-1.061133, 42.246998], [-1.061281, 42.247081], [-1.06137, 42.247087], [-1.061401, 42.247018], [-1.061384, 42.246806], [-1.061319, 42.246451], [-1.06137, 42.246068], [-1.061536, 42.245655], [-1.061709, 42.245397], [-1.061889, 42.245295], [-1.061788, 42.245166], [-1.061406, 42.245011], [-1.061058, 42.24486], [-1.060744, 42.244714], [-1.060656, 42.244535], [-1.060793, 42.244322], [-1.061018, 42.244166], [-1.061331, 42.244066], [-1.061499, 42.243957], [-1.061521, 42.243839], [-1.061467, 42.243664], [-1.061336, 42.243432], [-1.061268, 42.243185], [-1.061263, 42.242922], [-1.061292, 42.242656], [-1.061352, 42.242386], [-1.061475, 42.242331], [-1.061659, 42.242492], [-1.061853, 42.242586], [-1.062056, 42.242613], [-1.062187, 42.242721], [-1.062244, 42.242912], [-1.062125, 42.242983], [-1.061829, 42.242934], [-1.061637, 42.242971], [-1.061549, 42.243096], [-1.06155, 42.243277], [-1.061638, 42.243514], [-1.061815, 42.2437], [-1.062083, 42.243835], [-1.062289, 42.243812], [-1.062432, 42.243632], [-1.062493, 42.243362], [-1.06247, 42.243003], [-1.062568, 42.242753], [-1.062785, 42.242614], [-1.062998, 42.242393], [-1.063207, 42.242091], [-1.063195, 42.241903], [-1.06296, 42.24183], [-1.062721, 42.241849], [-1.062476, 42.241958], [-1.062286, 42.241946], [-1.062151, 42.241813], [-1.061843, 42.241699], [-1.061362, 42.241604], [-1.061156, 42.241446], [-1.061226, 42.241224], [-1.061348, 42.241046], [-1.061522, 42.240912], [-1.061629, 42.240719], [-1.061671, 42.240468], [-1.061835, 42.240039], [-1.06212, 42.239432], [-1.062463, 42.239016], [-1.062863, 42.238791], [-1.063221, 42.238636], [-1.063536, 42.238552], [-1.063758, 42.23856], [-1.063887, 42.238661], [-1.064147, 42.238632], [-1.064537, 42.238474], [-1.06479, 42.23829], [-1.064906, 42.23808], [-1.065014, 42.23801], [-1.065116, 42.238081], [-1.0653, 42.238242], [-1.065567, 42.238492], [-1.065655, 42.238671], [-1.065565, 42.23878], [-1.065343, 42.238895], [-1.06499, 42.239016], [-1.064838, 42.239206], [-1.064885, 42.239464], [-1.064999, 42.239599], [-1.065178, 42.239612], [-1.065426, 42.239461], [-1.065743, 42.239147], [-1.065766, 42.23921], [-1.065494, 42.239651], [-1.065213, 42.239863], [-1.064923, 42.239846], [-1.064677, 42.239709], [-1.064475, 42.239451], [-1.064153, 42.239322], [-1.063711, 42.239322], [-1.063436, 42.239443], [-1.063326, 42.239685], [-1.063135, 42.239788], [-1.062864, 42.239753], [-1.062491, 42.240065], [-1.062017, 42.240726], [-1.061844, 42.241107], [-1.061973, 42.241207], [-1.062109, 42.241283], [-1.06225, 42.241333], [-1.062403, 42.241382], [-1.062566, 42.24143], [-1.062708, 42.241422], [-1.062829, 42.24136], [-1.062931, 42.241373], [-1.063014, 42.241463], [-1.063232, 42.24157], [-1.063587, 42.241695], [-1.063843, 42.241651], [-1.064002, 42.241436], [-1.064066, 42.241124], [-1.064035, 42.240717], [-1.064098, 42.240521], [-1.064256, 42.240536], [-1.064397, 42.240405], [-1.064523, 42.240128], [-1.064671, 42.240038], [-1.064844, 42.240134], [-1.064948, 42.240279], [-1.064983, 42.240472], [-1.065217, 42.240841], [-1.065649, 42.241385], [-1.065954, 42.241607], [-1.066134, 42.241505], [-1.066291, 42.241339], [-1.066426, 42.241111], [-1.066528, 42.241009], [-1.066599, 42.241034], [-1.066711, 42.241342], [-1.066865, 42.241934], [-1.06709, 42.242254], [-1.067386, 42.242304], [-1.067542, 42.242254], [-1.067558, 42.242104], [-1.067515, 42.241928], [-1.067411, 42.241725], [-1.067304, 42.241384], [-1.067193, 42.240902], [-1.067181, 42.240657], [-1.067267, 42.240648], [-1.067374, 42.240685], [-1.0675, 42.24077], [-1.067723, 42.240902], [-1.068043, 42.24108], [-1.068043, 42.241261], [-1.067724, 42.241444], [-1.067641, 42.241593], [-1.067794, 42.241708], [-1.067958, 42.241994], [-1.068131, 42.242452], [-1.068081, 42.24272], [-1.067808, 42.2428], [-1.067778, 42.242935], [-1.06799, 42.243125], [-1.068304, 42.24309], [-1.068719, 42.242831], [-1.06908, 42.242873], [-1.069387, 42.243217], [-1.06947, 42.243488], [-1.06933, 42.243684], [-1.069038, 42.24384], [-1.068596, 42.243954], [-1.068599, 42.244209], [-1.069047, 42.244603], [-1.069167, 42.244894], [-1.068959, 42.245082], [-1.068959, 42.245263], [-1.069168, 42.245437], [-1.069433, 42.245737], [-1.069754, 42.246161], [-1.069836, 42.246424], [-1.069678, 42.246524], [-1.069616, 42.24667], [-1.069652, 42.246863], [-1.069783, 42.246972], [-1.070008, 42.246997], [-1.06999, 42.247081], [-1.06973, 42.247225], [-1.069759, 42.24732], [-1.070076, 42.247367], [-1.070187, 42.24761], [-1.070092, 42.248048], [-1.069935, 42.248214], [-1.069716, 42.248106], [-1.069443, 42.24812], [-1.069114, 42.248255], [-1.069047, 42.248427], [-1.06924, 42.248636], [-1.069288, 42.248778], [-1.069192, 42.248855], [-1.069031, 42.2487], [-1.068805, 42.248314], [-1.068616, 42.248129], [-1.068465, 42.248146], [-1.068454, 42.248328], [-1.068585, 42.248675], [-1.068653, 42.249103], [-1.068659, 42.249613], [-1.068585, 42.24981], [-1.068431, 42.249695], [-1.068348, 42.249482], [-1.068334, 42.249171], [-1.068273, 42.248899], [-1.068163, 42.248664], [-1.068103, 42.248549], [-1.068091, 42.248554], [-1.068078, 42.248613], [-1.068065, 42.248724], [-1.068063, 42.248843], [-1.068072, 42.24897], [-1.068081, 42.24914], [-1.068092, 42.249351], [-1.068087, 42.249487], [-1.068067, 42.249547], [-1.068099, 42.249719], [-1.068185, 42.250003], [-1.068326, 42.250143], [-1.068524, 42.250137], [-1.068798, 42.250485], [-1.069148, 42.251186], [-1.069416, 42.251617], [-1.0696, 42.251778], [-1.069736, 42.251977], [-1.069824, 42.252214], [-1.06983, 42.252427], [-1.069755, 42.252616], [-1.069821, 42.252674], [-1.070028, 42.252602], [-1.070175, 42.25262], [-1.070262, 42.252726], [-1.070321, 42.252776], [-1.070351, 42.252768], [-1.070431, 42.252799], [-1.070558, 42.25287], [-1.07071, 42.252955], [-1.070885, 42.253052], [-1.070875, 42.253179], [-1.070679, 42.253334], [-1.070597, 42.253474], [-1.070628, 42.253599], [-1.070578, 42.253725], [-1.070447, 42.253855], [-1.07047, 42.254099], [-1.070647, 42.254458], [-1.070707, 42.25478], [-1.070649, 42.255066], [-1.070573, 42.255313], [-1.070479, 42.255521], [-1.070421, 42.255741], [-1.070397, 42.255974], [-1.070233, 42.256222], [-1.069929, 42.256486], [-1.069681, 42.256669], [-1.069491, 42.256772], [-1.069697, 42.256873], [-1.0703, 42.256971], [-1.070735, 42.256964], [-1.071001, 42.256853], [-1.071128, 42.256699], [-1.071113, 42.256503], [-1.071109, 42.25624], [-1.071114, 42.255911], [-1.071165, 42.255766], [-1.07126, 42.255804], [-1.071331, 42.255887], [-1.071376, 42.256014], [-1.071564, 42.256133], [-1.071894, 42.256244], [-1.071948, 42.256361], [-1.071728, 42.256484], [-1.071736, 42.256648], [-1.071973, 42.256852], [-1.072195, 42.257156], [-1.072402, 42.257561], [-1.072611, 42.257735], [-1.072821, 42.257679], [-1.073048, 42.257769], [-1.07329, 42.258006], [-1.073456, 42.258266], [-1.073546, 42.258549], [-1.073652, 42.258883], [-1.073774, 42.259266], [-1.073986, 42.259499], [-1.074288, 42.259581], [-1.074556, 42.259716], [-1.07479, 42.259904], [-1.074945, 42.259911], [-1.075024, 42.259738], [-1.075137, 42.259693], [-1.075285, 42.259775], [-1.075406, 42.259893], [-1.075501, 42.260047], [-1.075747, 42.260173], [-1.076145, 42.26027], [-1.076538, 42.260367], [-1.076927, 42.260462], [-1.07704, 42.260551], [-1.076879, 42.260635], [-1.076813, 42.260757], [-1.076843, 42.260918], [-1.076798, 42.260972], [-1.076678, 42.260919], [-1.076485, 42.260833], [-1.07622, 42.260715], [-1.07584, 42.260569], [-1.075344, 42.260393], [-1.074954, 42.260437], [-1.074671, 42.260698], [-1.074531, 42.260894], [-1.074533, 42.261026], [-1.074606, 42.261059], [-1.074748, 42.260994], [-1.074992, 42.261], [-1.075338, 42.261077], [-1.075507, 42.261214], [-1.075499, 42.261412], [-1.075507, 42.261691], [-1.075529, 42.26205], [-1.075425, 42.262267], [-1.075196, 42.262342], [-1.074893, 42.262376], [-1.074516, 42.262368], [-1.074306, 42.262424], [-1.074262, 42.262544], [-1.074337, 42.262651], [-1.074531, 42.262744], [-1.074635, 42.262832], [-1.07465, 42.262912], [-1.074759, 42.263081], [-1.074961, 42.263338], [-1.075006, 42.263522], [-1.074894, 42.263633], [-1.074766, 42.263656], [-1.074621, 42.26359], [-1.074429, 42.263685], [-1.074189, 42.263942], [-1.07409, 42.264179], [-1.07413, 42.264399], [-1.074163, 42.264576], [-1.074188, 42.264711], [-1.074212, 42.265082], [-1.074236, 42.265688], [-1.07407, 42.265986], [-1.073715, 42.265975], [-1.073555, 42.266067], [-1.073591, 42.26626], [-1.073749, 42.266457], [-1.074029, 42.266656], [-1.074176, 42.266854], [-1.07419, 42.267049], [-1.074316, 42.267134], [-1.074554, 42.267108], [-1.074776, 42.267174], [-1.074982, 42.267332], [-1.075254, 42.267368], [-1.075591, 42.267281], [-1.075711, 42.267095], [-1.075614, 42.26681], [-1.075452, 42.266589], [-1.075224, 42.266434], [-1.075082, 42.266203], [-1.075026, 42.265896], [-1.074887, 42.265624], [-1.074666, 42.265385], [-1.074566, 42.265141], [-1.074586, 42.264893], [-1.074808, 42.264662], [-1.075233, 42.264451], [-1.075497, 42.264266], [-1.0756, 42.264106], [-1.075706, 42.263975], [-1.075814, 42.263871], [-1.076096, 42.263601], [-1.07655, 42.263166], [-1.076765, 42.263065], [-1.076742, 42.263298], [-1.076732, 42.263428], [-1.076736, 42.263456], [-1.076761, 42.263651], [-1.076807, 42.264012], [-1.076978, 42.264036], [-1.077274, 42.263724], [-1.077447, 42.263466], [-1.077498, 42.263264], [-1.077587, 42.263032], [-1.077716, 42.262771], [-1.077836, 42.262585], [-1.077948, 42.262474], [-1.078028, 42.262309], [-1.078076, 42.26209], [-1.078196, 42.261904], [-1.078388, 42.261751], [-1.078549, 42.261544], [-1.078677, 42.261283], [-1.078758, 42.261241], [-1.078791, 42.261419], [-1.07892, 42.261462], [-1.079146, 42.261371], [-1.079322, 42.261245], [-1.079446, 42.261083], [-1.079364, 42.260994], [-1.079073, 42.260976], [-1.078887, 42.260923], [-1.078804, 42.260833], [-1.078894, 42.260725], [-1.079158, 42.260597], [-1.079439, 42.260508], [-1.079739, 42.260459], [-1.08003, 42.260418], [-1.080311, 42.260387], [-1.08048, 42.260344], [-1.080536, 42.260288], [-1.08068, 42.260174], [-1.080913, 42.26], [-1.08099, 42.259638], [-1.08091, 42.259088], [-1.080722, 42.258788], [-1.080426, 42.258738], [-1.080191, 42.258728], [-1.080019, 42.258756], [-1.079899, 42.258808], [-1.079832, 42.258883], [-1.079808, 42.258967], [-1.079825, 42.259061], [-1.079787, 42.259168], [-1.079694, 42.259289], [-1.079639, 42.259488], [-1.079623, 42.259766], [-1.079522, 42.259882], [-1.079337, 42.259837], [-1.079249, 42.259658], [-1.079257, 42.259344], [-1.07935, 42.259071], [-1.079528, 42.258838], [-1.079707, 42.25867], [-1.079886, 42.258568], [-1.080068, 42.258474], [-1.080251, 42.258388], [-1.080313, 42.258249], [-1.080256, 42.258058], [-1.080376, 42.257815], [-1.080675, 42.257518], [-1.08097, 42.257264], [-1.081262, 42.257051], [-1.081544, 42.256962], [-1.081815, 42.256998], [-1.082075, 42.256969], [-1.082323, 42.256876], [-1.082557, 42.25671], [-1.082778, 42.256472], [-1.082982, 42.25626], [-1.083168, 42.256075], [-1.083322, 42.255771], [-1.083442, 42.255346], [-1.083691, 42.25508], [-1.084068, 42.254973], [-1.084079, 42.255152], [-1.083724, 42.255619], [-1.083527, 42.255986], [-1.083488, 42.256254], [-1.083442, 42.256662], [-1.083389, 42.25721], [-1.083257, 42.25757], [-1.083046, 42.257741], [-1.082907, 42.258004], [-1.082839, 42.258356], [-1.08286, 42.258708], [-1.082969, 42.259057], [-1.083123, 42.259229], [-1.08332, 42.259224], [-1.083514, 42.259194], [-1.083702, 42.259141], [-1.08385, 42.259042], [-1.083956, 42.258899], [-1.083983, 42.258748], [-1.083931, 42.258589], [-1.083966, 42.258478], [-1.084087, 42.258416], [-1.084216, 42.258278], [-1.084354, 42.258066], [-1.084486, 42.257886], [-1.084614, 42.257741], [-1.084692, 42.257625], [-1.08472, 42.25754], [-1.084698, 42.257419], [-1.084624, 42.257263], [-1.084765, 42.257066], [-1.085119, 42.25683], [-1.085415, 42.256822], [-1.085655, 42.257042], [-1.085732, 42.257222], [-1.085648, 42.257363], [-1.085562, 42.257496], [-1.085475, 42.257621], [-1.085515, 42.257838], [-1.085683, 42.258149], [-1.085711, 42.258359], [-1.085599, 42.258471], [-1.085618, 42.258633], [-1.085768, 42.258846], [-1.08594, 42.259], [-1.086134, 42.259094], [-1.086321, 42.25909], [-1.086501, 42.258987], [-1.086724, 42.259004], [-1.086992, 42.259139], [-1.087335, 42.25938], [-1.087753, 42.259729], [-1.088004, 42.259775], [-1.08809, 42.259519], [-1.088251, 42.259435], [-1.088488, 42.259524], [-1.088642, 42.259877], [-1.088712, 42.260494], [-1.088582, 42.260805], [-1.088251, 42.260808], [-1.088112, 42.26089], [-1.088163, 42.261048], [-1.088281, 42.26115], [-1.088466, 42.261196], [-1.088561, 42.261292], [-1.088567, 42.261439], [-1.088159, 42.261682], [-1.087338, 42.262019], [-1.086611, 42.262388], [-1.085978, 42.262786], [-1.085455, 42.262943], [-1.085042, 42.262857], [-1.084922, 42.262928], [-1.085097, 42.263155], [-1.085312, 42.263362], [-1.085567, 42.263547], [-1.085625, 42.263862], [-1.085486, 42.264304], [-1.08526, 42.264634], [-1.084947, 42.264849], [-1.08485, 42.265041], [-1.084969, 42.265209], [-1.084849, 42.265337], [-1.08449, 42.265426], [-1.084154, 42.265578], [-1.083841, 42.265794], [-1.083502, 42.265815], [-1.083139, 42.265641], [-1.083088, 42.266025], [-1.083351, 42.266966], [-1.083366, 42.267524], [-1.083133, 42.267697], [-1.082856, 42.267753], [-1.082535, 42.267689], [-1.082357, 42.267742], [-1.082322, 42.26791], [-1.082224, 42.268094], [-1.082062, 42.268293], [-1.081891, 42.268443], [-1.081711, 42.268545], [-1.081483, 42.26857], [-1.081209, 42.268519], [-1.081145, 42.268591], [-1.081292, 42.268789], [-1.081492, 42.268972], [-1.081744, 42.269142], [-1.081801, 42.269333], [-1.081664, 42.269545], [-1.081459, 42.269691], [-1.081187, 42.269771], [-1.080843, 42.269644], [-1.080428, 42.269312], [-1.08012, 42.269198], [-1.079918, 42.269303], [-1.079798, 42.269488], [-1.079759, 42.269756], [-1.079704, 42.270033], [-1.079632, 42.270321], [-1.079745, 42.270514], [-1.080043, 42.270613], [-1.080315, 42.270788], [-1.08056, 42.27104], [-1.080681, 42.271274], [-1.080676, 42.271488], [-1.080746, 42.271744], [-1.080889, 42.27204], [-1.080984, 42.272137], [-1.081031, 42.272033], [-1.081058, 42.271701], [-1.081065, 42.271141], [-1.080922, 42.270729], [-1.08063, 42.270465], [-1.080625, 42.270318], [-1.080907, 42.270287], [-1.081145, 42.270203], [-1.081341, 42.270066], [-1.081558, 42.269927], [-1.081797, 42.269786], [-1.082047, 42.269585], [-1.082308, 42.269326], [-1.082428, 42.269436], [-1.082406, 42.269916], [-1.08244, 42.270216], [-1.082528, 42.270338], [-1.082465, 42.270649], [-1.082248, 42.27115], [-1.082141, 42.271524], [-1.082142, 42.27177], [-1.082073, 42.271992], [-1.081932, 42.272188], [-1.08178, 42.272378], [-1.081615, 42.27256], [-1.081412, 42.272895], [-1.08117, 42.273382], [-1.081118, 42.273635], [-1.081254, 42.273653], [-1.081341, 42.273824], [-1.081379, 42.274149], [-1.081508, 42.274134], [-1.08173, 42.273781], [-1.081936, 42.273462], [-1.082127, 42.273178], [-1.082274, 42.273022], [-1.08238, 42.272994], [-1.082579, 42.272996], [-1.082872, 42.27303], [-1.083021, 42.272997], [-1.083024, 42.272898], [-1.083186, 42.272756], [-1.083506, 42.272573], [-1.083562, 42.272402], [-1.083356, 42.272244], [-1.083357, 42.272072], [-1.083566, 42.271884], [-1.083549, 42.271672], [-1.083306, 42.271436], [-1.083184, 42.271252], [-1.083181, 42.271121], [-1.083345, 42.270872], [-1.083675, 42.270507], [-1.083716, 42.270132], [-1.083469, 42.269749], [-1.08356, 42.269467], [-1.083991, 42.269288], [-1.084231, 42.269155], [-1.084281, 42.269067], [-1.084449, 42.2689], [-1.084735, 42.268655], [-1.085082, 42.268444], [-1.085491, 42.268267], [-1.085831, 42.268312], [-1.086101, 42.268578], [-1.086248, 42.268775], [-1.086272, 42.268904], [-1.086202, 42.269003], [-1.086037, 42.26907], [-1.086055, 42.269224], [-1.086254, 42.269465], [-1.086519, 42.269584], [-1.08685, 42.26958], [-1.087154, 42.26967], [-1.08743, 42.269853], [-1.087617, 42.269668], [-1.087713, 42.269115], [-1.087626, 42.268944], [-1.087356, 42.269154], [-1.087256, 42.269091], [-1.087326, 42.268755], [-1.087493, 42.26858], [-1.087755, 42.268568], [-1.087993, 42.268599], [-1.088206, 42.268674], [-1.088395, 42.26862], [-1.08856, 42.268438], [-1.088785, 42.268166], [-1.089072, 42.267805], [-1.08935, 42.267577], [-1.089619, 42.267482], [-1.089819, 42.267427], [-1.089949, 42.267412], [-1.090166, 42.267512], [-1.090471, 42.267725], [-1.090568, 42.267952], [-1.090458, 42.268195], [-1.090205, 42.268494], [-1.089807, 42.26885], [-1.089797, 42.268917], [-1.090175, 42.268695], [-1.090289, 42.268772], [-1.090138, 42.269151], [-1.08995, 42.269566], [-1.089725, 42.270019], [-1.08957, 42.270316], [-1.089486, 42.270456], [-1.089431, 42.270578], [-1.089406, 42.270679], [-1.089338, 42.270851], [-1.089228, 42.271093], [-1.089188, 42.271353], [-1.089217, 42.271629], [-1.089348, 42.271738], [-1.08958, 42.271679], [-1.089861, 42.271944], [-1.090191, 42.272533], [-1.090281, 42.272901], [-1.090132, 42.273049], [-1.090077, 42.273228], [-1.090115, 42.273437], [-1.090156, 42.273597], [-1.090199, 42.273708], [-1.090249, 42.273801], [-1.090307, 42.273877], [-1.090447, 42.274034], [-1.090668, 42.274272], [-1.090719, 42.274489], [-1.0906, 42.274683], [-1.090519, 42.27484], [-1.090475, 42.27496], [-1.090394, 42.275141], [-1.090276, 42.275384], [-1.090236, 42.275521], [-1.090272, 42.275551], [-1.09039, 42.275566], [-1.09059, 42.275565], [-1.090856, 42.275573], [-1.091188, 42.275589], [-1.091406, 42.275608], [-1.09151, 42.275628], [-1.091629, 42.275732], [-1.091764, 42.275919], [-1.091848, 42.276064], [-1.091882, 42.276167], [-1.091847, 42.276251], [-1.091745, 42.276316], [-1.091598, 42.276295], [-1.091406, 42.276188], [-1.091166, 42.276167], [-1.090878, 42.27623], [-1.090826, 42.2763], [-1.091012, 42.276375], [-1.091134, 42.276532], [-1.091192, 42.276771], [-1.091073, 42.276858], [-1.090775, 42.276796], [-1.090594, 42.276784], [-1.09053, 42.276823], [-1.090624, 42.276908], [-1.090877, 42.27704], [-1.090989, 42.277177], [-1.090958, 42.277318], [-1.090881, 42.277481], [-1.090757, 42.277665], [-1.090663, 42.277814], [-1.090599, 42.277928], [-1.090527, 42.278042], [-1.090448, 42.278158], [-1.090436, 42.278287], [-1.090491, 42.27843], [-1.090543, 42.278594], [-1.090592, 42.278781], [-1.09059, 42.278925], [-1.090537, 42.279026], [-1.090458, 42.279136], [-1.090351, 42.279255], [-1.090149, 42.279516], [-1.089852, 42.279922], [-1.089635, 42.28018], [-1.089499, 42.280291], [-1.089366, 42.280353], [-1.089238, 42.280365], [-1.089111, 42.280411], [-1.088984, 42.280491], [-1.088844, 42.280582], [-1.088692, 42.280684], [-1.088463, 42.280917], [-1.088158, 42.281281], [-1.088044, 42.281592], [-1.088121, 42.281849], [-1.08808, 42.282014], [-1.087921, 42.282084], [-1.087683, 42.282308], [-1.087367, 42.282684], [-1.087258, 42.282946], [-1.087357, 42.283095], [-1.087239, 42.283459], [-1.086903, 42.284039], [-1.086632, 42.284385], [-1.086426, 42.284495], [-1.086376, 42.28457], [-1.086481, 42.28461], [-1.0865, 42.284806], [-1.086433, 42.285159], [-1.086262, 42.285356], [-1.085987, 42.285398], [-1.085793, 42.285428], [-1.085682, 42.285445], [-1.085468, 42.285676], [-1.085153, 42.286122], [-1.08472, 42.286409], [-1.084169, 42.286535], [-1.083891, 42.286763], [-1.083886, 42.287093], [-1.084026, 42.287135], [-1.084312, 42.286889], [-1.084463, 42.28693], [-1.08448, 42.287257], [-1.084672, 42.287401], [-1.08504, 42.28736], [-1.085142, 42.287431], [-1.084977, 42.287614], [-1.085004, 42.287882], [-1.085224, 42.288236], [-1.085404, 42.28843], [-1.085543, 42.288464], [-1.085642, 42.288699], [-1.085701, 42.289137], [-1.085604, 42.289328], [-1.085351, 42.289274], [-1.085327, 42.289326], [-1.085533, 42.289484], [-1.085872, 42.289604], [-1.086342, 42.289684], [-1.086792, 42.289668], [-1.087221, 42.289553], [-1.087447, 42.28956], [-1.087471, 42.289689], [-1.087663, 42.289709], [-1.088022, 42.28962], [-1.088327, 42.289776], [-1.088578, 42.290175], [-1.08878, 42.29049], [-1.088933, 42.29072], [-1.089145, 42.29091], [-1.089416, 42.291061], [-1.08972, 42.291151], [-1.090056, 42.291179], [-1.090392, 42.291438], [-1.090725, 42.291928], [-1.09099, 42.292162], [-1.091184, 42.29214], [-1.091332, 42.29228], [-1.091432, 42.292581], [-1.091416, 42.292838], [-1.091283, 42.29305], [-1.091273, 42.293176], [-1.091388, 42.293218], [-1.091506, 42.293156], [-1.091629, 42.29299], [-1.091809, 42.292885], [-1.092044, 42.292843], [-1.092196, 42.292711], [-1.092266, 42.292489], [-1.092369, 42.292511], [-1.092506, 42.292775], [-1.092699, 42.292861], [-1.092947, 42.292767], [-1.093134, 42.292582], [-1.093259, 42.292305], [-1.09338, 42.292243], [-1.093496, 42.292394], [-1.093774, 42.292462], [-1.094213, 42.292446], [-1.094523, 42.292511], [-1.094705, 42.292655], [-1.094843, 42.292623], [-1.094937, 42.292416], [-1.095172, 42.292316], [-1.095549, 42.292323], [-1.095743, 42.292474], [-1.095753, 42.292769], [-1.095841, 42.292883], [-1.096005, 42.292815], [-1.096435, 42.292809], [-1.09713, 42.292864], [-1.097484, 42.292866], [-1.097496, 42.292815], [-1.09789, 42.292854], [-1.098665, 42.292982], [-1.09926, 42.293212], [-1.099676, 42.293544], [-1.099929, 42.293837], [-1.10002, 42.29409], [-1.100206, 42.294201], [-1.100488, 42.294169], [-1.100744, 42.29424], [-1.100975, 42.294412], [-1.101159, 42.29463], [-1.101296, 42.294894], [-1.101294, 42.295182], [-1.101153, 42.295494], [-1.101034, 42.295745], [-1.100937, 42.295937], [-1.100888, 42.29609], [-1.100888, 42.296205], [-1.101038, 42.296419], [-1.101339, 42.296731], [-1.101524, 42.297015], [-1.101593, 42.29727], [-1.101685, 42.297605], [-1.101797, 42.29802], [-1.101867, 42.298275], [-1.101893, 42.298371], [-1.101651, 42.298473], [-1.10114, 42.298578], [-1.101004, 42.298857], [-1.101242, 42.299307], [-1.101189, 42.299617], [-1.100845, 42.299787], [-1.100576, 42.300006], [-1.100383, 42.300274], [-1.100379, 42.30043], [-1.100564, 42.300476], [-1.10084, 42.300355], [-1.101207, 42.300068], [-1.101471, 42.300063], [-1.101633, 42.300341], [-1.101911, 42.300647], [-1.102304, 42.300982], [-1.102686, 42.301195], [-1.103057, 42.301285], [-1.103322, 42.301404], [-1.103482, 42.301551], [-1.103392, 42.301602], [-1.103052, 42.301557], [-1.102665, 42.301435], [-1.10223, 42.301237], [-1.101951, 42.301161], [-1.101827, 42.301208], [-1.101882, 42.301325], [-1.102116, 42.301513], [-1.10234, 42.30171], [-1.102555, 42.301916], [-1.102786, 42.302146], [-1.103031, 42.302398], [-1.103316, 42.302564], [-1.10364, 42.302643], [-1.103889, 42.302673], [-1.104062, 42.302654], [-1.104183, 42.302706], [-1.10425, 42.30283], [-1.104133, 42.303033], [-1.103831, 42.303313], [-1.103683, 42.303526], [-1.103688, 42.303674], [-1.103852, 42.303902], [-1.104175, 42.304212], [-1.10442, 42.304341], [-1.104587, 42.30429], [-1.104684, 42.304099], [-1.104711, 42.303768], [-1.104708, 42.303464], [-1.104675, 42.303187], [-1.104807, 42.30304], [-1.105104, 42.303022], [-1.105268, 42.303004], [-1.1053, 42.302985], [-1.105409, 42.302883], [-1.105595, 42.302698], [-1.105853, 42.302516], [-1.10618, 42.302338], [-1.106351, 42.302245], [-1.106364, 42.302237], [-1.106466, 42.302207], [-1.106655, 42.302153], [-1.106762, 42.302162], [-1.106788, 42.302235], [-1.106856, 42.302424], [-1.106967, 42.302732], [-1.107001, 42.302945], [-1.106956, 42.303065], [-1.106911, 42.303177], [-1.106864, 42.303281], [-1.106939, 42.30333], [-1.107137, 42.303325], [-1.107316, 42.303395], [-1.107476, 42.303542], [-1.107694, 42.303526], [-1.10797, 42.303348], [-1.108336, 42.303176], [-1.108792, 42.30301], [-1.10915, 42.302978], [-1.109413, 42.303081], [-1.109841, 42.303009], [-1.110436, 42.302762], [-1.110832, 42.302595], [-1.111028, 42.302507], [-1.111226, 42.302468], [-1.111428, 42.302477], [-1.11158, 42.302483], [-1.111683, 42.302488], [-1.112033, 42.302327], [-1.112629, 42.302], [-1.11295, 42.3019], [-1.112996, 42.302026], [-1.113228, 42.302025], [-1.113646, 42.301897], [-1.113902, 42.301967], [-1.113996, 42.302236], [-1.114207, 42.302303], [-1.114536, 42.302168], [-1.114722, 42.30204], [-1.114766, 42.30192], [-1.114868, 42.301753], [-1.115027, 42.301538], [-1.11517, 42.301358], [-1.115298, 42.301212], [-1.115432, 42.301041], [-1.115572, 42.300844], [-1.115783, 42.300673], [-1.116065, 42.300527], [-1.116222, 42.300419], [-1.116253, 42.30035], [-1.11631, 42.300236], [-1.116391, 42.300079], [-1.116553, 42.299938], [-1.116794, 42.299813], [-1.116962, 42.299761], [-1.117054, 42.299784], [-1.117126, 42.299875], [-1.117178, 42.300033], [-1.117212, 42.300219], [-1.11723, 42.30043], [-1.117242, 42.300618], [-1.117251, 42.300782], [-1.117435, 42.300942], [-1.117796, 42.301099], [-1.11801, 42.30124], [-1.118077, 42.301364], [-1.118067, 42.301546], [-1.117979, 42.301786], [-1.118033, 42.302115], [-1.118228, 42.302532], [-1.118338, 42.302767], [-1.118362, 42.302818], [-1.118425, 42.30288], [-1.118527, 42.302951], [-1.118598, 42.303033], [-1.118637, 42.303128], [-1.1186, 42.303346], [-1.118487, 42.303687], [-1.118484, 42.303909], [-1.118592, 42.304013], [-1.118634, 42.304123], [-1.118612, 42.304241], [-1.118494, 42.304377], [-1.118279, 42.304532], [-1.118088, 42.304693], [-1.11792, 42.30486], [-1.117584, 42.304955], [-1.11708, 42.304978], [-1.116709, 42.305002], [-1.116471, 42.305029], [-1.11633, 42.305102], [-1.116286, 42.305222], [-1.116551, 42.305283], [-1.117127, 42.305285], [-1.117584, 42.305251], [-1.117925, 42.30518], [-1.118199, 42.305051], [-1.118407, 42.304863], [-1.118673, 42.304686], [-1.118995, 42.304519], [-1.119197, 42.304472], [-1.119276, 42.304545], [-1.119322, 42.304672], [-1.119333, 42.304851], [-1.119458, 42.304985], [-1.119695, 42.305074], [-1.119921, 42.305099], [-1.120134, 42.305058], [-1.120299, 42.304933], [-1.120415, 42.304723], [-1.120777, 42.304592], [-1.121386, 42.304541], [-1.121809, 42.304437], [-1.122045, 42.304279], [-1.122381, 42.304184], [-1.122817, 42.304152], [-1.123159, 42.30409], [-1.123407, 42.303997], [-1.123747, 42.303926], [-1.12418, 42.303878], [-1.124622, 42.303755], [-1.125071, 42.303557], [-1.125426, 42.303444], [-1.125686, 42.303415], [-1.125945, 42.303444], [-1.126204, 42.30353], [-1.126454, 42.303626], [-1.126695, 42.303731], [-1.126886, 42.303866], [-1.127027, 42.304031], [-1.12716, 42.304213], [-1.127286, 42.304413], [-1.127489, 42.304613], [-1.127769, 42.304812], [-1.12791, 42.304739], [-1.127912, 42.304393], [-1.128044, 42.304272], [-1.128306, 42.304374], [-1.128589, 42.304408], [-1.128892, 42.304375], [-1.129211, 42.304307], [-1.129545, 42.304204], [-1.129744, 42.304379], [-1.129806, 42.304833], [-1.129885, 42.305432], [-1.129979, 42.306178], [-1.130117, 42.306623], [-1.130299, 42.306768], [-1.130436, 42.306909], [-1.130528, 42.307047], [-1.130663, 42.307122], [-1.130843, 42.307135], [-1.131019, 42.307313], [-1.131194, 42.307655], [-1.131375, 42.307857], [-1.131563, 42.307918], [-1.13169, 42.307945], [-1.131755, 42.307938], [-1.131756, 42.307889], [-1.131695, 42.307797], [-1.131605, 42.307667], [-1.131485, 42.307499], [-1.131412, 42.307384], [-1.131387, 42.307321], [-1.131446, 42.307323], [-1.131592, 42.307391], [-1.131723, 42.307471], [-1.131841, 42.307565], [-1.131961, 42.307674], [-1.132085, 42.307798], [-1.132211, 42.307939], [-1.13234, 42.308095], [-1.132507, 42.30822], [-1.132711, 42.308315], [-1.132861, 42.308431], [-1.132958, 42.308569], [-1.133084, 42.308667], [-1.133238, 42.308725], [-1.133251, 42.308643], [-1.133124, 42.308423], [-1.132956, 42.30817], [-1.132745, 42.307885], [-1.13229, 42.307548], [-1.131591, 42.307159], [-1.131226, 42.306928], [-1.131196, 42.306854], [-1.13111, 42.306793], [-1.130968, 42.306743], [-1.130771, 42.306633], [-1.130519, 42.306464], [-1.130488, 42.306179], [-1.130679, 42.30578], [-1.130848, 42.305441], [-1.130995, 42.305161], [-1.131081, 42.304913], [-1.131107, 42.304696], [-1.131326, 42.304565], [-1.131737, 42.30452], [-1.131968, 42.304457], [-1.132019, 42.304378], [-1.132071, 42.304299], [-1.132123, 42.304218], [-1.132138, 42.304121], [-1.132117, 42.304009], [-1.132085, 42.303897], [-1.132043, 42.303787], [-1.131853, 42.303775], [-1.131515, 42.303862], [-1.13135, 42.303806], [-1.131357, 42.303608], [-1.131258, 42.303372], [-1.131053, 42.303099], [-1.130918, 42.302908], [-1.130853, 42.3028], [-1.130891, 42.302648], [-1.131032, 42.302452], [-1.131168, 42.302412], [-1.1313, 42.302529], [-1.131454, 42.302586], [-1.131631, 42.302583], [-1.131807, 42.302579], [-1.131983, 42.302576], [-1.132158, 42.302746], [-1.132333, 42.303088], [-1.132541, 42.303197], [-1.132783, 42.303071], [-1.132856, 42.302874], [-1.132762, 42.302605], [-1.13285, 42.302423], [-1.133119, 42.302327], [-1.133295, 42.302324], [-1.133378, 42.302413], [-1.133394, 42.302559], [-1.133344, 42.302762], [-1.133439, 42.302859], [-1.13368, 42.302848], [-1.133898, 42.302832], [-1.134093, 42.302811], [-1.134191, 42.302742], [-1.134192, 42.302627], [-1.134213, 42.302444], [-1.134254, 42.302193], [-1.134286, 42.302066], [-1.134308, 42.302063], [-1.134534, 42.30203], [-1.134964, 42.301966], [-1.135209, 42.301856], [-1.135268, 42.301702], [-1.135168, 42.301639], [-1.134908, 42.301668], [-1.134559, 42.30169], [-1.13412, 42.301706], [-1.13373, 42.301692], [-1.13339, 42.301647], [-1.133196, 42.301554], [-1.133148, 42.301411], [-1.133057, 42.301224], [-1.132926, 42.300992], [-1.13287, 42.300751], [-1.13289, 42.300502], [-1.13289, 42.300264], [-1.132869, 42.300036], [-1.132741, 42.299877], [-1.132503, 42.299789], [-1.132324, 42.299718], [-1.132204, 42.299666], [-1.132123, 42.299527], [-1.132081, 42.299301], [-1.131998, 42.299096], [-1.131876, 42.298913], [-1.131932, 42.298742], [-1.132168, 42.298584], [-1.132235, 42.298403], [-1.132132, 42.298198], [-1.131984, 42.298042], [-1.131789, 42.297933], [-1.131639, 42.297789], [-1.131534, 42.297609], [-1.131462, 42.297457], [-1.131425, 42.297334], [-1.131461, 42.297106], [-1.131571, 42.296774], [-1.131635, 42.296538], [-1.131652, 42.296398], [-1.131536, 42.296315], [-1.131288, 42.296289], [-1.131059, 42.296213], [-1.13085, 42.296088], [-1.130646, 42.295876], [-1.130447, 42.295578], [-1.130362, 42.295274], [-1.13039, 42.294962], [-1.130403, 42.294689], [-1.130403, 42.294455], [-1.130433, 42.294233], [-1.130494, 42.294024], [-1.130626, 42.293849], [-1.130829, 42.29371], [-1.131089, 42.293644], [-1.131405, 42.293651], [-1.13172, 42.293728], [-1.132034, 42.293874], [-1.132269, 42.293943], [-1.132428, 42.293935], [-1.132502, 42.293918], [-1.132491, 42.293892], [-1.13258, 42.293851], [-1.132769, 42.293798], [-1.132997, 42.293896], [-1.133265, 42.294146], [-1.133509, 42.294209], [-1.133729, 42.294086], [-1.134011, 42.293939], [-1.134355, 42.29377], [-1.134651, 42.293638], [-1.134899, 42.293545], [-1.135005, 42.293401], [-1.134969, 42.293208], [-1.134783, 42.29322], [-1.134448, 42.293439], [-1.134169, 42.293544], [-1.133947, 42.293535], [-1.13394, 42.293437], [-1.134148, 42.29325], [-1.134366, 42.293119], [-1.134596, 42.293044], [-1.13467, 42.29297], [-1.13459, 42.292896], [-1.134354, 42.292816], [-1.133962, 42.292728], [-1.133725, 42.292581], [-1.133643, 42.292377], [-1.133413, 42.292271], [-1.133036, 42.292263], [-1.132698, 42.292227], [-1.132398, 42.292161], [-1.132111, 42.292184], [-1.131837, 42.292296], [-1.131668, 42.292421], [-1.131605, 42.292561], [-1.131523, 42.292669], [-1.131422, 42.292744], [-1.131303, 42.292911], [-1.131166, 42.293172], [-1.131013, 42.293311], [-1.130845, 42.29333], [-1.130682, 42.29338], [-1.130526, 42.293461], [-1.130344, 42.293524], [-1.130138, 42.293568], [-1.130014, 42.29371], [-1.129972, 42.293949], [-1.12981, 42.294116], [-1.129527, 42.294211], [-1.12927, 42.294287], [-1.129037, 42.294345], [-1.128884, 42.29433], [-1.128811, 42.294243], [-1.128828, 42.294107], [-1.128938, 42.293925], [-1.128928, 42.293756], [-1.128798, 42.2936], [-1.128848, 42.293445], [-1.129077, 42.293292], [-1.129305, 42.293091], [-1.12953, 42.292842], [-1.129705, 42.292626], [-1.129828, 42.292442], [-1.130009, 42.292262], [-1.130248, 42.292086], [-1.130463, 42.291934], [-1.130654, 42.291807], [-1.130796, 42.291685], [-1.130889, 42.291568], [-1.130983, 42.291456], [-1.131077, 42.29135], [-1.131167, 42.291277], [-1.131251, 42.291239], [-1.131307, 42.291184], [-1.131333, 42.291113], [-1.131259, 42.291029], [-1.131085, 42.290933], [-1.130957, 42.2909], [-1.130872, 42.29093], [-1.130795, 42.290907], [-1.130723, 42.29083], [-1.130728, 42.290664], [-1.130809, 42.29041], [-1.13093, 42.290253], [-1.131091, 42.290193], [-1.131252, 42.290095], [-1.131413, 42.28996], [-1.131521, 42.289901], [-1.131578, 42.289917], [-1.131648, 42.289897], [-1.131732, 42.289841], [-1.131998, 42.29001], [-1.132447, 42.290404], [-1.132835, 42.290649], [-1.133162, 42.290744], [-1.133416, 42.290741], [-1.133596, 42.290639], [-1.133683, 42.290514], [-1.133677, 42.290367], [-1.133953, 42.290361], [-1.134508, 42.290496], [-1.134885, 42.290619], [-1.135082, 42.290729], [-1.135254, 42.290825], [-1.135402, 42.290907], [-1.135543, 42.290949], [-1.135675, 42.290951], [-1.135915, 42.290932], [-1.136261, 42.290894], [-1.136205, 42.291007], [-1.135746, 42.291272], [-1.135556, 42.291556], [-1.135635, 42.29186], [-1.135568, 42.292097], [-1.135357, 42.292269], [-1.135312, 42.292438], [-1.135431, 42.292606], [-1.135652, 42.292664], [-1.135974, 42.292611], [-1.136256, 42.292465], [-1.136498, 42.292224], [-1.136705, 42.292029], [-1.136876, 42.291878], [-1.137017, 42.29169], [-1.13713, 42.291463], [-1.137174, 42.291286], [-1.13715, 42.291157], [-1.137132, 42.29106], [-1.13712, 42.290996], [-1.137225, 42.290968], [-1.137448, 42.290976], [-1.13766, 42.290927], [-1.137861, 42.290823], [-1.138015, 42.290699], [-1.138121, 42.290556], [-1.138164, 42.29037], [-1.138143, 42.290142], [-1.138031, 42.290015], [-1.137827, 42.289988], [-1.137615, 42.290036], [-1.137395, 42.290159], [-1.137176, 42.290225], [-1.136956, 42.290233], [-1.13669, 42.290287], [-1.136377, 42.290387], [-1.136064, 42.290307], [-1.13575, 42.290046], [-1.135346, 42.289893], [-1.134852, 42.28985], [-1.134241, 42.289893], [-1.133514, 42.290023], [-1.13294, 42.289963], [-1.132517, 42.289714], [-1.13236, 42.28946], [-1.132466, 42.289202], [-1.132379, 42.289088], [-1.132097, 42.289119], [-1.131933, 42.289006], [-1.131885, 42.288748], [-1.131669, 42.288657], [-1.131285, 42.288733], [-1.131066, 42.288683], [-1.131012, 42.288508], [-1.130726, 42.2884], [-1.13021, 42.288359], [-1.129872, 42.288026], [-1.129712, 42.287403], [-1.12973, 42.286965], [-1.129926, 42.286713], [-1.130201, 42.286468], [-1.130555, 42.286232], [-1.1307, 42.286059], [-1.130635, 42.285951], [-1.130587, 42.285878], [-1.130555, 42.285838], [-1.130613, 42.285764], [-1.130763, 42.285654], [-1.130892, 42.285545], [-1.131, 42.285437], [-1.131022, 42.285323], [-1.130957, 42.285202], [-1.130888, 42.285101], [-1.130816, 42.285018], [-1.130788, 42.284954], [-1.130805, 42.28491], [-1.130818, 42.284796], [-1.130828, 42.284614], [-1.13086, 42.284488], [-1.130913, 42.284416], [-1.131048, 42.28431], [-1.131265, 42.284171], [-1.131584, 42.284045], [-1.132005, 42.283933], [-1.13206, 42.283812], [-1.131749, 42.283682], [-1.131694, 42.283507], [-1.131896, 42.283287], [-1.132023, 42.283076], [-1.132073, 42.282873], [-1.132099, 42.282714], [-1.132099, 42.282598], [-1.13197, 42.282498], [-1.131711, 42.282411], [-1.131514, 42.282359], [-1.131378, 42.282341], [-1.131193, 42.282477], [-1.13096, 42.282766], [-1.130756, 42.282797], [-1.130581, 42.28257], [-1.130334, 42.282433], [-1.130016, 42.282386], [-1.129865, 42.282107], [-1.12988, 42.281595], [-1.12982, 42.281273], [-1.129685, 42.28114], [-1.129648, 42.280938], [-1.129708, 42.280668], [-1.129576, 42.280494], [-1.129252, 42.280415], [-1.128894, 42.28015], [-1.128501, 42.279701], [-1.128279, 42.279339], [-1.128228, 42.279065], [-1.128242, 42.278784], [-1.128321, 42.278495], [-1.128374, 42.278309], [-1.128403, 42.278223], [-1.12847, 42.278109], [-1.128576, 42.277966], [-1.128505, 42.277883], [-1.128258, 42.277861], [-1.128022, 42.277484], [-1.127798, 42.276753], [-1.127604, 42.276363], [-1.12744, 42.276315], [-1.127267, 42.276154], [-1.127083, 42.275878], [-1.126825, 42.275677], [-1.126492, 42.275549], [-1.126132, 42.275515], [-1.125745, 42.275574], [-1.12544, 42.275477], [-1.125216, 42.275222], [-1.125049, 42.274739], [-1.124938, 42.274028], [-1.124768, 42.273824], [-1.124538, 42.27413], [-1.124313, 42.274228], [-1.124094, 42.274121], [-1.123962, 42.274004], [-1.123917, 42.273878], [-1.123956, 42.273734], [-1.124081, 42.273572], [-1.123963, 42.273412], [-1.123602, 42.273255], [-1.123218, 42.273149], [-1.12281, 42.273096], [-1.122704, 42.273001], [-1.1229, 42.272864], [-1.123044, 42.272791], [-1.123137, 42.27278], [-1.123141, 42.272732], [-1.123055, 42.272645], [-1.122949, 42.272565], [-1.122821, 42.272494], [-1.12272, 42.272452], [-1.122646, 42.272439], [-1.122506, 42.272455], [-1.1223, 42.272499], [-1.122147, 42.272564], [-1.122049, 42.272649], [-1.121951, 42.272623], [-1.121854, 42.272485], [-1.121757, 42.272426], [-1.121661, 42.272447], [-1.121635, 42.272541], [-1.12168, 42.272706], [-1.121659, 42.27282], [-1.12157, 42.272884], [-1.121473, 42.272862], [-1.121368, 42.272757], [-1.121217, 42.272715], [-1.121021, 42.272737], [-1.120972, 42.27263], [-1.121072, 42.272396], [-1.121179, 42.272165], [-1.121295, 42.27194], [-1.121367, 42.271773], [-1.121396, 42.271666], [-1.121397, 42.2716], [-1.121369, 42.271576], [-1.121319, 42.271415], [-1.121248, 42.271118], [-1.121267, 42.270899], [-1.121374, 42.270759], [-1.121379, 42.27062], [-1.121281, 42.270482], [-1.121222, 42.270409], [-1.1212, 42.270401], [-1.121192, 42.270364], [-1.121199, 42.270298], [-1.121072, 42.270199], [-1.120811, 42.270067], [-1.120667, 42.269865], [-1.12064, 42.269594], [-1.120567, 42.26949], [-1.120449, 42.269554], [-1.120382, 42.269574], [-1.120367, 42.269549], [-1.120348, 42.269531], [-1.120326, 42.269522], [-1.120235, 42.269579], [-1.120076, 42.269701], [-1.119885, 42.269705], [-1.119664, 42.269591], [-1.119561, 42.269453], [-1.119576, 42.269292], [-1.119586, 42.26919], [-1.11959, 42.269147], [-1.119556, 42.269087], [-1.119484, 42.269009], [-1.119437, 42.268972], [-1.119414, 42.268975], [-1.119316, 42.268985], [-1.119143, 42.269005], [-1.118995, 42.268952], [-1.118871, 42.268827], [-1.118754, 42.268659], [-1.118643, 42.268448], [-1.118531, 42.268343], [-1.118417, 42.268345], [-1.118251, 42.268337], [-1.118033, 42.268318], [-1.117939, 42.268121], [-1.117969, 42.267745], [-1.117978, 42.267409], [-1.117966, 42.267112], [-1.118006, 42.266942], [-1.118099, 42.2669], [-1.118189, 42.266927], [-1.118279, 42.267024], [-1.118375, 42.267157], [-1.118478, 42.267326], [-1.118596, 42.26742], [-1.118728, 42.267437], [-1.118827, 42.267425], [-1.118895, 42.267384], [-1.118849, 42.267158], [-1.11869, 42.266746], [-1.118657, 42.266313], [-1.118749, 42.265858], [-1.118899, 42.265537], [-1.119107, 42.26535], [-1.119226, 42.265156], [-1.119255, 42.264955], [-1.119165, 42.264825], [-1.118955, 42.264766], [-1.119029, 42.264569], [-1.119386, 42.264234], [-1.119656, 42.264023], [-1.119839, 42.263937], [-1.119961, 42.263824], [-1.120024, 42.263686], [-1.12023, 42.263663], [-1.120578, 42.263756], [-1.120796, 42.263682], [-1.120884, 42.263442], [-1.120856, 42.263232], [-1.120712, 42.26305], [-1.120598, 42.262849], [-1.120512, 42.262628], [-1.12041, 42.262377], [-1.120292, 42.262094], [-1.12018, 42.261851], [-1.120076, 42.261649], [-1.119806, 42.261679], [-1.119369, 42.261941], [-1.118919, 42.262197], [-1.118457, 42.262445], [-1.118171, 42.262567], [-1.11806, 42.262563], [-1.118032, 42.262353], [-1.118087, 42.261935], [-1.118015, 42.261606], [-1.117815, 42.261365], [-1.117647, 42.261113], [-1.117509, 42.260848], [-1.117292, 42.260511], [-1.116995, 42.2601], [-1.116947, 42.259842], [-1.117149, 42.259737], [-1.11722, 42.259589], [-1.117163, 42.259398], [-1.11707, 42.259137], [-1.116943, 42.258806], [-1.117033, 42.258459], [-1.117341, 42.258096], [-1.11759, 42.257953], [-1.117781, 42.258031], [-1.11803, 42.258003], [-1.118337, 42.25787], [-1.118548, 42.25788], [-1.118665, 42.258031], [-1.118834, 42.258111], [-1.119057, 42.258119], [-1.119178, 42.258295], [-1.119197, 42.258638], [-1.119174, 42.258929], [-1.119107, 42.259166], [-1.11929, 42.259319], [-1.119722, 42.259386], [-1.119974, 42.259193], [-1.120044, 42.258742], [-1.120087, 42.258375], [-1.120101, 42.258094], [-1.120119, 42.257895], [-1.120141, 42.257777], [-1.120565, 42.257681], [-1.12139, 42.257606], [-1.121885, 42.257534], [-1.122049, 42.257467], [-1.122361, 42.257539], [-1.12282, 42.257751], [-1.123209, 42.258062], [-1.123528, 42.25847], [-1.123672, 42.258536], [-1.123643, 42.25826], [-1.123708, 42.258014], [-1.123867, 42.257799], [-1.124019, 42.257725], [-1.124163, 42.257791], [-1.124506, 42.257794], [-1.125047, 42.257734], [-1.125511, 42.257674], [-1.125897, 42.257615], [-1.126359, 42.257663], [-1.126896, 42.257817], [-1.127262, 42.258064], [-1.127457, 42.258404], [-1.127431, 42.258621], [-1.127184, 42.258714], [-1.127114, 42.258812], [-1.127221, 42.258915], [-1.127414, 42.259001], [-1.127691, 42.259069], [-1.127788, 42.259173], [-1.127704, 42.259314], [-1.127448, 42.259301], [-1.127019, 42.259135], [-1.126814, 42.259158], [-1.126831, 42.25937], [-1.12687, 42.259522], [-1.126931, 42.259614], [-1.126841, 42.259722], [-1.126599, 42.259848], [-1.126384, 42.259938], [-1.126195, 42.259991], [-1.126084, 42.260102], [-1.126049, 42.260271], [-1.125865, 42.260414], [-1.125534, 42.260533], [-1.125515, 42.26061], [-1.125809, 42.260643], [-1.125993, 42.260803], [-1.126068, 42.261091], [-1.12613, 42.261421], [-1.126177, 42.261794], [-1.126184, 42.262131], [-1.126152, 42.26243], [-1.126264, 42.262738], [-1.126522, 42.263055], [-1.126822, 42.263301], [-1.127163, 42.263477], [-1.127582, 42.263827], [-1.128078, 42.264351], [-1.128367, 42.26462], [-1.128448, 42.264634], [-1.128497, 42.264643], [-1.128513, 42.264646], [-1.128572, 42.264656], [-1.128672, 42.264674], [-1.128759, 42.264732], [-1.128835, 42.26483], [-1.12893, 42.264958], [-1.129045, 42.265115], [-1.129149, 42.26529], [-1.129242, 42.265482], [-1.129276, 42.265615], [-1.129251, 42.265689], [-1.129248, 42.265781], [-1.129269, 42.265892], [-1.129577, 42.266244], [-1.130173, 42.266835], [-1.130696, 42.267032], [-1.131145, 42.266834], [-1.131587, 42.266719], [-1.132023, 42.266687], [-1.132243, 42.266564], [-1.132247, 42.26635], [-1.132346, 42.266347], [-1.13254, 42.266556], [-1.132856, 42.266595], [-1.133296, 42.266464], [-1.133848, 42.266403], [-1.134512, 42.266411], [-1.134781, 42.266315], [-1.134656, 42.266115], [-1.134528, 42.265965], [-1.134399, 42.265864], [-1.134297, 42.26567], [-1.134221, 42.265383], [-1.134352, 42.265195], [-1.134689, 42.265109], [-1.134937, 42.264958], [-1.135096, 42.264743], [-1.135145, 42.264474], [-1.135086, 42.264152], [-1.135291, 42.264129], [-1.135762, 42.264405], [-1.136011, 42.264616], [-1.136038, 42.264761], [-1.13615, 42.264889], [-1.136347, 42.264998], [-1.136346, 42.265286], [-1.136145, 42.265753], [-1.13622, 42.265975], [-1.136569, 42.265952], [-1.136768, 42.266012], [-1.136817, 42.266155], [-1.136773, 42.266275], [-1.136636, 42.266372], [-1.136648, 42.266494], [-1.136808, 42.266641], [-1.137064, 42.266711], [-1.137416, 42.266705], [-1.137723, 42.266811], [-1.137984, 42.267028], [-1.13808, 42.267248], [-1.138011, 42.26747], [-1.138027, 42.267616], [-1.138129, 42.267687], [-1.138267, 42.267836], [-1.138442, 42.268063], [-1.138588, 42.268137], [-1.138706, 42.268058], [-1.138771, 42.267936], [-1.138785, 42.26777], [-1.138945, 42.267563], [-1.139252, 42.267315], [-1.139447, 42.267236], [-1.13953, 42.267325], [-1.139442, 42.267442], [-1.139181, 42.267586], [-1.139077, 42.267738], [-1.139129, 42.267896], [-1.139396, 42.267908], [-1.139878, 42.267772], [-1.140125, 42.267909], [-1.140135, 42.268319], [-1.140062, 42.268697], [-1.139905, 42.269043], [-1.139838, 42.269273], [-1.139859, 42.269386], [-1.14002, 42.269837], [-1.140321, 42.270625], [-1.140658, 42.271073], [-1.141032, 42.27118], [-1.141248, 42.271394], [-1.141308, 42.271716], [-1.141297, 42.272071], [-1.141215, 42.272458], [-1.141283, 42.272648], [-1.141502, 42.27264], [-1.141688, 42.272389], [-1.141839, 42.271896], [-1.141829, 42.27137], [-1.14166, 42.270814], [-1.141925, 42.270283], [-1.142626, 42.269777], [-1.143215, 42.269555], [-1.14369, 42.269618], [-1.143954, 42.269728], [-1.144005, 42.269887], [-1.14402, 42.270083], [-1.143997, 42.270316], [-1.144224, 42.270529], [-1.144702, 42.270722], [-1.145126, 42.270807], [-1.145497, 42.270782], [-1.14553, 42.270663], [-1.145226, 42.27045], [-1.145006, 42.270277], [-1.144871, 42.270144], [-1.144881, 42.269962], [-1.145037, 42.269731], [-1.145167, 42.269602], [-1.145272, 42.269573], [-1.145456, 42.269668], [-1.145717, 42.269886], [-1.145847, 42.269871], [-1.145845, 42.269625], [-1.145951, 42.269424], [-1.146165, 42.269269], [-1.146613, 42.269063], [-1.147294, 42.268806], [-1.147911, 42.26868], [-1.148464, 42.268684], [-1.14888, 42.26872], [-1.149157, 42.268788], [-1.149317, 42.268934], [-1.149359, 42.26916], [-1.14962, 42.269435], [-1.150101, 42.26976], [-1.150348, 42.27002], [-1.150362, 42.270216], [-1.150488, 42.270416], [-1.150725, 42.27062], [-1.150958, 42.270865], [-1.151188, 42.271152], [-1.151434, 42.271347], [-1.151696, 42.271449], [-1.151907, 42.271631], [-1.152066, 42.271893], [-1.151811, 42.272242], [-1.151141, 42.272679], [-1.150877, 42.272979], [-1.151018, 42.273145], [-1.151148, 42.273188], [-1.151266, 42.273109], [-1.15141, 42.273233], [-1.151581, 42.273559], [-1.151749, 42.273688], [-1.151913, 42.273621], [-1.152093, 42.273576], [-1.152288, 42.273554], [-1.152343, 42.273672], [-1.152258, 42.273928], [-1.152205, 42.274238], [-1.152184, 42.274602], [-1.151983, 42.274764], [-1.1516, 42.274725], [-1.151523, 42.274848], [-1.151754, 42.275135], [-1.151695, 42.275355], [-1.151348, 42.275509], [-1.151277, 42.275895], [-1.15148, 42.276514], [-1.151735, 42.276757], [-1.152042, 42.276624], [-1.152213, 42.27677], [-1.152248, 42.277193], [-1.152402, 42.277546], [-1.152675, 42.277828], [-1.153221, 42.277735], [-1.15404, 42.277265], [-1.154516, 42.277155], [-1.154651, 42.277403], [-1.154542, 42.27753], [-1.154189, 42.277537], [-1.153926, 42.277607], [-1.153753, 42.277741], [-1.153673, 42.277907], [-1.153687, 42.278102], [-1.153628, 42.278257], [-1.153494, 42.27837], [-1.153467, 42.278521], [-1.153547, 42.27871], [-1.153694, 42.278792], [-1.153911, 42.278768], [-1.154109, 42.278705], [-1.154289, 42.278603], [-1.154587, 42.278545], [-1.155005, 42.278531], [-1.15529, 42.278582], [-1.155444, 42.278696], [-1.155646, 42.278715], [-1.155897, 42.278638], [-1.156322, 42.278664], [-1.156921, 42.278795], [-1.157004, 42.279065], [-1.156572, 42.279475], [-1.156256, 42.279733], [-1.156054, 42.279837], [-1.155904, 42.279681], [-1.155804, 42.279265], [-1.155646, 42.279069], [-1.15543, 42.279093], [-1.155308, 42.279213], [-1.155282, 42.27943], [-1.155366, 42.279642], [-1.15556, 42.279851], [-1.155489, 42.280065], [-1.155154, 42.280283], [-1.154797, 42.280438], [-1.154416, 42.280529], [-1.15406, 42.280577], [-1.15373, 42.280581], [-1.153632, 42.280649], [-1.153767, 42.280782], [-1.154184, 42.280826], [-1.154883, 42.280782], [-1.155343, 42.280821], [-1.155565, 42.280944], [-1.155733, 42.281074], [-1.155846, 42.281209], [-1.155844, 42.281374], [-1.155725, 42.281568], [-1.155748, 42.281689], [-1.155911, 42.281736], [-1.156118, 42.281779], [-1.156368, 42.281817], [-1.156624, 42.281764], [-1.156884, 42.28162], [-1.15709, 42.281597], [-1.15724, 42.281695], [-1.157179, 42.281842], [-1.156906, 42.282037], [-1.156677, 42.282169], [-1.156491, 42.282239], [-1.15646, 42.282308], [-1.156583, 42.282377], [-1.156778, 42.282413], [-1.157043, 42.282416], [-1.157294, 42.282396], [-1.157529, 42.282354], [-1.157552, 42.282417], [-1.157362, 42.282586], [-1.157223, 42.282725], [-1.157132, 42.282834], [-1.157237, 42.282921], [-1.157536, 42.282986], [-1.157735, 42.283161], [-1.157832, 42.283447], [-1.158018, 42.283673], [-1.158292, 42.28384], [-1.158454, 42.283994], [-1.158502, 42.284137], [-1.158423, 42.284244], [-1.158215, 42.284317], [-1.158125, 42.284425], [-1.158152, 42.28457], [-1.158078, 42.284825], [-1.157903, 42.28519], [-1.157972, 42.285618], [-1.158285, 42.28611], [-1.158118, 42.286638], [-1.157472, 42.287204], [-1.156985, 42.287258], [-1.156657, 42.286801], [-1.15638, 42.286618], [-1.156154, 42.286709], [-1.156031, 42.286821], [-1.156012, 42.286955], [-1.155825, 42.287083], [-1.155472, 42.287204], [-1.15536, 42.287373], [-1.155489, 42.287589], [-1.155367, 42.287882], [-1.154994, 42.288252], [-1.15464, 42.288308], [-1.154304, 42.288049], [-1.154142, 42.288067], [-1.154153, 42.288362], [-1.154044, 42.288547], [-1.153814, 42.288622], [-1.153645, 42.288723], [-1.153537, 42.28885], [-1.153346, 42.288896], [-1.153074, 42.288861], [-1.152893, 42.288897], [-1.152803, 42.289006], [-1.152858, 42.289181], [-1.153057, 42.289422], [-1.153003, 42.289543], [-1.152694, 42.289544], [-1.152437, 42.289647], [-1.152231, 42.289851], [-1.152086, 42.290138], [-1.152001, 42.290509], [-1.152032, 42.290748], [-1.15218, 42.290855], [-1.15233, 42.290846], [-1.152482, 42.290723], [-1.15262, 42.290655], [-1.152747, 42.290641], [-1.152953, 42.290634], [-1.153239, 42.290634], [-1.153417, 42.290705], [-1.153486, 42.290846], [-1.153541, 42.291064], [-1.153581, 42.291357], [-1.15365, 42.291611], [-1.153747, 42.291823], [-1.153644, 42.291963], [-1.153341, 42.292028], [-1.153065, 42.292043], [-1.152815, 42.292007], [-1.152573, 42.291975], [-1.152339, 42.291948], [-1.15211, 42.291901], [-1.151887, 42.291834], [-1.151513, 42.29183], [-1.150989, 42.291888], [-1.150597, 42.291932], [-1.150338, 42.291961], [-1.150056, 42.291992], [-1.149753, 42.292026], [-1.149399, 42.292082], [-1.148994, 42.29216], [-1.148613, 42.292251], [-1.148257, 42.292357], [-1.148049, 42.292429], [-1.14799, 42.292468], [-1.147886, 42.292677], [-1.147735, 42.293056], [-1.14742, 42.293319], [-1.14694, 42.293467], [-1.1467, 42.293564], [-1.1467, 42.293611], [-1.1467, 42.293686], [-1.146699, 42.29379], [-1.146603, 42.293891], [-1.146413, 42.29399], [-1.146237, 42.294144], [-1.146076, 42.294354], [-1.14617, 42.294376], [-1.14652, 42.29421], [-1.146695, 42.294164], [-1.146694, 42.294239], [-1.146897, 42.294171], [-1.147305, 42.29396], [-1.147691, 42.293768], [-1.148057, 42.293596], [-1.14836, 42.293562], [-1.1486, 42.293667], [-1.148864, 42.294016], [-1.149152, 42.294609], [-1.149117, 42.295016], [-1.14876, 42.295236], [-1.148453, 42.295427], [-1.148196, 42.295587], [-1.147857, 42.295723], [-1.147436, 42.295836], [-1.147024, 42.295939], [-1.146622, 42.296033], [-1.146303, 42.296101], [-1.146068, 42.296144], [-1.145889, 42.296254], [-1.145768, 42.296432], [-1.146057, 42.296441], [-1.146756, 42.296281], [-1.147289, 42.296173], [-1.147654, 42.296116], [-1.14793, 42.296233], [-1.148117, 42.296525], [-1.148345, 42.296508], [-1.148616, 42.296181], [-1.148898, 42.295854], [-1.14919, 42.295526], [-1.149428, 42.295261], [-1.149611, 42.295059], [-1.149678, 42.294822], [-1.149627, 42.294548], [-1.149657, 42.294413], [-1.149768, 42.294417], [-1.149891, 42.294543], [-1.150026, 42.294791], [-1.150103, 42.294972], [-1.150124, 42.295085], [-1.150364, 42.295124], [-1.150821, 42.295089], [-1.151256, 42.295107], [-1.151666, 42.295176], [-1.152465, 42.295252], [-1.153652, 42.295334], [-1.154565, 42.295314], [-1.155206, 42.295194], [-1.155676, 42.295166], [-1.155975, 42.295231], [-1.156052, 42.295346], [-1.155906, 42.295511], [-1.155641, 42.295573], [-1.155258, 42.295533], [-1.154893, 42.295533], [-1.154547, 42.295571], [-1.154087, 42.295598], [-1.153516, 42.295612], [-1.15301, 42.295627], [-1.152571, 42.295643], [-1.152179, 42.295613], [-1.151833, 42.295536], [-1.151872, 42.295803], [-1.152295, 42.296414], [-1.152458, 42.296815], [-1.152361, 42.297007], [-1.15217, 42.296929], [-1.151884, 42.296583], [-1.151659, 42.29632], [-1.151493, 42.296141], [-1.151351, 42.295976], [-1.151235, 42.295824], [-1.151034, 42.295756], [-1.15075, 42.295772], [-1.15058, 42.295749], [-1.150524, 42.29569], [-1.150427, 42.295643], [-1.150288, 42.295609], [-1.150115, 42.295628], [-1.149908, 42.295701], [-1.149776, 42.295765], [-1.14972, 42.29582], [-1.149767, 42.29607], [-1.149916, 42.296514], [-1.149832, 42.296778], [-1.149517, 42.296862], [-1.149549, 42.297155], [-1.14993, 42.297655], [-1.150057, 42.298044], [-1.149932, 42.298321], [-1.149782, 42.298404], [-1.149606, 42.298292], [-1.149418, 42.29823], [-1.149217, 42.29822], [-1.14899, 42.298245], [-1.148736, 42.298306], [-1.148605, 42.298436], [-1.148598, 42.298634], [-1.148245, 42.298813], [-1.147545, 42.298973], [-1.14692, 42.299116], [-1.146369, 42.299243], [-1.145922, 42.299392], [-1.145577, 42.299562], [-1.145347, 42.299809], [-1.145231, 42.300135], [-1.145176, 42.300313], [-1.145182, 42.300346], [-1.145268, 42.300394], [-1.145435, 42.300457], [-1.145543, 42.300561], [-1.145591, 42.300703], [-1.145499, 42.300919], [-1.145265, 42.301208], [-1.145028, 42.301358], [-1.144787, 42.301368], [-1.144617, 42.301288], [-1.144519, 42.301118], [-1.144296, 42.301044], [-1.143946, 42.301067], [-1.143774, 42.301209], [-1.143779, 42.301472], [-1.143681, 42.301779], [-1.143481, 42.30213], [-1.143398, 42.302394], [-1.143431, 42.302571], [-1.143277, 42.302695], [-1.142937, 42.302766], [-1.142693, 42.302703], [-1.142546, 42.302505], [-1.142209, 42.302362], [-1.141684, 42.302272], [-1.141458, 42.302305], [-1.141532, 42.302462], [-1.141666, 42.302529], [-1.141861, 42.302507], [-1.142135, 42.302732], [-1.142488, 42.303202], [-1.142806, 42.303784], [-1.14309, 42.304476], [-1.14308, 42.304781], [-1.142778, 42.3047], [-1.142633, 42.304757], [-1.142648, 42.304953], [-1.142752, 42.305097], [-1.142946, 42.305191], [-1.143104, 42.305264], [-1.143224, 42.305316], [-1.14336, 42.305334], [-1.143511, 42.305317], [-1.143698, 42.30537], [-1.14392, 42.305494], [-1.144066, 42.305741], [-1.144135, 42.306111], [-1.144076, 42.306331], [-1.14389, 42.306401], [-1.143659, 42.306526], [-1.143383, 42.306705], [-1.143299, 42.306845], [-1.143407, 42.306949], [-1.143576, 42.307028], [-1.143808, 42.307085], [-1.143942, 42.30721], [-1.143978, 42.307403], [-1.143972, 42.307609], [-1.143924, 42.307828], [-1.144028, 42.308146], [-1.144282, 42.308562], [-1.144061, 42.308858], [-1.143364, 42.309034], [-1.143011, 42.309213], [-1.143, 42.309395], [-1.143246, 42.309762], [-1.143747, 42.310315], [-1.144219, 42.310534], [-1.144661, 42.310419], [-1.145007, 42.310496], [-1.145256, 42.310764], [-1.145314, 42.310955], [-1.14518, 42.311069], [-1.145097, 42.311275], [-1.145065, 42.311575], [-1.14474, 42.311849], [-1.144123, 42.312099], [-1.143834, 42.312386], [-1.143873, 42.31271], [-1.144301, 42.312753], [-1.145118, 42.312514], [-1.145602, 42.312502], [-1.145753, 42.312715], [-1.145822, 42.312971], [-1.145811, 42.313268], [-1.14591, 42.313561], [-1.146119, 42.31385], [-1.14624, 42.314026], [-1.146274, 42.314088], [-1.146371, 42.314192], [-1.146531, 42.314339], [-1.146544, 42.314412], [-1.146411, 42.31441], [-1.146121, 42.314335], [-1.145673, 42.314188], [-1.145429, 42.31424], [-1.145387, 42.314491], [-1.145346, 42.314627], [-1.145306, 42.314648], [-1.14529, 42.314683], [-1.145299, 42.314731], [-1.145295, 42.314888], [-1.145278, 42.315153], [-1.145435, 42.315398], [-1.145764, 42.315625], [-1.145937, 42.315778], [-1.145952, 42.315859], [-1.145816, 42.315841], [-1.145529, 42.315725], [-1.145239, 42.315593], [-1.144946, 42.315444], [-1.144784, 42.315462], [-1.144752, 42.315647], [-1.144599, 42.315837], [-1.144326, 42.316031], [-1.144243, 42.315999], [-1.144349, 42.315741], [-1.144229, 42.315631], [-1.143883, 42.315669], [-1.143708, 42.315732], [-1.143707, 42.315818], [-1.143744, 42.3159], [-1.14382, 42.315978], [-1.143916, 42.316096], [-1.144031, 42.316254], [-1.144098, 42.31638], [-1.144115, 42.316473], [-1.144085, 42.316541], [-1.144006, 42.316581], [-1.143897, 42.316607], [-1.143757, 42.316616], [-1.14368, 42.316657], [-1.143666, 42.316728], [-1.143588, 42.316817], [-1.143446, 42.316923], [-1.143282, 42.317011], [-1.143096, 42.317081], [-1.142996, 42.317153], [-1.142983, 42.317227], [-1.142967, 42.317319], [-1.142948, 42.31743], [-1.142835, 42.317463], [-1.142628, 42.31742], [-1.142476, 42.317495], [-1.14238, 42.317687], [-1.142292, 42.317811], [-1.142215, 42.317869], [-1.142166, 42.317784], [-1.142145, 42.317556], [-1.142133, 42.317436], [-1.142128, 42.317423], [-1.142105, 42.317359], [-1.142064, 42.317246], [-1.141866, 42.317281], [-1.141512, 42.317465], [-1.141331, 42.317559], [-1.141322, 42.317564], [-1.14123, 42.317625], [-1.141053, 42.317744], [-1.140881, 42.317893], [-1.140714, 42.318074], [-1.140613, 42.318184], [-1.140577, 42.318223], [-1.140491, 42.318349], [-1.140354, 42.318561], [-1.140069, 42.318634], [-1.139636, 42.318567], [-1.139449, 42.318629], [-1.139507, 42.31882], [-1.13944, 42.318934], [-1.139248, 42.318972], [-1.139019, 42.31917], [-1.138754, 42.319528], [-1.138543, 42.319757], [-1.138385, 42.319857], [-1.138282, 42.320016], [-1.138234, 42.320236], [-1.13845, 42.320327], [-1.13893, 42.32029], [-1.139372, 42.320175], [-1.139779, 42.319982], [-1.140089, 42.319808], [-1.140303, 42.319652], [-1.140446, 42.319529], [-1.140518, 42.319439], [-1.140473, 42.319321], [-1.140313, 42.319174], [-1.140417, 42.31908], [-1.140786, 42.319039], [-1.140988, 42.319017], [-1.141024, 42.319013], [-1.141219, 42.318991], [-1.141573, 42.318952], [-1.141824, 42.318858], [-1.141973, 42.31871], [-1.142192, 42.318579], [-1.14248, 42.318465], [-1.142736, 42.318354], [-1.142959, 42.318247], [-1.143194, 42.318081], [-1.143439, 42.317857], [-1.143606, 42.317682], [-1.143693, 42.317557], [-1.143779, 42.317424], [-1.143863, 42.317283], [-1.143984, 42.317163], [-1.144142, 42.317063], [-1.144335, 42.316968], [-1.144561, 42.316877], [-1.144753, 42.31702], [-1.144912, 42.317397], [-1.144975, 42.317678], [-1.144944, 42.317862], [-1.145092, 42.318068], [-1.145422, 42.318294], [-1.145517, 42.318506], [-1.145377, 42.318702], [-1.145416, 42.318796], [-1.145636, 42.318788], [-1.145802, 42.318852], [-1.145916, 42.318988], [-1.145966, 42.319138], [-1.145953, 42.319304], [-1.146064, 42.319366], [-1.146299, 42.319323], [-1.146543, 42.319387], [-1.146796, 42.319556], [-1.146937, 42.319779], [-1.146966, 42.320055], [-1.147074, 42.320158], [-1.14726, 42.320088], [-1.147392, 42.320263], [-1.14747, 42.320681], [-1.147637, 42.321041], [-1.147892, 42.321342], [-1.14817, 42.321648], [-1.148471, 42.32196], [-1.148829, 42.322159], [-1.149243, 42.322244], [-1.149714, 42.32234], [-1.150242, 42.322446], [-1.150501, 42.322589], [-1.150491, 42.322771], [-1.15076, 42.322849], [-1.151307, 42.322821], [-1.151705, 42.32276], [-1.151953, 42.322667], [-1.152157, 42.322693], [-1.152317, 42.32284], [-1.152439, 42.322843], [-1.152523, 42.322702], [-1.152765, 42.322576], [-1.153164, 42.322466], [-1.153453, 42.322352], [-1.15363, 42.322233], [-1.153801, 42.322264], [-1.153967, 42.322443], [-1.154117, 42.322771], [-1.15425, 42.32325], [-1.154114, 42.323528], [-1.153709, 42.323606], [-1.153607, 42.323774], [-1.15381, 42.324031], [-1.153737, 42.324409], [-1.153388, 42.324908], [-1.153113, 42.325448], [-1.152912, 42.32603], [-1.152864, 42.326603], [-1.152969, 42.327167], [-1.152766, 42.327855], [-1.152255, 42.328669], [-1.151898, 42.32907], [-1.151697, 42.329059], [-1.15145, 42.329095], [-1.151155, 42.329177], [-1.150989, 42.32941], [-1.15095, 42.329792], [-1.150789, 42.330114], [-1.150506, 42.330376], [-1.150353, 42.330385], [-1.150329, 42.330141], [-1.150141, 42.329964], [-1.149789, 42.329855], [-1.14946, 42.329867], [-1.149153, 42.33], [-1.148926, 42.329968], [-1.148779, 42.32977], [-1.148455, 42.329576], [-1.147955, 42.329385], [-1.147912, 42.329217], [-1.148328, 42.329072], [-1.14871, 42.328931], [-1.149061, 42.328793], [-1.149384, 42.328692], [-1.149682, 42.328626], [-1.150001, 42.328557], [-1.150341, 42.328487], [-1.150376, 42.328318], [-1.150105, 42.328052], [-1.149719, 42.327997], [-1.149217, 42.328151], [-1.148876, 42.328337], [-1.148695, 42.328554], [-1.148472, 42.328661], [-1.148206, 42.328658], [-1.147944, 42.328736], [-1.147687, 42.328897], [-1.14741, 42.328952], [-1.147113, 42.328903], [-1.14692, 42.329113], [-1.146831, 42.329584], [-1.146858, 42.329967], [-1.147002, 42.330264], [-1.146934, 42.330608], [-1.146653, 42.331001], [-1.146412, 42.331069], [-1.146209, 42.330812], [-1.14606, 42.330845], [-1.145966, 42.331168], [-1.145842, 42.331435], [-1.14569, 42.331644], [-1.145567, 42.331814], [-1.145473, 42.331944], [-1.145241, 42.331964], [-1.14487, 42.331874], [-1.144649, 42.331874], [-1.144577, 42.331964], [-1.144602, 42.332216], [-1.144724, 42.33263], [-1.14488, 42.332933], [-1.14507, 42.333126], [-1.145331, 42.33322], [-1.145662, 42.333216], [-1.14579, 42.333252], [-1.145716, 42.333326], [-1.145505, 42.333382], [-1.145159, 42.33342], [-1.145069, 42.333472], [-1.145235, 42.333535], [-1.145503, 42.333547], [-1.145871, 42.333506], [-1.146093, 42.33346], [-1.146169, 42.333409], [-1.146228, 42.33337], [-1.14627, 42.333342], [-1.146391, 42.333448], [-1.146591, 42.333689], [-1.146684, 42.333815], [-1.146672, 42.333826], [-1.146577, 42.33391], [-1.1464, 42.334069], [-1.14633, 42.334187], [-1.146366, 42.334265], [-1.146558, 42.334285], [-1.146905, 42.334246], [-1.147116, 42.334207], [-1.147192, 42.334168], [-1.147394, 42.334063], [-1.147721, 42.333893], [-1.148152, 42.333762], [-1.148688, 42.33367], [-1.149118, 42.333721], [-1.149441, 42.333915], [-1.149693, 42.334019], [-1.149872, 42.334031], [-1.150016, 42.334032], [-1.150124, 42.33402], [-1.150316, 42.333982], [-1.150592, 42.333919], [-1.150723, 42.334027], [-1.150709, 42.334309], [-1.150538, 42.334517], [-1.150209, 42.334652], [-1.150067, 42.33484], [-1.150112, 42.335082], [-1.149947, 42.335248], [-1.149572, 42.335338], [-1.149381, 42.335384], [-1.149376, 42.335385], [-1.149208, 42.335388], [-1.148877, 42.335392], [-1.148565, 42.33532], [-1.148272, 42.335171], [-1.14824, 42.335241], [-1.148471, 42.335528], [-1.148791, 42.335763], [-1.149202, 42.335948], [-1.149508, 42.336169], [-1.149711, 42.336426], [-1.149857, 42.336615], [-1.149946, 42.336737], [-1.150026, 42.337164], [-1.150096, 42.337896], [-1.150104, 42.338356], [-1.150051, 42.338542], [-1.150133, 42.338689], [-1.150352, 42.338797], [-1.150568, 42.338888], [-1.150781, 42.338963], [-1.150775, 42.339046], [-1.150549, 42.339137], [-1.14996, 42.339243], [-1.14901, 42.339365], [-1.148633, 42.339539], [-1.14883, 42.339763], [-1.148784, 42.339933], [-1.148496, 42.340047], [-1.148269, 42.340253], [-1.148103, 42.340551], [-1.148198, 42.340763], [-1.148553, 42.340888], [-1.148894, 42.340817], [-1.14922, 42.340551], [-1.149406, 42.340481], [-1.149452, 42.340607], [-1.149448, 42.340821], [-1.149393, 42.341123], [-1.149242, 42.341379], [-1.148993, 42.341587], [-1.149073, 42.341718], [-1.149481, 42.341771], [-1.149966, 42.341701], [-1.150527, 42.341507], [-1.151017, 42.341527], [-1.151436, 42.34176], [-1.151791, 42.342], [-1.15208, 42.342247], [-1.152218, 42.342454], [-1.152205, 42.34262], [-1.152064, 42.342751], [-1.151794, 42.342846], [-1.151756, 42.342941], [-1.151951, 42.343035], [-1.15213, 42.343048], [-1.152294, 42.34298], [-1.152551, 42.342812], [-1.152898, 42.342543], [-1.153136, 42.342451], [-1.153262, 42.342535], [-1.153084, 42.342769], [-1.152603, 42.343151], [-1.152187, 42.343411], [-1.151837, 42.343549], [-1.151573, 42.343734], [-1.151395, 42.343968], [-1.151118, 42.344081], [-1.15074, 42.344074], [-1.150374, 42.344065], [-1.150018, 42.344055], [-1.149706, 42.344041], [-1.149437, 42.344021], [-1.149206, 42.344088], [-1.149013, 42.344241], [-1.149057, 42.344359], [-1.149338, 42.344443], [-1.149191, 42.344599], [-1.148614, 42.344828], [-1.148322, 42.344984], [-1.148316, 42.345067], [-1.148574, 42.345087], [-1.149097, 42.345046], [-1.149537, 42.344972], [-1.149893, 42.344867], [-1.150328, 42.344769], [-1.150842, 42.344679], [-1.151223, 42.344587], [-1.151471, 42.344494], [-1.151615, 42.344552], [-1.151654, 42.344762], [-1.151762, 42.344865], [-1.151938, 42.344862], [-1.152056, 42.344725], [-1.152116, 42.344455], [-1.152233, 42.344368], [-1.152406, 42.344464], [-1.152556, 42.344735], [-1.152683, 42.345182], [-1.152592, 42.345521], [-1.152281, 42.345753], [-1.152047, 42.345976], [-1.151888, 42.346191], [-1.151713, 42.346441], [-1.151523, 42.346725], [-1.151361, 42.346924], [-1.151227, 42.347037], [-1.151035, 42.347313], [-1.150786, 42.347752], [-1.150499, 42.348056], [-1.150177, 42.348223], [-1.150014, 42.348356], [-1.15001, 42.348455], [-1.150326, 42.348428], [-1.150961, 42.348276], [-1.151399, 42.347898], [-1.15164, 42.347296], [-1.151823, 42.346971], [-1.151947, 42.346924], [-1.151955, 42.347146], [-1.151847, 42.347634], [-1.151924, 42.347749], [-1.152185, 42.34749], [-1.152384, 42.347369], [-1.15252, 42.347387], [-1.152688, 42.347278], [-1.152887, 42.347042], [-1.153062, 42.346916], [-1.153214, 42.346899], [-1.153052, 42.347213], [-1.152575, 42.347858], [-1.152116, 42.348361], [-1.151675, 42.348723], [-1.1514, 42.348967], [-1.151291, 42.349094], [-1.151046, 42.349204], [-1.150665, 42.349295], [-1.150277, 42.349412], [-1.149883, 42.349555], [-1.149544, 42.349749], [-1.149258, 42.349994], [-1.148952, 42.350248], [-1.148626, 42.35051], [-1.148424, 42.350672], [-1.148346, 42.350735], [-1.148219, 42.35078], [-1.148042, 42.350808], [-1.14787, 42.350835], [-1.147703, 42.350862], [-1.147374, 42.350804], [-1.146883, 42.350661], [-1.14649, 42.350573], [-1.146196, 42.35054], [-1.145904, 42.350515], [-1.145613, 42.350498], [-1.145355, 42.350477], [-1.14513, 42.350453], [-1.14497, 42.350429], [-1.144878, 42.350407], [-1.144634, 42.350582], [-1.144239, 42.350955], [-1.14384, 42.351246], [-1.143436, 42.351455], [-1.143132, 42.351661], [-1.142927, 42.351865], [-1.142711, 42.352012], [-1.142484, 42.352103], [-1.142128, 42.352209], [-1.141642, 42.352328], [-1.141233, 42.35239], [-1.140902, 42.352394], [-1.140685, 42.352476], [-1.140582, 42.352635], [-1.14053, 42.352768], [-1.140529, 42.352875], [-1.140528, 42.353106], [-1.140526, 42.353459], [-1.140461, 42.353824], [-1.140332, 42.354201], [-1.140171, 42.354407], [-1.139979, 42.354445], [-1.139814, 42.354447], [-1.139675, 42.354413], [-1.139559, 42.354443], [-1.139465, 42.354535], [-1.139273, 42.354573], [-1.138983, 42.354556], [-1.138728, 42.354494], [-1.138508, 42.354386], [-1.138339, 42.354249], [-1.138219, 42.354081], [-1.138127, 42.353941], [-1.138061, 42.353827], [-1.138012, 42.353742], [-1.13798, 42.353686], [-1.138052, 42.353541], [-1.13823, 42.353307], [-1.138289, 42.353153], [-1.138231, 42.353077], [-1.138076, 42.353078], [-1.137825, 42.353155], [-1.137727, 42.353043], [-1.137781, 42.35274], [-1.137733, 42.35254], [-1.137582, 42.352442], [-1.137423, 42.352418], [-1.137255, 42.35247], [-1.137022, 42.352586], [-1.136724, 42.352767], [-1.136676, 42.352921], [-1.136876, 42.353046], [-1.136964, 42.353283], [-1.136941, 42.353631], [-1.136972, 42.353916], [-1.137057, 42.354136], [-1.137101, 42.354248], [-1.137103, 42.354251], [-1.137176, 42.354342], [-1.137318, 42.35452], [-1.137427, 42.354753], [-1.137502, 42.355041], [-1.137321, 42.355431], [-1.136882, 42.355924], [-1.136585, 42.356228], [-1.136429, 42.356344], [-1.13589, 42.356535], [-1.134966, 42.356802], [-1.134474, 42.356945], [-1.134414, 42.356963], [-1.134385, 42.356982], [-1.134386, 42.357002], [-1.134199, 42.357075], [-1.133824, 42.3572], [-1.133457, 42.357192], [-1.133099, 42.357051], [-1.132834, 42.356932], [-1.132661, 42.356836], [-1.1325, 42.356747], [-1.132352, 42.356665], [-1.132172, 42.356586], [-1.131959, 42.356511], [-1.131784, 42.356465], [-1.131648, 42.356447], [-1.131497, 42.356702], [-1.13133, 42.35723], [-1.131045, 42.357542], [-1.130642, 42.357636], [-1.130292, 42.357773], [-1.129993, 42.357954], [-1.129664, 42.358147], [-1.129304, 42.358351], [-1.129025, 42.358514], [-1.128826, 42.358634], [-1.128538, 42.358749], [-1.12816, 42.358856], [-1.12779, 42.358889], [-1.127428, 42.358847], [-1.127342, 42.35898], [-1.127532, 42.359288], [-1.127406, 42.35968], [-1.126964, 42.360156], [-1.126807, 42.36056], [-1.126935, 42.360891], [-1.126909, 42.361166], [-1.126728, 42.361383], [-1.126461, 42.361552], [-1.126107, 42.361674], [-1.126102, 42.361948], [-1.126445, 42.362374], [-1.126486, 42.362658], [-1.126227, 42.362797], [-1.125839, 42.362904], [-1.125322, 42.362978], [-1.124901, 42.363156], [-1.124578, 42.363439], [-1.124289, 42.363553], [-1.124036, 42.363499], [-1.123874, 42.363401], [-1.123804, 42.363261], [-1.123522, 42.363235], [-1.12303, 42.363322], [-1.122631, 42.36344], [-1.122327, 42.363589], [-1.122088, 42.363788], [-1.121913, 42.364038], [-1.121719, 42.364241], [-1.121504, 42.364396], [-1.121393, 42.36463], [-1.121385, 42.364943], [-1.12156, 42.364932], [-1.121918, 42.364597], [-1.122287, 42.364325], [-1.122669, 42.364119], [-1.122986, 42.363977], [-1.123237, 42.3639], [-1.123466, 42.363825], [-1.123674, 42.363753], [-1.123811, 42.363752], [-1.123877, 42.363823], [-1.123903, 42.363908], [-1.123889, 42.364009], [-1.123966, 42.364103], [-1.124133, 42.364191], [-1.124236, 42.364281], [-1.124274, 42.364372], [-1.12433, 42.364462], [-1.124404, 42.36455], [-1.124578, 42.36456], [-1.124852, 42.364492], [-1.125028, 42.364425], [-1.125106, 42.364357], [-1.125199, 42.364278], [-1.125306, 42.364186], [-1.125368, 42.36417], [-1.125387, 42.36423], [-1.125409, 42.364299], [-1.125433, 42.364378], [-1.125482, 42.364427], [-1.125554, 42.364446], [-1.125628, 42.36447], [-1.125705, 42.364499], [-1.125793, 42.364529], [-1.125892, 42.36456], [-1.125996, 42.364597], [-1.126104, 42.364638], [-1.126233, 42.364658], [-1.126383, 42.364658], [-1.126548, 42.364621], [-1.126728, 42.364548], [-1.126897, 42.364476], [-1.127056, 42.364405], [-1.12722, 42.364325], [-1.12739, 42.364237], [-1.127616, 42.364159], [-1.127897, 42.364091], [-1.128198, 42.364036], [-1.12852, 42.363995], [-1.128689, 42.363975], [-1.128706, 42.363975], [-1.12876, 42.363977], [-1.128851, 42.363981], [-1.128909, 42.364008], [-1.128933, 42.364058], [-1.128995, 42.364086], [-1.129096, 42.364091], [-1.129191, 42.364043], [-1.12928, 42.363943], [-1.129389, 42.363949], [-1.129517, 42.364063], [-1.129626, 42.364184], [-1.129714, 42.364312], [-1.129795, 42.364439], [-1.129869, 42.364564], [-1.129882, 42.364693], [-1.129835, 42.364826], [-1.129868, 42.364884], [-1.129979, 42.364866], [-1.130014, 42.364939], [-1.129973, 42.365104], [-1.129975, 42.365231], [-1.130021, 42.365322], [-1.130096, 42.365378], [-1.1302, 42.365398], [-1.130245, 42.365449], [-1.130232, 42.36553], [-1.130212, 42.365615], [-1.130185, 42.365703], [-1.130134, 42.365834], [-1.130059, 42.366007], [-1.129984, 42.366122], [-1.129908, 42.366179], [-1.129908, 42.366234], [-1.129983, 42.36629], [-1.130126, 42.366309], [-1.130338, 42.366291], [-1.130439, 42.366335], [-1.13043, 42.366443], [-1.130411, 42.366533], [-1.130382, 42.366605], [-1.130244, 42.366714], [-1.129999, 42.366858], [-1.129844, 42.366987], [-1.129779, 42.367101], [-1.129728, 42.367189], [-1.129689, 42.367252], [-1.129563, 42.36734], [-1.129347, 42.367455], [-1.129058, 42.367649], [-1.128693, 42.367924], [-1.128498, 42.368183], [-1.128472, 42.368425], [-1.128628, 42.368477], [-1.128968, 42.368338], [-1.129274, 42.368251], [-1.129547, 42.368215], [-1.129759, 42.368184], [-1.129912, 42.368156], [-1.129968, 42.368075], [-1.129929, 42.367941], [-1.129967, 42.367799], [-1.130082, 42.367648], [-1.130195, 42.367544], [-1.130307, 42.367489], [-1.130438, 42.367427], [-1.13059, 42.367357], [-1.13073, 42.367262], [-1.130858, 42.367141], [-1.130977, 42.367029], [-1.131087, 42.366926], [-1.13118, 42.366812], [-1.131257, 42.366687], [-1.131373, 42.366581], [-1.131529, 42.366494], [-1.131609, 42.366405], [-1.131614, 42.366314], [-1.131591, 42.366192], [-1.13154, 42.366038], [-1.131505, 42.365903], [-1.131483, 42.365788], [-1.13151, 42.3657], [-1.131584, 42.365639], [-1.131642, 42.365584], [-1.131684, 42.365537], [-1.131723, 42.365461], [-1.131761, 42.365355], [-1.131816, 42.365285], [-1.131888, 42.365251], [-1.13195, 42.365295], [-1.132001, 42.365417], [-1.132029, 42.365544], [-1.132032, 42.365677], [-1.132017, 42.365788], [-1.131983, 42.365877], [-1.131957, 42.365983], [-1.131937, 42.366108], [-1.131923, 42.366245], [-1.131915, 42.366395], [-1.131941, 42.366494], [-1.132, 42.36654], [-1.13212, 42.366455], [-1.132301, 42.366238], [-1.132417, 42.366206], [-1.132468, 42.366361], [-1.132566, 42.366371], [-1.132713, 42.366238], [-1.132837, 42.366152], [-1.132937, 42.366114], [-1.133064, 42.366103], [-1.133217, 42.366118], [-1.133346, 42.36621], [-1.133449, 42.36638], [-1.133482, 42.366578], [-1.133446, 42.366806], [-1.133471, 42.366976], [-1.133556, 42.367089], [-1.133632, 42.367131], [-1.133698, 42.367103], [-1.133771, 42.367012], [-1.13385, 42.36686], [-1.133965, 42.3669], [-1.134116, 42.367134], [-1.134248, 42.367305], [-1.134362, 42.367415], [-1.134515, 42.367523], [-1.134707, 42.36763], [-1.134852, 42.36768], [-1.134951, 42.367675], [-1.135052, 42.367714], [-1.135154, 42.367799], [-1.135302, 42.367846], [-1.135497, 42.367856], [-1.13554, 42.367817], [-1.135431, 42.367728], [-1.135327, 42.367652], [-1.135229, 42.367588], [-1.135132, 42.367529], [-1.135036, 42.367476], [-1.13495, 42.3674], [-1.134875, 42.367302], [-1.134811, 42.367211], [-1.134759, 42.367126], [-1.134716, 42.367046], [-1.13468, 42.36697], [-1.134631, 42.366901], [-1.13457, 42.366838], [-1.134599, 42.366766], [-1.13472, 42.366683], [-1.134831, 42.366628], [-1.134934, 42.366601], [-1.134961, 42.366499], [-1.134914, 42.366324], [-1.134841, 42.366164], [-1.134743, 42.36602], [-1.134655, 42.365876], [-1.134578, 42.36573], [-1.134541, 42.365628], [-1.134544, 42.365569], [-1.134542, 42.365481], [-1.134535, 42.365365], [-1.134479, 42.365238], [-1.134374, 42.3651], [-1.134284, 42.364998], [-1.134207, 42.364932], [-1.134125, 42.364859], [-1.134039, 42.364778], [-1.133929, 42.364726], [-1.133795, 42.364704], [-1.13363, 42.364602], [-1.133431, 42.364422], [-1.133308, 42.364281], [-1.133261, 42.36418], [-1.133247, 42.364107], [-1.133267, 42.364062], [-1.133294, 42.364011], [-1.133326, 42.363955], [-1.133319, 42.363859], [-1.133273, 42.363726], [-1.133222, 42.363625], [-1.133166, 42.363557], [-1.133112, 42.363462], [-1.133061, 42.36334], [-1.133029, 42.363159], [-1.133017, 42.36292], [-1.133009, 42.362761], [-1.133005, 42.362683], [-1.133029, 42.362608], [-1.13308, 42.362539], [-1.133182, 42.362416], [-1.133336, 42.362239], [-1.133431, 42.362098], [-1.133469, 42.361993], [-1.133528, 42.361909], [-1.13361, 42.361846], [-1.133693, 42.361736], [-1.133778, 42.361577], [-1.133879, 42.361409], [-1.133997, 42.361231], [-1.134131, 42.361123], [-1.134281, 42.361085], [-1.134415, 42.361057], [-1.134534, 42.361038], [-1.134577, 42.360983], [-1.134546, 42.360891], [-1.134596, 42.360874], [-1.134729, 42.360934], [-1.134816, 42.360917], [-1.134855, 42.360822], [-1.134925, 42.360561], [-1.135024, 42.360135], [-1.135085, 42.359864], [-1.135107, 42.35975], [-1.135167, 42.359688], [-1.135265, 42.359677], [-1.13548, 42.359695], [-1.135811, 42.359744], [-1.13603, 42.359802], [-1.136135, 42.35987], [-1.13624, 42.359955], [-1.136343, 42.360057], [-1.136464, 42.360143], [-1.136602, 42.360213], [-1.136739, 42.360199], [-1.136876, 42.360101], [-1.137085, 42.360037], [-1.137367, 42.360006], [-1.137649, 42.359917], [-1.137931, 42.359771], [-1.138042, 42.359594], [-1.137981, 42.359387], [-1.138054, 42.359181], [-1.138259, 42.358978], [-1.138628, 42.358879], [-1.13916, 42.358886], [-1.139365, 42.35874], [-1.139243, 42.358441], [-1.139345, 42.358216], [-1.13967, 42.358065], [-1.139942, 42.357919], [-1.140159, 42.35778], [-1.140313, 42.357656], [-1.140403, 42.357547], [-1.140449, 42.357451], [-1.140451, 42.357368], [-1.140455, 42.357154], [-1.140462, 42.356809], [-1.140485, 42.356502], [-1.140523, 42.356235], [-1.140648, 42.356073], [-1.140859, 42.356017], [-1.141008, 42.356107], [-1.141097, 42.356344], [-1.141076, 42.356527], [-1.140945, 42.356657], [-1.140922, 42.356763], [-1.141007, 42.356847], [-1.141075, 42.356913], [-1.141125, 42.356963], [-1.141233, 42.356896], [-1.141398, 42.356713], [-1.141477, 42.356612], [-1.14147, 42.356593], [-1.141424, 42.356467], [-1.14134, 42.356233], [-1.141394, 42.35604], [-1.141587, 42.355887], [-1.141765, 42.355776], [-1.14193, 42.355709], [-1.142116, 42.355726], [-1.142324, 42.355828], [-1.142434, 42.355882], [-1.142445, 42.355887], [-1.142469, 42.355994], [-1.142509, 42.356204], [-1.142683, 42.35625], [-1.142993, 42.356133], [-1.143224, 42.356009], [-1.143377, 42.355877], [-1.143522, 42.355943], [-1.14366, 42.356207], [-1.143772, 42.356277], [-1.143859, 42.356152], [-1.143864, 42.35588], [-1.143786, 42.355462], [-1.14366, 42.355231], [-1.143485, 42.355188], [-1.14337, 42.35516], [-1.143312, 42.355146], [-1.143332, 42.355043], [-1.143429, 42.354852], [-1.143504, 42.354662], [-1.143558, 42.354476], [-1.143629, 42.354205], [-1.143717, 42.353849], [-1.143797, 42.353684], [-1.143868, 42.353709], [-1.143999, 42.353818], [-1.14419, 42.354011], [-1.144316, 42.354153], [-1.144377, 42.354245], [-1.144547, 42.354267], [-1.144826, 42.35422], [-1.145006, 42.354199], [-1.145086, 42.354205], [-1.145131, 42.354208], [-1.14514, 42.354209], [-1.145241, 42.354248], [-1.145432, 42.354325], [-1.145649, 42.354301], [-1.145891, 42.354175], [-1.146167, 42.354054], [-1.146477, 42.353938], [-1.146651, 42.353804], [-1.146688, 42.353653], [-1.146707, 42.353577], [-1.146707, 42.353576], [-1.146733, 42.353473], [-1.146784, 42.35327], [-1.146876, 42.352997], [-1.147011, 42.352653], [-1.14716, 42.35262], [-1.147322, 42.352898], [-1.147403, 42.353095], [-1.147403, 42.35321], [-1.147565, 42.353242], [-1.147891, 42.35319], [-1.148062, 42.353163], [-1.148081, 42.35316], [-1.148106, 42.353153], [-1.148138, 42.353142], [-1.148211, 42.353117], [-1.148325, 42.353079], [-1.148391, 42.353061], [-1.148411, 42.353063], [-1.148489, 42.353071], [-1.148628, 42.353084], [-1.14876, 42.353191], [-1.148885, 42.35339], [-1.149022, 42.353532], [-1.14917, 42.353614], [-1.149377, 42.353953], [-1.149643, 42.354548], [-1.149932, 42.35491], [-1.150244, 42.35504], [-1.150532, 42.355041], [-1.150796, 42.354913], [-1.150944, 42.354699], [-1.150976, 42.3544], [-1.150976, 42.354104], [-1.150944, 42.353811], [-1.150943, 42.353573], [-1.150975, 42.353389], [-1.151014, 42.353179], [-1.151058, 42.352944], [-1.15116, 42.352718], [-1.151319, 42.352503], [-1.151425, 42.352371], [-1.151479, 42.352321], [-1.15163, 42.352181], [-1.151878, 42.351951], [-1.152043, 42.351823], [-1.152127, 42.351797], [-1.152226, 42.351794], [-1.15234, 42.351814], [-1.152504, 42.351862], [-1.152717, 42.351937], [-1.152959, 42.351927], [-1.153228, 42.351831], [-1.15342, 42.351798], [-1.153535, 42.351829], [-1.153686, 42.35187], [-1.153875, 42.35192], [-1.154017, 42.351965], [-1.154112, 42.352004], [-1.154281, 42.35196], [-1.154523, 42.351835], [-1.154728, 42.351746], [-1.154895, 42.351695], [-1.155061, 42.351633], [-1.155224, 42.351559], [-1.155347, 42.351505], [-1.155428, 42.351468], [-1.155522, 42.351436], [-1.155627, 42.351408], [-1.155649, 42.351416], [-1.155589, 42.35146], [-1.155375, 42.351615], [-1.155006, 42.351882], [-1.154885, 42.352115], [-1.155011, 42.352315], [-1.155189, 42.35232], [-1.155419, 42.35213], [-1.155588, 42.351971], [-1.155697, 42.351844], [-1.155805, 42.351709], [-1.155911, 42.351566], [-1.156017, 42.351466], [-1.156123, 42.351411], [-1.156342, 42.351366], [-1.156673, 42.35133], [-1.156817, 42.351229], [-1.156774, 42.351062], [-1.156672, 42.350905], [-1.156512, 42.350759], [-1.156533, 42.350633], [-1.156734, 42.350528], [-1.156812, 42.350413], [-1.156767, 42.350286], [-1.156746, 42.350058], [-1.156751, 42.349729], [-1.156615, 42.349711], [-1.156338, 42.350005], [-1.156191, 42.350046], [-1.156173, 42.349834], [-1.156173, 42.349596], [-1.15619, 42.349331], [-1.156399, 42.349086], [-1.156799, 42.34886], [-1.157028, 42.348843], [-1.157086, 42.349034], [-1.157288, 42.349052], [-1.157636, 42.348899], [-1.157984, 42.348811], [-1.158334, 42.348788], [-1.158555, 42.348788], [-1.158648, 42.348811], [-1.158745, 42.348858], [-1.158847, 42.348928], [-1.158984, 42.349012], [-1.159157, 42.349108], [-1.159298, 42.349273], [-1.159408, 42.349507], [-1.159471, 42.349722], [-1.159485, 42.349918], [-1.159558, 42.350132], [-1.15969, 42.350364], [-1.159773, 42.350511], [-1.159807, 42.350573], [-1.159868, 42.350665], [-1.159957, 42.350787], [-1.160058, 42.350915], [-1.160172, 42.351051], [-1.16025, 42.351173], [-1.160293, 42.351284], [-1.160393, 42.351462], [-1.160549, 42.351708], [-1.160661, 42.351892], [-1.160729, 42.352017], [-1.16076, 42.352156], [-1.160754, 42.352312], [-1.160749, 42.352461], [-1.160743, 42.352602], [-1.160791, 42.352766], [-1.160893, 42.352952], [-1.160985, 42.35309], [-1.161068, 42.353179], [-1.161173, 42.353209], [-1.161299, 42.353178], [-1.161489, 42.353133], [-1.161744, 42.353071], [-1.161939, 42.35305], [-1.162076, 42.353067], [-1.162152, 42.35324], [-1.162169, 42.353567], [-1.16206, 42.353774], [-1.161827, 42.353862], [-1.161723, 42.353939], [-1.16175, 42.354006], [-1.161858, 42.354029], [-1.162045, 42.354008], [-1.162261, 42.354], [-1.162505, 42.354006], [-1.162696, 42.354018], [-1.162832, 42.354036], [-1.162887, 42.35421], [-1.16286, 42.354542], [-1.162925, 42.354774], [-1.163083, 42.354904], [-1.163248, 42.35496], [-1.163421, 42.35494], [-1.163702, 42.355139], [-1.164089, 42.355557], [-1.164305, 42.355705], [-1.164349, 42.355585], [-1.164359, 42.355403], [-1.164336, 42.355159], [-1.164213, 42.354918], [-1.163992, 42.35468], [-1.163911, 42.354541], [-1.16397, 42.354501], [-1.164124, 42.3545], [-1.164375, 42.354538], [-1.164551, 42.354535], [-1.164653, 42.354491], [-1.164585, 42.354244], [-1.164346, 42.353793], [-1.164334, 42.353614], [-1.164551, 42.353705], [-1.164843, 42.353787], [-1.16521, 42.353862], [-1.165276, 42.353797], [-1.165039, 42.353593], [-1.164976, 42.353378], [-1.165089, 42.353151], [-1.165225, 42.352873], [-1.165384, 42.352543], [-1.165543, 42.352328], [-1.165701, 42.352228], [-1.165854, 42.352334], [-1.166001, 42.352647], [-1.166171, 42.352727], [-1.166363, 42.352574], [-1.166734, 42.352426], [-1.167282, 42.352282], [-1.167719, 42.352135], [-1.168045, 42.351984], [-1.168316, 42.351838], [-1.168534, 42.351699], [-1.168675, 42.351568], [-1.168741, 42.351446], [-1.168917, 42.351385], [-1.169205, 42.351386], [-1.169276, 42.351469], [-1.169129, 42.351633], [-1.169076, 42.351762], [-1.169116, 42.351856], [-1.169185, 42.351873], [-1.169285, 42.351813], [-1.169601, 42.351728], [-1.170134, 42.35162], [-1.170389, 42.351509], [-1.170368, 42.351396], [-1.170326, 42.351228], [-1.170262, 42.351005], [-1.170377, 42.350853], [-1.170671, 42.35077], [-1.170773, 42.350661], [-1.17068, 42.350523], [-1.170629, 42.350364], [-1.170617, 42.350184], [-1.170609, 42.350021], [-1.170603, 42.349874], [-1.170671, 42.349702], [-1.170811, 42.349505], [-1.170917, 42.349362], [-1.170988, 42.349272], [-1.170904, 42.349174], [-1.170663, 42.349069], [-1.170343, 42.349014], [-1.169944, 42.34901], [-1.169619, 42.348931], [-1.16937, 42.348777], [-1.169193, 42.3486], [-1.169088, 42.348398], [-1.169069, 42.348235], [-1.169135, 42.348113], [-1.169242, 42.347978], [-1.169391, 42.347829], [-1.169531, 42.347748], [-1.169661, 42.347734], [-1.169837, 42.34773], [-1.17006, 42.347738], [-1.170269, 42.347789], [-1.170463, 42.347883], [-1.170613, 42.347858], [-1.170719, 42.347714], [-1.170757, 42.347562], [-1.170727, 42.347401], [-1.170782, 42.347222], [-1.170922, 42.347026], [-1.171079, 42.34686], [-1.171253, 42.346726], [-1.171333, 42.346618], [-1.171318, 42.346538], [-1.171274, 42.346362], [-1.171201, 42.34609], [-1.171345, 42.345976], [-1.171707, 42.346017], [-1.171896, 42.346144], [-1.171914, 42.346356], [-1.172102, 42.346475], [-1.172461, 42.346501], [-1.172736, 42.346495], [-1.172928, 42.346457], [-1.173236, 42.346563], [-1.173658, 42.346812], [-1.173832, 42.346973], [-1.173758, 42.347047], [-1.173735, 42.347165], [-1.173765, 42.347326], [-1.173669, 42.347402], [-1.173446, 42.347394], [-1.17318, 42.347449], [-1.17287, 42.347565], [-1.172542, 42.347701], [-1.172194, 42.347854], [-1.171907, 42.347977], [-1.171681, 42.348068], [-1.171472, 42.348132], [-1.17128, 42.34817], [-1.171206, 42.348129], [-1.17125, 42.348009], [-1.171174, 42.34796], [-1.170979, 42.347982], [-1.170866, 42.348085], [-1.170834, 42.348269], [-1.170688, 42.348433], [-1.170427, 42.348577], [-1.170391, 42.34868], [-1.17058, 42.348741], [-1.170881, 42.348757], [-1.171296, 42.348727], [-1.171739, 42.348612], [-1.17221, 42.348412], [-1.172472, 42.348218], [-1.172526, 42.348031], [-1.172638, 42.34792], [-1.172808, 42.347885], [-1.172878, 42.347902], [-1.172846, 42.347971], [-1.172789, 42.348076], [-1.172704, 42.348217], [-1.172757, 42.348318], [-1.172945, 42.348379], [-1.173203, 42.3484], [-1.173531, 42.34838], [-1.173705, 42.348303], [-1.173724, 42.348169], [-1.173952, 42.348086], [-1.174388, 42.348054], [-1.17472, 42.347877], [-1.174948, 42.347556], [-1.175133, 42.347363], [-1.175275, 42.347298], [-1.175463, 42.347293], [-1.175694, 42.34735], [-1.175893, 42.347467], [-1.176059, 42.347646], [-1.176079, 42.347808], [-1.175951, 42.347954], [-1.175901, 42.3481], [-1.175928, 42.348245], [-1.176036, 42.348348], [-1.176224, 42.348409], [-1.176484, 42.348495], [-1.176814, 42.348606], [-1.177054, 42.348703], [-1.177202, 42.348785], [-1.177301, 42.348963], [-1.177353, 42.349237], [-1.177279, 42.349377], [-1.177081, 42.349382], [-1.176912, 42.349541], [-1.176771, 42.349853], [-1.176588, 42.350054], [-1.176361, 42.350145], [-1.176144, 42.350227], [-1.175937, 42.350299], [-1.175761, 42.350426], [-1.175618, 42.350606], [-1.175529, 42.350838], [-1.175493, 42.351122], [-1.175455, 42.351332], [-1.175414, 42.351468], [-1.175481, 42.351707], [-1.175656, 42.352049], [-1.175547, 42.352119], [-1.175155, 42.351916], [-1.174789, 42.35185], [-1.174448, 42.351921], [-1.17426, 42.351859], [-1.174224, 42.351666], [-1.174094, 42.351508], [-1.173872, 42.351384], [-1.173746, 42.351242], [-1.173716, 42.351081], [-1.173583, 42.351022], [-1.173348, 42.351065], [-1.173142, 42.351087], [-1.172966, 42.351091], [-1.172773, 42.351186], [-1.172565, 42.351374], [-1.172334, 42.351498], [-1.17208, 42.351559], [-1.17192, 42.351651], [-1.171855, 42.351774], [-1.171877, 42.35201], [-1.171986, 42.352359], [-1.171919, 42.352589], [-1.171674, 42.352698], [-1.171924, 42.352794], [-1.172669, 42.352875], [-1.173237, 42.352894], [-1.173627, 42.352851], [-1.173983, 42.352861], [-1.174304, 42.352923], [-1.174377, 42.353195], [-1.174201, 42.353675], [-1.174217, 42.353936], [-1.174424, 42.353979], [-1.174515, 42.354109], [-1.174489, 42.354325], [-1.174606, 42.354362], [-1.174867, 42.354217], [-1.175086, 42.354029], [-1.175264, 42.353795], [-1.175416, 42.353605], [-1.175544, 42.35346], [-1.175608, 42.353329], [-1.175608, 42.353214], [-1.17551, 42.353102], [-1.175312, 42.352992], [-1.17523, 42.352787], [-1.175262, 42.352488], [-1.175422, 42.352396], [-1.175709, 42.352512], [-1.17595, 42.352913], [-1.176145, 42.353598], [-1.176162, 42.354106], [-1.176003, 42.354436], [-1.175543, 42.354759], [-1.174784, 42.355074], [-1.174326, 42.355462], [-1.174169, 42.355923], [-1.173929, 42.356238], [-1.173606, 42.356405], [-1.173277, 42.356598], [-1.172942, 42.356816], [-1.172721, 42.357055], [-1.172615, 42.357313], [-1.17276, 42.357856], [-1.173159, 42.358684], [-1.1732, 42.35914], [-1.172884, 42.359224], [-1.172685, 42.359345], [-1.172604, 42.359502], [-1.172464, 42.359698], [-1.172264, 42.359934], [-1.17219, 42.360247], [-1.172241, 42.360636], [-1.172178, 42.36089], [-1.172001, 42.361008], [-1.171787, 42.361048], [-1.171536, 42.36101], [-1.171268, 42.361114], [-1.170982, 42.36136], [-1.170864, 42.361554], [-1.170913, 42.361697], [-1.171118, 42.361731], [-1.171481, 42.361658], [-1.171657, 42.361712], [-1.171647, 42.361894], [-1.171552, 42.362037], [-1.171372, 42.362139], [-1.171227, 42.362369], [-1.171116, 42.362726], [-1.170837, 42.363004], [-1.170387, 42.363202], [-1.170237, 42.363408], [-1.170388, 42.363622], [-1.170559, 42.363767], [-1.17075, 42.363844], [-1.170835, 42.363942], [-1.170813, 42.364059], [-1.17087, 42.364127], [-1.171006, 42.364145], [-1.17124, 42.364094], [-1.171571, 42.363975], [-1.171794, 42.363687], [-1.171908, 42.36323], [-1.171893, 42.362977], [-1.171751, 42.362927], [-1.171832, 42.362828], [-1.172136, 42.362679], [-1.172315, 42.362864], [-1.172368, 42.363385], [-1.172379, 42.363679], [-1.172348, 42.363749], [-1.172273, 42.36388], [-1.172154, 42.364075], [-1.172115, 42.364219], [-1.172155, 42.364313], [-1.172016, 42.364402], [-1.1717, 42.364487], [-1.171493, 42.364502], [-1.171394, 42.364447], [-1.171272, 42.364386], [-1.171127, 42.36432], [-1.171018, 42.36439], [-1.170946, 42.364595], [-1.170845, 42.364763], [-1.170714, 42.364893], [-1.170619, 42.365092], [-1.170559, 42.365362], [-1.170539, 42.365553], [-1.17056, 42.365666], [-1.170467, 42.365816], [-1.170258, 42.366004], [-1.170267, 42.366168], [-1.170492, 42.366307], [-1.170753, 42.366344], [-1.171051, 42.366278], [-1.171225, 42.366201], [-1.171275, 42.366113], [-1.171269, 42.365966], [-1.171208, 42.365759], [-1.171401, 42.365663], [-1.171846, 42.365679], [-1.172082, 42.36576], [-1.17211, 42.365905], [-1.172248, 42.365996], [-1.172499, 42.366034], [-1.172528, 42.36613], [-1.172335, 42.366283], [-1.17203, 42.366424], [-1.171611, 42.366552], [-1.171381, 42.366743], [-1.17134, 42.366994], [-1.171413, 42.36715], [-1.171602, 42.367211], [-1.171534, 42.367383], [-1.171211, 42.367666], [-1.170961, 42.367924], [-1.170783, 42.368158], [-1.170727, 42.368624], [-1.170791, 42.369324], [-1.170664, 42.369766], [-1.170344, 42.36995], [-1.1701, 42.370125], [-1.169932, 42.370292], [-1.16974, 42.370445], [-1.169522, 42.370584], [-1.169326, 42.370836], [-1.169151, 42.371201], [-1.168907, 42.371491], [-1.168593, 42.371707], [-1.168369, 42.371872], [-1.168236, 42.371985], [-1.168026, 42.37205], [-1.167742, 42.372065], [-1.167628, 42.372168], [-1.167686, 42.372359], [-1.167854, 42.372488], [-1.168132, 42.372556], [-1.168301, 42.372751], [-1.168362, 42.373073], [-1.1683, 42.373335], [-1.168116, 42.373536], [-1.167912, 42.373567], [-1.167687, 42.373428], [-1.167484, 42.373351], [-1.167305, 42.373339], [-1.167185, 42.373113], [-1.167126, 42.372676], [-1.166923, 42.372361], [-1.166577, 42.37217], [-1.16627, 42.372064], [-1.166001, 42.372045], [-1.165752, 42.371957], [-1.165524, 42.371802], [-1.165277, 42.371665], [-1.165011, 42.371546], [-1.164746, 42.371428], [-1.16448, 42.371309], [-1.164198, 42.37116], [-1.163898, 42.370979], [-1.16367, 42.370766], [-1.163514, 42.37052], [-1.163425, 42.370226], [-1.163406, 42.369883], [-1.163399, 42.369555], [-1.163407, 42.369241], [-1.163483, 42.368994], [-1.163626, 42.368814], [-1.163806, 42.368654], [-1.164024, 42.368515], [-1.164179, 42.368399], [-1.164272, 42.368306], [-1.164141, 42.368255], [-1.163785, 42.368245], [-1.163431, 42.368186], [-1.163079, 42.368077], [-1.162936, 42.367962], [-1.163001, 42.367839], [-1.163058, 42.367669], [-1.163105, 42.367449], [-1.163046, 42.367251], [-1.16288, 42.367072], [-1.162528, 42.366905], [-1.16199, 42.366751], [-1.161485, 42.366594], [-1.161012, 42.366432], [-1.160899, 42.366478], [-1.161145, 42.36673], [-1.161259, 42.367219], [-1.16124, 42.367945], [-1.161139, 42.368178], [-1.160958, 42.367918], [-1.160812, 42.367844], [-1.1607, 42.367955], [-1.160673, 42.36823], [-1.160733, 42.368667], [-1.160552, 42.369], [-1.16013, 42.369228], [-1.159875, 42.369223], [-1.159786, 42.368986], [-1.159583, 42.368968], [-1.159267, 42.369167], [-1.158962, 42.369374], [-1.15867, 42.369587], [-1.158318, 42.369774], [-1.157906, 42.369935], [-1.157496, 42.370055], [-1.157091, 42.370133], [-1.156947, 42.370313], [-1.157067, 42.370596], [-1.157021, 42.370765], [-1.15681, 42.370822], [-1.15665, 42.371152], [-1.156542, 42.371756], [-1.156348, 42.372139], [-1.156069, 42.372302], [-1.156029, 42.372504], [-1.156229, 42.372745], [-1.156498, 42.372822], [-1.156836, 42.372735], [-1.156985, 42.37294], [-1.156945, 42.373438], [-1.156712, 42.373966], [-1.156285, 42.374523], [-1.155808, 42.374872], [-1.155281, 42.375013], [-1.154974, 42.375145], [-1.154887, 42.37527], [-1.154722, 42.375453], [-1.154479, 42.375694], [-1.15422, 42.375846], [-1.153944, 42.375909], [-1.153726, 42.376049], [-1.153567, 42.376264], [-1.153743, 42.376376], [-1.154254, 42.376385], [-1.154444, 42.376454], [-1.154313, 42.376584], [-1.154108, 42.376787], [-1.153828, 42.377065], [-1.153551, 42.377359], [-1.153277, 42.377669], [-1.153012, 42.377731], [-1.152756, 42.377546], [-1.152596, 42.377377], [-1.152531, 42.377223], [-1.152491, 42.377129], [-1.152476, 42.377094], [-1.152198, 42.377106], [-1.151656, 42.377167], [-1.151552, 42.377318], [-1.151885, 42.377561], [-1.152044, 42.377765], [-1.152031, 42.377931], [-1.152044, 42.378053], [-1.152083, 42.37813], [-1.152118, 42.3782], [-1.15215, 42.378263], [-1.152122, 42.378337], [-1.152035, 42.378424], [-1.151895, 42.378563], [-1.151702, 42.378754], [-1.151585, 42.378975], [-1.151543, 42.379227], [-1.15148, 42.37948], [-1.151395, 42.379736], [-1.15141, 42.379869], [-1.151526, 42.379879], [-1.15174, 42.379896], [-1.152051, 42.379921], [-1.152197, 42.380059], [-1.152177, 42.380307], [-1.152172, 42.380517], [-1.152183, 42.380687], [-1.152275, 42.380732], [-1.152449, 42.380653], [-1.15259, 42.380522], [-1.152699, 42.380339], [-1.152855, 42.380173], [-1.153056, 42.380023], [-1.153195, 42.379848], [-1.153272, 42.379647], [-1.153217, 42.37943], [-1.15303, 42.379195], [-1.153017, 42.378973], [-1.153179, 42.378763], [-1.153312, 42.378631], [-1.153416, 42.378577], [-1.153656, 42.378636], [-1.154032, 42.378807], [-1.154287, 42.378789], [-1.15442, 42.378583], [-1.15453, 42.378326], [-1.154616, 42.378018], [-1.15477, 42.377692], [-1.154992, 42.377348], [-1.155234, 42.377033], [-1.155496, 42.376749], [-1.155764, 42.376495], [-1.156038, 42.376273], [-1.156263, 42.376099], [-1.15644, 42.375973], [-1.156623, 42.375878], [-1.156812, 42.375814], [-1.157044, 42.375749], [-1.157318, 42.375681], [-1.157387, 42.375561], [-1.157251, 42.375389], [-1.157214, 42.375233], [-1.157277, 42.375095], [-1.157446, 42.374936], [-1.157723, 42.374758], [-1.157835, 42.374589], [-1.157783, 42.37443], [-1.157648, 42.374297], [-1.157429, 42.37419], [-1.15741, 42.37397], [-1.157591, 42.373638], [-1.157794, 42.37336], [-1.158018, 42.373138], [-1.158372, 42.372901], [-1.158856, 42.37265], [-1.159214, 42.372553], [-1.159446, 42.372609], [-1.15944, 42.372758], [-1.159197, 42.372999], [-1.159071, 42.37321], [-1.159061, 42.373392], [-1.15913, 42.373466], [-1.159279, 42.373433], [-1.159366, 42.373547], [-1.159393, 42.373807], [-1.159631, 42.373896], [-1.16008, 42.373813], [-1.160444, 42.37369], [-1.160724, 42.373528], [-1.160934, 42.373348], [-1.161074, 42.373152], [-1.161346, 42.372949], [-1.161749, 42.372739], [-1.162023, 42.372783], [-1.162167, 42.37308], [-1.162364, 42.373304], [-1.162614, 42.373457], [-1.162954, 42.373502], [-1.163384, 42.373437], [-1.163694, 42.373494], [-1.163882, 42.37367], [-1.164048, 42.373906], [-1.164192, 42.374203], [-1.16407, 42.374381], [-1.163683, 42.37444], [-1.16349, 42.374593], [-1.163492, 42.37484], [-1.163523, 42.375067], [-1.163584, 42.375274], [-1.163501, 42.37548], [-1.163274, 42.375686], [-1.163125, 42.375834], [-1.163053, 42.375925], [-1.163144, 42.375939], [-1.163398, 42.375878], [-1.163672, 42.375922], [-1.163965, 42.37607], [-1.164037, 42.376218], [-1.163888, 42.376366], [-1.163882, 42.37663], [-1.16402, 42.37701], [-1.163971, 42.377401], [-1.163737, 42.377806], [-1.163475, 42.37818], [-1.163185, 42.378525], [-1.162972, 42.378746], [-1.162836, 42.378843], [-1.162709, 42.37917], [-1.162591, 42.379726], [-1.162226, 42.380079], [-1.161612, 42.380229], [-1.161201, 42.380398], [-1.160993, 42.380586], [-1.160747, 42.380868], [-1.160463, 42.381245], [-1.160304, 42.381575], [-1.160268, 42.381859], [-1.160167, 42.382149], [-1.160002, 42.382447], [-1.159852, 42.382711], [-1.159718, 42.382939], [-1.159583, 42.383168], [-1.159449, 42.383397], [-1.159272, 42.383573], [-1.159051, 42.383696], [-1.158899, 42.383828], [-1.158815, 42.383969], [-1.158851, 42.38422], [-1.159007, 42.384581], [-1.159049, 42.384987], [-1.158979, 42.385439], [-1.158878, 42.38573], [-1.158748, 42.385859], [-1.158644, 42.386076], [-1.158569, 42.386381], [-1.158453, 42.386653], [-1.158298, 42.386893], [-1.15816, 42.387278], [-1.158039, 42.387809], [-1.157883, 42.388101], [-1.157694, 42.388155], [-1.157505, 42.388324], [-1.157314, 42.388609], [-1.157134, 42.388949], [-1.156965, 42.389346], [-1.156788, 42.38958], [-1.156601, 42.38965], [-1.156525, 42.389774], [-1.156558, 42.389951], [-1.156567, 42.390238], [-1.156553, 42.390634], [-1.156446, 42.390892], [-1.156248, 42.391013], [-1.156038, 42.391135], [-1.155818, 42.391258], [-1.155681, 42.391413], [-1.155627, 42.3916], [-1.155444, 42.391744], [-1.15513, 42.391844], [-1.154886, 42.391896], [-1.154709, 42.391899], [-1.154393, 42.391745], [-1.153936, 42.391434], [-1.153622, 42.391297], [-1.153452, 42.391332], [-1.15327, 42.391541], [-1.153076, 42.391925], [-1.152911, 42.392131], [-1.152774, 42.392162], [-1.152595, 42.392134], [-1.152371, 42.392049], [-1.152188, 42.39207], [-1.152044, 42.392195], [-1.151948, 42.392272], [-1.1519, 42.392302], [-1.15188, 42.392327], [-1.151888, 42.392347], [-1.151905, 42.392395], [-1.151932, 42.392471], [-1.151971, 42.392561], [-1.152023, 42.392664], [-1.152057, 42.392741], [-1.152071, 42.392792], [-1.152089, 42.392853], [-1.152109, 42.392922], [-1.152144, 42.392995], [-1.152195, 42.393071], [-1.152286, 42.393089], [-1.152415, 42.393049], [-1.152488, 42.393033], [-1.152504, 42.393042], [-1.152523, 42.393072], [-1.152545, 42.393125], [-1.152564, 42.393187], [-1.152581, 42.393258], [-1.152568, 42.393299], [-1.152525, 42.393309], [-1.15247, 42.393352], [-1.152403, 42.393426], [-1.152348, 42.393483], [-1.152306, 42.393522], [-1.152261, 42.393565], [-1.152213, 42.393612], [-1.152154, 42.393636], [-1.152086, 42.39364], [-1.152011, 42.393644], [-1.15193, 42.393648], [-1.151819, 42.39367], [-1.15168, 42.393709], [-1.151603, 42.393756], [-1.151588, 42.393809], [-1.15162, 42.393858], [-1.151698, 42.393903], [-1.151755, 42.393936], [-1.151792, 42.393957], [-1.151774, 42.393979], [-1.151703, 42.394002], [-1.151636, 42.394052], [-1.151575, 42.394129], [-1.151446, 42.39416], [-1.151247, 42.394146], [-1.151028, 42.394152], [-1.150788, 42.394179], [-1.150743, 42.394353], [-1.150894, 42.394674], [-1.151011, 42.39497], [-1.151093, 42.395242], [-1.151078, 42.395524], [-1.150967, 42.395818], [-1.150914, 42.395981], [-1.150919, 42.396013], [-1.150992, 42.396111], [-1.151133, 42.396276], [-1.151112, 42.396517], [-1.150928, 42.396834], [-1.150778, 42.397039], [-1.150663, 42.397134], [-1.150558, 42.397286], [-1.150465, 42.397493], [-1.150225, 42.397693], [-1.14984, 42.397883], [-1.149392, 42.397917], [-1.148882, 42.397792], [-1.14841, 42.39768], [-1.147976, 42.39758], [-1.147656, 42.397403], [-1.14745, 42.397151], [-1.147267, 42.396981], [-1.147107, 42.396892], [-1.146973, 42.396939], [-1.146863, 42.397121], [-1.14681, 42.397218], [-1.146812, 42.397228], [-1.146823, 42.397291], [-1.146845, 42.397406], [-1.146838, 42.397483], [-1.146803, 42.397522], [-1.146708, 42.397629], [-1.146553, 42.397802], [-1.146412, 42.397853], [-1.146284, 42.397782], [-1.146121, 42.397747], [-1.145923, 42.397748], [-1.145818, 42.397746], [-1.145807, 42.397741], [-1.145767, 42.397767], [-1.145697, 42.397824], [-1.145608, 42.397902], [-1.145499, 42.398001], [-1.145411, 42.398057], [-1.145342, 42.398069], [-1.145285, 42.398108], [-1.145241, 42.398174], [-1.145005, 42.398248], [-1.144577, 42.398328], [-1.14411, 42.398314], [-1.143602, 42.398206], [-1.143328, 42.398186], [-1.143288, 42.398254], [-1.143342, 42.398361], [-1.143493, 42.398506], [-1.14348, 42.39859], [-1.143304, 42.398614], [-1.143224, 42.398667], [-1.143239, 42.398748], [-1.142927, 42.398799], [-1.142289, 42.39882], [-1.141696, 42.398903], [-1.141147, 42.399046], [-1.140735, 42.399132], [-1.14046, 42.399163], [-1.140319, 42.399166], [-1.140311, 42.399142], [-1.140284, 42.399088], [-1.14024, 42.399006], [-1.140151, 42.39895], [-1.140018, 42.398922], [-1.139886, 42.398918], [-1.139753, 42.39894], [-1.139632, 42.398975], [-1.139524, 42.399024], [-1.139463, 42.399089], [-1.139449, 42.39917], [-1.139504, 42.399204], [-1.139628, 42.39919], [-1.13969, 42.399234], [-1.13969, 42.399336], [-1.139692, 42.399452], [-1.139697, 42.399582], [-1.139744, 42.399709], [-1.139833, 42.399832], [-1.139879, 42.399896], [-1.139882, 42.399901], [-1.139936, 42.399973], [-1.140041, 42.400114], [-1.140096, 42.400279], [-1.140102, 42.400467], [-1.140032, 42.400592], [-1.139887, 42.400654], [-1.139797, 42.400801], [-1.139764, 42.401034], [-1.139638, 42.401219], [-1.139421, 42.401358], [-1.139346, 42.401516], [-1.139414, 42.401692], [-1.13946, 42.401786], [-1.139484, 42.401799], [-1.139532, 42.401842], [-1.139604, 42.401914], [-1.139726, 42.401991], [-1.139898, 42.402073], [-1.139965, 42.402171], [-1.139928, 42.402284], [-1.139904, 42.402338], [-1.139893, 42.402332], [-1.139771, 42.402284], [-1.139539, 42.402193], [-1.139372, 42.40219], [-1.13927, 42.402274], [-1.139205, 42.402343], [-1.139176, 42.402397], [-1.139206, 42.402477], [-1.139294, 42.402584], [-1.139399, 42.402674], [-1.13952, 42.402747], [-1.139657, 42.402878], [-1.139809, 42.403064], [-1.139858, 42.403193], [-1.139803, 42.403265], [-1.139711, 42.403217], [-1.139582, 42.403049], [-1.139485, 42.402977], [-1.13942, 42.402998], [-1.13936, 42.403016], [-1.139304, 42.403029], [-1.139192, 42.40298], [-1.139024, 42.402868], [-1.138829, 42.402791], [-1.138606, 42.402751], [-1.138423, 42.402717], [-1.138279, 42.402691], [-1.1382, 42.402685], [-1.138185, 42.402698], [-1.138066, 42.402701], [-1.137843, 42.402693], [-1.137618, 42.40272], [-1.137389, 42.402783], [-1.137282, 42.402892], [-1.137297, 42.403046], [-1.1372, 42.403103], [-1.136992, 42.403062], [-1.136868, 42.402983], [-1.136829, 42.402866], [-1.136683, 42.402702], [-1.13643, 42.402492], [-1.136161, 42.402279], [-1.135877, 42.402064], [-1.135651, 42.401801], [-1.135483, 42.401491], [-1.135356, 42.4013], [-1.13527, 42.40123], [-1.135225, 42.401146]], [[-1.134399, 42.339076], [-1.134716, 42.339099], [-1.13499, 42.338996], [-1.135221, 42.338766], [-1.135379, 42.338567], [-1.135465, 42.338398], [-1.135503, 42.338183], [-1.135494, 42.337923], [-1.135453, 42.337651], [-1.135381, 42.337368], [-1.135443, 42.337282], [-1.135639, 42.337391], [-1.1358, 42.337416], [-1.135926, 42.337359], [-1.135933, 42.337242], [-1.135822, 42.337065], [-1.13577, 42.336889], [-1.135776, 42.336714], [-1.135749, 42.336514], [-1.135687, 42.336288], [-1.135761, 42.336214], [-1.135971, 42.336293], [-1.136263, 42.336282], [-1.136635, 42.336183], [-1.136785, 42.336203], [-1.136713, 42.336341], [-1.136602, 42.336477], [-1.136451, 42.33661], [-1.136567, 42.336764], [-1.136952, 42.33694], [-1.137315, 42.337052], [-1.137656, 42.337101], [-1.13804, 42.337117], [-1.138466, 42.337098], [-1.138775, 42.337079], [-1.138967, 42.337057], [-1.139152, 42.337001], [-1.13933, 42.336908], [-1.13957, 42.33678], [-1.139871, 42.336616], [-1.140112, 42.336494], [-1.140293, 42.336416], [-1.140643, 42.336355], [-1.141163, 42.336312], [-1.141378, 42.336259], [-1.141288, 42.336197], [-1.141118, 42.336121], [-1.140867, 42.336033], [-1.140679, 42.335865], [-1.140555, 42.335617], [-1.140469, 42.335365], [-1.140421, 42.335109], [-1.140395, 42.334865], [-1.140391, 42.334633], [-1.140357, 42.334505], [-1.140294, 42.334483], [-1.140161, 42.334346], [-1.139958, 42.334092], [-1.139797, 42.334016], [-1.139679, 42.334116], [-1.139418, 42.33413], [-1.139014, 42.334059], [-1.13872, 42.334055], [-1.138536, 42.334119], [-1.138278, 42.334046], [-1.137946, 42.333836], [-1.137804, 42.333648], [-1.137851, 42.333483], [-1.137764, 42.333333], [-1.137544, 42.333198], [-1.137439, 42.333057], [-1.137451, 42.33291], [-1.137269, 42.332821], [-1.136892, 42.33279], [-1.136543, 42.332807], [-1.136223, 42.332872], [-1.13599, 42.332825], [-1.135843, 42.332667], [-1.135657, 42.332615], [-1.135433, 42.332669], [-1.135447, 42.332747], [-1.135701, 42.33285], [-1.135718, 42.332943], [-1.135499, 42.333025], [-1.135309, 42.333264], [-1.135149, 42.33366], [-1.135011, 42.333602], [-1.134896, 42.333092], [-1.134846, 42.33277], [-1.13486, 42.332638], [-1.134655, 42.33253], [-1.134229, 42.332447], [-1.133988, 42.332466], [-1.133933, 42.332588], [-1.133661, 42.332597], [-1.133172, 42.332491], [-1.132955, 42.33253], [-1.133008, 42.332713], [-1.133011, 42.332938], [-1.132963, 42.333205], [-1.132974, 42.333421], [-1.133045, 42.333588], [-1.132997, 42.333753], [-1.132832, 42.333917], [-1.132636, 42.334018], [-1.132409, 42.334058], [-1.132168, 42.334179], [-1.131913, 42.334382], [-1.131593, 42.334447], [-1.131208, 42.334373], [-1.131173, 42.334399], [-1.13149, 42.334523], [-1.131861, 42.334628], [-1.132287, 42.334711], [-1.132543, 42.334726], [-1.132631, 42.334673], [-1.13276, 42.334629], [-1.13293, 42.334596], [-1.133102, 42.334628], [-1.133276, 42.334725], [-1.133375, 42.334888], [-1.133398, 42.335118], [-1.133372, 42.335346], [-1.133297, 42.335572], [-1.133236, 42.335768], [-1.133188, 42.335933], [-1.133085, 42.336112], [-1.132925, 42.336304], [-1.132929, 42.336427], [-1.133095, 42.336481], [-1.133276, 42.336352], [-1.133472, 42.33604], [-1.133676, 42.335981], [-1.133888, 42.336175], [-1.134031, 42.336523], [-1.134105, 42.337023], [-1.134203, 42.337499], [-1.134326, 42.33795], [-1.134351, 42.338398], [-1.134278, 42.338842], [-1.134399, 42.339076]], [[-1.14039, 42.34673], [-1.140571, 42.34655], [-1.140605, 42.346313], [-1.140492, 42.346021], [-1.140457, 42.345727], [-1.140499, 42.345432], [-1.14046, 42.345167], [-1.140338, 42.344934], [-1.140106, 42.344894], [-1.139763, 42.345048], [-1.139451, 42.345156], [-1.139169, 42.345216], [-1.138957, 42.345283], [-1.138814, 42.345357], [-1.138633, 42.345486], [-1.138413, 42.34567], [-1.138296, 42.34588], [-1.138281, 42.346114], [-1.138394, 42.346247], [-1.138634, 42.346278], [-1.138803, 42.346397], [-1.1389, 42.346604], [-1.139286, 42.346736], [-1.139961, 42.346792], [-1.14039, 42.34673]], [[-1.085461, 42.337621], [-1.085817, 42.337379], [-1.086001, 42.337162], [-1.086015, 42.336972], [-1.086049, 42.336786], [-1.086103, 42.336606], [-1.08614, 42.336464], [-1.08616, 42.33636], [-1.086183, 42.336223], [-1.086211, 42.336053], [-1.08625, 42.335925], [-1.086303, 42.335839], [-1.086364, 42.335723], [-1.086435, 42.335578], [-1.086371, 42.335472], [-1.086174, 42.335407], [-1.086052, 42.335329], [-1.086006, 42.33524], [-1.08603, 42.335161], [-1.086125, 42.335092], [-1.086214, 42.335046], [-1.086298, 42.335022], [-1.086391, 42.334892], [-1.086493, 42.334656], [-1.086583, 42.334482], [-1.086661, 42.334372], [-1.086681, 42.334246], [-1.086645, 42.334105], [-1.086658, 42.333962], [-1.086719, 42.333817], [-1.086804, 42.333699], [-1.086914, 42.333607], [-1.087064, 42.333572], [-1.087254, 42.333595], [-1.087417, 42.333577], [-1.087552, 42.333518], [-1.087648, 42.333428], [-1.087703, 42.333305], [-1.087707, 42.333196], [-1.08766, 42.333099], [-1.087656, 42.332973], [-1.087695, 42.332816], [-1.08772, 42.332682], [-1.087728, 42.332572], [-1.087683, 42.332486], [-1.087584, 42.332425], [-1.087529, 42.33234], [-1.087519, 42.332232], [-1.087493, 42.332068], [-1.087452, 42.331847], [-1.087555, 42.331716], [-1.087801, 42.331674], [-1.088013, 42.331607], [-1.088192, 42.331515], [-1.088276, 42.331393], [-1.088268, 42.331241], [-1.088267, 42.331107], [-1.088275, 42.33099], [-1.088365, 42.330816], [-1.088537, 42.330587], [-1.088466, 42.330493], [-1.088151, 42.330535], [-1.087958, 42.330625], [-1.087886, 42.330764], [-1.087741, 42.330929], [-1.087523, 42.33112], [-1.087347, 42.331281], [-1.087215, 42.331412], [-1.08708, 42.3315], [-1.086942, 42.331544], [-1.086846, 42.331634], [-1.086793, 42.331771], [-1.086785, 42.331935], [-1.086821, 42.332128], [-1.086836, 42.332318], [-1.086832, 42.332508], [-1.086714, 42.332688], [-1.086482, 42.332859], [-1.086297, 42.332966], [-1.086159, 42.333011], [-1.086034, 42.333072], [-1.085921, 42.33315], [-1.085839, 42.33326], [-1.085788, 42.333404], [-1.085707, 42.333551], [-1.085598, 42.333701], [-1.085524, 42.333906], [-1.085484, 42.334164], [-1.085438, 42.334387], [-1.085384, 42.334575], [-1.085404, 42.334732], [-1.085496, 42.33486], [-1.085519, 42.33501], [-1.085473, 42.335183], [-1.08549, 42.335326], [-1.085569, 42.335441], [-1.085702, 42.335629], [-1.085888, 42.335892], [-1.085986, 42.336078], [-1.085996, 42.336185], [-1.085975, 42.336311], [-1.085924, 42.336455], [-1.085887, 42.336575], [-1.085866, 42.336672], [-1.085804, 42.33681], [-1.0857, 42.336988], [-1.085511, 42.33718], [-1.085236, 42.337385], [-1.085145, 42.337551], [-1.085237, 42.337679], [-1.085461, 42.337621]], [[-1.040924, 42.365861], [-1.040864, 42.366064], [-1.040699, 42.366202], [-1.040429, 42.366275], [-1.040142, 42.366285], [-1.039839, 42.366231], [-1.039627, 42.366272], [-1.039506, 42.366409], [-1.039379, 42.366518], [-1.039247, 42.366597], [-1.039133, 42.366693], [-1.039037, 42.366806], [-1.03906, 42.366905], [-1.039203, 42.366991], [-1.039357, 42.367058], [-1.039522, 42.367105], [-1.039693, 42.367079], [-1.03987, 42.366979], [-1.040073, 42.366888], [-1.040302, 42.366805], [-1.040411, 42.366811], [-1.040399, 42.366907], [-1.040432, 42.366979], [-1.04051, 42.367029], [-1.04058, 42.367039], [-1.040643, 42.367011], [-1.040765, 42.366877], [-1.040946, 42.366639], [-1.041182, 42.366436], [-1.041473, 42.366265], [-1.041659, 42.366187], [-1.041739, 42.3662], [-1.041904, 42.366247], [-1.042154, 42.366329], [-1.042206, 42.366454], [-1.042062, 42.366622], [-1.041935, 42.366781], [-1.041826, 42.366931], [-1.041774, 42.367046], [-1.041779, 42.367125], [-1.041839, 42.367137], [-1.041956, 42.36708], [-1.042065, 42.367065], [-1.042168, 42.36709], [-1.042315, 42.367121], [-1.042508, 42.367158], [-1.042686, 42.367145], [-1.042851, 42.367084], [-1.042991, 42.366999], [-1.043108, 42.366892], [-1.04328, 42.366789], [-1.043506, 42.366692], [-1.043721, 42.366639], [-1.043925, 42.366631], [-1.044116, 42.366581], [-1.044295, 42.366489], [-1.044442, 42.366466], [-1.044558, 42.366511], [-1.044657, 42.366598], [-1.044739, 42.366727], [-1.044854, 42.36682], [-1.045001, 42.366876], [-1.045219, 42.366914], [-1.045506, 42.366933], [-1.045482, 42.366809], [-1.045149, 42.36654], [-1.045025, 42.366292], [-1.04511, 42.366065], [-1.045105, 42.365877], [-1.045009, 42.365728], [-1.044853, 42.365491], [-1.044636, 42.365166], [-1.044596, 42.364974], [-1.044732, 42.364915], [-1.044895, 42.364847], [-1.045085, 42.364768], [-1.045355, 42.364665], [-1.045703, 42.36454], [-1.045877, 42.364397], [-1.045877, 42.364237], [-1.045893, 42.364116], [-1.045927, 42.364032], [-1.04613, 42.363999], [-1.046505, 42.364016], [-1.046747, 42.363953], [-1.046858, 42.36381], [-1.047493, 42.363758], [-1.048654, 42.363797], [-1.049127, 42.363713], [-1.048912, 42.363504], [-1.048921, 42.363314], [-1.049153, 42.363143], [-1.049286, 42.36299], [-1.04932, 42.362856], [-1.049731, 42.362782], [-1.05052, 42.362767], [-1.05094, 42.362659], [-1.05099, 42.362458], [-1.050935, 42.36234], [-1.050772, 42.362307], [-1.050511, 42.362296], [-1.050151, 42.362307], [-1.049694, 42.362317], [-1.049139, 42.362327], [-1.048631, 42.362329], [-1.04817, 42.362321], [-1.047924, 42.362392], [-1.047893, 42.362541], [-1.04785, 42.362647], [-1.047793, 42.362712], [-1.047632, 42.362766], [-1.047367, 42.362809], [-1.047287, 42.362775], [-1.047393, 42.362661], [-1.047511, 42.362536], [-1.047642, 42.362398], [-1.047629, 42.362326], [-1.047472, 42.362322], [-1.047164, 42.362399], [-1.046705, 42.362559], [-1.04634, 42.362675], [-1.04607, 42.362749], [-1.045771, 42.362796], [-1.045443, 42.362818], [-1.045212, 42.36281], [-1.045078, 42.362774], [-1.044878, 42.362774], [-1.044611, 42.362811], [-1.044333, 42.362922], [-1.044045, 42.363106], [-1.043864, 42.363079], [-1.043791, 42.36284], [-1.043922, 42.362625], [-1.044258, 42.362436], [-1.044403, 42.362267], [-1.044356, 42.36212], [-1.04433, 42.361978], [-1.044324, 42.36184], [-1.044313, 42.361703], [-1.044298, 42.361567], [-1.044183, 42.361529], [-1.04397, 42.361589], [-1.043854, 42.361543], [-1.043836, 42.361393], [-1.043542, 42.361443], [-1.042973, 42.361695], [-1.04261, 42.361822], [-1.042455, 42.361824], [-1.042352, 42.361905], [-1.042303, 42.362063], [-1.04216, 42.362136], [-1.041924, 42.362126], [-1.041776, 42.362248], [-1.041715, 42.362501], [-1.041756, 42.362646], [-1.0419, 42.362681], [-1.041942, 42.362803], [-1.041883, 42.363013], [-1.041791, 42.363121], [-1.041665, 42.363128], [-1.041589, 42.363194], [-1.041564, 42.363321], [-1.041484, 42.363417], [-1.041349, 42.363482], [-1.04114, 42.363513], [-1.040855, 42.363508], [-1.040727, 42.36374], [-1.040755, 42.364209], [-1.04065, 42.36454], [-1.040413, 42.364733], [-1.040235, 42.364829], [-1.040117, 42.364827], [-1.039915, 42.364977], [-1.039629, 42.365277], [-1.039667, 42.365512], [-1.040031, 42.365683], [-1.040307, 42.365802], [-1.040495, 42.365868], [-1.040681, 42.365866], [-1.040863, 42.365795], [-1.040924, 42.365861]], [[-1.097114, 42.370297], [-1.097249, 42.37018], [-1.09735, 42.370013], [-1.097417, 42.369795], [-1.097547, 42.369653], [-1.09774, 42.369588], [-1.097758, 42.369503], [-1.097602, 42.369397], [-1.0976, 42.36923], [-1.097753, 42.369002], [-1.097716, 42.368905], [-1.097487, 42.368937], [-1.097276, 42.368826], [-1.097082, 42.368572], [-1.096902, 42.368421], [-1.096737, 42.368373], [-1.096578, 42.368202], [-1.096426, 42.367907], [-1.096279, 42.367879], [-1.096138, 42.36812], [-1.095997, 42.368179], [-1.095857, 42.368057], [-1.095745, 42.367902], [-1.095662, 42.367715], [-1.095517, 42.367488], [-1.095311, 42.36722], [-1.095171, 42.366996], [-1.095099, 42.366815], [-1.094984, 42.366646], [-1.094828, 42.366489], [-1.094713, 42.36632], [-1.094641, 42.366139], [-1.094521, 42.366021], [-1.094355, 42.365967], [-1.094209, 42.365947], [-1.094085, 42.365961], [-1.093928, 42.365825], [-1.093738, 42.365541], [-1.09351, 42.365338], [-1.093242, 42.365215], [-1.0931, 42.365078], [-1.093081, 42.364927], [-1.093019, 42.364778], [-1.092914, 42.36463], [-1.092872, 42.364456], [-1.092894, 42.364258], [-1.092858, 42.363858], [-1.092766, 42.363258], [-1.092674, 42.362945], [-1.092581, 42.362919], [-1.092508, 42.362971], [-1.092454, 42.3631], [-1.092371, 42.363208], [-1.09226, 42.363293], [-1.092208, 42.363542], [-1.092217, 42.363955], [-1.092256, 42.364375], [-1.092325, 42.364804], [-1.092388, 42.365113], [-1.092443, 42.365303], [-1.092529, 42.365504], [-1.092646, 42.365716], [-1.092654, 42.365861], [-1.092551, 42.365938], [-1.092395, 42.36586], [-1.092186, 42.365629], [-1.092037, 42.365515], [-1.09195, 42.365517], [-1.091897, 42.365628], [-1.091879, 42.365848], [-1.09194, 42.366016], [-1.092079, 42.366131], [-1.092254, 42.366232], [-1.092465, 42.366317], [-1.092765, 42.366459], [-1.093153, 42.366656], [-1.09339, 42.366822], [-1.093473, 42.366958], [-1.09358, 42.36711], [-1.093709, 42.367277], [-1.093905, 42.367412], [-1.094168, 42.367513], [-1.094374, 42.367596], [-1.094523, 42.367659], [-1.094618, 42.367725], [-1.09466, 42.367793], [-1.094614, 42.36786], [-1.094479, 42.367926], [-1.094473, 42.368079], [-1.094596, 42.36832], [-1.094729, 42.368508], [-1.094872, 42.368645], [-1.095066, 42.368798], [-1.095313, 42.368967], [-1.09543, 42.369096], [-1.095417, 42.369184], [-1.095392, 42.369285], [-1.095354, 42.369398], [-1.095525, 42.369503], [-1.095904, 42.369599], [-1.096126, 42.369662], [-1.09619, 42.369691], [-1.096277, 42.36979], [-1.096387, 42.36996], [-1.096593, 42.370122], [-1.096896, 42.370278], [-1.097114, 42.370297]], [[-1.097923, 42.384883], [-1.098185, 42.384796], [-1.098469, 42.384755], [-1.098773, 42.384761], [-1.099025, 42.384661], [-1.099226, 42.384453], [-1.099478, 42.384218], [-1.099782, 42.383956], [-1.099925, 42.383782], [-1.099909, 42.383697], [-1.100215, 42.383367], [-1.100841, 42.382793], [-1.100851, 42.382478], [-1.100244, 42.382421], [-1.099813, 42.382496], [-1.099558, 42.382702], [-1.099305, 42.38297], [-1.099053, 42.383299], [-1.098935, 42.383568], [-1.098949, 42.383778], [-1.098877, 42.384034], [-1.098719, 42.384339], [-1.098489, 42.384538], [-1.098189, 42.384633], [-1.097977, 42.384742], [-1.097853, 42.384865], [-1.097923, 42.384883]], [[-1.122421, 42.378423], [-1.123129, 42.378446], [-1.123687, 42.378424], [-1.124095, 42.378357], [-1.124377, 42.378243], [-1.124532, 42.37808], [-1.124717, 42.377602], [-1.12493, 42.376808], [-1.12529, 42.376249], [-1.125797, 42.375924], [-1.126143, 42.375657], [-1.126329, 42.375447], [-1.126177, 42.375286], [-1.125686, 42.375173], [-1.125225, 42.375188], [-1.124792, 42.375331], [-1.124377, 42.375598], [-1.123981, 42.375991], [-1.123755, 42.37635], [-1.123698, 42.376676], [-1.123637, 42.377028], [-1.12357, 42.377406], [-1.123444, 42.377645], [-1.123257, 42.377745], [-1.122949, 42.377823], [-1.12252, 42.377878], [-1.12222, 42.377977], [-1.122051, 42.378119], [-1.121992, 42.378245], [-1.122042, 42.378356], [-1.122421, 42.378423]], [[-1.069392, 42.379957], [-1.069772, 42.380054], [-1.069985, 42.38015], [-1.070032, 42.380246], [-1.070069, 42.380362], [-1.070094, 42.380498], [-1.070038, 42.38062], [-1.069902, 42.380729], [-1.069823, 42.380832], [-1.069802, 42.380929], [-1.069931, 42.380966], [-1.07021, 42.380942], [-1.070414, 42.38096], [-1.070542, 42.381018], [-1.070635, 42.380965], [-1.070692, 42.380798], [-1.070638, 42.380692], [-1.070473, 42.380645], [-1.070388, 42.380527], [-1.070382, 42.380339], [-1.07045, 42.380233], [-1.070593, 42.38021], [-1.070815, 42.380171], [-1.071118, 42.380116], [-1.071518, 42.380086], [-1.072016, 42.380082], [-1.072331, 42.380044], [-1.072464, 42.379971], [-1.072564, 42.379927], [-1.07263, 42.379913], [-1.072844, 42.379831], [-1.073207, 42.379682], [-1.073725, 42.379549], [-1.074397, 42.379431], [-1.07497, 42.379331], [-1.075444, 42.37925], [-1.075948, 42.379147], [-1.076482, 42.379023], [-1.076955, 42.378989], [-1.077366, 42.379045], [-1.077779, 42.379029], [-1.078192, 42.37894], [-1.078165, 42.378874], [-1.077698, 42.378831], [-1.077296, 42.378719], [-1.076959, 42.378538], [-1.076487, 42.37831], [-1.075879, 42.378036], [-1.075355, 42.377956], [-1.074917, 42.37807], [-1.074588, 42.378164], [-1.074367, 42.378239], [-1.074131, 42.378389], [-1.073879, 42.378613], [-1.073611, 42.378827], [-1.073327, 42.379033], [-1.07304, 42.379203], [-1.072752, 42.379336], [-1.072463, 42.379386], [-1.072174, 42.379353], [-1.071989, 42.379228], [-1.07191, 42.379011], [-1.071812, 42.378881], [-1.071696, 42.378835], [-1.071522, 42.378815], [-1.071288, 42.378819], [-1.071082, 42.378816], [-1.070904, 42.378806], [-1.070755, 42.378685], [-1.070633, 42.378451], [-1.070485, 42.378362], [-1.070309, 42.378418], [-1.070155, 42.378508], [-1.070021, 42.378631], [-1.070007, 42.378767], [-1.070113, 42.378915], [-1.070099, 42.379022], [-1.069964, 42.379088], [-1.069775, 42.379149], [-1.069531, 42.379205], [-1.069485, 42.379166], [-1.069636, 42.379033], [-1.069728, 42.378921], [-1.06976, 42.378831], [-1.069642, 42.378826], [-1.069373, 42.378906], [-1.069248, 42.378862], [-1.069265, 42.378693], [-1.069194, 42.378679], [-1.069035, 42.37882], [-1.068918, 42.378851], [-1.068845, 42.378772], [-1.068746, 42.378765], [-1.068621, 42.378829], [-1.068443, 42.3789], [-1.068213, 42.378976], [-1.067895, 42.378975], [-1.06749, 42.378896], [-1.067255, 42.378896], [-1.067192, 42.378976], [-1.067222, 42.379063], [-1.067348, 42.379158], [-1.067378, 42.379297], [-1.067314, 42.379478], [-1.067388, 42.379535], [-1.067601, 42.379468], [-1.067799, 42.379403], [-1.067982, 42.379339], [-1.068125, 42.379316], [-1.068226, 42.379334], [-1.068362, 42.379359], [-1.068535, 42.379391], [-1.068713, 42.379404], [-1.068898, 42.379398], [-1.069043, 42.379524], [-1.069149, 42.379781], [-1.069392, 42.379957]], [[-1.081907, 42.380887], [-1.081921, 42.380646], [-1.081987, 42.3805], [-1.082104, 42.380451], [-1.082174, 42.380353], [-1.082196, 42.380205], [-1.082307, 42.380095], [-1.082509, 42.380021], [-1.082735, 42.380004], [-1.082986, 42.380041], [-1.083186, 42.380038], [-1.083334, 42.379992], [-1.083378, 42.379911], [-1.083317, 42.379794], [-1.083207, 42.379596], [-1.083047, 42.379315], [-1.082896, 42.379132], [-1.082753, 42.379046], [-1.082045, 42.379052], [-1.080773, 42.379149], [-1.079881, 42.379215], [-1.079369, 42.379249], [-1.079123, 42.379295], [-1.079143, 42.37935], [-1.079228, 42.379436], [-1.079376, 42.37955], [-1.079597, 42.37958], [-1.07989, 42.379526], [-1.080088, 42.379566], [-1.080191, 42.3797], [-1.080381, 42.379857], [-1.080659, 42.380037], [-1.080768, 42.380228], [-1.080708, 42.380431], [-1.080772, 42.38062], [-1.080961, 42.380795], [-1.081267, 42.380914], [-1.081689, 42.380976], [-1.081907, 42.380887]], [[-1.13595, 42.386982], [-1.136178, 42.386891], [-1.13632, 42.386788], [-1.136377, 42.386673], [-1.136387, 42.386519], [-1.136351, 42.386327], [-1.136316, 42.386164], [-1.136281, 42.38603], [-1.136189, 42.385953], [-1.136038, 42.385933], [-1.135973, 42.385897], [-1.135992, 42.385844], [-1.136038, 42.385777], [-1.136111, 42.385696], [-1.136116, 42.385616], [-1.136052, 42.385536], [-1.135951, 42.385492], [-1.135813, 42.385486], [-1.135686, 42.38546], [-1.13557, 42.385415], [-1.135524, 42.385485], [-1.135549, 42.385671], [-1.135546, 42.38581], [-1.135514, 42.385901], [-1.135471, 42.38596], [-1.135418, 42.385988], [-1.1354, 42.386077], [-1.135418, 42.386227], [-1.135443, 42.386359], [-1.135474, 42.386472], [-1.135507, 42.386624], [-1.135543, 42.386816], [-1.135559, 42.386982], [-1.135556, 42.38712], [-1.135625, 42.387149], [-1.135766, 42.387068], [-1.13595, 42.386982]], [[-1.153929, 42.385782], [-1.153906, 42.38545], [-1.153903, 42.385251], [-1.153919, 42.385184], [-1.153977, 42.385101], [-1.154076, 42.385003], [-1.154126, 42.384903], [-1.154126, 42.384801], [-1.154045, 42.38473], [-1.153881, 42.38469], [-1.15375, 42.384646], [-1.153654, 42.384599], [-1.153535, 42.384514], [-1.153395, 42.384392], [-1.153266, 42.384355], [-1.153148, 42.384405], [-1.15303, 42.384429], [-1.152913, 42.384427], [-1.152817, 42.384441], [-1.152745, 42.384471], [-1.152768, 42.384567], [-1.152886, 42.384728], [-1.152951, 42.384844], [-1.152965, 42.384915], [-1.153027, 42.384988], [-1.153139, 42.385063], [-1.153292, 42.385151], [-1.153487, 42.385253], [-1.153593, 42.385321], [-1.153609, 42.385356], [-1.153698, 42.385517], [-1.153859, 42.385804], [-1.153929, 42.385782]], [[-1.065353, 42.260471], [-1.06527, 42.260233], [-1.065242, 42.259975], [-1.065268, 42.259696], [-1.065299, 42.259493], [-1.065334, 42.259366], [-1.065397, 42.259231], [-1.065488, 42.259091], [-1.06555, 42.259], [-1.065581, 42.25896], [-1.065693, 42.258959], [-1.065885, 42.258996], [-1.066037, 42.259048], [-1.066147, 42.259116], [-1.066252, 42.259159], [-1.066353, 42.259177], [-1.066365, 42.259139], [-1.06629, 42.259046], [-1.06628, 42.258967], [-1.066336, 42.258903], [-1.066406, 42.258833], [-1.06649, 42.258758], [-1.066489, 42.258671], [-1.066402, 42.258572], [-1.066338, 42.258488], [-1.066296, 42.25842], [-1.066298, 42.258351], [-1.066343, 42.258281], [-1.066425, 42.258192], [-1.066541, 42.258084], [-1.066625, 42.257981], [-1.066674, 42.257881], [-1.066606, 42.257801], [-1.066419, 42.257742], [-1.066294, 42.257643], [-1.066229, 42.257505], [-1.066147, 42.257401], [-1.066046, 42.257333], [-1.065944, 42.257253], [-1.065839, 42.257163], [-1.06576, 42.257077], [-1.065706, 42.256996], [-1.065587, 42.256933], [-1.065403, 42.256888], [-1.065329, 42.256936], [-1.065365, 42.257077], [-1.065331, 42.257157], [-1.065227, 42.257176], [-1.06518, 42.257261], [-1.065188, 42.257413], [-1.065183, 42.257515], [-1.065163, 42.257568], [-1.065074, 42.257589], [-1.064916, 42.257577], [-1.064763, 42.257569], [-1.064616, 42.257563], [-1.064468, 42.257583], [-1.064321, 42.257628], [-1.064214, 42.257658], [-1.064148, 42.257673], [-1.064135, 42.257573], [-1.064173, 42.257358], [-1.0641, 42.25733], [-1.063914, 42.257488], [-1.063784, 42.257626], [-1.063708, 42.257743], [-1.063523, 42.257749], [-1.063231, 42.257643], [-1.062986, 42.257561], [-1.06279, 42.257503], [-1.062673, 42.257476], [-1.062635, 42.25748], [-1.062595, 42.257764], [-1.062552, 42.258329], [-1.062598, 42.258759], [-1.062731, 42.259057], [-1.062844, 42.259299], [-1.062937, 42.259485], [-1.063022, 42.259657], [-1.0631, 42.259816], [-1.06319, 42.260035], [-1.06329, 42.260314], [-1.063431, 42.260469], [-1.063612, 42.2605], [-1.06371, 42.260526], [-1.063723, 42.260546], [-1.064146, 42.260565], [-1.064978, 42.260582], [-1.065353, 42.260471]]]}}]}