{"type": "FeatureCollection", "name": "OIMBRA", "features": [{"type": "Feature", "properties": {"id": "278348", "FIREDATE": "2025-08-13T02:43:00", "FINALDATE": "2025-08-20T01:58:00", "LASTUPDATE": "2025-08-14 07:03:16.307183", "COUNTRY": "ES", "PROVINCE": "Ourense", "COMMUNE": "Oímbra", "AREA_HA": 24471.0, "BROADLEA": 4.4049, "CONIFER": 12.8384, "MIXED": 0.9489, "SCLEROPH": 0.0, "TRANSIT": 12.1922, "OTHERNATLC": 44.6912, "AGRIAREAS": 24.7076, "ARTIFSURF": 0.2168, "OTHERLC": 0.0, "PERCNA2K": 0.0426, "CLASS": "FireSeason", "AÑO": 2025, "LATITUD": 41.95312130667679, "LONGITUD": -7.549136006908357}, "geometry": {"type": "Polygon", "coordinates": [[[-7.63644, 41.879899], [-7.638645, 41.880066], [-7.638386, 41.880315], [-7.638077, 41.88037], [-7.637419, 41.88039], [-7.636925, 41.880304], [-7.636474, 41.880142], [-7.636155, 41.880035], [-7.635712, 41.880075], [-7.635505, 41.880116], [-7.635434, 41.880212], [-7.635436, 41.880855], [-7.635316, 41.881054], [-7.635249, 41.881266], [-7.635247, 41.881459], [-7.635173, 41.881793], [-7.63504, 41.882216], [-7.63485, 41.882811], [-7.634632, 41.883487], [-7.634402, 41.884047], [-7.634194, 41.884406], [-7.634023, 41.884701], [-7.633915, 41.884887], [-7.633817, 41.885219], [-7.633745, 41.885646], [-7.633703, 41.886004], [-7.633697, 41.886237], [-7.633353, 41.886744], [-7.632723, 41.887448], [-7.632397, 41.887848], [-7.632423, 41.887884], [-7.632398, 41.88809], [-7.632325, 41.888434], [-7.632232, 41.888824], [-7.632131, 41.889202], [-7.631993, 41.889585], [-7.631839, 41.889914], [-7.63165, 41.890299], [-7.631453, 41.890679], [-7.631248, 41.891082], [-7.631065, 41.891446], [-7.630916, 41.891753], [-7.630821, 41.891957], [-7.630707, 41.892382], [-7.630589, 41.892964], [-7.630417, 41.893478], [-7.630216, 41.893845], [-7.630027, 41.894128], [-7.62988, 41.894284], [-7.629793, 41.894377], [-7.629778, 41.894394], [-7.629738, 41.894471], [-7.629679, 41.894597], [-7.629655, 41.894765], [-7.629671, 41.894949], [-7.629771, 41.89511], [-7.62994, 41.895224], [-7.630222, 41.89515], [-7.630574, 41.894901], [-7.630781, 41.894716], [-7.630811, 41.894624], [-7.630978, 41.894586], [-7.631255, 41.894609], [-7.63182, 41.89489], [-7.632586, 41.895386], [-7.63317, 41.895804], [-7.633484, 41.896079], [-7.633707, 41.896304], [-7.633807, 41.896445], [-7.633795, 41.896688], [-7.633674, 41.896997], [-7.63333, 41.897285], [-7.632816, 41.897506], [-7.632376, 41.897647], [-7.632078, 41.897686], [-7.631706, 41.897596], [-7.631317, 41.897392], [-7.630931, 41.89729], [-7.630606, 41.897304], [-7.630376, 41.897344], [-7.630276, 41.897402], [-7.63016, 41.89747], [-7.630046, 41.897536], [-7.629887, 41.897667], [-7.629707, 41.897843], [-7.629771, 41.898097], [-7.63007, 41.898388], [-7.630364, 41.898671], [-7.630606, 41.898901], [-7.630928, 41.89914], [-7.63128, 41.899351], [-7.631581, 41.899484], [-7.631785, 41.899519], [-7.631983, 41.899558], [-7.632144, 41.899594], [-7.632436, 41.899659], [-7.632812, 41.899743], [-7.633158, 41.899841], [-7.633419, 41.899938], [-7.633573, 41.899996], [-7.633597, 41.900006], [-7.633799, 41.900038], [-7.63415, 41.900086], [-7.63433, 41.900169], [-7.634314, 41.900272], [-7.634273, 41.900421], [-7.634215, 41.900594], [-7.634067, 41.900841], [-7.63385, 41.901123], [-7.633806, 41.901374], [-7.633941, 41.901553], [-7.634145, 41.901593], [-7.634387, 41.901489], [-7.634667, 41.901384], [-7.634941, 41.901295], [-7.635179, 41.901351], [-7.635346, 41.901545], [-7.635505, 41.901682], [-7.635631, 41.90174], [-7.635864, 41.901776], [-7.636166, 41.901783], [-7.636442, 41.901767], [-7.63665, 41.90173], [-7.636833, 41.901697], [-7.636962, 41.901674], [-7.637151, 41.901761], [-7.637369, 41.901946], [-7.637547, 41.902145], [-7.637656, 41.902329], [-7.63769, 41.902642], [-7.637643, 41.903037], [-7.637537, 41.903331], [-7.63739, 41.903479], [-7.637335, 41.903742], [-7.63738, 41.904079], [-7.637407, 41.904471], [-7.637412, 41.904856], [-7.637409, 41.905143], [-7.637397, 41.905287], [-7.637528, 41.905406], [-7.637783, 41.90548], [-7.637944, 41.905564], [-7.637987, 41.905645], [-7.638399, 41.905805], [-7.639117, 41.906021], [-7.639836, 41.906144], [-7.640445, 41.906154], [-7.640862, 41.906105], [-7.641024, 41.906005], [-7.641118, 41.905828], [-7.64113, 41.9056], [-7.641036, 41.9054], [-7.64085, 41.905258], [-7.640727, 41.905164], [-7.640687, 41.905133], [-7.640537, 41.905036], [-7.640302, 41.904888], [-7.640175, 41.904782], [-7.640177, 41.904734], [-7.640232, 41.904688], [-7.64033, 41.90465], [-7.640385, 41.904604], [-7.640386, 41.904559], [-7.640445, 41.904381], [-7.640552, 41.904098], [-7.640681, 41.903832], [-7.640811, 41.903626], [-7.64081, 41.903373], [-7.640678, 41.903112], [-7.640312, 41.902925], [-7.639767, 41.902839], [-7.639236, 41.902592], [-7.638799, 41.902223], [-7.638553, 41.901992], [-7.638536, 41.901934], [-7.638488, 41.901781], [-7.638416, 41.901555], [-7.638484, 41.901443], [-7.638681, 41.901461], [-7.638986, 41.901532], [-7.639355, 41.901644], [-7.639639, 41.90176], [-7.639797, 41.901863], [-7.640017, 41.901991], [-7.640264, 41.902125], [-7.640492, 41.902167], [-7.640667, 41.902112], [-7.640788, 41.901994], [-7.640835, 41.901832], [-7.640845, 41.901689], [-7.640815, 41.901587], [-7.640677, 41.90156], [-7.640453, 41.901612], [-7.640211, 41.90161], [-7.639987, 41.901555], [-7.639866, 41.901468], [-7.639867, 41.901361], [-7.639902, 41.901219], [-7.639968, 41.901065], [-7.640088, 41.900973], [-7.640243, 41.900958], [-7.640449, 41.900953], [-7.640674, 41.90096], [-7.640897, 41.901042], [-7.641084, 41.901187], [-7.641218, 41.901292], [-7.64128, 41.90134], [-7.641495, 41.901424], [-7.64183, 41.90153], [-7.642201, 41.901618], [-7.642553, 41.901674], [-7.642843, 41.901751], [-7.643028, 41.901836], [-7.643287, 41.901893], [-7.643579, 41.901912], [-7.643805, 41.901859], [-7.64393, 41.901742], [-7.643937, 41.90156], [-7.643825, 41.901343], [-7.643601, 41.901171], [-7.6433, 41.90107], [-7.643127, 41.901009], [-7.643109, 41.900995], [-7.643158, 41.900989], [-7.643266, 41.900992], [-7.643265, 41.900976], [-7.643156, 41.900944], [-7.643028, 41.90089], [-7.642901, 41.900823], [-7.642881, 41.900708], [-7.642972, 41.900563], [-7.643276, 41.900368], [-7.643748, 41.900154], [-7.644135, 41.900091], [-7.644378, 41.900187], [-7.644578, 41.900178], [-7.644706, 41.900066], [-7.644699, 41.899921], [-7.64456, 41.899767], [-7.644276, 41.899591], [-7.643891, 41.899421], [-7.643746, 41.899225], [-7.643863, 41.899035], [-7.64406, 41.898747], [-7.644307, 41.898404], [-7.644378, 41.898132], [-7.644264, 41.897973], [-7.644067, 41.897771], [-7.643816, 41.897557], [-7.643733, 41.897227], [-7.643829, 41.896831], [-7.644004, 41.89659], [-7.64423, 41.896539], [-7.644434, 41.896541], [-7.644583, 41.896594], [-7.644807, 41.89664], [-7.645071, 41.896673], [-7.645368, 41.896722], [-7.645653, 41.896781], [-7.64604, 41.896765], [-7.646469, 41.896679], [-7.646739, 41.896561], [-7.646807, 41.896429], [-7.646781, 41.896245], [-7.646666, 41.896036], [-7.646535, 41.895887], [-7.646408, 41.89582], [-7.646304, 41.895666], [-7.64624, 41.895449], [-7.646074, 41.895257], [-7.645833, 41.895121], [-7.645653, 41.895051], [-7.645561, 41.895057], [-7.645423, 41.89513], [-7.645261, 41.895259], [-7.645111, 41.895339], [-7.644996, 41.89536], [-7.644697, 41.89523], [-7.644258, 41.89497], [-7.643789, 41.894827], [-7.64336, 41.894824], [-7.643172, 41.894777], [-7.643254, 41.894692], [-7.643401, 41.89458], [-7.643592, 41.894456], [-7.64391, 41.894378], [-7.644305, 41.894357], [-7.644773, 41.894419], [-7.645241, 41.894554], [-7.645708, 41.894687], [-7.646101, 41.894796], [-7.646554, 41.894904], [-7.646995, 41.894994], [-7.647306, 41.89509], [-7.647439, 41.895176], [-7.647552, 41.895263], [-7.647628, 41.895339], [-7.647779, 41.895458], [-7.647982, 41.895601], [-7.648146, 41.89569], [-7.648246, 41.895712], [-7.648502, 41.895672], [-7.648875, 41.895575], [-7.649246, 41.895434], [-7.649559, 41.895268], [-7.64975, 41.894911], [-7.64979, 41.894415], [-7.649877, 41.894022], [-7.649996, 41.893792], [-7.650313, 41.893665], [-7.65078, 41.893661], [-7.651048, 41.893732], [-7.651074, 41.893867], [-7.651001, 41.894058], [-7.650838, 41.894276], [-7.650746, 41.894455], [-7.650738, 41.894566], [-7.651069, 41.894679], [-7.651687, 41.894778], [-7.652181, 41.894878], [-7.652474, 41.894965], [-7.652642, 41.89514], [-7.652659, 41.895376], [-7.652641, 41.89566], [-7.652593, 41.895948], [-7.652555, 41.896186], [-7.652533, 41.896339], [-7.652528, 41.896443], [-7.652539, 41.896481], [-7.65387, 41.896863], [-7.656316, 41.897532], [-7.658031, 41.897986], [-7.658751, 41.898156], [-7.659353, 41.898356], [-7.659747, 41.898554], [-7.660039, 41.898734], [-7.660186, 41.898867], [-7.66026, 41.899091], [-7.660249, 41.899372], [-7.660165, 41.8997], [-7.660021, 41.900024], [-7.659786, 41.900397], [-7.659498, 41.90076], [-7.660368, 41.901227], [-7.662261, 41.901725], [-7.663905, 41.902165], [-7.665046, 41.902478], [-7.665896, 41.902712], [-7.666324, 41.902829], [-7.666811, 41.902893], [-7.667283, 41.902894], [-7.667971, 41.902765], [-7.668771, 41.902527], [-7.669334, 41.902236], [-7.669574, 41.901938], [-7.669719, 41.901759], [-7.669747, 41.901726], [-7.669776, 41.901692], [-7.6698, 41.901663], [-7.670172, 41.901525], [-7.670833, 41.901301], [-7.671461, 41.901074], [-7.67196, 41.900878], [-7.672397, 41.900788], [-7.672706, 41.900818], [-7.672966, 41.901019], [-7.673139, 41.90136], [-7.673241, 41.901572], [-7.673256, 41.901622], [-7.673296, 41.901759], [-7.673356, 41.90196], [-7.673387, 41.9023], [-7.673385, 41.902725], [-7.673498, 41.902975], [-7.673709, 41.903012], [-7.673956, 41.903037], [-7.674201, 41.903046], [-7.674612, 41.903036], [-7.675126, 41.903009], [-7.675484, 41.903045], [-7.675632, 41.903137], [-7.67571, 41.903229], [-7.675708, 41.903307], [-7.675605, 41.903502], [-7.675418, 41.903784], [-7.675265, 41.904082], [-7.675169, 41.904348], [-7.675082, 41.90464], [-7.67502, 41.904912], [-7.674985, 41.905143], [-7.674983, 41.905298], [-7.675144, 41.905346], [-7.675443, 41.905281], [-7.675858, 41.905069], [-7.676323, 41.904743], [-7.676595, 41.904553], [-7.676631, 41.904528], [-7.676764, 41.90443], [-7.676973, 41.904274], [-7.677308, 41.90424], [-7.677718, 41.904332], [-7.677998, 41.90443], [-7.678104, 41.904518], [-7.678147, 41.904665], [-7.678122, 41.904847], [-7.678, 41.904991], [-7.677802, 41.905074], [-7.677649, 41.905172], [-7.677567, 41.90527], [-7.677518, 41.905542], [-7.677511, 41.905946], [-7.677604, 41.906232], [-7.677784, 41.906354], [-7.678078, 41.906443], [-7.678441, 41.906484], [-7.67904, 41.906493], [-7.679782, 41.906467], [-7.680266, 41.90647], [-7.680419, 41.906502], [-7.680562, 41.906547], [-7.680673, 41.906599], [-7.680729, 41.90673], [-7.680722, 41.906921], [-7.680585, 41.907068], [-7.680337, 41.907148], [-7.680061, 41.907236], [-7.679799, 41.907318], [-7.679648, 41.907538], [-7.679632, 41.907861], [-7.679658, 41.908152], [-7.679722, 41.908366], [-7.679809, 41.908543], [-7.679906, 41.908656], [-7.67978, 41.909161], [-7.679449, 41.909979], [-7.679158, 41.910745], [-7.678952, 41.911339], [-7.678811, 41.911683], [-7.678757, 41.911724], [-7.678735, 41.911765], [-7.678748, 41.911799], [-7.678693, 41.911923], [-7.67858, 41.912118], [-7.678527, 41.912481], [-7.678545, 41.912956], [-7.678645, 41.913427], [-7.678811, 41.913821], [-7.679085, 41.914201], [-7.679424, 41.914509], [-7.679691, 41.91482], [-7.679844, 41.915088], [-7.679937, 41.9154], [-7.679955, 41.91571], [-7.679075, 41.917581], [-7.677433, 41.920724], [-7.67645, 41.922606], [-7.676277, 41.922936], [-7.675989, 41.923679], [-7.675629, 41.924719], [-7.675386, 41.925661], [-7.675296, 41.926358], [-7.675198, 41.92674], [-7.675107, 41.926747], [-7.675084, 41.926823], [-7.675134, 41.926956], [-7.675151, 41.927149], [-7.675133, 41.927373], [-7.674876, 41.92776], [-7.674419, 41.928251], [-7.674115, 41.928578], [-7.67401, 41.928691], [-7.673688, 41.928979], [-7.673198, 41.929397], [-7.672836, 41.929684], [-7.672657, 41.929794], [-7.672592, 41.930036], [-7.672649, 41.930373], [-7.672735, 41.930775], [-7.672834, 41.931182], [-7.67286, 41.931502], [-7.672809, 41.931684], [-7.672669, 41.931871], [-7.672464, 41.932034], [-7.672322, 41.93229], [-7.672266, 41.932599], [-7.672271, 41.932965], [-7.672337, 41.933331], [-7.672344, 41.933585], [-7.672291, 41.933689], [-7.671766, 41.933894], [-7.670853, 41.934167], [-7.670112, 41.934377], [-7.669659, 41.934489], [-7.669121, 41.934687], [-7.668583, 41.934941], [-7.668026, 41.935151], [-7.667537, 41.935286], [-7.667068, 41.9356], [-7.666692, 41.936045], [-7.666783, 41.937163], [-7.667328, 41.938782], [-7.667679, 41.940041], [-7.667783, 41.940747], [-7.667931, 41.941113], [-7.6681, 41.941084], [-7.668177, 41.941611], [-7.668149, 41.942613], [-7.668101, 41.943456], [-7.668038, 41.944012], [-7.667971, 41.944522], [-7.667909, 41.944909], [-7.667766, 41.9453], [-7.667563, 41.945637], [-7.667309, 41.945886], [-7.667042, 41.946008], [-7.666643, 41.94609], [-7.666171, 41.946118], [-7.665678, 41.946114], [-7.665238, 41.94608], [-7.66469, 41.946077], [-7.664118, 41.946104], [-7.663489, 41.946196], [-7.6629, 41.946338], [-7.662522, 41.946478], [-7.662415, 41.946594], [-7.662119, 41.946659], [-7.661682, 41.946665], [-7.661276, 41.946691], [-7.660965, 41.946734], [-7.660597, 41.946861], [-7.660228, 41.947054], [-7.660035, 41.947335], [-7.660047, 41.947663], [-7.660139, 41.948003], [-7.660297, 41.948304], [-7.660578, 41.948755], [-7.66094, 41.949286], [-7.661162, 41.949658], [-7.661208, 41.949814], [-7.661341, 41.950415], [-7.661539, 41.951368], [-7.661861, 41.952113], [-7.66226, 41.952536], [-7.662804, 41.953187], [-7.66341, 41.953965], [-7.663764, 41.954471], [-7.66381, 41.954628], [-7.663771, 41.954745], [-7.663652, 41.954804], [-7.663542, 41.954899], [-7.663457, 41.955015], [-7.663374, 41.955206], [-7.663304, 41.955442], [-7.663102, 41.955726], [-7.6628, 41.956015], [-7.66254, 41.956327], [-7.662363, 41.956613], [-7.662287, 41.957016], [-7.662322, 41.957474], [-7.662219, 41.957825], [-7.661994, 41.958015], [-7.661631, 41.958298], [-7.661186, 41.958632], [-7.660747, 41.959246], [-7.66038, 41.960045], [-7.660144, 41.96072], [-7.660076, 41.961166], [-7.660244, 41.961403], [-7.660625, 41.961395], [-7.661255, 41.961315], [-7.66204, 41.961175], [-7.66268, 41.961046], [-7.66308, 41.960946], [-7.663425, 41.96086], [-7.663663, 41.960801], [-7.663973, 41.960826], [-7.664306, 41.960931], [-7.66471, 41.961443], [-7.66512, 41.962283], [-7.665474, 41.962957], [-7.665715, 41.963363], [-7.665887, 41.963868], [-7.665963, 41.964393], [-7.665635, 41.965198], [-7.664953, 41.966158], [-7.664372, 41.966773], [-7.663981, 41.966947], [-7.66347, 41.967136], [-7.662917, 41.96731], [-7.662365, 41.967506], [-7.661897, 41.967694], [-7.661466, 41.967933], [-7.661138, 41.968186], [-7.66082, 41.96844], [-7.660561, 41.968656], [-7.660412, 41.96878], [-7.660397, 41.968793], [-7.660391, 41.96888], [-7.660395, 41.969029], [-7.660491, 41.969239], [-7.660662, 41.969478], [-7.660817, 41.969611], [-7.660931, 41.969618], [-7.66115, 41.969855], [-7.66144, 41.970286], [-7.661537, 41.970665], [-7.661425, 41.970935], [-7.661105, 41.971207], [-7.660625, 41.97144], [-7.660138, 41.971686], [-7.659721, 41.971907], [-7.659403, 41.972238], [-7.659233, 41.972628], [-7.659143, 41.973007], [-7.659147, 41.973316], [-7.65902, 41.973648], [-7.658781, 41.973952], [-7.658636, 41.974146], [-7.658608, 41.9742], [-7.658257, 41.974581], [-7.657637, 41.975231], [-7.657326, 41.975747], [-7.657372, 41.976049], [-7.657636, 41.976417], [-7.658078, 41.976796], [-7.658388, 41.977077], [-7.658518, 41.977217], [-7.658398, 41.977415], [-7.658048, 41.977641], [-7.6576, 41.977898], [-7.657124, 41.978146], [-7.656753, 41.978336], [-7.656541, 41.978439], [-7.656245, 41.978483], [-7.655909, 41.978462], [-7.655586, 41.978457], [-7.655327, 41.978471], [-7.655115, 41.978679], [-7.654986, 41.979051], [-7.654857, 41.979419], [-7.654749, 41.979727], [-7.654763, 41.980058], [-7.654897, 41.98036], [-7.65504, 41.98068], [-7.655169, 41.980967], [-7.655248, 41.981271], [-7.655264, 41.981546], [-7.655099, 41.981832], [-7.654778, 41.982085], [-7.654483, 41.982253], [-7.654258, 41.98231], [-7.65367, 41.982255], [-7.652811, 41.982098], [-7.652108, 41.981976], [-7.65167, 41.981907], [-7.651381, 41.981897], [-7.651286, 41.981946], [-7.651179, 41.982107], [-7.651076, 41.982354], [-7.651256, 41.98272], [-7.651691, 41.983149], [-7.651908, 41.983597], [-7.651872, 41.983995], [-7.651507, 41.984246], [-7.650867, 41.984311], [-7.649861, 41.984331], [-7.648644, 41.984303], [-7.647807, 41.984214], [-7.647481, 41.984076], [-7.647102, 41.983922], [-7.646729, 41.983777], [-7.646438, 41.983649], [-7.646274, 41.983559], [-7.646018, 41.983419], [-7.645709, 41.98325], [-7.645361, 41.982988], [-7.645025, 41.982672], [-7.644669, 41.982355], [-7.644347, 41.982086], [-7.644019, 41.981782], [-7.643734, 41.981489], [-7.643539, 41.981312], [-7.643462, 41.981277], [-7.64338, 41.981159], [-7.643303, 41.980976], [-7.643275, 41.98076], [-7.643298, 41.980544], [-7.643475, 41.980415], [-7.643776, 41.980394], [-7.644144, 41.980231], [-7.644523, 41.979951], [-7.644593, 41.979708], [-7.644346, 41.97954], [-7.643855, 41.979371], [-7.643197, 41.979227], [-7.642697, 41.979069], [-7.642433, 41.97892], [-7.642156, 41.978828], [-7.641908, 41.978807], [-7.641663, 41.978903], [-7.641459, 41.979103], [-7.641014, 41.979368], [-7.640396, 41.979658], [-7.639592, 41.980155], [-7.638724, 41.980784], [-7.638373, 41.981288], [-7.638595, 41.981592], [-7.63878, 41.981771], [-7.638898, 41.981799], [-7.639221, 41.981724], [-7.639699, 41.981557], [-7.640131, 41.981409], [-7.640451, 41.981303], [-7.640691, 41.981269], [-7.640814, 41.981313], [-7.640773, 41.981497], [-7.640576, 41.981793], [-7.640409, 41.982035], [-7.6403, 41.982185], [-7.640266, 41.982351], [-7.640312, 41.982506], [-7.640293, 41.982801], [-7.640211, 41.983191], [-7.64032, 41.983561], [-7.640605, 41.983853], [-7.640769, 41.984045], [-7.640788, 41.984107], [-7.640845, 41.9843], [-7.640933, 41.984595], [-7.640915, 41.984775], [-7.640794, 41.984813], [-7.640553, 41.984723], [-7.640229, 41.98452], [-7.63984, 41.984333], [-7.639446, 41.984191], [-7.639134, 41.98406], [-7.638951, 41.983962], [-7.638604, 41.983918], [-7.638147, 41.983934], [-7.637719, 41.983975], [-7.637385, 41.984035], [-7.637145, 41.984148], [-7.637036, 41.984298], [-7.63698, 41.984512], [-7.636987, 41.984756], [-7.636995, 41.984904], [-7.637004, 41.984935], [-7.637057, 41.985191], [-7.637144, 41.985633], [-7.637186, 41.986015], [-7.637176, 41.986278], [-7.637162, 41.98651], [-7.637145, 41.986677], [-7.637276, 41.986944], [-7.637533, 41.987271], [-7.637568, 41.987493], [-7.637373, 41.987575], [-7.637318, 41.98766], [-7.637409, 41.987735], [-7.637572, 41.987848], [-7.63778, 41.987982], [-7.637984, 41.988304], [-7.638152, 41.988765], [-7.638286, 41.989131], [-7.638365, 41.989346], [-7.638339, 41.989511], [-7.638212, 41.989602], [-7.637757, 41.989696], [-7.637044, 41.989777], [-7.636562, 41.98995], [-7.636387, 41.990186], [-7.636042, 41.990372], [-7.635581, 41.990476], [-7.635292, 41.990596], [-7.635219, 41.990712], [-7.635118, 41.99099], [-7.635006, 41.991387], [-7.63491, 41.991738], [-7.634846, 41.991989], [-7.634761, 41.992233], [-7.634666, 41.992432], [-7.634389, 41.992538], [-7.633973, 41.992532], [-7.633555, 41.992526], [-7.633199, 41.992521], [-7.632853, 41.992533], [-7.63257, 41.992561], [-7.632166, 41.992744], [-7.631705, 41.993054], [-7.631355, 41.993222], [-7.63117, 41.993221], [-7.630918, 41.993241], [-7.630637, 41.993279], [-7.630411, 41.993357], [-7.630273, 41.993461], [-7.630163, 41.993623], [-7.630097, 41.993818], [-7.629798, 41.993902], [-7.62931, 41.993863], [-7.628778, 41.993698], [-7.628284, 41.993432], [-7.627811, 41.993158], [-7.627432, 41.992917], [-7.627044, 41.992621], [-7.626708, 41.992315], [-7.626448, 41.992028], [-7.626304, 41.991802], [-7.626316, 41.991592], [-7.626482, 41.991429], [-7.626598, 41.991316], [-7.626647, 41.991269], [-7.626713, 41.9911], [-7.626788, 41.990835], [-7.626938, 41.990666], [-7.627139, 41.990619], [-7.627334, 41.990659], [-7.627493, 41.990779], [-7.627705, 41.990821], [-7.627939, 41.99078], [-7.62825, 41.990706], [-7.628591, 41.990611], [-7.628817, 41.990478], [-7.628896, 41.990327], [-7.628802, 41.990152], [-7.628551, 41.989979], [-7.628292, 41.989753], [-7.628066, 41.989508], [-7.627813, 41.9893], [-7.627571, 41.98916], [-7.627313, 41.988965], [-7.627079, 41.988744], [-7.626919, 41.988543], [-7.62686, 41.988394], [-7.626699, 41.98833], [-7.626462, 41.988361], [-7.62613, 41.988531], [-7.625753, 41.988815], [-7.625339, 41.98913], [-7.624951, 41.989428], [-7.624701, 41.989596], [-7.624628, 41.989609], [-7.624496, 41.989614], [-7.624326, 41.98961], [-7.624066, 41.989632], [-7.623756, 41.989675], [-7.623417, 41.989822], [-7.6231, 41.99005], [-7.622828, 41.990253], [-7.622641, 41.990401], [-7.622358, 41.990569], [-7.622022, 41.990731], [-7.621687, 41.991007], [-7.621406, 41.991354], [-7.621274, 41.991638], [-7.621311, 41.991814], [-7.621339, 41.991954], [-7.621355, 41.992037], [-7.62082, 41.992077], [-7.619819, 41.99207], [-7.619219, 41.992046], [-7.619113, 41.99201], [-7.618984, 41.992009], [-7.618853, 41.992044], [-7.618754, 41.99207], [-7.618703, 41.992083], [-7.618619, 41.992105], [-7.618515, 41.992132], [-7.618387, 41.992199], [-7.618253, 41.992295], [-7.618294, 41.992464], [-7.618505, 41.99268], [-7.618703, 41.99282], [-7.618858, 41.992863], [-7.618973, 41.992895], [-7.61903, 41.992911], [-7.619224, 41.992969], [-7.619527, 41.993059], [-7.619718, 41.993169], [-7.619768, 41.993281], [-7.619721, 41.99342], [-7.619585, 41.993564], [-7.619425, 41.993628], [-7.619264, 41.9936], [-7.619097, 41.993571], [-7.61895, 41.993545], [-7.618754, 41.993584], [-7.61854, 41.993683], [-7.618569, 41.993841], [-7.618837, 41.994034], [-7.61909, 41.994164], [-7.619288, 41.99421], [-7.619496, 41.994258], [-7.619681, 41.9943], [-7.619808, 41.994443], [-7.619857, 41.994663], [-7.619821, 41.994829], [-7.619704, 41.994916], [-7.619552, 41.995027], [-7.61939, 41.995148], [-7.619282, 41.995295], [-7.619246, 41.995446], [-7.619115, 41.9956], [-7.618911, 41.995732], [-7.618646, 41.995786], [-7.61836, 41.995753], [-7.617974, 41.995606], [-7.617546, 41.995369], [-7.617209, 41.99518], [-7.617014, 41.99507], [-7.616741, 41.99489], [-7.616431, 41.994668], [-7.616197, 41.994442], [-7.616074, 41.994247], [-7.615939, 41.994147], [-7.615812, 41.994157], [-7.615789, 41.994286], [-7.615872, 41.994512], [-7.615944, 41.994754], [-7.615993, 41.994974], [-7.615946, 41.995139], [-7.615808, 41.995224], [-7.615679, 41.99526], [-7.615576, 41.995242], [-7.615402, 41.99528], [-7.615185, 41.995367], [-7.615098, 41.995519], [-7.615156, 41.995714], [-7.615328, 41.995821], [-7.615588, 41.995823], [-7.615762, 41.995935], [-7.615824, 41.996141], [-7.615932, 41.996357], [-7.61607, 41.99655], [-7.616312, 41.996742], [-7.616619, 41.996904], [-7.616926, 41.997078], [-7.617184, 41.997237], [-7.617375, 41.997406], [-7.617469, 41.997558], [-7.617443, 41.99768], [-7.617303, 41.997753], [-7.617157, 41.997825], [-7.617029, 41.997884], [-7.616798, 41.997938], [-7.616502, 41.997979], [-7.616274, 41.998098], [-7.616148, 41.998277], [-7.616068, 41.998422], [-7.616046, 41.99851], [-7.61603, 41.998663], [-7.616022, 41.998857], [-7.615849, 41.999163], [-7.615537, 41.999532], [-7.61522, 41.999738], [-7.614948, 41.999751], [-7.614671, 41.999708], [-7.614433, 41.999618], [-7.613884, 41.999605], [-7.613109, 41.99967], [-7.612596, 41.99969], [-7.612424, 41.99966], [-7.612258, 41.999605], [-7.612123, 41.999532], [-7.61189, 41.999515], [-7.611593, 41.999556], [-7.611301, 41.999608], [-7.611058, 41.999663], [-7.610629, 41.999818], [-7.61008, 42.000048], [-7.609697, 42.000234], [-7.609537, 42.000347], [-7.609413, 42.000434], [-7.609345, 42.000482], [-7.609125, 42.000691], [-7.608787, 42.001029], [-7.608548, 42.001261], [-7.608445, 42.001351], [-7.608264, 42.001423], [-7.608033, 42.001464], [-7.607872, 42.001427], [-7.607807, 42.001318], [-7.607601, 42.001244], [-7.607284, 42.001216], [-7.607052, 42.001263], [-7.60694, 42.00138], [-7.606904, 42.001465], [-7.606948, 42.001505], [-7.606916, 42.001694], [-7.606813, 42.002001], [-7.606718, 42.002332], [-7.606645, 42.002634], [-7.606566, 42.002844], [-7.606494, 42.002929], [-7.606236, 42.002949], [-7.605832, 42.0029], [-7.60545, 42.002766], [-7.605147, 42.002566], [-7.604719, 42.002159], [-7.60423, 42.001607], [-7.603966, 42.001249], [-7.603966, 42.001141], [-7.604022, 42.000974], [-7.604125, 42.000775], [-7.604171, 42.000603], [-7.604153, 42.000486], [-7.604099, 42.000306], [-7.604019, 42.000091], [-7.603878, 41.999822], [-7.603697, 41.999541], [-7.603597, 41.999344], [-7.603594, 41.999263], [-7.603496, 41.999222], [-7.603318, 41.999228], [-7.603033, 41.999126], [-7.602684, 41.998932], [-7.602385, 41.998698], [-7.602181, 41.998458], [-7.601919, 41.998153], [-7.601637, 41.997829], [-7.601368, 41.997599], [-7.601153, 41.9975], [-7.600478, 41.997353], [-7.599447, 41.997182], [-7.598674, 41.997096], [-7.59828, 41.997107], [-7.597977, 41.997074], [-7.597812, 41.997003], [-7.597536, 41.996941], [-7.597191, 41.996898], [-7.596842, 41.996814], [-7.596542, 41.996702], [-7.596251, 41.996587], [-7.596013, 41.996486], [-7.595796, 41.996351], [-7.595633, 41.996203], [-7.595534, 41.996113], [-7.595515, 41.996095], [-7.595365, 41.995997], [-7.595109, 41.995833], [-7.594899, 41.995663], [-7.594767, 41.995513], [-7.594694, 41.99543], [-7.594692, 41.995428], [-7.594692, 41.995422], [-7.594694, 41.995413], [-7.594729, 41.995234], [-7.594792, 41.994912], [-7.594761, 41.994516], [-7.59464, 41.994108], [-7.594657, 41.993759], [-7.59481, 41.993523], [-7.594932, 41.993286], [-7.595006, 41.993086], [-7.595048, 41.992792], [-7.59505, 41.99245], [-7.595112, 41.992171], [-7.595223, 41.991997], [-7.595385, 41.991729], [-7.595572, 41.99141], [-7.595796, 41.991107], [-7.596021, 41.990869], [-7.596387, 41.990667], [-7.596836, 41.990532], [-7.597215, 41.990429], [-7.597466, 41.990373], [-7.597877, 41.990324], [-7.598385, 41.990289], [-7.598929, 41.990281], [-7.599424, 41.990303], [-7.599795, 41.990309], [-7.599985, 41.990297], [-7.600192, 41.990183], [-7.600385, 41.989983], [-7.600528, 41.989737], [-7.600601, 41.989482], [-7.600729, 41.989346], [-7.600893, 41.989349], [-7.60102, 41.989369], [-7.601088, 41.989401], [-7.601201, 41.989076], [-7.60134, 41.988446], [-7.601436, 41.987928], [-7.601472, 41.987602], [-7.601607, 41.987458], [-7.601818, 41.98752], [-7.602042, 41.987653], [-7.602245, 41.987837], [-7.602433, 41.988066], [-7.602578, 41.988305], [-7.602844, 41.988526], [-7.603191, 41.988696], [-7.603518, 41.988769], [-7.603774, 41.988734], [-7.603933, 41.988694], [-7.603969, 41.988654], [-7.604093, 41.988652], [-7.604287, 41.988691], [-7.605901, 41.988545], [-7.608686, 41.988238], [-7.610336, 41.988047], [-7.610597, 41.988], [-7.610809, 41.987886], [-7.61094, 41.987721], [-7.611003, 41.987548], [-7.610989, 41.987393], [-7.610964, 41.987232], [-7.610932, 41.987088], [-7.610937, 41.986968], [-7.610977, 41.98689], [-7.610692, 41.986779], [-7.610126, 41.986652], [-7.609484, 41.98663], [-7.608864, 41.986717], [-7.608298, 41.986737], [-7.60787, 41.986687], [-7.607557, 41.986675], [-7.607407, 41.986702], [-7.607057, 41.98676], [-7.606563, 41.98684], [-7.605904, 41.986924], [-7.605182, 41.987], [-7.604786, 41.987037], [-7.604776, 41.98703], [-7.604623, 41.986771], [-7.604351, 41.986302], [-7.604157, 41.986026], [-7.604071, 41.985987], [-7.603627, 41.985952], [-7.602894, 41.985928], [-7.602518, 41.985989], [-7.602559, 41.986125], [-7.602578, 41.986301], [-7.602575, 41.986489], [-7.602384, 41.98663], [-7.602035, 41.986703], [-7.601801, 41.986834], [-7.601717, 41.987003], [-7.601605, 41.987113], [-7.601482, 41.987146], [-7.601045, 41.987134], [-7.600361, 41.987079], [-7.599863, 41.987049], [-7.599625, 41.987047], [-7.599255, 41.986963], [-7.59881, 41.986811], [-7.598335, 41.986774], [-7.597903, 41.986859], [-7.597673, 41.986886], [-7.59768, 41.986853], [-7.597697, 41.986755], [-7.597722, 41.986608], [-7.597813, 41.986465], [-7.597957, 41.986347], [-7.598097, 41.986146], [-7.598214, 41.985891], [-7.598254, 41.985674], [-7.598211, 41.985529], [-7.598174, 41.985331], [-7.59815, 41.985111], [-7.597948, 41.984854], [-7.597598, 41.9846], [-7.597135, 41.98444], [-7.596629, 41.984397], [-7.596291, 41.984386], [-7.596174, 41.984407], [-7.595912, 41.984453], [-7.595548, 41.984518], [-7.595288, 41.984619], [-7.595173, 41.984742], [-7.594893, 41.984974], [-7.59449, 41.98528], [-7.594174, 41.985419], [-7.593995, 41.985369], [-7.593894, 41.985304], [-7.593887, 41.985234], [-7.593787, 41.985097], [-7.59361, 41.984915], [-7.593406, 41.98478], [-7.593208, 41.984713], [-7.59309, 41.98459], [-7.59307, 41.984431], [-7.592937, 41.984306], [-7.59271, 41.984234], [-7.592327, 41.984296], [-7.591848, 41.984484], [-7.591599, 41.984749], [-7.59162, 41.985051], [-7.591584, 41.985355], [-7.591496, 41.985615], [-7.591385, 41.985817], [-7.591268, 41.98593], [-7.591136, 41.986036], [-7.59101, 41.98612], [-7.590829, 41.986185], [-7.59062, 41.986222], [-7.590392, 41.986229], [-7.590179, 41.986206], [-7.589944, 41.986165], [-7.589723, 41.986113], [-7.589564, 41.986053], [-7.589492, 41.985994], [-7.58953, 41.985772], [-7.589673, 41.98542], [-7.589774, 41.985033], [-7.589817, 41.984668], [-7.589678, 41.984478], [-7.58938, 41.98449], [-7.589176, 41.984504], [-7.589098, 41.984518], [-7.589116, 41.984426], [-7.589226, 41.984244], [-7.589309, 41.984146], [-7.589351, 41.984149], [-7.589441, 41.984001], [-7.589564, 41.983724], [-7.589792, 41.98354], [-7.590089, 41.983477], [-7.590378, 41.983376], [-7.590616, 41.983252], [-7.590905, 41.9832], [-7.591202, 41.983229], [-7.591563, 41.98322], [-7.591934, 41.983175], [-7.592167, 41.983111], [-7.592228, 41.983039], [-7.592198, 41.982912], [-7.592081, 41.982749], [-7.591935, 41.982582], [-7.591782, 41.982436], [-7.591559, 41.98236], [-7.5913, 41.982365], [-7.591107, 41.982416], [-7.59101, 41.982505], [-7.590836, 41.982618], [-7.590611, 41.98274], [-7.590287, 41.982825], [-7.589914, 41.982861], [-7.589519, 41.982909], [-7.589165, 41.982962], [-7.588839, 41.983014], [-7.588591, 41.983058], [-7.588374, 41.983202], [-7.58822, 41.983423], [-7.588036, 41.983682], [-7.587852, 41.983939], [-7.5876, 41.984166], [-7.587318, 41.984328], [-7.587113, 41.984563], [-7.587016, 41.984835], [-7.586876, 41.985042], [-7.586717, 41.985152], [-7.586499, 41.985246], [-7.586258, 41.985309], [-7.586008, 41.98542], [-7.585789, 41.98556], [-7.58565, 41.985668], [-7.585612, 41.985726], [-7.585574, 41.985848], [-7.585542, 41.986017], [-7.585667, 41.986061], [-7.585929, 41.985974], [-7.586246, 41.985868], [-7.586571, 41.985759], [-7.586842, 41.985772], [-7.587018, 41.985903], [-7.587187, 41.986122], [-7.587322, 41.986393], [-7.587413, 41.986675], [-7.587446, 41.986924], [-7.587483, 41.987276], [-7.58752, 41.987678], [-7.58763, 41.987951], [-7.587798, 41.988053], [-7.58807, 41.98817], [-7.588406, 41.988284], [-7.588803, 41.988373], [-7.589203, 41.988425], [-7.589852, 41.988784], [-7.59065, 41.989396], [-7.591306, 41.989904], [-7.591717, 41.990228], [-7.591999, 41.990424], [-7.592108, 41.990461], [-7.592179, 41.990593], [-7.592199, 41.9908], [-7.59222, 41.991023], [-7.592236, 41.991229], [-7.592416, 41.99143], [-7.592732, 41.991594], [-7.592965, 41.991624], [-7.593081, 41.991516], [-7.593386, 41.991485], [-7.593831, 41.991538], [-7.594103, 41.991615], [-7.594159, 41.991704], [-7.594087, 41.991866], [-7.593897, 41.992076], [-7.593798, 41.992285], [-7.593805, 41.99246], [-7.593882, 41.992691], [-7.594016, 41.992942], [-7.594116, 41.993145], [-7.594167, 41.993268], [-7.594176, 41.99338], [-7.594142, 41.993463], [-7.593856, 41.993556], [-7.593363, 41.993644], [-7.593086, 41.993794], [-7.593069, 41.993985], [-7.593209, 41.994133], [-7.593485, 41.994216], [-7.593741, 41.994319], [-7.593936, 41.994428], [-7.594074, 41.994541], [-7.594133, 41.99464], [-7.594142, 41.994843], [-7.594099, 41.995119], [-7.594063, 41.995266], [-7.594039, 41.995263], [-7.594026, 41.995347], [-7.594028, 41.995505], [-7.594, 41.995655], [-7.593947, 41.995775], [-7.593843, 41.995859], [-7.593706, 41.995894], [-7.59351, 41.995858], [-7.593287, 41.995754], [-7.59314, 41.995613], [-7.593094, 41.995456], [-7.592944, 41.995295], [-7.592715, 41.995154], [-7.592489, 41.995015], [-7.592302, 41.994899], [-7.591936, 41.994759], [-7.591448, 41.994614], [-7.590973, 41.994502], [-7.590584, 41.994439], [-7.58992, 41.994312], [-7.589084, 41.994141], [-7.588614, 41.994052], [-7.588583, 41.994057], [-7.588408, 41.994088], [-7.588115, 41.99414], [-7.58782, 41.994252], [-7.58757, 41.994407], [-7.587333, 41.994557], [-7.587146, 41.994678], [-7.586701, 41.994691], [-7.586065, 41.994595], [-7.585691, 41.994494], [-7.585637, 41.994403], [-7.585599, 41.994354], [-7.585582, 41.994354], [-7.585566, 41.994332], [-7.585554, 41.994291], [-7.585546, 41.994263], [-7.585543, 41.99425], [-7.585505, 41.994067], [-7.585436, 41.993742], [-7.585284, 41.993546], [-7.585073, 41.993509], [-7.584941, 41.993502], [-7.584909, 41.993526], [-7.584532, 41.993568], [-7.583869, 41.993622], [-7.583296, 41.993659], [-7.5829, 41.993674], [-7.582664, 41.993638], [-7.582626, 41.993557], [-7.582647, 41.993386], [-7.582726, 41.993152], [-7.582915, 41.992868], [-7.583185, 41.992578], [-7.583247, 41.992298], [-7.583091, 41.992073], [-7.582958, 41.991869], [-7.58287, 41.99172], [-7.582825, 41.991621], [-7.582831, 41.991587], [-7.582775, 41.991538], [-7.582666, 41.991481], [-7.582657, 41.991263], [-7.582751, 41.990918], [-7.582825, 41.990571], [-7.582866, 41.990277], [-7.582927, 41.990088], [-7.582996, 41.990033], [-7.583109, 41.989893], [-7.583249, 41.989687], [-7.583419, 41.989479], [-7.583594, 41.989299], [-7.583683, 41.989076], [-7.583672, 41.988844], [-7.58356, 41.988623], [-7.583364, 41.988445], [-7.583127, 41.988349], [-7.582884, 41.98835], [-7.582515, 41.988358], [-7.582076, 41.988372], [-7.581748, 41.988442], [-7.581582, 41.988556], [-7.581436, 41.988715], [-7.581331, 41.988893], [-7.581171, 41.989059], [-7.580981, 41.989188], [-7.580589, 41.989304], [-7.580057, 41.989388], [-7.579573, 41.989472], [-7.579212, 41.989542], [-7.578553, 41.989671], [-7.577698, 41.989837], [-7.576527, 41.990019], [-7.575219, 41.990187], [-7.573898, 41.990306], [-7.572768, 41.990355], [-7.571858, 41.990435], [-7.57131, 41.990532], [-7.57078, 41.990626], [-7.570352, 41.990702], [-7.570047, 41.990756], [-7.569915, 41.99078], [-7.569639, 41.990746], [-7.569264, 41.990661], [-7.568492, 41.990687], [-7.567442, 41.990821], [-7.566264, 41.991002], [-7.565139, 41.991201], [-7.563947, 41.991422], [-7.562872, 41.991631], [-7.562054, 41.991814], [-7.561618, 41.991944], [-7.56132, 41.992064], [-7.561205, 41.992154], [-7.561063, 41.992151], [-7.560916, 41.992054], [-7.5609, 41.991914], [-7.561018, 41.991752], [-7.561161, 41.991584], [-7.561306, 41.991435], [-7.561336, 41.991277], [-7.561247, 41.991134], [-7.561086, 41.991068], [-7.560878, 41.991087], [-7.560592, 41.991204], [-7.560272, 41.991402], [-7.560011, 41.991648], [-7.559851, 41.991906], [-7.559761, 41.992122], [-7.559755, 41.992264], [-7.559764, 41.992495], [-7.559787, 41.99278], [-7.559802, 41.992958], [-7.559805, 41.993003], [-7.559757, 41.99302], [-7.559663, 41.993006], [-7.559516, 41.992985], [-7.559337, 41.992959], [-7.559012, 41.992737], [-7.558591, 41.992354], [-7.557943, 41.991812], [-7.557168, 41.991192], [-7.556648, 41.990779], [-7.556463, 41.990636], [-7.556229, 41.990582], [-7.555982, 41.990626], [-7.555536, 41.990896], [-7.554959, 41.99135], [-7.554657, 41.991804], [-7.554676, 41.992188], [-7.554672, 41.992608], [-7.554646, 41.993], [-7.554654, 41.993332], [-7.554696, 41.993553], [-7.55481, 41.99381], [-7.55498, 41.994062], [-7.555095, 41.994233], [-7.555136, 41.994295], [-7.555433, 41.994518], [-7.555939, 41.994868], [-7.556594, 41.995305], [-7.557298, 41.995761], [-7.557696, 41.99611], [-7.557728, 41.996298], [-7.557477, 41.996752], [-7.556983, 41.997403], [-7.556306, 41.998238], [-7.555551, 41.999128], [-7.554861, 42.000051], [-7.554344, 42.000865], [-7.553756, 42.001593], [-7.553189, 42.002124], [-7.552872, 42.002432], [-7.552855, 42.002469], [-7.552733, 42.002541], [-7.552524, 42.002638], [-7.552294, 42.002886], [-7.552079, 42.003246], [-7.551816, 42.003623], [-7.551545, 42.003957], [-7.550961, 42.004455], [-7.550154, 42.00504], [-7.549626, 42.005489], [-7.549457, 42.005734], [-7.54926, 42.00604], [-7.549066, 42.006361], [-7.54873, 42.006608], [-7.548304, 42.006744], [-7.547963, 42.006798], [-7.54776, 42.006762], [-7.547245, 42.00664], [-7.546498, 42.00645], [-7.545981, 42.006322], [-7.545774, 42.006275], [-7.545434, 42.006212], [-7.545012, 42.006144], [-7.544686, 42.006072], [-7.544507, 42.006009], [-7.544316, 42.005894], [-7.544144, 42.005745], [-7.54401, 42.00553], [-7.543937, 42.00528], [-7.543747, 42.005023], [-7.543472, 42.004797], [-7.543099, 42.004656], [-7.542688, 42.004622], [-7.542249, 42.004551], [-7.541851, 42.004454], [-7.541445, 42.004261], [-7.541095, 42.004], [-7.54077, 42.003754], [-7.54052, 42.00356], [-7.540326, 42.003491], [-7.540217, 42.003558], [-7.540131, 42.003857], [-7.540082, 42.004344], [-7.540032, 42.004792], [-7.539988, 42.005134], [-7.53992, 42.005521], [-7.539837, 42.005894], [-7.539909, 42.006256], [-7.540125, 42.006552], [-7.540435, 42.006892], [-7.54079, 42.007223], [-7.541031, 42.007452], [-7.541122, 42.007543], [-7.541113, 42.007836], [-7.541005, 42.008284], [-7.540978, 42.008722], [-7.541036, 42.009082], [-7.541317, 42.009446], [-7.541779, 42.009758], [-7.542159, 42.010014], [-7.5424, 42.010174], [-7.542588, 42.0104], [-7.542696, 42.010655], [-7.542686, 42.010916], [-7.542559, 42.011141], [-7.542455, 42.011289], [-7.542389, 42.011336], [-7.54279, 42.012106], [-7.543598, 42.013479], [-7.544061, 42.01425], [-7.544108, 42.014301], [-7.544216, 42.01431], [-7.544369, 42.014274], [-7.544516, 42.014442], [-7.544637, 42.014788], [-7.544783, 42.015163], [-7.544931, 42.01551], [-7.544953, 42.01592], [-7.544846, 42.016329], [-7.544771, 42.016664], [-7.544742, 42.016873], [-7.544754, 42.017082], [-7.544806, 42.017259], [-7.544632, 42.017465], [-7.544258, 42.017667], [-7.543854, 42.017931], [-7.543481, 42.018218], [-7.543332, 42.018465], [-7.543428, 42.018635], [-7.5436, 42.018843], [-7.543824, 42.019058], [-7.544021, 42.019179], [-7.54416, 42.019188], [-7.544339, 42.019249], [-7.544529, 42.019351], [-7.544573, 42.019582], [-7.544463, 42.019907], [-7.544293, 42.020167], [-7.544087, 42.020322], [-7.543923, 42.020536], [-7.543825, 42.020777], [-7.54376, 42.020936], [-7.543739, 42.020987], [-7.543611, 42.021247], [-7.543395, 42.021676], [-7.543171, 42.021964], [-7.542973, 42.022067], [-7.542716, 42.022121], [-7.542442, 42.022119], [-7.542214, 42.022187], [-7.542069, 42.022314], [-7.54195, 42.022455], [-7.541875, 42.022587], [-7.541688, 42.022877], [-7.541419, 42.023281], [-7.54114, 42.023551], [-7.540894, 42.023646], [-7.540637, 42.023737], [-7.540407, 42.023812], [-7.540109, 42.023975], [-7.539788, 42.024202], [-7.539474, 42.024395], [-7.539215, 42.024526], [-7.538793, 42.024646], [-7.538272, 42.024739], [-7.537802, 42.024822], [-7.537455, 42.024884], [-7.537183, 42.024886], [-7.537029, 42.024828], [-7.536911, 42.024638], [-7.536847, 42.024344], [-7.536921, 42.024092], [-7.537121, 42.02392], [-7.537371, 42.02372], [-7.537632, 42.023521], [-7.537818, 42.023396], [-7.5379, 42.023365], [-7.538145, 42.023312], [-7.538514, 42.023247], [-7.538766, 42.023138], [-7.538863, 42.023002], [-7.538894, 42.022856], [-7.538855, 42.022723], [-7.538194, 42.022876], [-7.537013, 42.023293], [-7.536302, 42.023602], [-7.536172, 42.023756], [-7.536033, 42.02412], [-7.535908, 42.02464], [-7.535531, 42.024999], [-7.534962, 42.025141], [-7.534561, 42.025176], [-7.534391, 42.025097], [-7.534228, 42.024889], [-7.534098, 42.024584], [-7.534061, 42.024289], [-7.534124, 42.024049], [-7.534083, 42.023788], [-7.533944, 42.023544], [-7.533582, 42.023323], [-7.533051, 42.023158], [-7.532667, 42.02306], [-7.532488, 42.023042], [-7.532265, 42.023194], [-7.532032, 42.023494], [-7.531891, 42.023826], [-7.531863, 42.024138], [-7.531659, 42.024476], [-7.531309, 42.024786], [-7.530934, 42.024966], [-7.530592, 42.024987], [-7.530277, 42.025048], [-7.530037, 42.02514], [-7.529935, 42.02526], [-7.529986, 42.02539], [-7.530112, 42.025546], [-7.530292, 42.025703], [-7.530282, 42.025887], [-7.530082, 42.026072], [-7.529804, 42.026234], [-7.52949, 42.026349], [-7.529207, 42.026668], [-7.528999, 42.027142], [-7.528751, 42.027649], [-7.528499, 42.028111], [-7.528222, 42.028424], [-7.527962, 42.028539], [-7.527779, 42.028658], [-7.527703, 42.028761], [-7.527786, 42.028805], [-7.528018, 42.028782], [-7.528013, 42.028859], [-7.527771, 42.029023], [-7.527536, 42.029204], [-7.527342, 42.029374], [-7.527116, 42.029503], [-7.526893, 42.029573], [-7.526572, 42.029638], [-7.526201, 42.029689], [-7.525954, 42.029822], [-7.52587, 42.030018], [-7.525818, 42.030289], [-7.525806, 42.030592], [-7.525692, 42.0308], [-7.525492, 42.030881], [-7.525246, 42.031014], [-7.52499, 42.03118], [-7.524916, 42.03134], [-7.525036, 42.03147], [-7.525185, 42.03164], [-7.525341, 42.031823], [-7.525445, 42.032066], [-7.525483, 42.032331], [-7.525606, 42.032562], [-7.525796, 42.032724], [-7.52613, 42.032959], [-7.526555, 42.033231], [-7.526915, 42.033445], [-7.527155, 42.033568], [-7.527336, 42.033659], [-7.52743, 42.033702], [-7.527559, 42.033916], [-7.527703, 42.034268], [-7.527707, 42.034651], [-7.527568, 42.035007], [-7.527415, 42.035345], [-7.527271, 42.035612], [-7.527265, 42.035817], [-7.5274, 42.035929], [-7.5276, 42.036195], [-7.527834, 42.036576], [-7.528018, 42.036976], [-7.528124, 42.037335], [-7.528398, 42.037703], [-7.528797, 42.038024], [-7.529203, 42.038279], [-7.529551, 42.038428], [-7.529997, 42.038594], [-7.53047, 42.038752], [-7.530969, 42.03899], [-7.531418, 42.039273], [-7.531842, 42.039516], [-7.532176, 42.039683], [-7.532502, 42.039821], [-7.532772, 42.039909], [-7.533008, 42.03998], [-7.533175, 42.040023], [-7.533552, 42.040256], [-7.534081, 42.040643], [-7.534596, 42.040971], [-7.535016, 42.041189], [-7.535686, 42.041462], [-7.536502, 42.041749], [-7.537283, 42.041988], [-7.53791, 42.042141], [-7.538353, 42.042266], [-7.538545, 42.042344], [-7.538575, 42.042482], [-7.53844, 42.042659], [-7.537977, 42.042809], [-7.537256, 42.042908], [-7.536326, 42.043058], [-7.535328, 42.043235], [-7.534661, 42.043383], [-7.534427, 42.04348], [-7.534287, 42.043588], [-7.534261, 42.04369], [-7.534299, 42.043992], [-7.534396, 42.044448], [-7.534494, 42.044845], [-7.534576, 42.045123], [-7.53447, 42.045451], [-7.534192, 42.045779], [-7.534011, 42.045992], [-7.533955, 42.046057], [-7.533926, 42.046266], [-7.533926, 42.046586], [-7.533967, 42.046963], [-7.534041, 42.04734], [-7.53404, 42.047611], [-7.533964, 42.047736], [-7.533895, 42.047914], [-7.533843, 42.048118], [-7.533893, 42.048228], [-7.534037, 42.048227], [-7.534098, 42.048305], [-7.534064, 42.048451], [-7.534309, 42.048808], [-7.534797, 42.04932], [-7.535015, 42.049812], [-7.534931, 42.050209], [-7.534733, 42.050524], [-7.534451, 42.050706], [-7.533834, 42.050915], [-7.532975, 42.051117], [-7.532, 42.051262], [-7.531057, 42.051329], [-7.530479, 42.051387], [-7.530356, 42.051425], [-7.530408, 42.05201], [-7.530627, 42.053052], [-7.530634, 42.053978], [-7.530428, 42.054646], [-7.530166, 42.055196], [-7.529889, 42.055544], [-7.52896, 42.056465], [-7.527524, 42.057816], [-7.526476, 42.058785], [-7.525978, 42.059222], [-7.525638, 42.059507], [-7.525507, 42.059597], [-7.525477, 42.059863], [-7.525551, 42.060265], [-7.525703, 42.06086], [-7.525908, 42.061555], [-7.526056, 42.062015], [-7.526124, 42.062169], [-7.52618, 42.062249], [-7.526216, 42.062243], [-7.526234, 42.0623], [-7.526232, 42.062412], [-7.526362, 42.062634], [-7.526603, 42.062932], [-7.526871, 42.063245], [-7.527127, 42.063526], [-7.527283, 42.064159], [-7.527316, 42.065046], [-7.527168, 42.065702], [-7.526863, 42.066026], [-7.526315, 42.066799], [-7.52561, 42.067902], [-7.524986, 42.068872], [-7.52454, 42.069561], [-7.524385, 42.069976], [-7.524545, 42.070053], [-7.524545, 42.070155], [-7.524387, 42.070265], [-7.524189, 42.070434], [-7.523979, 42.070634], [-7.52379, 42.070844], [-7.52365, 42.071031], [-7.523443, 42.071313], [-7.5232, 42.071646], [-7.522765, 42.072233], [-7.522206, 42.072984], [-7.521794, 42.073557], [-7.521592, 42.073864], [-7.521368, 42.074267], [-7.521155, 42.074703], [-7.521078, 42.075158], [-7.521149, 42.075562], [-7.521255, 42.075965], [-7.52138, 42.076305], [-7.521508, 42.076783], [-7.521619, 42.077324], [-7.52187, 42.07777], [-7.522222, 42.078052], [-7.522469, 42.078263], [-7.522575, 42.078372], [-7.522702, 42.078535], [-7.522833, 42.07873], [-7.522945, 42.078975], [-7.523021, 42.079233], [-7.523088, 42.079456], [-7.523133, 42.079611], [-7.523175, 42.079696], [-7.523205, 42.079697], [-7.523219, 42.079709], [-7.523214, 42.079732], [-7.523254, 42.079775], [-7.523332, 42.07983], [-7.523436, 42.079895], [-7.523548, 42.07996], [-7.523559, 42.080166], [-7.523466, 42.080483], [-7.52345, 42.080715], [-7.523514, 42.080826], [-7.523608, 42.080993], [-7.523718, 42.081189], [-7.523749, 42.081409], [-7.523697, 42.081618], [-7.523636, 42.081754], [-7.523576, 42.081795], [-7.523395, 42.081906], [-7.523122, 42.08207], [-7.523001, 42.082229], [-7.52305, 42.082359], [-7.523202, 42.082473], [-7.523433, 42.082556], [-7.523565, 42.082678], [-7.523577, 42.082822], [-7.523612, 42.082999], [-7.523666, 42.083182], [-7.523671, 42.083352], [-7.523627, 42.083483], [-7.523543, 42.083539], [-7.523431, 42.083513], [-7.523157, 42.08342], [-7.522761, 42.083274], [-7.522462, 42.083194], [-7.522306, 42.083191], [-7.522095, 42.083124], [-7.521862, 42.083004], [-7.521685, 42.082918], [-7.521591, 42.082881], [-7.521486, 42.082887], [-7.521387, 42.082935], [-7.5212, 42.083006], [-7.520954, 42.083088], [-7.520773, 42.083141], [-7.520685, 42.083156], [-7.52054, 42.083123], [-7.520362, 42.083047], [-7.520284, 42.082898], [-7.520319, 42.0827], [-7.520156, 42.082529], [-7.519821, 42.082411], [-7.519472, 42.082352], [-7.519163, 42.08236], [-7.518859, 42.082349], [-7.518607, 42.082319], [-7.518218, 42.082335], [-7.517753, 42.082394], [-7.517203, 42.082411], [-7.516654, 42.082383], [-7.516178, 42.082312], [-7.515847, 42.08221], [-7.515627, 42.082134], [-7.515551, 42.082095], [-7.51539, 42.082013], [-7.515168, 42.081899], [-7.514971, 42.081754], [-7.51483, 42.081601], [-7.51477, 42.081442], [-7.514801, 42.081303], [-7.51481, 42.081181], [-7.514797, 42.081094], [-7.514725, 42.080962], [-7.514606, 42.080804], [-7.514349, 42.080661], [-7.513993, 42.080555], [-7.513762, 42.080543], [-7.51369, 42.080627], [-7.513566, 42.080755], [-7.513407, 42.080908], [-7.513303, 42.080931], [-7.51327, 42.080821], [-7.513309, 42.080645], [-7.513414, 42.08043], [-7.513436, 42.080195], [-7.51337, 42.079974], [-7.51329, 42.079703], [-7.513208, 42.079424], [-7.512985, 42.079198], [-7.512655, 42.07906], [-7.512466, 42.078837], [-7.512445, 42.078564], [-7.512507, 42.078355], [-7.512642, 42.078242], [-7.512747, 42.078113], [-7.512806, 42.077986], [-7.51274, 42.077829], [-7.512559, 42.077665], [-7.512432, 42.077653], [-7.512378, 42.077797], [-7.512309, 42.077983], [-7.512236, 42.078183], [-7.51209, 42.078392], [-7.511893, 42.078579], [-7.511638, 42.07873], [-7.511365, 42.078823], [-7.510996, 42.07896], [-7.510587, 42.079122], [-7.510185, 42.079261], [-7.509852, 42.079355], [-7.509404, 42.0794], [-7.508908, 42.07939], [-7.508306, 42.07938], [-7.507691, 42.079373], [-7.507251, 42.07934], [-7.507055, 42.079285], [-7.506864, 42.079169], [-7.506709, 42.079009], [-7.506415, 42.078897], [-7.506029, 42.078849], [-7.505796, 42.078852], [-7.505752, 42.078905], [-7.505609, 42.07908], [-7.505387, 42.079351], [-7.505143, 42.079538], [-7.504913, 42.079615], [-7.504572, 42.079607], [-7.504173, 42.079517], [-7.503871, 42.079421], [-7.503713, 42.079333], [-7.503627, 42.079174], [-7.503627, 42.078969], [-7.503632, 42.078722], [-7.503642, 42.07847], [-7.503575, 42.078158], [-7.503443, 42.077834], [-7.503369, 42.077581], [-7.503363, 42.07744], [-7.503628, 42.077256], [-7.504122, 42.077059], [-7.504167, 42.076513], [-7.503758, 42.075702], [-7.503462, 42.075221], [-7.503326, 42.075144], [-7.502163, 42.075094], [-7.500152, 42.075077], [-7.498933, 42.075027], [-7.498693, 42.074952], [-7.498409, 42.074748], [-7.498124, 42.074448], [-7.497947, 42.074204], [-7.497902, 42.074054], [-7.497776, 42.073926], [-7.497587, 42.073838], [-7.49735, 42.073841], [-7.4971, 42.073933], [-7.496842, 42.074077], [-7.496616, 42.07425], [-7.496403, 42.074484], [-7.496235, 42.074744], [-7.49613, 42.074895], [-7.496104, 42.074915], [-7.495985, 42.074903], [-7.495792, 42.074861], [-7.495686, 42.074843], [-7.495683, 42.074851], [-7.495607, 42.074875], [-7.495469, 42.074911], [-7.495276, 42.074963], [-7.495057, 42.075023], [-7.494737, 42.075163], [-7.494365, 42.075361], [-7.49402, 42.075469], [-7.493754, 42.075472], [-7.493397, 42.075404], [-7.493003, 42.075276], [-7.492766, 42.075151], [-7.492721, 42.075049], [-7.492364, 42.074927], [-7.491749, 42.074805], [-7.491222, 42.074731], [-7.490862, 42.074718], [-7.490258, 42.074574], [-7.489502, 42.074323], [-7.488711, 42.074063], [-7.488007, 42.073835], [-7.487322, 42.073581], [-7.486761, 42.073339], [-7.486273, 42.073074], [-7.485933, 42.072826], [-7.485744, 42.072688], [-7.485735, 42.07268], [-7.485496, 42.072496], [-7.485064, 42.072163], [-7.484662, 42.071876], [-7.484352, 42.071677], [-7.484013, 42.071408], [-7.483699, 42.07111], [-7.483527, 42.070737], [-7.483523, 42.070348], [-7.483477, 42.069681], [-7.483398, 42.068839], [-7.483368, 42.067962], [-7.483392, 42.067186], [-7.483369, 42.066488], [-7.483303, 42.065978], [-7.482998, 42.065308], [-7.482503, 42.064581], [-7.482097, 42.063929], [-7.481844, 42.063452], [-7.48159, 42.062953], [-7.481375, 42.062511], [-7.481014, 42.062009], [-7.480562, 42.061525], [-7.479857, 42.061133], [-7.479006, 42.060891], [-7.478441, 42.060731], [-7.478248, 42.060676], [-7.477822, 42.060488], [-7.477229, 42.060196], [-7.476673, 42.059446], [-7.476238, 42.058353], [-7.475959, 42.057509], [-7.475878, 42.057043], [-7.475949, 42.056714], [-7.47616, 42.056572], [-7.476275, 42.056496], [-7.476466, 42.056473], [-7.476819, 42.056432], [-7.477006, 42.056342], [-7.476998, 42.056218], [-7.476834, 42.056078], [-7.476541, 42.055941], [-7.47629, 42.05584], [-7.47612, 42.05579], [-7.476005, 42.055613], [-7.475962, 42.055338], [-7.475937, 42.055189], [-7.475935, 42.055189], [-7.476148, 42.055114], [-7.476545, 42.054978], [-7.476941, 42.054849], [-7.477273, 42.054748], [-7.477626, 42.054716], [-7.477944, 42.054759], [-7.478376, 42.054752], [-7.478855, 42.054696], [-7.479218, 42.054525], [-7.479408, 42.054264], [-7.479519, 42.053938], [-7.479532, 42.053596], [-7.479444, 42.053189], [-7.479266, 42.052782], [-7.479184, 42.052328], [-7.47921, 42.051899], [-7.479379, 42.0517], [-7.479665, 42.051763], [-7.479981, 42.051784], [-7.480279, 42.05176], [-7.480497, 42.051622], [-7.4806, 42.051391], [-7.480639, 42.051208], [-7.480607, 42.0511], [-7.480614, 42.050945], [-7.480657, 42.050768], [-7.480839, 42.050544], [-7.481132, 42.050308], [-7.481293, 42.050049], [-7.481298, 42.049808], [-7.481267, 42.049598], [-7.481206, 42.049453], [-7.481001, 42.04939], [-7.480685, 42.049417], [-7.480423, 42.04951], [-7.480255, 42.049653], [-7.48008, 42.04976], [-7.479925, 42.049816], [-7.479755, 42.049907], [-7.479598, 42.05002], [-7.479556, 42.050196], [-7.479638, 42.050408], [-7.479717, 42.050571], [-7.479781, 42.050659], [-7.47975, 42.050764], [-7.479629, 42.05087], [-7.479419, 42.05093], [-7.479153, 42.050935], [-7.478931, 42.050882], [-7.478787, 42.05078], [-7.478726, 42.050645], [-7.478759, 42.050497], [-7.478784, 42.050232], [-7.478798, 42.04989], [-7.478687, 42.049618], [-7.478468, 42.049458], [-7.478184, 42.049232], [-7.477879, 42.048974], [-7.477877, 42.048721], [-7.478178, 42.048512], [-7.478441, 42.048389], [-7.478627, 42.048371], [-7.478981, 42.04817], [-7.479449, 42.047818], [-7.479679, 42.047509], [-7.479633, 42.047291], [-7.479436, 42.047111], [-7.479116, 42.046997], [-7.47879, 42.046909], [-7.478509, 42.04686], [-7.478114, 42.047029], [-7.477668, 42.047391], [-7.477262, 42.047731], [-7.476959, 42.047997], [-7.476663, 42.048187], [-7.476421, 42.048272], [-7.475962, 42.048292], [-7.475356, 42.048243], [-7.474873, 42.048182], [-7.474588, 42.04812], [-7.474227, 42.048191], [-7.473845, 42.048386], [-7.473541, 42.048616], [-7.473361, 42.048846], [-7.473203, 42.049257], [-7.473092, 42.049787], [-7.473006, 42.050232], [-7.472958, 42.050523], [-7.472889, 42.050743], [-7.472808, 42.050856], [-7.472429, 42.0508], [-7.471812, 42.050583], [-7.470912, 42.050253], [-7.469866, 42.04986], [-7.468631, 42.04858], [-7.467397, 42.046612], [-7.466608, 42.045503], [-7.466386, 42.045426], [-7.466161, 42.045362], [-7.46597, 42.045321], [-7.465567, 42.0452], [-7.465014, 42.045016], [-7.464433, 42.044766], [-7.463913, 42.044487], [-7.463251, 42.044147], [-7.462549, 42.043797], [-7.461823, 42.043492], [-7.461182, 42.043279], [-7.460727, 42.043127], [-7.460527, 42.043059], [-7.460103, 42.042829], [-7.45952, 42.042472], [-7.458868, 42.041801], [-7.45825, 42.040919], [-7.45791, 42.040313], [-7.4579, 42.040078], [-7.45793, 42.039591], [-7.457994, 42.038929], [-7.457977, 42.038322], [-7.457883, 42.037865], [-7.45788, 42.037417], [-7.457971, 42.037045], [-7.458047, 42.03683], [-7.458098, 42.036803], [-7.457441, 42.036276], [-7.456179, 42.035329], [-7.455424, 42.034692], [-7.455291, 42.034463], [-7.455074, 42.03432], [-7.454805, 42.034283], [-7.4545, 42.034248], [-7.454206, 42.034221], [-7.453907, 42.034194], [-7.45365, 42.034173], [-7.453384, 42.034061], [-7.45315, 42.033876], [-7.452583, 42.033529], [-7.451768, 42.033074], [-7.451168, 42.032618], [-7.450875, 42.032231], [-7.450383, 42.032008], [-7.449767, 42.031983], [-7.449299, 42.031943], [-7.449051, 42.031893], [-7.448825, 42.031818], [-7.448656, 42.031728], [-7.448342, 42.031453], [-7.447934, 42.031034], [-7.447712, 42.030807], [-7.44771, 42.030805], [-7.44743, 42.030681], [-7.446915, 42.030452], [-7.446656, 42.030195], [-7.446691, 42.02995], [-7.4469, 42.029769], [-7.44725, 42.029681], [-7.447838, 42.029505], [-7.448575, 42.029269], [-7.449394, 42.029052], [-7.45017, 42.028889], [-7.450913, 42.028809], [-7.451508, 42.028823], [-7.451964, 42.028887], [-7.452209, 42.02899], [-7.452352, 42.029145], [-7.45237, 42.029328], [-7.452398, 42.029489], [-7.452431, 42.029603], [-7.452928, 42.02971], [-7.453812, 42.029794], [-7.454361, 42.029877], [-7.454489, 42.029948], [-7.454606, 42.030014], [-7.454692, 42.030065], [-7.454822, 42.030143], [-7.454975, 42.030236], [-7.455134, 42.030251], [-7.455276, 42.030186], [-7.455416, 42.030067], [-7.455532, 42.029914], [-7.455704, 42.029639], [-7.455904, 42.029284], [-7.456171, 42.029006], [-7.456465, 42.028848], [-7.456899, 42.028873], [-7.457407, 42.029076], [-7.457789, 42.029253], [-7.457987, 42.029378], [-7.458163, 42.029549], [-7.458291, 42.029739], [-7.458441, 42.030282], [-7.45859, 42.031094], [-7.458646, 42.031711], [-7.458599, 42.032038], [-7.45886, 42.032367], [-7.45939, 42.032646], [-7.459838, 42.032682], [-7.460133, 42.032471], [-7.460125, 42.032112], [-7.459813, 42.031661], [-7.459512, 42.031232], [-7.459268, 42.030889], [-7.459191, 42.030629], [-7.459294, 42.030491], [-7.459484, 42.030443], [-7.459731, 42.030492], [-7.459948, 42.03057], [-7.460101, 42.030662], [-7.460227, 42.030763], [-7.460308, 42.030855], [-7.460484, 42.03086], [-7.460728, 42.030777], [-7.461191, 42.030666], [-7.4618, 42.030546], [-7.462293, 42.030538], [-7.462593, 42.030645], [-7.462865, 42.030712], [-7.463067, 42.03073], [-7.463266, 42.03068], [-7.463431, 42.030571], [-7.463594, 42.030434], [-7.463731, 42.03029], [-7.463807, 42.030119], [-7.463809, 42.029945], [-7.463676, 42.029789], [-7.463427, 42.029673], [-7.462926, 42.029487], [-7.46225, 42.029261], [-7.461696, 42.028991], [-7.461347, 42.02872], [-7.461061, 42.028309], [-7.460882, 42.027822], [-7.460802, 42.027252], [-7.460833, 42.026688], [-7.460726, 42.02626], [-7.460499, 42.026034], [-7.460047, 42.025818], [-7.459441, 42.025646], [-7.458847, 42.025525], [-7.458357, 42.025474], [-7.458091, 42.025337], [-7.458091, 42.025136], [-7.458256, 42.024916], [-7.458559, 42.024713], [-7.458857, 42.024612], [-7.459104, 42.024628], [-7.459619, 42.024375], [-7.460324, 42.023891], [-7.460788, 42.023387], [-7.460939, 42.022941], [-7.461146, 42.022531], [-7.461378, 42.022221], [-7.46184, 42.021936], [-7.462463, 42.021722], [-7.463096, 42.021423], [-7.463643, 42.021087], [-7.463894, 42.020751], [-7.46381, 42.020466], [-7.46359, 42.020164], [-7.463267, 42.019891], [-7.463182, 42.019525], [-7.463345, 42.019122], [-7.463703, 42.018888], [-7.464199, 42.018861], [-7.464751, 42.018917], [-7.465274, 42.01905], [-7.465844, 42.019168], [-7.466374, 42.019255], [-7.466936, 42.01931], [-7.467445, 42.019325], [-7.467936, 42.0191], [-7.468334, 42.01867], [-7.46857, 42.018278], [-7.468607, 42.017983], [-7.468716, 42.01783], [-7.468878, 42.017844], [-7.468931, 42.017773], [-7.468867, 42.017626], [-7.468925, 42.017402], [-7.469098, 42.017137], [-7.469318, 42.016817], [-7.469552, 42.016491], [-7.469754, 42.016037], [-7.469893, 42.015522], [-7.469896, 42.015097], [-7.469764, 42.014827], [-7.469532, 42.014645], [-7.469235, 42.014579], [-7.469011, 42.014423], [-7.468892, 42.014199], [-7.468792, 42.013956], [-7.468726, 42.013733], [-7.468499, 42.01364], [-7.468145, 42.013693], [-7.467621, 42.01378], [-7.467007, 42.013889], [-7.466595, 42.01368], [-7.46645, 42.013186], [-7.466144, 42.012704], [-7.465724, 42.012308], [-7.465336, 42.012058], [-7.46504, 42.011993], [-7.46483, 42.011738], [-7.464737, 42.011333], [-7.464317, 42.010829], [-7.463635, 42.010303], [-7.463276, 42.010009], [-7.463297, 42.009993], [-7.463253, 42.00997], [-7.463152, 42.009944], [-7.46289, 42.009801], [-7.46251, 42.009564], [-7.462132, 42.009275], [-7.461816, 42.008979], [-7.461626, 42.008696], [-7.461593, 42.008471], [-7.461434, 42.008262], [-7.461174, 42.008101], [-7.460889, 42.007887], [-7.460624, 42.007654], [-7.460352, 42.00736], [-7.460113, 42.00705], [-7.460083, 42.006798], [-7.460267, 42.006644], [-7.460523, 42.00652], [-7.460812, 42.006444], [-7.460969, 42.006285], [-7.46097, 42.006066], [-7.460727, 42.00572], [-7.460276, 42.005301], [-7.45999, 42.004811], [-7.459913, 42.004327], [-7.459966, 42.003935], [-7.460142, 42.003697], [-7.460268, 42.003577], [-7.460325, 42.003592], [-7.46046, 42.003627], [-7.460651, 42.003678], [-7.460907, 42.003711], [-7.461189, 42.003723], [-7.461536, 42.003668], [-7.461896, 42.003556], [-7.462049, 42.003325], [-7.461973, 42.00301], [-7.461905, 42.002567], [-7.461856, 42.002065], [-7.461809, 42.001724], [-7.461771, 42.001597], [-7.461714, 42.001305], [-7.461646, 42.000894], [-7.461662, 42.000515], [-7.46176, 42.000226], [-7.461895, 41.999809], [-7.462046, 41.999327], [-7.462304, 41.998927], [-7.462629, 41.998671], [-7.462946, 41.998519], [-7.463205, 41.998493], [-7.463549, 41.998583], [-7.463925, 41.998774], [-7.464291, 41.999085], [-7.46459, 41.999468], [-7.464881, 41.999771], [-7.46512, 41.999947], [-7.465251, 42.000041], [-7.465254, 42.000039], [-7.465263, 42.000065], [-7.465276, 42.000116], [-7.465336, 42.000402], [-7.465435, 42.000881], [-7.465544, 42.001289], [-7.465646, 42.001565], [-7.466002, 42.002047], [-7.466558, 42.002662], [-7.467071, 42.002949], [-7.467463, 42.002864], [-7.467859, 42.002828], [-7.468197, 42.002845], [-7.468533, 42.002912], [-7.468814, 42.003017], [-7.469223, 42.003062], [-7.469696, 42.003041], [-7.470078, 42.002923], [-7.470313, 42.002727], [-7.470342, 42.002328], [-7.470162, 42.001786], [-7.470136, 42.00143], [-7.470269, 42.001314], [-7.470339, 42.001092], [-7.470336, 42.000798], [-7.470225, 42.000499], [-7.470024, 42.00024], [-7.46978, 42.000024], [-7.469529, 41.999882], [-7.469397, 41.999738], [-7.469402, 41.999613], [-7.469529, 41.999548], [-7.46976, 41.999554], [-7.470025, 41.999608], [-7.470281, 41.999702], [-7.470551, 41.999814], [-7.470793, 41.999926], [-7.471225, 42.000051], [-7.47178, 42.00017], [-7.472159, 42.000229], [-7.472302, 42.000219], [-7.47242, 42.000123], [-7.472496, 41.999955], [-7.472667, 41.999807], [-7.472907, 41.999703], [-7.473178, 41.999588], [-7.473438, 41.99948], [-7.473661, 41.999357], [-7.473814, 41.999237], [-7.473919, 41.998942], [-7.47396, 41.998516], [-7.473945, 41.998158], [-7.473876, 41.997923], [-7.473752, 41.9975], [-7.473591, 41.996955], [-7.473427, 41.996548], [-7.473282, 41.996342], [-7.473018, 41.996212], [-7.472676, 41.99618], [-7.472321, 41.996125], [-7.472009, 41.996056], [-7.471928, 41.995936], [-7.472092, 41.995783], [-7.472521, 41.995783], [-7.473149, 41.995936], [-7.473507, 41.99604], [-7.47354, 41.996081], [-7.47359, 41.996097], [-7.473649, 41.996087], [-7.474027, 41.995953], [-7.474666, 41.995716], [-7.475058, 41.995437], [-7.475143, 41.995159], [-7.475214, 41.994979], [-7.475261, 41.994924], [-7.475503, 41.994982], [-7.475905, 41.995143], [-7.476291, 41.995226], [-7.476601, 41.995218], [-7.476839, 41.995184], [-7.476969, 41.99513], [-7.477163, 41.994945], [-7.477391, 41.994657], [-7.47758, 41.99438], [-7.477702, 41.994158], [-7.477988, 41.993939], [-7.478393, 41.993759], [-7.478749, 41.993588], [-7.479, 41.99345], [-7.47912, 41.993245], [-7.479091, 41.993002], [-7.47897, 41.992822], [-7.478777, 41.992732], [-7.478489, 41.992599], [-7.478151, 41.992441], [-7.477902, 41.992209], [-7.47778, 41.991936], [-7.477607, 41.991732], [-7.47741, 41.991627], [-7.477195, 41.991665], [-7.476997, 41.99184], [-7.476791, 41.991985], [-7.47661, 41.992079], [-7.476392, 41.992142], [-7.47617, 41.992166], [-7.47598, 41.992133], [-7.47585, 41.992047], [-7.475636, 41.992009], [-7.47537, 41.992025], [-7.474834, 41.992045], [-7.47411, 41.992064], [-7.473323, 41.992035], [-7.472593, 41.991963], [-7.471983, 41.991961], [-7.471587, 41.992031], [-7.470994, 41.99201], [-7.470295, 41.991901], [-7.469916, 41.991842], [-7.469915, 41.991842], [-7.469925, 41.991751], [-7.469945, 41.991583], [-7.470024, 41.991354], [-7.470151, 41.991097], [-7.470234, 41.990951], [-7.47026, 41.990938], [-7.470503, 41.990781], [-7.470926, 41.990506], [-7.471283, 41.990262], [-7.471519, 41.990086], [-7.471642, 41.989905], [-7.471631, 41.989747], [-7.471489, 41.989562], [-7.471237, 41.989379], [-7.470941, 41.989301], [-7.470647, 41.989339], [-7.470139, 41.989335], [-7.469495, 41.989288], [-7.46908, 41.989369], [-7.468958, 41.989564], [-7.468741, 41.989754], [-7.468463, 41.98991], [-7.468165, 41.99], [-7.467893, 41.99001], [-7.467479, 41.990026], [-7.466985, 41.990044], [-7.466574, 41.989963], [-7.466309, 41.989796], [-7.466165, 41.989692], [-7.466164, 41.989668], [-7.46616, 41.989488], [-7.466153, 41.989179], [-7.466218, 41.988782], [-7.466345, 41.988359], [-7.466588, 41.987925], [-7.466909, 41.987547], [-7.467128, 41.987233], [-7.467213, 41.987031], [-7.467169, 41.986908], [-7.467004, 41.986882], [-7.466851, 41.986858], [-7.466733, 41.98684], [-7.466547, 41.986743], [-7.466319, 41.986583], [-7.466127, 41.986327], [-7.466, 41.986015], [-7.465823, 41.985713], [-7.465625, 41.985467], [-7.464971, 41.985199], [-7.463962, 41.984949], [-7.463312, 41.98476], [-7.463121, 41.98466], [-7.46273, 41.984591], [-7.4622, 41.984564], [-7.461755, 41.984606], [-7.461462, 41.984712], [-7.461118, 41.984801], [-7.460776, 41.984862], [-7.460225, 41.984843], [-7.459549, 41.984748], [-7.459202, 41.984598], [-7.459237, 41.984416], [-7.459094, 41.984153], [-7.458795, 41.983849], [-7.458601, 41.983355], [-7.458541, 41.982746], [-7.458545, 41.982124], [-7.458612, 41.981585], [-7.458716, 41.981151], [-7.458841, 41.98089], [-7.458835, 41.980605], [-7.4587, 41.980342], [-7.458803, 41.980055], [-7.459127, 41.979788], [-7.459358, 41.979642], [-7.459462, 41.979639], [-7.459688, 41.979631], [-7.460003, 41.979621], [-7.460403, 41.979469], [-7.460827, 41.9792], [-7.461112, 41.978874], [-7.461216, 41.978542], [-7.46125, 41.97814], [-7.461209, 41.977728], [-7.461151, 41.977382], [-7.461085, 41.977155], [-7.460993, 41.97688], [-7.46089, 41.976599], [-7.460673, 41.976232], [-7.460376, 41.975836], [-7.460225, 41.975507], [-7.460243, 41.975294], [-7.460145, 41.975109], [-7.459946, 41.97498], [-7.459744, 41.974772], [-7.459569, 41.974519], [-7.4594, 41.974356], [-7.459264, 41.974307], [-7.458704, 41.974106], [-7.457807, 41.973784], [-7.456932, 41.973104], [-7.456215, 41.972169], [-7.45565, 41.971321], [-7.455324, 41.970691], [-7.455034, 41.970111], [-7.454824, 41.969669], [-7.454691, 41.969288], [-7.454654, 41.969026], [-7.45479, 41.96871], [-7.455078, 41.96839], [-7.455235, 41.968216], [-7.455238, 41.968214], [-7.455216, 41.968009], [-7.455172, 41.967633], [-7.455168, 41.967253], [-7.455205, 41.966929], [-7.455166, 41.966554], [-7.455058, 41.966186], [-7.454927, 41.965701], [-7.454793, 41.965172], [-7.454708, 41.964648], [-7.454686, 41.96421], [-7.454695, 41.963773], [-7.454735, 41.963403], [-7.45473, 41.963113], [-7.454682, 41.962948], [-7.454596, 41.962732], [-7.454485, 41.962499], [-7.4544, 41.962299], [-7.454354, 41.962164], [-7.454132, 41.962033], [-7.453766, 41.961926], [-7.453525, 41.961493], [-7.453445, 41.960799], [-7.453332, 41.960186], [-7.453204, 41.959747], [-7.452999, 41.959049], [-7.45275, 41.958201], [-7.452555, 41.957535], [-7.452443, 41.957155], [-7.452146, 41.956524], [-7.451709, 41.95574], [-7.451185, 41.955042], [-7.450656, 41.95454], [-7.450365, 41.954267], [-7.450356, 41.954267], [-7.450218, 41.954179], [-7.44997, 41.954017], [-7.449787, 41.953789], [-7.449696, 41.953531], [-7.449536, 41.953269], [-7.449331, 41.953042], [-7.449049, 41.95282], [-7.448734, 41.952635], [-7.448387, 41.952418], [-7.448063, 41.952201], [-7.447852, 41.952022], [-7.447788, 41.951907], [-7.447742, 41.951779], [-7.447721, 41.951657], [-7.447744, 41.951477], [-7.447806, 41.951265], [-7.447807, 41.951122], [-7.447749, 41.951069], [-7.447506, 41.950778], [-7.447116, 41.950293], [-7.446662, 41.950122], [-7.446216, 41.950293], [-7.445752, 41.950392], [-7.445341, 41.950403], [-7.445018, 41.950143], [-7.444833, 41.949653], [-7.444752, 41.9493], [-7.444788, 41.94914], [-7.445008, 41.94893], [-7.445377, 41.948703], [-7.445625, 41.948456], [-7.445712, 41.948227], [-7.445775, 41.947958], [-7.445804, 41.947691], [-7.445885, 41.947429], [-7.446006, 41.947213], [-7.446234, 41.94708], [-7.446532, 41.94705], [-7.446777, 41.946952], [-7.446932, 41.946799], [-7.447126, 41.946665], [-7.447329, 41.946572], [-7.447502, 41.946567], [-7.447619, 41.946649], [-7.447594, 41.946765], [-7.447433, 41.946896], [-7.447359, 41.947039], [-7.447382, 41.947172], [-7.447457, 41.947313], [-7.447571, 41.947442], [-7.447656, 41.947553], [-7.447697, 41.94763], [-7.447734, 41.947697], [-7.44776, 41.947746], [-7.448028, 41.94785], [-7.448496, 41.947994], [-7.448752, 41.948072], [-7.448756, 41.948074], [-7.44876, 41.948078], [-7.448763, 41.948085], [-7.448792, 41.94812], [-7.448842, 41.948177], [-7.448935, 41.948431], [-7.449055, 41.94884], [-7.449186, 41.949134], [-7.449307, 41.949266], [-7.449662, 41.949404], [-7.450194, 41.949525], [-7.450615, 41.949584], [-7.450859, 41.949572], [-7.451162, 41.949491], [-7.451476, 41.949355], [-7.451657, 41.949266], [-7.451677, 41.949238], [-7.45182, 41.949107], [-7.452065, 41.948893], [-7.452547, 41.948721], [-7.453192, 41.948619], [-7.453803, 41.948629], [-7.454284, 41.94875], [-7.454556, 41.948844], [-7.454578, 41.948897], [-7.454607, 41.948966], [-7.454637, 41.949041], [-7.45471, 41.949102], [-7.454814, 41.949141], [-7.455004, 41.949189], [-7.455251, 41.94924], [-7.455446, 41.94928], [-7.455558, 41.949303], [-7.455644, 41.94934], [-7.45569, 41.949385], [-7.455819, 41.949511], [-7.45601, 41.949698], [-7.456205, 41.949858], [-7.456375, 41.949965], [-7.45658, 41.950009], [-7.45679, 41.949982], [-7.45691, 41.949967], [-7.456923, 41.949966], [-7.456945, 41.949963], [-7.456975, 41.949961], [-7.457178, 41.949944], [-7.457523, 41.949914], [-7.4578, 41.949976], [-7.457964, 41.950118], [-7.458218, 41.950358], [-7.458521, 41.950658], [-7.458725, 41.950814], [-7.458798, 41.950801], [-7.45883, 41.950629], [-7.458817, 41.950322], [-7.458793, 41.949986], [-7.458763, 41.949672], [-7.458752, 41.949484], [-7.458763, 41.949451], [-7.458812, 41.949306], [-7.458891, 41.949072], [-7.459136, 41.948866], [-7.459508, 41.94872], [-7.459855, 41.948632], [-7.460125, 41.948615], [-7.460288, 41.948605], [-7.46032, 41.948603], [-7.46041, 41.94862], [-7.460543, 41.948654], [-7.460757, 41.948703], [-7.461019, 41.948759], [-7.461364, 41.948772], [-7.461739, 41.948741], [-7.462078, 41.948705], [-7.462329, 41.948672], [-7.462523, 41.948595], [-7.462629, 41.948485], [-7.462671, 41.948372], [-7.462642, 41.948275], [-7.462591, 41.948185], [-7.462525, 41.948116], [-7.462433, 41.948058], [-7.462329, 41.948019], [-7.462242, 41.947893], [-7.462184, 41.947697], [-7.462236, 41.947533], [-7.462389, 41.947426], [-7.462469, 41.947301], [-7.462463, 41.947176], [-7.462454, 41.94709], [-7.462444, 41.947056], [-7.46257, 41.947028], [-7.462813, 41.947013], [-7.463107, 41.947041], [-7.463405, 41.947109], [-7.463782, 41.947199], [-7.464179, 41.947296], [-7.464423, 41.947356], [-7.464476, 41.947369], [-7.464719, 41.947446], [-7.465117, 41.947574], [-7.465466, 41.947713], [-7.465712, 41.947842], [-7.465885, 41.94798], [-7.465956, 41.948106], [-7.466235, 41.948304], [-7.466677, 41.948545], [-7.466937, 41.948683], [-7.466974, 41.948695], [-7.467148, 41.948753], [-7.467432, 41.948848], [-7.46779, 41.948994], [-7.468166, 41.949169], [-7.468573, 41.949312], [-7.468947, 41.949402], [-7.469289, 41.949496], [-7.469545, 41.94958], [-7.469781, 41.949781], [-7.469958, 41.950069], [-7.470155, 41.950333], [-7.470341, 41.950533], [-7.470548, 41.950679], [-7.470742, 41.950749], [-7.470995, 41.950755], [-7.471269, 41.950698], [-7.47157, 41.950654], [-7.471853, 41.95063], [-7.472119, 41.950616], [-7.472327, 41.950614], [-7.472477, 41.950583], [-7.472545, 41.95053], [-7.472634, 41.95053], [-7.472731, 41.950585], [-7.472868, 41.950688], [-7.473022, 41.950823], [-7.473268, 41.950996], [-7.473566, 41.951182], [-7.473837, 41.951418], [-7.474039, 41.951668], [-7.474228, 41.951934], [-7.474376, 41.952175], [-7.474484, 41.952332], [-7.474537, 41.95238], [-7.474721, 41.952368], [-7.475008, 41.952298], [-7.475314, 41.952228], [-7.475591, 41.95217], [-7.475826, 41.952211], [-7.475981, 41.952346], [-7.47618, 41.952527], [-7.476393, 41.952728], [-7.476606, 41.952887], [-7.476787, 41.952979], [-7.477004, 41.953008], [-7.477223, 41.952969], [-7.477359, 41.952795], [-7.477392, 41.952513], [-7.477422, 41.952326], [-7.477445, 41.952264], [-7.477515, 41.952076], [-7.47762, 41.951791], [-7.47775, 41.951552], [-7.477883, 41.951395], [-7.478191, 41.95133], [-7.478625, 41.951368], [-7.478887, 41.951435], [-7.478938, 41.951522], [-7.479026, 41.951677], [-7.479136, 41.951876], [-7.479242, 41.951977], [-7.479327, 41.951962], [-7.47943, 41.951912], [-7.479536, 41.951836], [-7.479574, 41.95168], [-7.479537, 41.951467], [-7.479494, 41.951273], [-7.479451, 41.951128], [-7.479511, 41.950953], [-7.479663, 41.950773], [-7.479838, 41.95066], [-7.480008, 41.95063], [-7.480476, 41.950661], [-7.481168, 41.950748], [-7.481679, 41.950854], [-7.481928, 41.950962], [-7.482143, 41.951079], [-7.48229, 41.951187], [-7.482373, 41.951327], [-7.482379, 41.951479], [-7.482379, 41.951597], [-7.482374, 41.951665], [-7.482448, 41.951802], [-7.482592, 41.951986], [-7.482697, 41.952153], [-7.482747, 41.952278], [-7.482672, 41.952472], [-7.482484, 41.952705], [-7.482182, 41.952883], [-7.481812, 41.952977], [-7.481519, 41.953065], [-7.481346, 41.953133], [-7.481262, 41.953225], [-7.48128, 41.953327], [-7.481303, 41.953406], [-7.481328, 41.953449], [-7.481721, 41.953534], [-7.482422, 41.953649], [-7.482957, 41.953746], [-7.483245, 41.953809], [-7.48342, 41.953933], [-7.483456, 41.954098], [-7.483364, 41.954259], [-7.483159, 41.954391], [-7.482757, 41.95458], [-7.482219, 41.9548], [-7.481831, 41.954969], [-7.481654, 41.955063], [-7.48145, 41.955171], [-7.48125, 41.955278], [-7.481085, 41.955402], [-7.48098, 41.955525], [-7.480974, 41.955645], [-7.481067, 41.955743], [-7.481404, 41.955782], [-7.481935, 41.955755], [-7.482414, 41.955697], [-7.482768, 41.955617], [-7.482995, 41.9556], [-7.483058, 41.955649], [-7.483045, 41.955814], [-7.482958, 41.956072], [-7.482914, 41.956348], [-7.48292, 41.956599], [-7.483145, 41.956915], [-7.483555, 41.957247], [-7.48379, 41.957446], [-7.483814, 41.957482], [-7.483947, 41.957557], [-7.484167, 41.95766], [-7.484374, 41.957563], [-7.484536, 41.957282], [-7.484713, 41.957108], [-7.484878, 41.957069], [-7.485044, 41.957083], [-7.485186, 41.957149], [-7.485404, 41.957165], [-7.485665, 41.957129], [-7.485911, 41.957091], [-7.486105, 41.957057], [-7.486273, 41.957027], [-7.486389, 41.957007], [-7.486592, 41.956971], [-7.48685, 41.956925], [-7.487128, 41.95692], [-7.487383, 41.956956], [-7.487857, 41.956943], [-7.488478, 41.956884], [-7.488968, 41.956874], [-7.489252, 41.956914], [-7.489636, 41.956918], [-7.49006, 41.956883], [-7.490375, 41.956877], [-7.490531, 41.9569], [-7.490851, 41.95706], [-7.491285, 41.957334], [-7.491438, 41.957531], [-7.491288, 41.957621], [-7.491081, 41.957643], [-7.490849, 41.957593], [-7.490577, 41.957472], [-7.490309, 41.957297], [-7.490004, 41.957236], [-7.48971, 41.957298], [-7.489344, 41.957505], [-7.488962, 41.957825], [-7.488724, 41.958064], [-7.488664, 41.958186], [-7.488343, 41.958494], [-7.487809, 41.958942], [-7.487475, 41.95928], [-7.487391, 41.959457], [-7.487261, 41.959715], [-7.487104, 41.960015], [-7.486918, 41.960256], [-7.486729, 41.9604], [-7.486526, 41.960633], [-7.486338, 41.960919], [-7.486334, 41.961211], [-7.485221, 41.961584], [-7.483832, 41.962364], [-7.482815, 41.962878], [-7.482348, 41.963429], [-7.482345, 41.964031], [-7.482819, 41.964114], [-7.484078, 41.963657], [-7.48464, 41.963124], [-7.485386, 41.962758], [-7.485829, 41.962279], [-7.486024, 41.962177], [-7.486396, 41.961911], [-7.486584, 41.961722], [-7.486646, 41.961841], [-7.486715, 41.96198], [-7.486848, 41.962061], [-7.487028, 41.962069], [-7.487297, 41.961934], [-7.487615, 41.961676], [-7.487919, 41.961283], [-7.488162, 41.960816], [-7.48839, 41.960415], [-7.488567, 41.960141], [-7.488874, 41.959835], [-7.489264, 41.959544], [-7.489564, 41.959261], [-7.489727, 41.95903], [-7.489798, 41.958799], [-7.489768, 41.958602], [-7.489838, 41.958415], [-7.489998, 41.958265], [-7.490195, 41.958187], [-7.4904, 41.958191], [-7.490639, 41.958302], [-7.490874, 41.958502], [-7.491014, 41.958653], [-7.491037, 41.95873], [-7.491286, 41.958702], [-7.491724, 41.958574], [-7.492128, 41.958426], [-7.492437, 41.958279], [-7.492747, 41.958208], [-7.493011, 41.958223], [-7.493334, 41.958243], [-7.493667, 41.958265], [-7.493981, 41.958308], [-7.494229, 41.958365], [-7.494483, 41.958353], [-7.494704, 41.958273], [-7.494961, 41.958173], [-7.495216, 41.958067], [-7.495504, 41.957874], [-7.495784, 41.957623], [-7.495944, 41.957408], [-7.495961, 41.957264], [-7.495892, 41.957205], [-7.495748, 41.95724], [-7.495558, 41.957252], [-7.49535, 41.957239], [-7.495219, 41.957169], [-7.495185, 41.957054], [-7.495182, 41.956917], [-7.495209, 41.956781], [-7.495155, 41.956572], [-7.495027, 41.956322], [-7.494856, 41.956089], [-7.494668, 41.955911], [-7.494513, 41.955736], [-7.494416, 41.955591], [-7.494338, 41.955452], [-7.494292, 41.955339], [-7.49444, 41.955143], [-7.494761, 41.954894], [-7.49516, 41.954627], [-7.495577, 41.954381], [-7.495899, 41.954149], [-7.496076, 41.953966], [-7.496253, 41.953569], [-7.496403, 41.953017], [-7.496606, 41.95268], [-7.49683, 41.95261], [-7.497011, 41.952554], [-7.497123, 41.95252], [-7.49713, 41.952322], [-7.497033, 41.951991], [-7.49706, 41.951801], [-7.497208, 41.951781], [-7.497283, 41.951434], [-7.497272, 41.950811], [-7.497279, 41.950332], [-7.497301, 41.95007], [-7.497479, 41.94986], [-7.497788, 41.949732], [-7.498109, 41.949685], [-7.498393, 41.949726], [-7.498721, 41.949659], [-7.499042, 41.949491], [-7.499271, 41.949222], [-7.499371, 41.948892], [-7.499407, 41.948557], [-7.499371, 41.948269], [-7.499061, 41.947896], [-7.498523, 41.947495], [-7.498151, 41.947143], [-7.498004, 41.946893], [-7.49791, 41.946621], [-7.497885, 41.946368], [-7.497752, 41.946143], [-7.497531, 41.94598], [-7.497271, 41.945867], [-7.49701, 41.945821], [-7.49684, 41.945652], [-7.496786, 41.945386], [-7.496985, 41.945152], [-7.497406, 41.944985], [-7.497676, 41.944858], [-7.497754, 41.944789], [-7.498047, 41.944419], [-7.498509, 41.943804], [-7.498912, 41.943355], [-7.499194, 41.943139], [-7.499346, 41.942973], [-7.499344, 41.942881], [-7.499293, 41.942662], [-7.4992, 41.942347], [-7.499032, 41.942138], [-7.498813, 41.942067], [-7.498458, 41.942089], [-7.498022, 41.942203], [-7.497616, 41.942415], [-7.497302, 41.942691], [-7.497167, 41.942914], [-7.497231, 41.943049], [-7.497322, 41.943222], [-7.497426, 41.943406], [-7.49737, 41.943535], [-7.497164, 41.94359], [-7.496713, 41.94374], [-7.496086, 41.943961], [-7.495628, 41.944131], [-7.495408, 41.944225], [-7.495272, 41.944283], [-7.495239, 41.944294], [-7.495215, 41.944286], [-7.495203, 41.94426], [-7.495162, 41.944274], [-7.495098, 41.944326], [-7.494889, 41.944336], [-7.494566, 41.944303], [-7.494097, 41.944113], [-7.493552, 41.943796], [-7.493015, 41.943569], [-7.492568, 41.943467], [-7.492168, 41.943321], [-7.491875, 41.943154], [-7.491547, 41.942869], [-7.491234, 41.942511], [-7.490977, 41.942151], [-7.490817, 41.941843], [-7.490423, 41.940919], [-7.489856, 41.939522], [-7.489537, 41.938627], [-7.489514, 41.938372], [-7.489567, 41.938202], [-7.489689, 41.938142], [-7.489917, 41.938088], [-7.490218, 41.938047], [-7.490585, 41.938017], [-7.490963, 41.938002], [-7.491235, 41.938031], [-7.491359, 41.938099], [-7.491652, 41.938202], [-7.492069, 41.938321], [-7.492325, 41.93836], [-7.492381, 41.938312], [-7.49253, 41.937956], [-7.492751, 41.937349], [-7.492978, 41.936777], [-7.493176, 41.936329], [-7.493427, 41.936033], [-7.493693, 41.935934], [-7.493967, 41.935872], [-7.494205, 41.935855], [-7.494397, 41.935835], [-7.494512, 41.935815], [-7.494562, 41.935666], [-7.49454, 41.935412], [-7.494325, 41.935289], [-7.493951, 41.935316], [-7.493692, 41.935299], [-7.493588, 41.93524], [-7.493581, 41.935088], [-7.493671, 41.934865], [-7.493834, 41.934682], [-7.494043, 41.934568], [-7.49422, 41.934529], [-7.494337, 41.934573], [-7.494475, 41.934689], [-7.494611, 41.934858], [-7.4947, 41.934969], [-7.494727, 41.935003], [-7.495097, 41.934979], [-7.495751, 41.934902], [-7.496235, 41.934726], [-7.496475, 41.934477], [-7.496515, 41.934197], [-7.496349, 41.933929], [-7.495834, 41.933551], [-7.495048, 41.933122], [-7.494569, 41.932836], [-7.49447, 41.932737], [-7.494498, 41.932607], [-7.494647, 41.932464], [-7.494883, 41.932436], [-7.49517, 41.932527], [-7.495504, 41.932671], [-7.495833, 41.932846], [-7.496174, 41.932981], [-7.496474, 41.933057], [-7.496724, 41.933076], [-7.496885, 41.933034], [-7.497082, 41.932839], [-7.497283, 41.932519], [-7.497368, 41.932231], [-7.497323, 41.93202], [-7.497379, 41.931765], [-7.497529, 41.931506], [-7.497738, 41.931322], [-7.497975, 41.931241], [-7.498269, 41.931315], [-7.498576, 41.931532], [-7.498813, 41.931728], [-7.498942, 41.931873], [-7.499014, 41.931958], [-7.499018, 41.931971], [-7.499259, 41.931939], [-7.4997, 41.931869], [-7.499989, 41.931733], [-7.500081, 41.93155], [-7.500077, 41.93124], [-7.499976, 41.930849], [-7.499838, 41.930459], [-7.499685, 41.93013], [-7.499525, 41.929897], [-7.499383, 41.929797], [-7.499289, 41.92966], [-7.499259, 41.929508], [-7.499384, 41.929259], [-7.499645, 41.928951], [-7.49999, 41.928618], [-7.500364, 41.928311], [-7.500626, 41.928139], [-7.500736, 41.92813], [-7.500923, 41.928245], [-7.501157, 41.928465], [-7.501397, 41.928661], [-7.501608, 41.928802], [-7.501806, 41.928931], [-7.501962, 41.92903], [-7.502157, 41.929085], [-7.502363, 41.929088], [-7.50254, 41.929091], [-7.502659, 41.929093], [-7.502749, 41.92897], [-7.502794, 41.928742], [-7.502788, 41.928608], [-7.502732, 41.928588], [-7.502605, 41.928542], [-7.502425, 41.928478], [-7.502095, 41.928354], [-7.501666, 41.928189], [-7.501397, 41.928027], [-7.50133, 41.927892], [-7.501259, 41.927706], [-7.501198, 41.927497], [-7.501056, 41.927301], [-7.500856, 41.927147], [-7.500728, 41.927023], [-7.500691, 41.926945], [-7.500567, 41.926859], [-7.500374, 41.926778], [-7.500132, 41.926708], [-7.499878, 41.926658], [-7.499631, 41.926571], [-7.49943, 41.92646], [-7.499227, 41.926315], [-7.499054, 41.926157], [-7.498922, 41.92597], [-7.498853, 41.925783], [-7.498836, 41.925542], [-7.498873, 41.925284], [-7.498875, 41.925085], [-7.498843, 41.924976], [-7.498717, 41.924885], [-7.498517, 41.924826], [-7.498274, 41.924778], [-7.498026, 41.924748], [-7.497851, 41.924751], [-7.497777, 41.924785], [-7.497645, 41.924882], [-7.497476, 41.925027], [-7.497307, 41.925125], [-7.497163, 41.925161], [-7.496839, 41.925253], [-7.496385, 41.925385], [-7.496117, 41.925461], [-7.496077, 41.925468], [-7.496003, 41.925458], [-7.495907, 41.925432], [-7.495692, 41.925374], [-7.49539, 41.925292], [-7.494883, 41.925274], [-7.49425, 41.925323], [-7.493833, 41.925358], [-7.493696, 41.925371], [-7.49351, 41.925387], [-7.493304, 41.925403], [-7.493055, 41.925413], [-7.492802, 41.925415], [-7.492403, 41.925458], [-7.491918, 41.925533], [-7.491561, 41.92559], [-7.491387, 41.925621], [-7.491145, 41.92563], [-7.490873, 41.925615], [-7.490554, 41.925672], [-7.490237, 41.92579], [-7.489985, 41.925971], [-7.489837, 41.926186], [-7.489597, 41.926423], [-7.489301, 41.926647], [-7.488939, 41.926768], [-7.488565, 41.926769], [-7.488182, 41.926763], [-7.487849, 41.92675], [-7.487599, 41.926643], [-7.487471, 41.926458], [-7.487074, 41.926195], [-7.486468, 41.925894], [-7.485876, 41.925705], [-7.48539, 41.925655], [-7.484848, 41.925579], [-7.484335, 41.925488], [-7.483989, 41.925519], [-7.483865, 41.925665], [-7.483674, 41.925828], [-7.483445, 41.925982], [-7.483156, 41.926094], [-7.482853, 41.926148], [-7.482597, 41.926119], [-7.482429, 41.926013], [-7.48234, 41.925796], [-7.482345, 41.925501], [-7.48219, 41.925197], [-7.481898, 41.924931], [-7.481175, 41.924826], [-7.480131, 41.924897], [-7.479455, 41.924955], [-7.479253, 41.924991], [-7.47887, 41.92509], [-7.478365, 41.925236], [-7.477846, 41.925321], [-7.477393, 41.925333], [-7.476963, 41.925415], [-7.476624, 41.925555], [-7.476392, 41.925663], [-7.476303, 41.925724], [-7.475963, 41.925631], [-7.475422, 41.925398], [-7.475028, 41.925149], [-7.474839, 41.924922], [-7.474591, 41.924751], [-7.474322, 41.924662], [-7.474812, 41.924085], [-7.475986, 41.923108], [-7.476419, 41.922449], [-7.476044, 41.922209], [-7.475707, 41.922128], [-7.475459, 41.922217], [-7.475265, 41.922313], [-7.475154, 41.9224], [-7.474978, 41.922615], [-7.474764, 41.922925], [-7.474592, 41.923182], [-7.474489, 41.923347], [-7.474282, 41.923513], [-7.474003, 41.923653], [-7.473737, 41.9237], [-7.473523, 41.923647], [-7.473235, 41.923563], [-7.472916, 41.923461], [-7.472704, 41.923271], [-7.472631, 41.923024], [-7.472508, 41.92269], [-7.472354, 41.922321], [-7.47195, 41.922012], [-7.471359, 41.921811], [-7.470714, 41.921833], [-7.470115, 41.922074], [-7.469722, 41.922193], [-7.469593, 41.92217], [-7.469299, 41.922124], [-7.468885, 41.922061], [-7.46839, 41.922032], [-7.467891, 41.922041], [-7.467448, 41.922132], [-7.467129, 41.92229], [-7.466947, 41.922402], [-7.466931, 41.92245], [-7.467123, 41.922569], [-7.467493, 41.922742], [-7.467986, 41.922851], [-7.468528, 41.92288], [-7.469026, 41.92292], [-7.469405, 41.922967], [-7.469644, 41.923053], [-7.469708, 41.923166], [-7.469721, 41.923324], [-7.469682, 41.9235], [-7.469655, 41.923606], [-7.469644, 41.923624], [-7.469514, 41.923615], [-7.469285, 41.92358], [-7.468993, 41.923542], [-7.468682, 41.923505], [-7.468311, 41.923468], [-7.467938, 41.923435], [-7.467532, 41.923403], [-7.467155, 41.923378], [-7.466649, 41.92332], [-7.466093, 41.923239], [-7.465664, 41.92317], [-7.465426, 41.923124], [-7.465286, 41.923105], [-7.465264, 41.923116], [-7.464923, 41.923174], [-7.464317, 41.923269], [-7.463646, 41.923235], [-7.463012, 41.923075], [-7.46259, 41.922984], [-7.462445, 41.922974], [-7.462242, 41.922927], [-7.462013, 41.922849], [-7.461812, 41.92275], [-7.46167, 41.922646], [-7.461564, 41.922534], [-7.46151, 41.922433], [-7.461511, 41.922346], [-7.461567, 41.922284], [-7.461521, 41.92211], [-7.461381, 41.921849], [-7.461069, 41.921613], [-7.460634, 41.921436], [-7.460121, 41.921218], [-7.459607, 41.920992], [-7.459123, 41.920794], [-7.458741, 41.920656], [-7.458257, 41.920458], [-7.457743, 41.920232], [-7.457189, 41.919952], [-7.456678, 41.919662], [-7.456109, 41.919334], [-7.455569, 41.919017], [-7.45502, 41.918522], [-7.454547, 41.917925], [-7.454037, 41.917285], [-7.453568, 41.916703], [-7.453123, 41.916009], [-7.452769, 41.915312], [-7.452533, 41.914547], [-7.452452, 41.913832], [-7.452278, 41.91328], [-7.452039, 41.912973], [-7.45203, 41.912589], [-7.452253, 41.912185], [-7.452289, 41.911836], [-7.452133, 41.911594], [-7.452007, 41.911402], [-7.451931, 41.911288], [-7.452055, 41.911043], [-7.452361, 41.910705], [-7.452793, 41.910645], [-7.453286, 41.910875], [-7.453763, 41.911048], [-7.454151, 41.911138], [-7.454555, 41.911178], [-7.454912, 41.911163], [-7.455035, 41.91103], [-7.454903, 41.9108], [-7.454825, 41.91065], [-7.454812, 41.910605], [-7.454758, 41.910186], [-7.454672, 41.909456], [-7.454589, 41.908992], [-7.454521, 41.908864], [-7.454392, 41.908621], [-7.454222, 41.9083], [-7.454232, 41.908005], [-7.454422, 41.907781], [-7.454626, 41.907651], [-7.454813, 41.907634], [-7.454984, 41.907707], [-7.455113, 41.907858], [-7.455344, 41.907988], [-7.455639, 41.908077], [-7.45598, 41.90818], [-7.456315, 41.908281], [-7.456623, 41.908296], [-7.456857, 41.908223], [-7.456964, 41.908075], [-7.456927, 41.907876], [-7.456945, 41.907728], [-7.457015, 41.907655], [-7.457095, 41.907572], [-7.457171, 41.907493], [-7.457266, 41.907455], [-7.457365, 41.907465], [-7.45752, 41.907481], [-7.457706, 41.9075], [-7.458032, 41.907573], [-7.45845, 41.907689], [-7.458708, 41.907747], [-7.458769, 41.907736], [-7.459113, 41.907769], [-7.459688, 41.907842], [-7.460087, 41.907866], [-7.460249, 41.907838], [-7.460823, 41.907633], [-7.461721, 41.907285], [-7.46224, 41.90709], [-7.462301, 41.907079], [-7.462574, 41.907065], [-7.463016, 41.907051], [-7.463536, 41.90713], [-7.464051, 41.907293], [-7.46478, 41.907534], [-7.465609, 41.907818], [-7.466063, 41.907976], [-7.46607, 41.907982], [-7.466142, 41.908145], [-7.466267, 41.908439], [-7.466571, 41.908667], [-7.467008, 41.908795], [-7.467536, 41.909102], [-7.468073, 41.909542], [-7.46874, 41.909878], [-7.469434, 41.910059], [-7.469943, 41.91029], [-7.47019, 41.910536], [-7.470403, 41.910796], [-7.47055, 41.91103], [-7.470772, 41.911185], [-7.471035, 41.911237], [-7.471202, 41.91127], [-7.471248, 41.911279], [-7.471499, 41.911228], [-7.471916, 41.911126], [-7.472422, 41.91095], [-7.47294, 41.910729], [-7.473288, 41.910409], [-7.473413, 41.91004], [-7.473507, 41.909788], [-7.473557, 41.909693], [-7.47387, 41.909614], [-7.474399, 41.909564], [-7.474741, 41.909401], [-7.474843, 41.909152], [-7.474907, 41.908906], [-7.474925, 41.908701], [-7.474954, 41.908476], [-7.474989, 41.908267], [-7.475084, 41.908086], [-7.475221, 41.907961], [-7.475326, 41.907887], [-7.475382, 41.907878], [-7.475441, 41.907828], [-7.475494, 41.907746], [-7.475639, 41.907666], [-7.475853, 41.907599], [-7.475866, 41.907464], [-7.475676, 41.907281], [-7.475547, 41.907184], [-7.475499, 41.907188], [-7.475407, 41.907197], [-7.475285, 41.907208], [-7.475241, 41.906967], [-7.475282, 41.906512], [-7.475365, 41.906184], [-7.475476, 41.906034], [-7.475623, 41.905942], [-7.475782, 41.905922], [-7.476097, 41.905882], [-7.476518, 41.905829], [-7.47687, 41.905723], [-7.477101, 41.905581], [-7.477166, 41.905303], [-7.477058, 41.904932], [-7.476931, 41.90468], [-7.476806, 41.904587], [-7.476581, 41.904462], [-7.476288, 41.904326], [-7.476062, 41.904092], [-7.475936, 41.903796], [-7.475849, 41.903598], [-7.475815, 41.903529], [-7.475712, 41.90332], [-7.475555, 41.903004], [-7.475338, 41.902739], [-7.475092, 41.902565], [-7.47477, 41.902505], [-7.474419, 41.902567], [-7.474042, 41.90261], [-7.473698, 41.902627], [-7.473377, 41.902394], [-7.473129, 41.901947], [-7.4731, 41.90167], [-7.473296, 41.901607], [-7.473524, 41.901488], [-7.47375, 41.901332], [-7.474127, 41.901219], [-7.474597, 41.901165], [-7.474834, 41.901005], [-7.474802, 41.900765], [-7.474596, 41.900637], [-7.474248, 41.900641], [-7.473784, 41.900566], [-7.473276, 41.900425], [-7.472906, 41.900451], [-7.472728, 41.900641], [-7.47241, 41.900666], [-7.471998, 41.900522], [-7.471784, 41.900364], [-7.471799, 41.900217], [-7.471903, 41.900105], [-7.472079, 41.900045], [-7.472227, 41.89994], [-7.472324, 41.899808], [-7.472325, 41.899666], [-7.472229, 41.899539], [-7.472035, 41.899377], [-7.471771, 41.899207], [-7.47166, 41.899103], [-7.471719, 41.89908], [-7.471747, 41.899066], [-7.47174, 41.899064], [-7.47168, 41.899012], [-7.471575, 41.898916], [-7.471489, 41.89873], [-7.471435, 41.898482], [-7.471306, 41.898218], [-7.471121, 41.897979], [-7.471044, 41.897575], [-7.471087, 41.897067], [-7.471189, 41.896669], [-7.471334, 41.896444], [-7.471591, 41.896259], [-7.471922, 41.896143], [-7.472463, 41.89614], [-7.473129, 41.896251], [-7.473685, 41.896339], [-7.474046, 41.89639], [-7.474355, 41.896451], [-7.474565, 41.896514], [-7.474792, 41.896683], [-7.474999, 41.896932], [-7.475336, 41.89712], [-7.475749, 41.897219], [-7.476031, 41.897332], [-7.47614, 41.897441], [-7.47625, 41.897569], [-7.476345, 41.897695], [-7.476515, 41.897892], [-7.476733, 41.89813], [-7.476886, 41.898297], [-7.47695, 41.898366], [-7.477116, 41.898403], [-7.477359, 41.898402], [-7.477629, 41.898401], [-7.477885, 41.8984], [-7.478221, 41.898364], [-7.478586, 41.898299], [-7.478794, 41.898193], [-7.478813, 41.898061], [-7.47883, 41.897942], [-7.478843, 41.897854], [-7.478968, 41.897785], [-7.479187, 41.897746], [-7.479373, 41.897826], [-7.479498, 41.898012], [-7.47959, 41.89815], [-7.479637, 41.89822], [-7.479808, 41.898294], [-7.480078, 41.898361], [-7.480353, 41.898413], [-7.480592, 41.898442], [-7.480922, 41.898469], [-7.481293, 41.898489], [-7.481613, 41.898409], [-7.481833, 41.898242], [-7.48196, 41.898072], [-7.481975, 41.897927], [-7.481923, 41.89768], [-7.481813, 41.897371], [-7.481748, 41.89715], [-7.481739, 41.897052], [-7.481842, 41.896871], [-7.482041, 41.896635], [-7.482215, 41.896411], [-7.482335, 41.896233], [-7.482441, 41.896088], [-7.482515, 41.896], [-7.4826, 41.8959], [-7.482683, 41.895803], [-7.482779, 41.895739], [-7.482874, 41.895719], [-7.483069, 41.895676], [-7.483336, 41.895619], [-7.483636, 41.895622], [-7.483923, 41.895685], [-7.484101, 41.895724], [-7.484141, 41.895731], [-7.48445, 41.895576], [-7.484978, 41.895282], [-7.485276, 41.894881], [-7.485299, 41.894434], [-7.485166, 41.893946], [-7.484898, 41.893493], [-7.484458, 41.893269], [-7.483913, 41.893308], [-7.483438, 41.893214], [-7.483107, 41.893001], [-7.482845, 41.892793], [-7.482695, 41.89262], [-7.482601, 41.892513], [-7.482578, 41.892487], [-7.482553, 41.892395], [-7.48253, 41.892252], [-7.482505, 41.892094], [-7.482481, 41.891946], [-7.482445, 41.891753], [-7.482403, 41.891546], [-7.482506, 41.891257], [-7.482736, 41.89093], [-7.482981, 41.890701], [-7.483203, 41.890605], [-7.483496, 41.890506], [-7.483817, 41.890421], [-7.484069, 41.890252], [-7.484214, 41.890027], [-7.483984, 41.889773], [-7.483413, 41.889531], [-7.482884, 41.889253], [-7.482478, 41.888982], [-7.48213, 41.888771], [-7.481893, 41.888654], [-7.481763, 41.888554], [-7.481759, 41.888486], [-7.481686, 41.888416], [-7.481555, 41.888354], [-7.481383, 41.888214], [-7.481198, 41.888016], [-7.480914, 41.887855], [-7.480575, 41.887758], [-7.480285, 41.887627], [-7.480088, 41.887484], [-7.480058, 41.887227], [-7.480201, 41.886898], [-7.480352, 41.886604], [-7.480487, 41.886391], [-7.480463, 41.8861], [-7.480283, 41.885775], [-7.479982, 41.885532], [-7.479608, 41.885409], [-7.479379, 41.885228], [-7.479331, 41.885016], [-7.479438, 41.884809], [-7.479685, 41.88464], [-7.480002, 41.88447], [-7.48034, 41.884326], [-7.480623, 41.884197], [-7.480806, 41.884101], [-7.481107, 41.88419], [-7.481479, 41.88445], [-7.481892, 41.884735], [-7.48228, 41.885002], [-7.482618, 41.885221], [-7.482852, 41.885357], [-7.483055, 41.885475], [-7.483194, 41.885556], [-7.483422, 41.885573], [-7.483704, 41.885523], [-7.484051, 41.885405], [-7.48441, 41.885236], [-7.484632, 41.884928], [-7.484683, 41.884526], [-7.484738, 41.88409], [-7.48479, 41.883686], [-7.484769, 41.883248], [-7.484678, 41.882844], [-7.484643, 41.882362], [-7.48467, 41.881874], [-7.484848, 41.881416], [-7.485152, 41.881058], [-7.485153, 41.88062], [-7.484852, 41.880169], [-7.484535, 41.879816], [-7.48425, 41.879615], [-7.484269, 41.879446], [-7.48459, 41.879337], [-7.485085, 41.879437], [-7.485679, 41.879731], [-7.48614, 41.879871], [-7.486397, 41.879836], [-7.486615, 41.879746], [-7.48676, 41.879616], [-7.486866, 41.879455], [-7.486916, 41.879289], [-7.486943, 41.879045], [-7.486945, 41.878761], [-7.487059, 41.878605], [-7.487269, 41.878599], [-7.487428, 41.878594], [-7.487511, 41.878589], [-7.487688, 41.87866], [-7.48793, 41.878796], [-7.488115, 41.878642], [-7.488214, 41.878224], [-7.488372, 41.877825], [-7.488565, 41.877507], [-7.488923, 41.877213], [-7.489391, 41.876988], [-7.489877, 41.876848], [-7.490306, 41.876815], [-7.49085, 41.876803], [-7.491426, 41.876815], [-7.491815, 41.87682], [-7.491958, 41.876818], [-7.492194, 41.876815], [-7.492489, 41.87681], [-7.492736, 41.876685], [-7.492898, 41.876457], [-7.493001, 41.876122], [-7.493029, 41.875731], [-7.493046, 41.875505], [-7.493047, 41.875479], [-7.492999, 41.875297], [-7.492908, 41.874986], [-7.492797, 41.874644], [-7.492684, 41.874323], [-7.492584, 41.874018], [-7.492513, 41.873775], [-7.492725, 41.873583], [-7.493189, 41.873473], [-7.493837, 41.873289], [-7.494571, 41.873059], [-7.495121, 41.872962], [-7.495403, 41.873012], [-7.49559, 41.873055], [-7.495655, 41.873085], [-7.495738, 41.873124], [-7.495829, 41.873166], [-7.496185, 41.873073], [-7.496751, 41.872859], [-7.497205, 41.872678], [-7.497475, 41.872559], [-7.497639, 41.872484], [-7.497671, 41.872464], [-7.497763, 41.872286], [-7.497902, 41.871978], [-7.497995, 41.871618], [-7.497821, 41.871593], [-7.497478, 41.871258], [-7.497604, 41.870993], [-7.497924, 41.870692], [-7.498387, 41.870458], [-7.498505, 41.870404], [-7.502121, 41.869651], [-7.503741, 41.86867], [-7.504127, 41.868711], [-7.504137, 41.86913], [-7.504229, 41.869149], [-7.504335, 41.869265], [-7.504457, 41.869397], [-7.504574, 41.869526], [-7.504775, 41.869602], [-7.505026, 41.869614], [-7.505354, 41.869571], [-7.505709, 41.86948], [-7.506158, 41.869424], [-7.506631, 41.869411], [-7.506952, 41.869485], [-7.507072, 41.869634], [-7.507367, 41.869759], [-7.507791, 41.86984], [-7.508268, 41.869878], [-7.508723, 41.869869], [-7.509122, 41.86989], [-7.509403, 41.86994], [-7.509582, 41.870055], [-7.509629, 41.870217], [-7.509661, 41.870396], [-7.509672, 41.870564], [-7.509847, 41.870702], [-7.510159, 41.870789], [-7.51044, 41.870901], [-7.510647, 41.871021], [-7.510841, 41.871155], [-7.510994, 41.871285], [-7.511112, 41.871371], [-7.511179, 41.871402], [-7.511305, 41.871411], [-7.511472, 41.871395], [-7.511695, 41.87131], [-7.511939, 41.871167], [-7.512105, 41.870991], [-7.512166, 41.87081], [-7.512149, 41.870613], [-7.512057, 41.87043], [-7.511862, 41.870119], [-7.511594, 41.869726], [-7.511379, 41.869449], [-7.511248, 41.86933], [-7.510995, 41.869382], [-7.510658, 41.869598], [-7.510391, 41.869745], [-7.510236, 41.869801], [-7.510064, 41.869778], [-7.509901, 41.869679], [-7.509604, 41.869439], [-7.509217, 41.869096], [-7.508739, 41.868751], [-7.508244, 41.868458], [-7.508009, 41.86828], [-7.508072, 41.868244], [-7.508087, 41.86822], [-7.508054, 41.868211], [-7.507799, 41.868082], [-7.507362, 41.867853], [-7.507158, 41.867649], [-7.507217, 41.867501], [-7.507241, 41.867486], [-7.506889, 41.8674], [-7.506335, 41.867098], [-7.506742, 41.866852], [-7.51103, 41.865639], [-7.512578, 41.86308], [-7.512699, 41.863083], [-7.512723, 41.862841], [-7.512741, 41.862669], [-7.512753, 41.862547], [-7.512808, 41.862005], [-7.512838, 41.861711], [-7.512748, 41.861524], [-7.512725, 41.861476], [-7.512685, 41.861394], [-7.5122, 41.860387], [-7.512012, 41.859995], [-7.511879, 41.859948], [-7.510559, 41.857582], [-7.508101, 41.856046], [-7.507221, 41.855496], [-7.507005, 41.854417], [-7.506477, 41.851772], [-7.505641, 41.850788], [-7.506244, 41.850587], [-7.507178, 41.849964], [-7.507852, 41.849595], [-7.508927, 41.849071], [-7.509678, 41.848938], [-7.510055, 41.848695], [-7.510607, 41.848297], [-7.51063, 41.847982], [-7.510808, 41.847455], [-7.511114, 41.84695], [-7.511491, 41.846793], [-7.512118, 41.846659], [-7.512351, 41.846325], [-7.514031, 41.845746], [-7.514766, 41.845493], [-7.51485, 41.845445], [-7.515094, 41.845455], [-7.515355, 41.845569], [-7.51552, 41.84552], [-7.51589, 41.845455], [-7.516351, 41.845224], [-7.51683, 41.844865], [-7.51717, 41.844587], [-7.517319, 41.844431], [-7.517636, 41.844314], [-7.518073, 41.844252], [-7.518758, 41.844148], [-7.519585, 41.844018], [-7.520162, 41.843785], [-7.520398, 41.843485], [-7.520729, 41.843094], [-7.521103, 41.842673], [-7.521471, 41.842407], [-7.521775, 41.842337], [-7.521805, 41.84233], [-7.52191, 41.841867], [-7.522346, 41.841828], [-7.535054, 41.838158], [-7.535288, 41.837974], [-7.535661, 41.838031], [-7.535862, 41.838214], [-7.535733, 41.838464], [-7.535759, 41.838553], [-7.535582, 41.838917], [-7.535431, 41.83923], [-7.535329, 41.839441], [-7.535207, 41.83972], [-7.535084, 41.840023], [-7.535053, 41.840352], [-7.535119, 41.840657], [-7.53514, 41.841034], [-7.535113, 41.841425], [-7.534962, 41.841823], [-7.534709, 41.842167], [-7.534363, 41.84238], [-7.533977, 41.842431], [-7.533592, 41.842424], [-7.533266, 41.842358], [-7.532996, 41.842397], [-7.532824, 41.842533], [-7.533001, 41.843396], [-7.5335, 41.844853], [-7.533784, 41.845682], [-7.533809, 41.845753], [-7.533911, 41.84587], [-7.534073, 41.846014], [-7.534266, 41.846214], [-7.534461, 41.84644], [-7.534639, 41.846705], [-7.534772, 41.846969], [-7.534916, 41.847255], [-7.535048, 41.84752], [-7.53521, 41.847832], [-7.535376, 41.848145], [-7.5357, 41.848503], [-7.536133, 41.848851], [-7.536586, 41.849171], [-7.536989, 41.849415], [-7.537189, 41.849611], [-7.537155, 41.849731], [-7.53713, 41.849817], [-7.537119, 41.849856], [-7.537132, 41.849978], [-7.537168, 41.850163], [-7.53732, 41.850441], [-7.537563, 41.850767], [-7.537755, 41.851082], [-7.537867, 41.851336], [-7.537951, 41.851588], [-7.537994, 41.8518], [-7.53792, 41.851954], [-7.537739, 41.852027], [-7.537486, 41.852013], [-7.537199, 41.851913], [-7.536941, 41.851781], [-7.536752, 41.851636], [-7.536592, 41.851464], [-7.536485, 41.851291], [-7.536113, 41.851142], [-7.535531, 41.85104], [-7.534997, 41.850987], [-7.534594, 41.85099], [-7.534242, 41.851015], [-7.533998, 41.851058], [-7.533848, 41.851092], [-7.533817, 41.851112], [-7.533852, 41.851231], [-7.533949, 41.851434], [-7.534123, 41.851655], [-7.534349, 41.851861], [-7.534571, 41.852037], [-7.534753, 41.852156], [-7.534904, 41.852299], [-7.535003, 41.852446], [-7.535068, 41.852702], [-7.53509, 41.853027], [-7.535032, 41.853237], [-7.534904, 41.853301], [-7.534762, 41.853326], [-7.534628, 41.853309], [-7.534509, 41.853345], [-7.534423, 41.853429], [-7.534423, 41.853562], [-7.534508, 41.853725], [-7.534601, 41.853872], [-7.534687, 41.85398], [-7.534774, 41.854172], [-7.534847, 41.85442], [-7.534838, 41.854629], [-7.534751, 41.854768], [-7.534701, 41.85494], [-7.534699, 41.855118], [-7.534713, 41.855302], [-7.534741, 41.855461], [-7.534775, 41.855611], [-7.53481, 41.855728], [-7.534881, 41.855834], [-7.534978, 41.855913], [-7.53522, 41.85605], [-7.535571, 41.856224], [-7.535766, 41.856364], [-7.535777, 41.856451], [-7.535748, 41.856651], [-7.535685, 41.856935], [-7.535614, 41.857155], [-7.535547, 41.857276], [-7.535544, 41.857401], [-7.535606, 41.85751], [-7.535666, 41.857659], [-7.535714, 41.857825], [-7.535525, 41.857965], [-7.535127, 41.858058], [-7.534813, 41.858125], [-7.534632, 41.858157], [-7.534368, 41.858311], [-7.53406, 41.858562], [-7.533845, 41.858831], [-7.533756, 41.859076], [-7.53377, 41.859286], [-7.533886, 41.85943], [-7.534132, 41.859564], [-7.53447, 41.859667], [-7.534707, 41.859744], [-7.534806, 41.859781], [-7.534938, 41.859958], [-7.535082, 41.86025], [-7.535249, 41.860492], [-7.535412, 41.860649], [-7.535519, 41.860795], [-7.535552, 41.86091], [-7.535516, 41.861028], [-7.535415, 41.861134], [-7.535371, 41.861253], [-7.53539, 41.861368], [-7.535369, 41.861747], [-7.535312, 41.86233], [-7.53527, 41.862958], [-7.53525, 41.863534], [-7.535263, 41.86393], [-7.535309, 41.864085], [-7.535472, 41.864181], [-7.535728, 41.864202], [-7.535959, 41.864214], [-7.536128, 41.864214], [-7.536313, 41.864181], [-7.536485, 41.86412], [-7.536571, 41.863972], [-7.536559, 41.863759], [-7.536517, 41.863525], [-7.536452, 41.863306], [-7.536471, 41.863093], [-7.536569, 41.86292], [-7.536635, 41.862739], [-7.536658, 41.862579], [-7.5366, 41.862331], [-7.53647, 41.862032], [-7.536419, 41.861868], [-7.536454, 41.861861], [-7.536432, 41.861717], [-7.536355, 41.861458], [-7.536292, 41.861215], [-7.536251, 41.861025], [-7.536238, 41.860821], [-7.536256, 41.860632], [-7.536255, 41.86033], [-7.536234, 41.859963], [-7.536312, 41.859659], [-7.536475, 41.859466], [-7.536664, 41.859273], [-7.536851, 41.859109], [-7.537019, 41.858872], [-7.537144, 41.858598], [-7.537183, 41.858379], [-7.537129, 41.858246], [-7.537026, 41.858004], [-7.53689, 41.85769], [-7.536865, 41.857469], [-7.536955, 41.857377], [-7.537105, 41.857185], [-7.537292, 41.856922], [-7.537444, 41.856685], [-7.53754, 41.856508], [-7.537596, 41.856403], [-7.537605, 41.856387], [-7.537736, 41.85632], [-7.537969, 41.856213], [-7.538213, 41.856152], [-7.538431, 41.856146], [-7.53864, 41.856209], [-7.538809, 41.856332], [-7.538904, 41.856405], [-7.538913, 41.856417], [-7.538963, 41.856425], [-7.539046, 41.856428], [-7.539149, 41.856491], [-7.539256, 41.856605], [-7.539366, 41.856681], [-7.539462, 41.856708], [-7.539747, 41.856758], [-7.540177, 41.856823], [-7.540474, 41.856889], [-7.540593, 41.856944], [-7.540686, 41.85707], [-7.540737, 41.857246], [-7.540677, 41.857446], [-7.540514, 41.857639], [-7.540349, 41.857834], [-7.540207, 41.858001], [-7.540146, 41.858142], [-7.540173, 41.858235], [-7.540424, 41.85828], [-7.540861, 41.858268], [-7.541194, 41.858268], [-7.541374, 41.858279], [-7.541652, 41.858254], [-7.541987, 41.858194], [-7.542211, 41.858119], [-7.54229, 41.858039], [-7.542455, 41.857898], [-7.54268, 41.857716], [-7.542826, 41.857536], [-7.542869, 41.857386], [-7.542835, 41.857268], [-7.542727, 41.8572], [-7.542549, 41.857084], [-7.54233, 41.856937], [-7.542205, 41.856728], [-7.542194, 41.85649], [-7.542171, 41.856303], [-7.542139, 41.856195], [-7.542232, 41.856129], [-7.542436, 41.856113], [-7.542716, 41.856208], [-7.54303, 41.856399], [-7.543404, 41.856518], [-7.54378, 41.856548], [-7.544115, 41.856533], [-7.544355, 41.856476], [-7.544575, 41.856274], [-7.544739, 41.855957], [-7.544831, 41.855659], [-7.544836, 41.855425], [-7.544758, 41.855231], [-7.544611, 41.855106], [-7.544404, 41.854943], [-7.544168, 41.854766], [-7.544053, 41.854511], [-7.544078, 41.854219], [-7.544005, 41.853906], [-7.543847, 41.853619], [-7.543672, 41.853361], [-7.543505, 41.853171], [-7.543329, 41.852943], [-7.543169, 41.852711], [-7.543155, 41.852528], [-7.543289, 41.852422], [-7.543647, 41.852351], [-7.544173, 41.852326], [-7.544611, 41.852359], [-7.544894, 41.852446], [-7.545105, 41.852587], [-7.545211, 41.85276], [-7.545311, 41.852964], [-7.54539, 41.85317], [-7.545456, 41.853395], [-7.5455, 41.853607], [-7.545557, 41.853834], [-7.545618, 41.854042], [-7.545896, 41.854208], [-7.546348, 41.854306], [-7.547093, 41.854433], [-7.548016, 41.854571], [-7.548841, 41.854766], [-7.549439, 41.854988], [-7.549906, 41.855116], [-7.550167, 41.855131], [-7.550359, 41.855309], [-7.550452, 41.855623], [-7.550691, 41.85592], [-7.551039, 41.856156], [-7.551525, 41.856448], [-7.552074, 41.856752], [-7.552398, 41.857008], [-7.552448, 41.857178], [-7.552375, 41.857408], [-7.552191, 41.857664], [-7.551873, 41.857978], [-7.551469, 41.858303], [-7.551151, 41.858544], [-7.550967, 41.858666], [-7.550758, 41.8588], [-7.550555, 41.858925], [-7.550421, 41.859166], [-7.550376, 41.859487], [-7.550419, 41.859817], [-7.550544, 41.860107], [-7.550685, 41.860477], [-7.550821, 41.860869], [-7.550871, 41.861222], [-7.550828, 41.861483], [-7.5508, 41.861721], [-7.550793, 41.861901], [-7.550757, 41.862254], [-7.550696, 41.862725], [-7.55072, 41.863027], [-7.550825, 41.863112], [-7.551129, 41.8633], [-7.551585, 41.863561], [-7.551866, 41.863744], [-7.551929, 41.863822], [-7.552035, 41.863864], [-7.552169, 41.863863], [-7.552269, 41.863956], [-7.552319, 41.864127], [-7.552328, 41.864426], [-7.552292, 41.864805], [-7.552265, 41.865202], [-7.552251, 41.865556], [-7.552065, 41.866005], [-7.551733, 41.86648], [-7.551484, 41.866881], [-7.551356, 41.867145], [-7.551331, 41.867387], [-7.551415, 41.86757], [-7.552062, 41.867871], [-7.553173, 41.868244], [-7.553933, 41.868548], [-7.554224, 41.868738], [-7.554227, 41.868963], [-7.55394, 41.869189], [-7.553781, 41.869408], [-7.553774, 41.869585], [-7.554115, 41.869821], [-7.554751, 41.870081], [-7.555216, 41.870248], [-7.555436, 41.870296], [-7.5555, 41.870784], [-7.555397, 41.871636], [-7.555309, 41.872258], [-7.555249, 41.872553], [-7.555273, 41.872906], [-7.555377, 41.87326], [-7.555349, 41.873598], [-7.555193, 41.873867], [-7.555078, 41.874291], [-7.555024, 41.874805], [-7.555093, 41.875257], [-7.555275, 41.875575], [-7.555729, 41.875708], [-7.556385, 41.875636], [-7.557031, 41.875497], [-7.557566, 41.875314], [-7.557952, 41.875159], [-7.55813, 41.875055], [-7.558661, 41.874997], [-7.559465, 41.874993], [-7.560301, 41.875082], [-7.561041, 41.875251], [-7.56181, 41.87533], [-7.562491, 41.875308], [-7.563107, 41.875271], [-7.563563, 41.875225], [-7.564113, 41.875279], [-7.564673, 41.875424], [-7.565515, 41.875473], [-7.566509, 41.875419], [-7.567105, 41.875455], [-7.567211, 41.875576], [-7.567409, 41.875731], [-7.567668, 41.875894], [-7.568247, 41.875914], [-7.569055, 41.875788], [-7.569617, 41.875622], [-7.569846, 41.875442], [-7.570274, 41.875299], [-7.570837, 41.875216], [-7.571518, 41.875323], [-7.572211, 41.875602], [-7.572854, 41.875885], [-7.573349, 41.876129], [-7.573933, 41.876385], [-7.574517, 41.876614], [-7.57492, 41.876858], [-7.575079, 41.877081], [-7.575702, 41.877241], [-7.576692, 41.877313], [-7.577443, 41.877375], [-7.577841, 41.877418], [-7.578061, 41.87744], [-7.57807, 41.877438], [-7.578482, 41.877354], [-7.579236, 41.877203], [-7.579853, 41.877178], [-7.580236, 41.877285], [-7.580536, 41.877525], [-7.580706, 41.877862], [-7.580826, 41.878097], [-7.580878, 41.878192], [-7.581006, 41.878368], [-7.581192, 41.878598], [-7.581372, 41.878822], [-7.58152, 41.879005], [-7.581666, 41.879197], [-7.581787, 41.879368], [-7.581871, 41.879523], [-7.581905, 41.87964], [-7.581962, 41.879791], [-7.582034, 41.879953], [-7.582169, 41.880194], [-7.582346, 41.880477], [-7.582558, 41.880743], [-7.583022, 41.880703], [-7.583013, 41.880767], [-7.583155, 41.881018], [-7.583335, 41.881254], [-7.583551, 41.881476], [-7.583804, 41.881683], [-7.584095, 41.881877], [-7.58442, 41.88198], [-7.58478, 41.881992], [-7.585176, 41.881914], [-7.585606, 41.881746], [-7.585954, 41.881566], [-7.58622, 41.881376], [-7.586404, 41.881175], [-7.586506, 41.880963], [-7.586552, 41.880781], [-7.586542, 41.880629], [-7.586475, 41.880509], [-7.586352, 41.880418], [-7.5863, 41.8803], [-7.586319, 41.880153], [-7.586408, 41.879979], [-7.586568, 41.879777], [-7.58678, 41.879612], [-7.587043, 41.879483], [-7.587359, 41.879391], [-7.587727, 41.879336], [-7.588048, 41.87932], [-7.588322, 41.879343], [-7.588549, 41.879404], [-7.58873, 41.879505], [-7.588944, 41.879569], [-7.589192, 41.879596], [-7.589474, 41.879587], [-7.58979, 41.879541], [-7.590083, 41.879512], [-7.590354, 41.879499], [-7.590602, 41.879503], [-7.590828, 41.879525], [-7.59104, 41.879523], [-7.591238, 41.879497], [-7.591423, 41.879449], [-7.591594, 41.879378], [-7.591741, 41.879321], [-7.591866, 41.879278], [-7.591967, 41.87925], [-7.592046, 41.879236], [-7.592155, 41.879224], [-7.592296, 41.879215], [-7.592469, 41.879207], [-7.592673, 41.879201], [-7.592854, 41.879164], [-7.593012, 41.879095], [-7.593147, 41.878994], [-7.593259, 41.878862], [-7.593318, 41.878737], [-7.593324, 41.878618], [-7.593277, 41.878506], [-7.593178, 41.878402], [-7.593113, 41.878298], [-7.593083, 41.878196], [-7.593087, 41.878096], [-7.593127, 41.877997], [-7.593212, 41.877913], [-7.593342, 41.877844], [-7.593518, 41.87779], [-7.59374, 41.87775], [-7.593919, 41.877731], [-7.594057, 41.877732], [-7.594152, 41.877753], [-7.594205, 41.877795], [-7.594222, 41.877876], [-7.594203, 41.877997], [-7.594148, 41.878157], [-7.594056, 41.878358], [-7.594036, 41.878555], [-7.594086, 41.87875], [-7.594208, 41.878943], [-7.594402, 41.879133], [-7.594635, 41.879263], [-7.594909, 41.879331], [-7.595224, 41.879339], [-7.595579, 41.879286], [-7.595917, 41.879247], [-7.596238, 41.87922], [-7.596543, 41.879207], [-7.596831, 41.879206], [-7.597078, 41.879231], [-7.597285, 41.879281], [-7.597451, 41.879356], [-7.597577, 41.879456], [-7.597706, 41.879535], [-7.59784, 41.879593], [-7.597978, 41.87963], [-7.598119, 41.879646], [-7.598275, 41.879737], [-7.598286, 41.879744], [-7.598476, 41.879924], [-7.598691, 41.880187], [-7.59893, 41.880533], [-7.599394, 41.880815], [-7.600083, 41.881034], [-7.600997, 41.881191], [-7.602136, 41.881284], [-7.60321, 41.881358], [-7.604221, 41.881413], [-7.605168, 41.881448], [-7.60605, 41.881465], [-7.606703, 41.881502], [-7.607124, 41.881559], [-7.607316, 41.881638], [-7.607276, 41.881737], [-7.607202, 41.881824], [-7.607094, 41.881899], [-7.606952, 41.881963], [-7.606775, 41.882015], [-7.606626, 41.88208], [-7.606505, 41.882157], [-7.606412, 41.882248], [-7.606347, 41.882351], [-7.606378, 41.882456], [-7.606505, 41.882561], [-7.606728, 41.882666], [-7.607048, 41.882773], [-7.607334, 41.882929], [-7.607586, 41.883134], [-7.607806, 41.883388], [-7.607991, 41.883692], [-7.608142, 41.88398], [-7.608256, 41.88425], [-7.608334, 41.884504], [-7.608377, 41.884742], [-7.608465, 41.884969], [-7.608597, 41.885185], [-7.608775, 41.885391], [-7.608997, 41.885586], [-7.609167, 41.885755], [-7.609285, 41.885897], [-7.60935, 41.886013], [-7.609363, 41.886103], [-7.609455, 41.886206], [-7.609627, 41.886324], [-7.609878, 41.886455], [-7.610177, 41.886586], [-7.610167, 41.8866], [-7.610278, 41.886649], [-7.610296, 41.886645], [-7.610516, 41.886758], [-7.6108, 41.886927], [-7.611059, 41.887108], [-7.611294, 41.887301], [-7.611515, 41.887489], [-7.61172, 41.887672], [-7.611909, 41.88785], [-7.612084, 41.888023], [-7.612244, 41.888168], [-7.612388, 41.888285], [-7.612517, 41.888374], [-7.612632, 41.888436], [-7.61264, 41.888544], [-7.612542, 41.888699], [-7.612337, 41.888902], [-7.612027, 41.889151], [-7.611898, 41.889343], [-7.611951, 41.889476], [-7.612186, 41.889552], [-7.612603, 41.889569], [-7.612899, 41.889652], [-7.613073, 41.8898], [-7.613125, 41.890012], [-7.613057, 41.89029], [-7.613105, 41.89058], [-7.61327, 41.890883], [-7.613551, 41.891197], [-7.61395, 41.891525], [-7.614298, 41.891774], [-7.614596, 41.891946], [-7.614843, 41.892039], [-7.61504, 41.892055], [-7.615234, 41.892049], [-7.615424, 41.89202], [-7.615611, 41.891969], [-7.615795, 41.891895], [-7.61597, 41.891839], [-7.616137, 41.891799], [-7.616295, 41.891776], [-7.616444, 41.891769], [-7.616549, 41.891741], [-7.616609, 41.891689], [-7.616625, 41.891615], [-7.616596, 41.891518], [-7.616641, 41.891392], [-7.61676, 41.891238], [-7.616953, 41.891056], [-7.61722, 41.890845], [-7.617459, 41.89069], [-7.61767, 41.890591], [-7.617853, 41.890548], [-7.618007, 41.890561], [-7.618145, 41.89054], [-7.618265, 41.890482], [-7.618368, 41.89039], [-7.618454, 41.890262], [-7.618542, 41.890165], [-7.618632, 41.890098], [-7.618724, 41.890061], [-7.618818, 41.890054], [-7.618944, 41.889981], [-7.619101, 41.889841], [-7.61929, 41.889633], [-7.619511, 41.889359], [-7.619636, 41.889097], [-7.619664, 41.888847], [-7.619597, 41.888608], [-7.619434, 41.888382], [-7.619302, 41.888189], [-7.619199, 41.888028], [-7.619127, 41.887901], [-7.619086, 41.887806], [-7.619049, 41.887693], [-7.619016, 41.887561], [-7.618989, 41.88741], [-7.618966, 41.88724], [-7.618959, 41.887101], [-7.618968, 41.886992], [-7.618993, 41.886914], [-7.619034, 41.886866], [-7.619044, 41.886795], [-7.619023, 41.886702], [-7.618972, 41.886586], [-7.618889, 41.886447], [-7.618776, 41.88633], [-7.61863, 41.886233], [-7.618454, 41.886157], [-7.618245, 41.886102], [-7.618143, 41.886021], [-7.618145, 41.885914], [-7.618253, 41.885779], [-7.618466, 41.885619], [-7.618586, 41.88548], [-7.618613, 41.885363], [-7.618547, 41.885267], [-7.618388, 41.885194], [-7.618232, 41.885163], [-7.618077, 41.885175], [-7.617926, 41.88523], [-7.617776, 41.885328], [-7.617643, 41.885398], [-7.617525, 41.88544], [-7.617422, 41.885453], [-7.617335, 41.885438], [-7.617219, 41.885405], [-7.617074, 41.885354], [-7.616899, 41.885286], [-7.616696, 41.885199], [-7.616659, 41.885175], [-7.616759, 41.884757], [-7.619614, 41.884643], [-7.621444, 41.883632], [-7.625574, 41.880299], [-7.625691, 41.880204], [-7.62619, 41.880164], [-7.632926, 41.879631], [-7.635643, 41.879838], [-7.63644, 41.879899]], [[-7.524045, 41.884008], [-7.523854, 41.883357], [-7.523411, 41.883044], [-7.522963, 41.882862], [-7.522823, 41.882235], [-7.522539, 41.881568], [-7.52204, 41.881363], [-7.521839, 41.880975], [-7.522281, 41.880244], [-7.521303, 41.879602], [-7.522009, 41.87902], [-7.522234, 41.878295], [-7.522213, 41.877777], [-7.521989, 41.877165], [-7.520927, 41.876831], [-7.520665, 41.877432], [-7.520344, 41.877978], [-7.518347, 41.879082], [-7.518322, 41.879445], [-7.518423, 41.879786], [-7.518225, 41.880604], [-7.518121, 41.881144], [-7.517999, 41.882666], [-7.519083, 41.883224], [-7.519503, 41.883313], [-7.520586, 41.883121], [-7.521082, 41.88287], [-7.521209, 41.88226], [-7.521818, 41.882544], [-7.522526, 41.883462], [-7.522982, 41.883968], [-7.523443, 41.884343], [-7.523562, 41.884452], [-7.524045, 41.884008]], [[-7.515754, 41.883227], [-7.515522, 41.883627], [-7.515427, 41.884198], [-7.515729, 41.884928], [-7.51659, 41.884579], [-7.516934, 41.884257], [-7.517125, 41.883865], [-7.516669, 41.883358], [-7.516444, 41.88304], [-7.516382, 41.882529], [-7.515464, 41.881941], [-7.51495, 41.88213], [-7.514976, 41.882517], [-7.515567, 41.882738], [-7.515754, 41.883227]], [[-7.507718, 41.879433], [-7.507499, 41.879732], [-7.507031, 41.880076], [-7.506782, 41.879827], [-7.506808, 41.87917], [-7.506737, 41.878628], [-7.506678, 41.87828], [-7.506639, 41.8777], [-7.507409, 41.877041], [-7.508335, 41.87691], [-7.508986, 41.876892], [-7.509504, 41.876866], [-7.509594, 41.876426], [-7.508929, 41.87625], [-7.507247, 41.87619], [-7.506726, 41.87576], [-7.506471, 41.874892], [-7.506399, 41.874644], [-7.505795, 41.874229], [-7.505113, 41.873697], [-7.504186, 41.873373], [-7.503663, 41.87353], [-7.503821, 41.87422], [-7.504144, 41.874424], [-7.504508, 41.87462], [-7.504632, 41.874892], [-7.504524, 41.875269], [-7.504126, 41.875405], [-7.503885, 41.87548], [-7.503557, 41.875408], [-7.502783, 41.875904], [-7.502676, 41.875988], [-7.502391, 41.875615], [-7.502314, 41.875204], [-7.501936, 41.875108], [-7.501828, 41.875486], [-7.501895, 41.875865], [-7.502365, 41.876271], [-7.502344, 41.876797], [-7.502011, 41.876856], [-7.501549, 41.876775], [-7.500995, 41.876677], [-7.500516, 41.87624], [-7.500382, 41.876231], [-7.500317, 41.876308], [-7.500329, 41.876795], [-7.500456, 41.877229], [-7.500264, 41.877916], [-7.500956, 41.878184], [-7.501838, 41.878354], [-7.502124, 41.878434], [-7.502482, 41.879056], [-7.502997, 41.879617], [-7.503584, 41.879676], [-7.503773, 41.879871], [-7.50518, 41.880339], [-7.506482, 41.880891], [-7.506819, 41.880994], [-7.507624, 41.880754], [-7.508423, 41.880939], [-7.508842, 41.881321], [-7.509346, 41.881395], [-7.510073, 41.881038], [-7.510181, 41.88066], [-7.510243, 41.880127], [-7.509372, 41.879694], [-7.508778, 41.88006], [-7.508528, 41.880104], [-7.508193, 41.879707], [-7.507718, 41.879433]], [[-7.495027, 41.88772], [-7.495486, 41.888448], [-7.495553, 41.889272], [-7.495848, 41.889559], [-7.496483, 41.889812], [-7.49645, 41.887311], [-7.496254, 41.887241], [-7.495829, 41.887107], [-7.495386, 41.886794], [-7.495226, 41.886248], [-7.494942, 41.886116], [-7.494626, 41.886354], [-7.494698, 41.886838], [-7.495019, 41.887094], [-7.49501, 41.887305], [-7.495027, 41.88772]], [[-7.495889, 41.891014], [-7.495723, 41.890808], [-7.495498, 41.890639], [-7.495191, 41.890667], [-7.495113, 41.89076], [-7.495033, 41.891087], [-7.495106, 41.891335], [-7.49576, 41.891768], [-7.496004, 41.892482], [-7.495701, 41.893241], [-7.495582, 41.893314], [-7.495056, 41.893433], [-7.494835, 41.893159], [-7.494846, 41.892478], [-7.494762, 41.892075], [-7.49444, 41.892054], [-7.49431, 41.892207], [-7.494238, 41.892559], [-7.493682, 41.892815], [-7.493554, 41.893098], [-7.493791, 41.893187], [-7.494161, 41.893252], [-7.494466, 41.893694], [-7.494575, 41.894067], [-7.495919, 41.894221], [-7.496189, 41.892632], [-7.496272, 41.892199], [-7.496881, 41.891883], [-7.49754, 41.89174], [-7.497778, 41.891593], [-7.497687, 41.891166], [-7.497593, 41.890843], [-7.497342, 41.890705], [-7.4966, 41.891045], [-7.496333, 41.891092], [-7.495889, 41.891014]], [[-7.503317, 41.90308], [-7.503787, 41.90292], [-7.504387, 41.903199], [-7.50473, 41.903485], [-7.504613, 41.903968], [-7.504468, 41.904533], [-7.504818, 41.904664], [-7.50582, 41.904024], [-7.506152, 41.90304], [-7.507012, 41.902618], [-7.507292, 41.902337], [-7.507616, 41.901856], [-7.507607, 41.901472], [-7.507072, 41.901413], [-7.506051, 41.901286], [-7.505725, 41.900881], [-7.505748, 41.900607], [-7.505187, 41.900283], [-7.5049, 41.899486], [-7.504371, 41.899271], [-7.50389, 41.899395], [-7.503403, 41.899674], [-7.502949, 41.899716], [-7.502703, 41.899759], [-7.502162, 41.899855], [-7.502128, 41.900092], [-7.50194, 41.900511], [-7.501496, 41.900936], [-7.500985, 41.901489], [-7.501382, 41.901958], [-7.501729, 41.902436], [-7.501862, 41.903415], [-7.501603, 41.903768], [-7.500974, 41.903918], [-7.499542, 41.905212], [-7.499038, 41.90561], [-7.498232, 41.906215], [-7.497801, 41.905983], [-7.497266, 41.905923], [-7.496982, 41.906012], [-7.496479, 41.906063], [-7.496024, 41.906451], [-7.49599, 41.906689], [-7.496087, 41.907018], [-7.496365, 41.907085], [-7.497242, 41.907777], [-7.497535, 41.908072], [-7.498401, 41.907495], [-7.498043, 41.90698], [-7.499052, 41.906185], [-7.499965, 41.905946], [-7.501305, 41.905748], [-7.502171, 41.905171], [-7.502412, 41.904935], [-7.5033, 41.904431], [-7.503112, 41.903617], [-7.503317, 41.90308]], [[-7.495288, 41.899813], [-7.494361, 41.900202], [-7.493869, 41.900814], [-7.493695, 41.901819], [-7.493651, 41.902127], [-7.49384, 41.902543], [-7.493874, 41.902887], [-7.494482, 41.903129], [-7.494509, 41.90265], [-7.495474, 41.902504], [-7.495773, 41.902151], [-7.495667, 41.901445], [-7.495754, 41.901055], [-7.496271, 41.900988], [-7.496913, 41.901], [-7.497059, 41.900699], [-7.496757, 41.900128], [-7.495844, 41.899764], [-7.495288, 41.899813]], [[-7.494483, 41.906103], [-7.494652, 41.907822], [-7.495337, 41.907751], [-7.495812, 41.907767], [-7.496096, 41.907592], [-7.495758, 41.907127], [-7.49532, 41.90678], [-7.495311, 41.906406], [-7.495521, 41.906094], [-7.495586, 41.905858], [-7.495215, 41.905624], [-7.494612, 41.905855], [-7.494483, 41.906103]], [[-7.503848, 41.893749], [-7.504519, 41.894205], [-7.504766, 41.894361], [-7.504911, 41.894511], [-7.504813, 41.896577], [-7.505104, 41.896426], [-7.505521, 41.895902], [-7.505552, 41.895322], [-7.505517, 41.894403], [-7.5051, 41.894127], [-7.504848, 41.893497], [-7.504785, 41.893283], [-7.504311, 41.893042], [-7.503679, 41.893404], [-7.503661, 41.893457], [-7.503848, 41.893749]], [[-7.495829, 41.909709], [-7.496422, 41.909813], [-7.497299, 41.90982], [-7.497623, 41.909647], [-7.496891, 41.908963], [-7.496216, 41.908687], [-7.495369, 41.908674], [-7.494732, 41.90895], [-7.493708, 41.909503], [-7.493499, 41.909749], [-7.493448, 41.910107], [-7.493013, 41.910649], [-7.492018, 41.911406], [-7.491413, 41.911792], [-7.490976, 41.912218], [-7.491646, 41.912587], [-7.492374, 41.912087], [-7.492586, 41.911747], [-7.492787, 41.911153], [-7.493341, 41.911125], [-7.493683, 41.911227], [-7.494889, 41.910549], [-7.494509, 41.910105], [-7.494425, 41.909818], [-7.494902, 41.909315], [-7.495475, 41.909353], [-7.495829, 41.909709]], [[-7.504846, 41.909461], [-7.504101, 41.908733], [-7.503477, 41.908843], [-7.502949, 41.90896], [-7.502857, 41.909069], [-7.504572, 41.91023], [-7.505073, 41.910234], [-7.505105, 41.90981], [-7.504846, 41.909461]], [[-7.502353, 41.919515], [-7.502106, 41.919638], [-7.502098, 41.91985], [-7.502512, 41.920215], [-7.502692, 41.920666], [-7.502582, 41.920896], [-7.502291, 41.920869], [-7.50182, 41.920952], [-7.501685, 41.920976], [-7.500744, 41.921986], [-7.501851, 41.922501], [-7.502223, 41.922803], [-7.502903, 41.922709], [-7.503394, 41.922333], [-7.50375, 41.92198], [-7.50382, 41.921494], [-7.503833, 41.920938], [-7.504189, 41.920823], [-7.504662, 41.921108], [-7.505534, 41.921427], [-7.506192, 41.921258], [-7.506347, 41.920941], [-7.505784, 41.920593], [-7.504858, 41.920573], [-7.504214, 41.920186], [-7.504002, 41.920111], [-7.504009, 41.920091], [-7.504336, 41.919638], [-7.504543, 41.919259], [-7.504652, 41.919029], [-7.504612, 41.918773], [-7.504026, 41.918824], [-7.503808, 41.919047], [-7.503535, 41.919201], [-7.50327, 41.919142], [-7.502967, 41.919196], [-7.502353, 41.919515]], [[-7.503128, 41.924197], [-7.502946, 41.923939], [-7.502535, 41.923986], [-7.502123, 41.924269], [-7.502388, 41.92517], [-7.503364, 41.924998], [-7.503707, 41.924963], [-7.504203, 41.925323], [-7.504516, 41.925426], [-7.505301, 41.925208], [-7.505754, 41.924943], [-7.505536, 41.92456], [-7.504938, 41.924456], [-7.503843, 41.924702], [-7.503407, 41.924542], [-7.503128, 41.924197]], [[-7.488199, 41.922414], [-7.487927, 41.923173], [-7.487956, 41.923273], [-7.488165, 41.9235], [-7.488786, 41.923206], [-7.48905, 41.922659], [-7.489522, 41.922338], [-7.489996, 41.922386], [-7.490904, 41.923911], [-7.491213, 41.924119], [-7.491894, 41.924025], [-7.491758, 41.923444], [-7.491619, 41.922731], [-7.491291, 41.922578], [-7.49086, 41.922075], [-7.490683, 41.921712], [-7.489512, 41.921339], [-7.488861, 41.921534], [-7.488407, 41.922035], [-7.488199, 41.922414]], [[-7.498029, 41.916726], [-7.497633, 41.916822], [-7.497478, 41.917139], [-7.497508, 41.917239], [-7.498742, 41.917705], [-7.499166, 41.918183], [-7.499258, 41.918378], [-7.500061, 41.918341], [-7.500555, 41.918095], [-7.500487, 41.917502], [-7.499682, 41.91717], [-7.499601, 41.916895], [-7.499067, 41.916884], [-7.498675, 41.916875], [-7.498354, 41.916747], [-7.498029, 41.916726]], [[-7.530184, 41.928246], [-7.530517, 41.928093], [-7.530476, 41.927631], [-7.529803, 41.927703], [-7.529307, 41.927626], [-7.528634, 41.927699], [-7.527876, 41.928232], [-7.527471, 41.92868], [-7.526634, 41.928946], [-7.526348, 41.928832], [-7.526239, 41.928569], [-7.526224, 41.928196], [-7.525648, 41.928064], [-7.52539, 41.927616], [-7.524702, 41.927316], [-7.524431, 41.927575], [-7.52431, 41.927808], [-7.523886, 41.928188], [-7.522705, 41.927716], [-7.521817, 41.927381], [-7.521685, 41.927146], [-7.521377, 41.926848], [-7.521077, 41.926901], [-7.520995, 41.927268], [-7.521018, 41.927452], [-7.521439, 41.927917], [-7.521521, 41.928091], [-7.522145, 41.927957], [-7.522358, 41.928036], [-7.52243, 41.928282], [-7.521809, 41.928744], [-7.521544, 41.929026], [-7.521609, 41.92946], [-7.52216, 41.930044], [-7.522492, 41.930102], [-7.52348, 41.92981], [-7.524173, 41.929593], [-7.52448, 41.929562], [-7.525121, 41.929918], [-7.525413, 41.930265], [-7.525829, 41.931037], [-7.525295, 41.931366], [-7.52544, 41.931857], [-7.525945, 41.932073], [-7.526433, 41.931799], [-7.527057, 41.931453], [-7.527778, 41.931114], [-7.527911, 41.930175], [-7.528212, 41.929159], [-7.528646, 41.928706], [-7.529414, 41.928312], [-7.529824, 41.92831], [-7.530184, 41.928246]], [[-7.516561, 41.928288], [-7.517174, 41.928227], [-7.517488, 41.928218], [-7.517762, 41.927864], [-7.517743, 41.927586], [-7.517398, 41.927271], [-7.51633, 41.927179], [-7.515932, 41.927437], [-7.515695, 41.928348], [-7.516561, 41.928288]], [[-7.534376, 41.9233], [-7.533959, 41.923491], [-7.533928, 41.924459], [-7.53387, 41.924798], [-7.533529, 41.92514], [-7.533389, 41.925306], [-7.533281, 41.925584], [-7.53337, 41.925779], [-7.533798, 41.925515], [-7.534352, 41.925041], [-7.534422, 41.924207], [-7.534547, 41.92388], [-7.535231, 41.923524], [-7.536721, 41.923119], [-7.536846, 41.92258], [-7.536424, 41.922538], [-7.535593, 41.922826], [-7.535116, 41.923028], [-7.534376, 41.9233]], [[-7.539668, 41.928513], [-7.540223, 41.928039], [-7.540024, 41.927792], [-7.539408, 41.927737], [-7.538965, 41.927628], [-7.538479, 41.927691], [-7.538621, 41.928816], [-7.539164, 41.928837], [-7.539668, 41.928513]], [[-7.555026, 41.935226], [-7.554954, 41.935441], [-7.554961, 41.93608], [-7.554925, 41.936727], [-7.554942, 41.937398], [-7.555032, 41.937854], [-7.555165, 41.937999], [-7.55555, 41.937155], [-7.555717, 41.935879], [-7.555952, 41.935601], [-7.557278, 41.935332], [-7.557407, 41.935309], [-7.558756, 41.934968], [-7.559417, 41.934447], [-7.560022, 41.933733], [-7.560147, 41.933542], [-7.560489, 41.932706], [-7.560286, 41.93217], [-7.559514, 41.931397], [-7.559329, 41.930924], [-7.559886, 41.930353], [-7.561198, 41.929581], [-7.562293, 41.929454], [-7.563573, 41.9298], [-7.565145, 41.93006], [-7.565579, 41.930151], [-7.565866, 41.930201], [-7.566977, 41.929667], [-7.567165, 41.929229], [-7.566592, 41.928825], [-7.56669, 41.928235], [-7.566528, 41.927994], [-7.565818, 41.927278], [-7.564754, 41.926894], [-7.562355, 41.926747], [-7.561303, 41.926867], [-7.560893, 41.9264], [-7.559977, 41.926058], [-7.55951, 41.925702], [-7.559244, 41.925109], [-7.557801, 41.924826], [-7.557484, 41.923905], [-7.555643, 41.924266], [-7.555136, 41.92439], [-7.554007, 41.924556], [-7.554529, 41.925711], [-7.554987, 41.926034], [-7.554943, 41.926345], [-7.554913, 41.926552], [-7.555117, 41.927089], [-7.554421, 41.927954], [-7.55302, 41.927967], [-7.552666, 41.927996], [-7.552413, 41.927906], [-7.551965, 41.927615], [-7.552216, 41.92693], [-7.551784, 41.926232], [-7.551182, 41.926035], [-7.551361, 41.926644], [-7.550877, 41.926999], [-7.550456, 41.927107], [-7.550636, 41.927716], [-7.551192, 41.928527], [-7.552113, 41.929037], [-7.55248, 41.929208], [-7.553053, 41.929612], [-7.553171, 41.929861], [-7.552692, 41.93008], [-7.552153, 41.92994], [-7.551815, 41.929562], [-7.550775, 41.930185], [-7.550707, 41.930568], [-7.550439, 41.930581], [-7.549574, 41.930566], [-7.549167, 41.930875], [-7.549094, 41.93109], [-7.551, 41.934323], [-7.551619, 41.934887], [-7.552269, 41.934941], [-7.552486, 41.934295], [-7.552489, 41.933688], [-7.553156, 41.934109], [-7.553757, 41.934609], [-7.554858, 41.934043], [-7.555657, 41.933834], [-7.555439, 41.934782], [-7.555026, 41.935226]], [[-7.577194, 41.937183], [-7.577269, 41.936653], [-7.576938, 41.936318], [-7.575752, 41.935888], [-7.575883, 41.935323], [-7.575573, 41.935058], [-7.574593, 41.934543], [-7.574465, 41.933999], [-7.574375, 41.933695], [-7.573733, 41.933538], [-7.573444, 41.933343], [-7.573091, 41.933381], [-7.571999, 41.933945], [-7.571911, 41.933985], [-7.571109, 41.933734], [-7.570877, 41.933061], [-7.570454, 41.933086], [-7.56976, 41.933875], [-7.569366, 41.934782], [-7.569277, 41.935266], [-7.568381, 41.935819], [-7.567829, 41.935745], [-7.567441, 41.935887], [-7.5673, 41.936085], [-7.567583, 41.937266], [-7.567752, 41.937728], [-7.568646, 41.938062], [-7.569177, 41.938066], [-7.569595, 41.938361], [-7.570142, 41.938757], [-7.570708, 41.938878], [-7.571153, 41.939488], [-7.571116, 41.940258], [-7.570779, 41.940688], [-7.569984, 41.941247], [-7.569487, 41.941582], [-7.570222, 41.942165], [-7.572062, 41.940435], [-7.571997, 41.940102], [-7.572645, 41.939494], [-7.573204, 41.93937], [-7.573754, 41.9391], [-7.574265, 41.93859], [-7.575182, 41.938329], [-7.575715, 41.937668], [-7.576425, 41.937271], [-7.577194, 41.937183]], [[-7.555807, 41.941007], [-7.555502, 41.940421], [-7.555325, 41.939935], [-7.554728, 41.939819], [-7.554578, 41.94189], [-7.555336, 41.941878], [-7.55578, 41.941701], [-7.555807, 41.941007]], [[-7.583706, 41.919547], [-7.583884, 41.919071], [-7.585074, 41.918652], [-7.585607, 41.918706], [-7.585984, 41.919172], [-7.585722, 41.919633], [-7.586555, 41.919218], [-7.586863, 41.918778], [-7.587297, 41.918494], [-7.587838, 41.918575], [-7.587766, 41.919003], [-7.587589, 41.919212], [-7.58808, 41.919391], [-7.588453, 41.91971], [-7.588523, 41.920083], [-7.587505, 41.920412], [-7.587337, 41.920382], [-7.587299, 41.920656], [-7.588, 41.920739], [-7.588651, 41.920652], [-7.589515, 41.919936], [-7.589374, 41.919191], [-7.589204, 41.91848], [-7.589613, 41.917845], [-7.589997, 41.917391], [-7.590283, 41.917281], [-7.590685, 41.917565], [-7.592095, 41.918025], [-7.59231, 41.918076], [-7.592633, 41.918226], [-7.592843, 41.918129], [-7.59297, 41.917751], [-7.592647, 41.917601], [-7.591799, 41.917426], [-7.591397, 41.917142], [-7.591642, 41.916358], [-7.591691, 41.915579], [-7.591075, 41.914978], [-7.59164, 41.914463], [-7.591619, 41.914259], [-7.590721, 41.913915], [-7.589548, 41.914391], [-7.588774, 41.914736], [-7.588576, 41.915008], [-7.587994, 41.915734], [-7.586995, 41.915585], [-7.58649, 41.91455], [-7.586255, 41.914295], [-7.585713, 41.914214], [-7.585306, 41.914316], [-7.584922, 41.914769], [-7.583298, 41.915739], [-7.582058, 41.91599], [-7.580586, 41.917881], [-7.580186, 41.918278], [-7.580125, 41.918881], [-7.579296, 41.919176], [-7.579215, 41.919576], [-7.579319, 41.920061], [-7.580067, 41.919898], [-7.580732, 41.919454], [-7.581748, 41.919658], [-7.582941, 41.919654], [-7.583706, 41.919547]], [[-7.646807, 41.926054], [-7.647303, 41.926108], [-7.648535, 41.92621], [-7.649123, 41.925926], [-7.649175, 41.925453], [-7.649099, 41.925359], [-7.648759, 41.925348], [-7.648196, 41.925556], [-7.647979, 41.925309], [-7.647975, 41.924809], [-7.648456, 41.924652], [-7.64868, 41.924433], [-7.648534, 41.924102], [-7.648001, 41.92409], [-7.647202, 41.92366], [-7.647359, 41.923382], [-7.647754, 41.923419], [-7.648317, 41.923533], [-7.648525, 41.923424], [-7.648328, 41.922923], [-7.647862, 41.922649], [-7.647452, 41.922722], [-7.646737, 41.922743], [-7.645988, 41.922483], [-7.645684, 41.922109], [-7.644744, 41.921205], [-7.643381, 41.920661], [-7.642768, 41.920699], [-7.641987, 41.920982], [-7.641389, 41.921231], [-7.640665, 41.920896], [-7.640751, 41.920702], [-7.641336, 41.919919], [-7.63896, 41.919521], [-7.637623, 41.918901], [-7.637453, 41.918003], [-7.636855, 41.917931], [-7.636293, 41.917495], [-7.636345, 41.917021], [-7.636016, 41.916722], [-7.635403, 41.91676], [-7.635316, 41.917276], [-7.635294, 41.917852], [-7.635334, 41.918309], [-7.634913, 41.918348], [-7.634254, 41.918716], [-7.634036, 41.918791], [-7.633478, 41.918855], [-7.633178, 41.919301], [-7.633019, 41.920223], [-7.633595, 41.920871], [-7.634421, 41.920902], [-7.635226, 41.921187], [-7.636042, 41.921185], [-7.636295, 41.92139], [-7.638291, 41.921963], [-7.639014, 41.92262], [-7.63948, 41.922894], [-7.640205, 41.922586], [-7.640514, 41.922817], [-7.640891, 41.923929], [-7.641427, 41.924441], [-7.641391, 41.924805], [-7.640518, 41.925747], [-7.642559, 41.926312], [-7.642802, 41.926161], [-7.643234, 41.925834], [-7.643838, 41.92544], [-7.644379, 41.925808], [-7.64525, 41.926153], [-7.645576, 41.92563], [-7.645936, 41.925387], [-7.646706, 41.925715], [-7.646807, 41.926054]], [[-7.634565, 41.926175], [-7.633866, 41.925851], [-7.63278, 41.92592], [-7.632331, 41.9261], [-7.631485, 41.926525], [-7.630993, 41.928258], [-7.630808, 41.928989], [-7.630587, 41.929602], [-7.629932, 41.930217], [-7.629722, 41.930529], [-7.629403, 41.931259], [-7.62937, 41.931489], [-7.629896, 41.932018], [-7.630718, 41.931174], [-7.631394, 41.930629], [-7.632588, 41.929569], [-7.632618, 41.928766], [-7.632753, 41.928542], [-7.633194, 41.927317], [-7.633888, 41.927168], [-7.634284, 41.926923], [-7.634518, 41.926582], [-7.634565, 41.926175]], [[-7.593427, 41.889345], [-7.593639, 41.889146], [-7.591418, 41.888776], [-7.589982, 41.889233], [-7.589351, 41.890031], [-7.58916, 41.891032], [-7.589819, 41.892165], [-7.589891, 41.892958], [-7.589743, 41.893688], [-7.589237, 41.894286], [-7.589482, 41.895114], [-7.589147, 41.89581], [-7.588895, 41.896023], [-7.588623, 41.896171], [-7.587761, 41.897062], [-7.58543, 41.898013], [-7.584146, 41.898242], [-7.583699, 41.898556], [-7.584034, 41.899233], [-7.585643, 41.899651], [-7.586818, 41.900883], [-7.585613, 41.901835], [-7.585478, 41.902294], [-7.58617, 41.90311], [-7.586823, 41.903798], [-7.58725, 41.904023], [-7.58751, 41.904446], [-7.586878, 41.904592], [-7.586346, 41.90462], [-7.586083, 41.905102], [-7.586433, 41.905677], [-7.58765, 41.906901], [-7.587902, 41.906991], [-7.589425, 41.906049], [-7.590331, 41.906525], [-7.590663, 41.906734], [-7.591281, 41.906691], [-7.591711, 41.906011], [-7.591903, 41.905441], [-7.593154, 41.90495], [-7.593682, 41.904756], [-7.5941, 41.904648], [-7.594228, 41.904927], [-7.59464, 41.905255], [-7.595085, 41.905388], [-7.595032, 41.905493], [-7.595611, 41.906084], [-7.59638, 41.906218], [-7.597912, 41.907151], [-7.59933, 41.90729], [-7.600194, 41.907197], [-7.600677, 41.907051], [-7.60126, 41.906555], [-7.603016, 41.906604], [-7.603636, 41.906644], [-7.60482, 41.906675], [-7.604857, 41.907211], [-7.604067, 41.908376], [-7.604087, 41.908855], [-7.604837, 41.909746], [-7.605168, 41.910591], [-7.605943, 41.911569], [-7.60652, 41.911466], [-7.607103, 41.91097], [-7.60776, 41.911275], [-7.608793, 41.911754], [-7.609576, 41.911524], [-7.612824, 41.913327], [-7.613163, 41.912965], [-7.613292, 41.912309], [-7.614366, 41.911967], [-7.614499, 41.911732], [-7.614925, 41.911657], [-7.614921, 41.911673], [-7.615469, 41.911973], [-7.616331, 41.91256], [-7.616428, 41.912628], [-7.632685, 41.918578], [-7.632907, 41.918681], [-7.633133, 41.918669], [-7.633807, 41.918236], [-7.633994, 41.917576], [-7.634271, 41.916702], [-7.634223, 41.916284], [-7.633704, 41.91595], [-7.633293, 41.91534], [-7.633218, 41.914699], [-7.632792, 41.914035], [-7.632209, 41.913229], [-7.630564, 41.912583], [-7.628238, 41.911831], [-7.626844, 41.911255], [-7.624422, 41.910179], [-7.622923, 41.909507], [-7.620537, 41.908424], [-7.620062, 41.908299], [-7.620038, 41.908273], [-7.618955, 41.907623], [-7.617577, 41.906663], [-7.615766, 41.906021], [-7.614301, 41.905588], [-7.613768, 41.905291], [-7.613542, 41.90494], [-7.612539, 41.904425], [-7.611938, 41.903899], [-7.611196, 41.90358], [-7.610539, 41.903003], [-7.609603, 41.902989], [-7.609072, 41.903385], [-7.60819, 41.903964], [-7.607383, 41.903837], [-7.606649, 41.903274], [-7.605783, 41.902946], [-7.603254, 41.902613], [-7.602354, 41.901899], [-7.601458, 41.901607], [-7.601086, 41.901582], [-7.600176, 41.901383], [-7.599979, 41.901377], [-7.599964, 41.901325], [-7.599457, 41.900678], [-7.59866, 41.900418], [-7.597754, 41.899942], [-7.597878, 41.899752], [-7.598714, 41.899536], [-7.599166, 41.899389], [-7.599329, 41.899025], [-7.598228, 41.898651], [-7.597681, 41.898782], [-7.596357, 41.898113], [-7.596294, 41.896985], [-7.596214, 41.896563], [-7.596728, 41.896472], [-7.597196, 41.895617], [-7.597854, 41.894797], [-7.598628, 41.894826], [-7.599055, 41.895052], [-7.60004, 41.894575], [-7.599771, 41.89412], [-7.599054, 41.89398], [-7.598864, 41.893946], [-7.598675, 41.89331], [-7.599479, 41.893133], [-7.600405, 41.89337], [-7.601106, 41.893916], [-7.601623, 41.894293], [-7.604569, 41.894204], [-7.604963, 41.894167], [-7.605511, 41.893735], [-7.604956, 41.89323], [-7.60412, 41.893144], [-7.604439, 41.892853], [-7.605434, 41.892106], [-7.605561, 41.891011], [-7.604664, 41.890869], [-7.603577, 41.890392], [-7.60296, 41.890134], [-7.601454, 41.890368], [-7.600588, 41.890791], [-7.599609, 41.890957], [-7.599577, 41.890911], [-7.598802, 41.890122], [-7.598414, 41.889909], [-7.596598, 41.889628], [-7.59526, 41.889866], [-7.594825, 41.890225], [-7.593557, 41.889967], [-7.593427, 41.889345]], [[-7.573684, 41.901463], [-7.574272, 41.900876], [-7.574546, 41.900771], [-7.575016, 41.900688], [-7.575595, 41.900585], [-7.57594, 41.900467], [-7.575998, 41.900145], [-7.575798, 41.899727], [-7.573991, 41.899793], [-7.573484, 41.899883], [-7.572757, 41.900126], [-7.571581, 41.899882], [-7.570525, 41.899786], [-7.56956, 41.899873], [-7.568175, 41.899949], [-7.567921, 41.899994], [-7.567382, 41.900231], [-7.566511, 41.900245], [-7.565864, 41.900246], [-7.565523, 41.90025], [-7.565544, 41.899935], [-7.565605, 41.899754], [-7.56512, 41.899529], [-7.564637, 41.899699], [-7.564485, 41.900605], [-7.564697, 41.900935], [-7.565492, 41.901049], [-7.565966, 41.901106], [-7.566202, 41.901263], [-7.566164, 41.901779], [-7.566369, 41.902989], [-7.5683, 41.903213], [-7.569721, 41.903385], [-7.570967, 41.90322], [-7.57196, 41.903101], [-7.572293, 41.90307], [-7.573019, 41.902176], [-7.573261, 41.901708], [-7.573684, 41.901463]], [[-7.547195, 41.90642], [-7.547375, 41.905762], [-7.547498, 41.904591], [-7.547678, 41.903932], [-7.548187, 41.903912], [-7.549175, 41.903771], [-7.549698, 41.903643], [-7.550387, 41.902964], [-7.55026, 41.902534], [-7.549532, 41.901967], [-7.548825, 41.902267], [-7.548326, 41.90232], [-7.547286, 41.901808], [-7.546253, 41.900843], [-7.545456, 41.900358], [-7.545826, 41.900188], [-7.546276, 41.899969], [-7.546604, 41.899493], [-7.546675, 41.899097], [-7.546039, 41.898688], [-7.545378, 41.898666], [-7.544747, 41.89843], [-7.544533, 41.898816], [-7.544912, 41.899306], [-7.544584, 41.899781], [-7.543931, 41.900106], [-7.543143, 41.901082], [-7.542662, 41.901515], [-7.542054, 41.901832], [-7.5415, 41.902174], [-7.541552, 41.902826], [-7.542069, 41.903152], [-7.542265, 41.9035], [-7.542012, 41.903754], [-7.541362, 41.903452], [-7.541273, 41.903468], [-7.540581, 41.90366], [-7.540476, 41.904096], [-7.541037, 41.904415], [-7.540779, 41.904809], [-7.540364, 41.904987], [-7.540465, 41.905491], [-7.541052, 41.905735], [-7.541244, 41.90591], [-7.54143, 41.907652], [-7.541986, 41.908111], [-7.542997, 41.90821], [-7.544816, 41.907713], [-7.545472, 41.907875], [-7.546479, 41.907801], [-7.547103, 41.907377], [-7.547194, 41.906734], [-7.547195, 41.90642]], [[-7.633359, 41.940446], [-7.633708, 41.940383], [-7.638822, 41.935322], [-7.639588, 41.934639], [-7.63979, 41.934081], [-7.63923, 41.933659], [-7.638385, 41.933512], [-7.637863, 41.933555], [-7.63714, 41.933709], [-7.636534, 41.933916], [-7.635963, 41.933795], [-7.635618, 41.933533], [-7.633916, 41.933762], [-7.63376, 41.933914], [-7.633626, 41.934137], [-7.632655, 41.933565], [-7.631997, 41.933036], [-7.631626, 41.933475], [-7.631164, 41.933607], [-7.630527, 41.933373], [-7.630205, 41.933529], [-7.629803, 41.933974], [-7.628799, 41.933855], [-7.628771, 41.93376], [-7.628821, 41.933254], [-7.628258, 41.933156], [-7.627608, 41.933446], [-7.627495, 41.933963], [-7.626679, 41.934705], [-7.62642, 41.935521], [-7.626647, 41.9364], [-7.626676, 41.937289], [-7.626662, 41.937466], [-7.627238, 41.938282], [-7.627523, 41.938455], [-7.62801, 41.938294], [-7.628487, 41.937761], [-7.62891, 41.937611], [-7.630262, 41.938339], [-7.630504, 41.938594], [-7.630722, 41.939102], [-7.631083, 41.941671], [-7.631611, 41.941652], [-7.631806, 41.941294], [-7.631374, 41.940626], [-7.631442, 41.94029], [-7.631376, 41.939507], [-7.631898, 41.939464], [-7.632485, 41.93998], [-7.633359, 41.940446]], [[-7.614678, 41.932972], [-7.614906, 41.932463], [-7.614813, 41.932151], [-7.614029, 41.932057], [-7.613589, 41.932276], [-7.612936, 41.932626], [-7.613028, 41.933149], [-7.613193, 41.933706], [-7.613397, 41.934396], [-7.613313, 41.934857], [-7.612824, 41.935014], [-7.612594, 41.935196], [-7.612497, 41.935401], [-7.612713, 41.935597], [-7.613211, 41.935578], [-7.613839, 41.935889], [-7.613985, 41.936168], [-7.614572, 41.936977], [-7.61473, 41.937301], [-7.613801, 41.9381], [-7.613451, 41.938303], [-7.613483, 41.938735], [-7.613281, 41.938786], [-7.612429, 41.939249], [-7.612624, 41.93978], [-7.613337, 41.940388], [-7.613817, 41.941237], [-7.613991, 41.942083], [-7.614625, 41.943837], [-7.614957, 41.944316], [-7.615609, 41.94536], [-7.615463, 41.945544], [-7.615087, 41.945723], [-7.614718, 41.946192], [-7.614098, 41.946731], [-7.61318, 41.947752], [-7.612972, 41.947738], [-7.611721, 41.947406], [-7.611366, 41.947923], [-7.611611, 41.948409], [-7.611695, 41.94915], [-7.611518, 41.949812], [-7.611492, 41.95], [-7.611011, 41.950093], [-7.610948, 41.950669], [-7.610971, 41.951338], [-7.610525, 41.952199], [-7.609823, 41.953084], [-7.609193, 41.953718], [-7.607922, 41.953271], [-7.607277, 41.953364], [-7.60622, 41.953639], [-7.606301, 41.954406], [-7.60643, 41.954644], [-7.606762, 41.95478], [-7.607582, 41.954591], [-7.608479, 41.954562], [-7.608513, 41.954577], [-7.609786, 41.954633], [-7.610029, 41.954764], [-7.611232, 41.95557], [-7.611283, 41.955843], [-7.611446, 41.956292], [-7.612099, 41.956328], [-7.613463, 41.956497], [-7.613605, 41.956581], [-7.613712, 41.956844], [-7.61381, 41.957174], [-7.614964, 41.957815], [-7.615389, 41.958066], [-7.61608, 41.957638], [-7.615929, 41.956536], [-7.616202, 41.955684], [-7.617337, 41.955178], [-7.618142, 41.955034], [-7.61967, 41.955066], [-7.620654, 41.954543], [-7.621071, 41.954078], [-7.622314, 41.953835], [-7.622502, 41.95378], [-7.623568, 41.954024], [-7.624356, 41.954318], [-7.625062, 41.954236], [-7.625441, 41.954038], [-7.625553, 41.953823], [-7.625177, 41.953738], [-7.624562, 41.953239], [-7.62422, 41.952974], [-7.623198, 41.952679], [-7.622771, 41.952125], [-7.6221, 41.951832], [-7.621394, 41.951719], [-7.620625, 41.951487], [-7.618878, 41.951407], [-7.618597, 41.951348], [-7.618195, 41.950681], [-7.617357, 41.950614], [-7.616357, 41.950292], [-7.616136, 41.949745], [-7.615634, 41.949531], [-7.615183, 41.949462], [-7.614977, 41.948667], [-7.615933, 41.948118], [-7.616206, 41.947666], [-7.615799, 41.947436], [-7.615517, 41.947058], [-7.615872, 41.946768], [-7.615909, 41.94613], [-7.616109, 41.945893], [-7.616456, 41.94552], [-7.616867, 41.944853], [-7.616728, 41.944255], [-7.616862, 41.943297], [-7.617441, 41.943194], [-7.618548, 41.943337], [-7.619278, 41.943744], [-7.62011, 41.944756], [-7.620891, 41.94572], [-7.620857, 41.946377], [-7.620748, 41.946906], [-7.620912, 41.947075], [-7.620983, 41.947572], [-7.620617, 41.94775], [-7.620487, 41.948594], [-7.620662, 41.949185], [-7.621259, 41.949786], [-7.621479, 41.950143], [-7.622125, 41.950396], [-7.623422, 41.950023], [-7.623784, 41.949704], [-7.623773, 41.949281], [-7.623417, 41.948722], [-7.623883, 41.948498], [-7.624209, 41.948185], [-7.624567, 41.94798], [-7.624299, 41.947462], [-7.62365, 41.947068], [-7.622764, 41.946519], [-7.622564, 41.946101], [-7.622614, 41.945498], [-7.622438, 41.945162], [-7.621282, 41.944858], [-7.621043, 41.944307], [-7.621413, 41.944015], [-7.621975, 41.944113], [-7.622419, 41.944458], [-7.622944, 41.944817], [-7.623615, 41.944641], [-7.623688, 41.944373], [-7.623457, 41.943594], [-7.623409, 41.943432], [-7.622339, 41.942774], [-7.622528, 41.942514], [-7.622353, 41.941923], [-7.622032, 41.941867], [-7.621008, 41.942134], [-7.620277, 41.942236], [-7.619511, 41.941835], [-7.61829, 41.940411], [-7.617778, 41.93971], [-7.617322, 41.939198], [-7.616947, 41.938913], [-7.616989, 41.938751], [-7.616685, 41.937938], [-7.615672, 41.93718], [-7.615284, 41.936616], [-7.615173, 41.936026], [-7.614988, 41.934019], [-7.614993, 41.933503], [-7.614678, 41.932972]], [[-7.610589, 41.956162], [-7.610278, 41.956], [-7.610072, 41.955994], [-7.609841, 41.9561], [-7.609619, 41.95614], [-7.609338, 41.956276], [-7.609263, 41.956615], [-7.610585, 41.957922], [-7.611099, 41.957982], [-7.611531, 41.957862], [-7.611791, 41.957555], [-7.611705, 41.957267], [-7.611219, 41.95681], [-7.61109, 41.956572], [-7.610755, 41.956328], [-7.610589, 41.956162]], [[-7.599718, 41.942447], [-7.599447, 41.941745], [-7.600063, 41.941378], [-7.60053, 41.941037], [-7.600411, 41.940636], [-7.599699, 41.940575], [-7.598245, 41.940881], [-7.598142, 41.940852], [-7.597873, 41.940689], [-7.597263, 41.94129], [-7.597456, 41.942264], [-7.597853, 41.942967], [-7.598691, 41.94324], [-7.599454, 41.943901], [-7.599662, 41.944497], [-7.599766, 41.945276], [-7.599899, 41.94551], [-7.600502, 41.945309], [-7.601154, 41.944958], [-7.601757, 41.944757], [-7.602253, 41.944622], [-7.602717, 41.943953], [-7.602439, 41.94344], [-7.601197, 41.942864], [-7.60012, 41.942634], [-7.599718, 41.942447]], [[-7.647626, 41.97041], [-7.648305, 41.969569], [-7.648238, 41.969071], [-7.648269, 41.968495], [-7.648775, 41.968435], [-7.649095, 41.968288], [-7.649266, 41.967777], [-7.648888, 41.967454], [-7.648071, 41.96715], [-7.646709, 41.966913], [-7.645755, 41.966423], [-7.644662, 41.966138], [-7.644343, 41.965744], [-7.643773, 41.965456], [-7.643378, 41.964806], [-7.64311, 41.964584], [-7.642655, 41.964545], [-7.642556, 41.964893], [-7.642797, 41.96584], [-7.642341, 41.965801], [-7.642205, 41.965616], [-7.641914, 41.966538], [-7.642521, 41.96736], [-7.642704, 41.967837], [-7.642239, 41.96804], [-7.642801, 41.970341], [-7.643191, 41.971381], [-7.644178, 41.971985], [-7.645153, 41.971871], [-7.645528, 41.971775], [-7.646142, 41.971665], [-7.646428, 41.971134], [-7.646718, 41.970752], [-7.647626, 41.97041]], [[-7.625244, 41.969663], [-7.626426, 41.969271], [-7.626863, 41.969102], [-7.626629, 41.968722], [-7.625862, 41.968738], [-7.624912, 41.968545], [-7.623945, 41.968295], [-7.623315, 41.966718], [-7.623052, 41.96583], [-7.622432, 41.965246], [-7.62132, 41.964781], [-7.620033, 41.964135], [-7.619982, 41.963963], [-7.619689, 41.962839], [-7.619747, 41.962074], [-7.619732, 41.960931], [-7.61848, 41.960128], [-7.617992, 41.960124], [-7.617117, 41.960733], [-7.616683, 41.961323], [-7.615116, 41.963291], [-7.614247, 41.965015], [-7.613684, 41.965718], [-7.613708, 41.966347], [-7.613509, 41.967318], [-7.613747, 41.96812], [-7.613756, 41.968149], [-7.616009, 41.969316], [-7.619192, 41.970469], [-7.620433, 41.97055], [-7.621969, 41.971211], [-7.622668, 41.970966], [-7.623693, 41.97018], [-7.62401, 41.970154], [-7.624618, 41.970015], [-7.625244, 41.969663]], [[-7.591886, 41.970349], [-7.591595, 41.970976], [-7.590887, 41.97221], [-7.591973, 41.972858], [-7.592659, 41.972559], [-7.593301, 41.972312], [-7.593975, 41.971971], [-7.594013, 41.971698], [-7.593644, 41.971055], [-7.592339, 41.970268], [-7.591886, 41.970349]], [[-7.591957, 41.967368], [-7.594182, 41.967637], [-7.595394, 41.967908], [-7.596883, 41.968308], [-7.597557, 41.967967], [-7.597943, 41.967056], [-7.598104, 41.965787], [-7.598363, 41.965254], [-7.598264, 41.964519], [-7.597619, 41.963747], [-7.596514, 41.963235], [-7.5954, 41.963699], [-7.594858, 41.963884], [-7.592259, 41.962752], [-7.590815, 41.961901], [-7.5902, 41.961434], [-7.590101, 41.961098], [-7.59014, 41.960426], [-7.588764, 41.960405], [-7.588256, 41.959698], [-7.587556, 41.958538], [-7.586665, 41.957943], [-7.585154, 41.958477], [-7.584837, 41.95942], [-7.583887, 41.959633], [-7.582627, 41.96061], [-7.582419, 41.960913], [-7.58182, 41.961506], [-7.582076, 41.96217], [-7.582734, 41.964799], [-7.583254, 41.965548], [-7.584007, 41.966079], [-7.584048, 41.967224], [-7.584028, 41.96736], [-7.585611, 41.967876], [-7.586893, 41.96818], [-7.588783, 41.969128], [-7.589625, 41.969156], [-7.590187, 41.968436], [-7.590473, 41.967189], [-7.59129, 41.967531], [-7.591485, 41.967585], [-7.591957, 41.967368]], [[-7.540876, 41.994914], [-7.541509, 41.995127], [-7.542145, 41.995047], [-7.542943, 41.994482], [-7.543, 41.99408], [-7.542246, 41.993757], [-7.540715, 41.99318], [-7.541022, 41.992734], [-7.541199, 41.992442], [-7.540881, 41.992107], [-7.540558, 41.991609], [-7.540636, 41.990682], [-7.540263, 41.989867], [-7.540449, 41.989606], [-7.540797, 41.989446], [-7.540971, 41.988992], [-7.540908, 41.988187], [-7.54059, 41.987852], [-7.540653, 41.987025], [-7.540358, 41.986621], [-7.540171, 41.985838], [-7.540295, 41.984772], [-7.539936, 41.984151], [-7.538794, 41.983701], [-7.538175, 41.983092], [-7.537492, 41.982267], [-7.536201, 41.981909], [-7.535492, 41.982035], [-7.535152, 41.982519], [-7.535047, 41.983353], [-7.534927, 41.984582], [-7.535203, 41.985218], [-7.535629, 41.986513], [-7.535611, 41.987494], [-7.53587, 41.991494], [-7.535978, 41.992454], [-7.537431, 41.992914], [-7.537927, 41.992957], [-7.538133, 41.993507], [-7.538726, 41.993435], [-7.539453, 41.993665], [-7.540006, 41.99435], [-7.540876, 41.994914]], [[-7.544994, 41.978866], [-7.545514, 41.977988], [-7.545992, 41.97716], [-7.546158, 41.976593], [-7.546331, 41.97586], [-7.545293, 41.975548], [-7.543778, 41.976065], [-7.542681, 41.975928], [-7.540986, 41.976022], [-7.54106, 41.976464], [-7.54159, 41.977692], [-7.542207, 41.979029], [-7.541224, 41.98003], [-7.541064, 41.98043], [-7.541266, 41.981303], [-7.541247, 41.981803], [-7.540881, 41.982446], [-7.541152, 41.983555], [-7.541714, 41.983951], [-7.542413, 41.983869], [-7.54236, 41.982184], [-7.542444, 41.981714], [-7.543341, 41.981927], [-7.544818, 41.980715], [-7.54543, 41.980152], [-7.544994, 41.978866]], [[-7.54881, 41.972383], [-7.54975, 41.972137], [-7.55087, 41.971423], [-7.550964, 41.970298], [-7.550269, 41.969748], [-7.550136, 41.969297], [-7.55138, 41.968641], [-7.552264, 41.968207], [-7.552654, 41.967544], [-7.553354, 41.966667], [-7.554086, 41.96626], [-7.555115, 41.965959], [-7.55638, 41.965735], [-7.557334, 41.964457], [-7.557533, 41.963867], [-7.557006, 41.963525], [-7.556883, 41.963111], [-7.557172, 41.962466], [-7.55705, 41.962053], [-7.55642, 41.962085], [-7.556312, 41.962619], [-7.555844, 41.963019], [-7.555412, 41.962818], [-7.554935, 41.962824], [-7.554798, 41.963442], [-7.555005, 41.963603], [-7.554672, 41.964098], [-7.554031, 41.964093], [-7.552986, 41.964159], [-7.552444, 41.963226], [-7.552367, 41.962606], [-7.552617, 41.962008], [-7.552882, 41.961644], [-7.551928, 41.961299], [-7.551454, 41.961858], [-7.551579, 41.963182], [-7.552098, 41.96404], [-7.552327, 41.964633], [-7.551819, 41.965079], [-7.551503, 41.965452], [-7.551371, 41.966267], [-7.55091, 41.966507], [-7.550627, 41.966993], [-7.55071, 41.967453], [-7.550657, 41.968175], [-7.550157, 41.968106], [-7.549209, 41.967601], [-7.549168, 41.968004], [-7.549403, 41.968437], [-7.549401, 41.968794], [-7.548862, 41.970394], [-7.548558, 41.970448], [-7.54864, 41.971265], [-7.548611, 41.971349], [-7.547423, 41.972193], [-7.546908, 41.973156], [-7.547013, 41.973691], [-7.547478, 41.974005], [-7.547826, 41.974101], [-7.548434, 41.973993], [-7.548879, 41.973519], [-7.548798, 41.972702], [-7.54881, 41.972383]], [[-7.541544, 41.957416], [-7.540433, 41.958917], [-7.540827, 41.959173], [-7.541622, 41.959032], [-7.542048, 41.958719], [-7.54292, 41.958298], [-7.543047, 41.95792], [-7.542608, 41.957376], [-7.541801, 41.957341], [-7.541544, 41.957416]], [[-7.564922, 41.951062], [-7.564781, 41.950481], [-7.564892, 41.949902], [-7.564709, 41.949281], [-7.564585, 41.948861], [-7.56407, 41.948603], [-7.563833, 41.949181], [-7.563381, 41.949984], [-7.563061, 41.9506], [-7.562953, 41.951295], [-7.562694, 41.95148], [-7.562046, 41.951409], [-7.561923, 41.950778], [-7.56225, 41.949975], [-7.562202, 41.949284], [-7.56193, 41.94868], [-7.561505, 41.948196], [-7.561232, 41.947801], [-7.560552, 41.948365], [-7.560725, 41.949057], [-7.560899, 41.949539], [-7.561402, 41.950288], [-7.561258, 41.950966], [-7.56114, 41.951523], [-7.561404, 41.951779], [-7.561853, 41.952026], [-7.562258, 41.953399], [-7.562035, 41.954021], [-7.562146, 41.954188], [-7.56293, 41.954189], [-7.563278, 41.953987], [-7.564221, 41.95389], [-7.564195, 41.952636], [-7.564691, 41.951662], [-7.564922, 41.951062]], [[-7.564091, 41.946088], [-7.564206, 41.947301], [-7.565403, 41.94793], [-7.565988, 41.947856], [-7.566115, 41.946781], [-7.566321, 41.946384], [-7.56596, 41.945846], [-7.565283, 41.945606], [-7.564484, 41.945778], [-7.564091, 41.946088]], [[-7.578921, 41.952476], [-7.577462, 41.952194], [-7.576899, 41.951933], [-7.57674, 41.951119], [-7.576676, 41.95104], [-7.57625, 41.950695], [-7.575768, 41.95057], [-7.575224, 41.950095], [-7.574663, 41.950526], [-7.574373, 41.950637], [-7.573318, 41.951035], [-7.575478, 41.952185], [-7.576424, 41.952649], [-7.577476, 41.953063], [-7.57864, 41.953578], [-7.578802, 41.95358], [-7.579229, 41.953383], [-7.579354, 41.953121], [-7.578921, 41.952476]], [[-7.574083, 41.947742], [-7.574001, 41.948147], [-7.57391, 41.948524], [-7.573922, 41.948703], [-7.574372, 41.949675], [-7.575182, 41.949682], [-7.575652, 41.949628], [-7.575879, 41.949438], [-7.575393, 41.949163], [-7.574924, 41.948946], [-7.574811, 41.948424], [-7.574863, 41.948054], [-7.574083, 41.947742]], [[-7.527716, 41.972114], [-7.528281, 41.972014], [-7.528537, 41.972042], [-7.529022, 41.972177], [-7.530172, 41.972047], [-7.530391, 41.970609], [-7.530364, 41.96951], [-7.53033, 41.968891], [-7.530337, 41.968411], [-7.529649, 41.968091], [-7.528814, 41.967945], [-7.527302, 41.967182], [-7.526979, 41.966761], [-7.525825, 41.966708], [-7.526255, 41.967662], [-7.526843, 41.968147], [-7.527025, 41.968593], [-7.526224, 41.969066], [-7.526031, 41.968916], [-7.526011, 41.968515], [-7.525876, 41.968392], [-7.525307, 41.968309], [-7.523526, 41.968146], [-7.522631, 41.968635], [-7.522108, 41.968875], [-7.520708, 41.968829], [-7.520309, 41.969488], [-7.520336, 41.970587], [-7.520373, 41.971721], [-7.520308, 41.972174], [-7.520278, 41.973247], [-7.520314, 41.973535], [-7.520489, 41.97413], [-7.520859, 41.974211], [-7.521195, 41.974005], [-7.521129, 41.97328], [-7.52076, 41.972867], [-7.520767, 41.972388], [-7.521236, 41.971458], [-7.521274, 41.971084], [-7.521652, 41.970685], [-7.522216, 41.970585], [-7.523506, 41.970762], [-7.523876, 41.970843], [-7.525174, 41.971718], [-7.525636, 41.972445], [-7.526323, 41.973097], [-7.526566, 41.973753], [-7.527041, 41.973853], [-7.527569, 41.973796], [-7.527461, 41.973263], [-7.527198, 41.972537], [-7.527716, 41.972114]], [[-7.497077, 41.961383], [-7.497073, 41.96235], [-7.4965, 41.962612], [-7.49601, 41.963155], [-7.495887, 41.963472], [-7.496272, 41.96429], [-7.496449, 41.964769], [-7.497, 41.964188], [-7.498644, 41.964864], [-7.499565, 41.96505], [-7.500517, 41.965096], [-7.501705, 41.96545], [-7.50243, 41.966073], [-7.503384, 41.966495], [-7.504066, 41.966723], [-7.504566, 41.96744], [-7.504718, 41.968326], [-7.505543, 41.968797], [-7.50705, 41.96935], [-7.507039, 41.969629], [-7.507511, 41.969997], [-7.507965, 41.969887], [-7.508059, 41.96993], [-7.508045, 41.970294], [-7.50786, 41.970357], [-7.508153, 41.970937], [-7.508874, 41.971321], [-7.509034, 41.971865], [-7.510056, 41.972859], [-7.509945, 41.973721], [-7.510012, 41.974221], [-7.51093, 41.975414], [-7.511543, 41.976118], [-7.512106, 41.97638], [-7.512816, 41.976314], [-7.513501, 41.975892], [-7.51341, 41.975306], [-7.512934, 41.974517], [-7.512548, 41.973893], [-7.512511, 41.973357], [-7.512148, 41.972398], [-7.512468, 41.971287], [-7.511891, 41.970426], [-7.511362, 41.970008], [-7.511211, 41.969493], [-7.511503, 41.96911], [-7.512426, 41.969218], [-7.513504, 41.96999], [-7.513882, 41.970586], [-7.515148, 41.970211], [-7.515757, 41.969802], [-7.51681, 41.969254], [-7.516346, 41.968915], [-7.515483, 41.968737], [-7.51515, 41.968705], [-7.515102, 41.967991], [-7.515299, 41.967836], [-7.515719, 41.967611], [-7.515617, 41.967268], [-7.515028, 41.967191], [-7.514587, 41.96748], [-7.513146, 41.967675], [-7.513511, 41.968092], [-7.513762, 41.968529], [-7.512923, 41.968708], [-7.512595, 41.968555], [-7.511972, 41.968365], [-7.512235, 41.967746], [-7.511738, 41.967021], [-7.511186, 41.967209], [-7.509875, 41.967983], [-7.50979, 41.968009], [-7.50921, 41.967639], [-7.508521, 41.967385], [-7.507792, 41.966869], [-7.507375, 41.966191], [-7.506863, 41.965799], [-7.505926, 41.965562], [-7.505384, 41.964826], [-7.505508, 41.964509], [-7.5053, 41.963928], [-7.504978, 41.96369], [-7.50368, 41.963329], [-7.503453, 41.962805], [-7.503413, 41.962544], [-7.502913, 41.961827], [-7.502403, 41.961568], [-7.501983, 41.961857], [-7.501422, 41.962037], [-7.500756, 41.961859], [-7.499568, 41.960889], [-7.499044, 41.960337], [-7.498412, 41.960361], [-7.498322, 41.960137], [-7.497812, 41.959626], [-7.497556, 41.959671], [-7.496861, 41.960061], [-7.496869, 41.960394], [-7.497028, 41.960742], [-7.497, 41.960752], [-7.497077, 41.961383]], [[-7.497144, 41.953997], [-7.496725, 41.954405], [-7.49672, 41.95454], [-7.497368, 41.955828], [-7.498053, 41.956476], [-7.498846, 41.956269], [-7.499153, 41.956548], [-7.50015, 41.956272], [-7.49958, 41.955404], [-7.498688, 41.954358], [-7.498277, 41.95403], [-7.497144, 41.953997]], [[-7.48743, 41.96497], [-7.486983, 41.965283], [-7.486985, 41.96575], [-7.487539, 41.968091], [-7.488208, 41.968073], [-7.488754, 41.967943], [-7.488898, 41.967517], [-7.488563, 41.967142], [-7.488092, 41.966456], [-7.488124, 41.965649], [-7.4878, 41.965005], [-7.48743, 41.96497]], [[-7.524356, 41.847821], [-7.523842, 41.847262], [-7.523073, 41.846921], [-7.522486, 41.846808], [-7.521551, 41.846497], [-7.521066, 41.846236], [-7.520551, 41.846067], [-7.520768, 41.845616], [-7.521003, 41.845228], [-7.520254, 41.845057], [-7.519456, 41.844917], [-7.519206, 41.845156], [-7.519074, 41.845895], [-7.519243, 41.846472], [-7.520176, 41.846871], [-7.520943, 41.847104], [-7.521682, 41.847341], [-7.521838, 41.847574], [-7.522343, 41.849393], [-7.523363, 41.8488], [-7.524271, 41.848422], [-7.524356, 41.847821]]]}}]}