{"type": "FeatureCollection", "name": "ALCAMPELL", "features": [{"type": "Feature", "properties": {"id": "534923", "FIREDATE": "2026-06-25T12:02:00", "FINALDATE": "2026-06-26T04:04:00", "LASTUPDATE": "2026-06-26 08:34:42.087061", "COUNTRY": "ES", "PROVINCE": "Huesca", "COMMUNE": "Alcampell", "AREA_HA": 4376.0, "BROADLEA": 6.3728, "CONIFER": 6.9895, "MIXED": 8.063, "SCLEROPH": 4.4541, "TRANSIT": 2.5582, "OTHERNATLC": 0.0, "AGRIAREAS": 71.5624, "ARTIFSURF": 0.0, "OTHERLC": 0.0, "PERCNA2K": 31.9807, "CLASS": "30DAYS", "AÑO": 2026, "LATITUD": 41.94424586434204, "LONGITUD": 0.3410456015196579}, "geometry": {"type": "Polygon", "coordinates": [[[0.348198, 41.970411], [0.348176, 41.970358], [0.348142, 41.970255], [0.348136, 41.970136], [0.348158, 41.970001], [0.348178, 41.969909], [0.348198, 41.969859], [0.348212, 41.969823], [0.348221, 41.969801], [0.348228, 41.969716], [0.348235, 41.969567], [0.348189, 41.969438], [0.348091, 41.969329], [0.347998, 41.969282], [0.347912, 41.969299], [0.347823, 41.96931], [0.34773, 41.969317], [0.347655, 41.969322], [0.347596, 41.969326], [0.347548, 41.969302], [0.34751, 41.969249], [0.347476, 41.969202], [0.347446, 41.969161], [0.347421, 41.969149], [0.347402, 41.969165], [0.347344, 41.969216], [0.347247, 41.9693], [0.347117, 41.969384], [0.346954, 41.969468], [0.346797, 41.969571], [0.346644, 41.969693], [0.346536, 41.969795], [0.346474, 41.969876], [0.34639, 41.969881], [0.346285, 41.969808], [0.346294, 41.969697], [0.346418, 41.969547], [0.346513, 41.969419], [0.34658, 41.969314], [0.346679, 41.969211], [0.346812, 41.969112], [0.346934, 41.969024], [0.347046, 41.968947], [0.347163, 41.96884], [0.347284, 41.968703], [0.347392, 41.968626], [0.347485, 41.968612], [0.347586, 41.968559], [0.347694, 41.96847], [0.347878, 41.968355], [0.348138, 41.968216], [0.348335, 41.968074], [0.348468, 41.967929], [0.348537, 41.967781], [0.348543, 41.967631], [0.348573, 41.967517], [0.348626, 41.96744], [0.348703, 41.967399], [0.348805, 41.967395], [0.348903, 41.967408], [0.348999, 41.967438], [0.349093, 41.967485], [0.349183, 41.967548], [0.349253, 41.967627], [0.349302, 41.967721], [0.349331, 41.96783], [0.349338, 41.967954], [0.349372, 41.968081], [0.349432, 41.968211], [0.349524, 41.968304], [0.349649, 41.968361], [0.349798, 41.968422], [0.34997, 41.968489], [0.350099, 41.968563], [0.350186, 41.968646], [0.350269, 41.968754], [0.350347, 41.968886], [0.350398, 41.968995], [0.350422, 41.969081], [0.350529, 41.969188], [0.350719, 41.969314], [0.350829, 41.96938], [0.350857, 41.969385], [0.350872, 41.969353], [0.350871, 41.969283], [0.350861, 41.96916], [0.350839, 41.968983], [0.350819, 41.968845], [0.350802, 41.968743], [0.35082, 41.968683], [0.350873, 41.968663], [0.350938, 41.968675], [0.351014, 41.96872], [0.351062, 41.968781], [0.351083, 41.968858], [0.35113, 41.968919], [0.351202, 41.968966], [0.351249, 41.968989], [0.351269, 41.968989], [0.351335, 41.968965], [0.351449, 41.968918], [0.35149, 41.968866], [0.35146, 41.968809], [0.351421, 41.968722], [0.351373, 41.968605], [0.351358, 41.968489], [0.351377, 41.968372], [0.351391, 41.968305], [0.3514, 41.968286], [0.351392, 41.968236], [0.351368, 41.968155], [0.351355, 41.968108], [0.351354, 41.968095], [0.351316, 41.968066], [0.351241, 41.96802], [0.351203, 41.967951], [0.351201, 41.967857], [0.351203, 41.967742], [0.351208, 41.967605], [0.351225, 41.96747], [0.351255, 41.967336], [0.351327, 41.967196], [0.351442, 41.967052], [0.35155, 41.966922], [0.351651, 41.966807], [0.351764, 41.966697], [0.351889, 41.966591], [0.352021, 41.966494], [0.352159, 41.966408], [0.352256, 41.966327], [0.352309, 41.966251], [0.352368, 41.966219], [0.352433, 41.966232], [0.352496, 41.96625], [0.352559, 41.966275], [0.352729, 41.966304], [0.353006, 41.966337], [0.353182, 41.966365], [0.353257, 41.966388], [0.353297, 41.966399], [0.353303, 41.966399], [0.353441, 41.966412], [0.35371, 41.966438], [0.353942, 41.966464], [0.354136, 41.966491], [0.354294, 41.966517], [0.354414, 41.966545], [0.354638, 41.966543], [0.354968, 41.966513], [0.355206, 41.966486], [0.355355, 41.966462], [0.355546, 41.966411], [0.35578, 41.966334], [0.356054, 41.966248], [0.356369, 41.966154], [0.356631, 41.966073], [0.356841, 41.966006], [0.357039, 41.965963], [0.357225, 41.965944], [0.357344, 41.96598], [0.357396, 41.966072], [0.357411, 41.966186], [0.357389, 41.966321], [0.357337, 41.96644], [0.357254, 41.966544], [0.357189, 41.966625], [0.357142, 41.966683], [0.357072, 41.96673], [0.35698, 41.966764], [0.356861, 41.966818], [0.356717, 41.966891], [0.356609, 41.966965], [0.356539, 41.967039], [0.356493, 41.967144], [0.356472, 41.967279], [0.356449, 41.967398], [0.356424, 41.967501], [0.35638, 41.967597], [0.356316, 41.967684], [0.356285, 41.967746], [0.356288, 41.967784], [0.356319, 41.967809], [0.35638, 41.967822], [0.356436, 41.967833], [0.356488, 41.967844], [0.356502, 41.967876], [0.356476, 41.96793], [0.356423, 41.967981], [0.35634, 41.968029], [0.35628, 41.968054], [0.356241, 41.968055], [0.356215, 41.968062], [0.3562, 41.968076], [0.356128, 41.968116], [0.355999, 41.968181], [0.355839, 41.968258], [0.355648, 41.968348], [0.355425, 41.968449], [0.35517, 41.968563], [0.35501, 41.968635], [0.354945, 41.968664], [0.354865, 41.968727], [0.354769, 41.968824], [0.354643, 41.968952], [0.354484, 41.969111], [0.35438, 41.969221], [0.354329, 41.969283], [0.354257, 41.969369], [0.354164, 41.969481], [0.354191, 41.969544], [0.354338, 41.969558], [0.354454, 41.969551], [0.354538, 41.969523], [0.354582, 41.969509], [0.354586, 41.969508], [0.354644, 41.969463], [0.354758, 41.969374], [0.354865, 41.969328], [0.354966, 41.969326], [0.355038, 41.969343], [0.355082, 41.96938], [0.355167, 41.96937], [0.355292, 41.969311], [0.355404, 41.969287], [0.355502, 41.969296], [0.355624, 41.969314], [0.355769, 41.969341], [0.355843, 41.969359], [0.355845, 41.969367], [0.355855, 41.969409], [0.355873, 41.969483], [0.355904, 41.969516], [0.355947, 41.969507], [0.356043, 41.969476], [0.356192, 41.969422], [0.356293, 41.969385], [0.356347, 41.969365], [0.356401, 41.969315], [0.356456, 41.969233], [0.356517, 41.969139], [0.356583, 41.969033], [0.356616, 41.968931], [0.356615, 41.968831], [0.356609, 41.96874], [0.356597, 41.968658], [0.356638, 41.968612], [0.356731, 41.968602], [0.356819, 41.96862], [0.356904, 41.968666], [0.356957, 41.968702], [0.356978, 41.968728], [0.357031, 41.968734], [0.357116, 41.968717], [0.357185, 41.968699], [0.357238, 41.968679], [0.357283, 41.968634], [0.357319, 41.968562], [0.357358, 41.968526], [0.3574, 41.968523], [0.357454, 41.968526], [0.357519, 41.968532], [0.357563, 41.968542], [0.357586, 41.968557], [0.357689, 41.968586], [0.357874, 41.968628], [0.357978, 41.968676], [0.358003, 41.968728], [0.358052, 41.968786], [0.358125, 41.968849], [0.358177, 41.968916], [0.358207, 41.968987], [0.358231, 41.969066], [0.358247, 41.969151], [0.358262, 41.969196], [0.358274, 41.9692], [0.358337, 41.969233], [0.358449, 41.969296], [0.358567, 41.969366], [0.358689, 41.969446], [0.358815, 41.969534], [0.358947, 41.96963], [0.359069, 41.969704], [0.359182, 41.969757], [0.359286, 41.969788], [0.359381, 41.969797], [0.359474, 41.969793], [0.359565, 41.969777], [0.359654, 41.969748], [0.359742, 41.969707], [0.359828, 41.969667], [0.359912, 41.969628], [0.359993, 41.96959], [0.360073, 41.969553], [0.36015, 41.969514], [0.360223, 41.969471], [0.360293, 41.969425], [0.36036, 41.969376], [0.360406, 41.969322], [0.36043, 41.969263], [0.360433, 41.969198], [0.360415, 41.969128], [0.360416, 41.969065], [0.360436, 41.969011], [0.360476, 41.968965], [0.360535, 41.968926], [0.360556, 41.968831], [0.36054, 41.96868], [0.360488, 41.968474], [0.360398, 41.968211], [0.360325, 41.968018], [0.360271, 41.967895], [0.360234, 41.967841], [0.360215, 41.967858], [0.360195, 41.967827], [0.360173, 41.967748], [0.360155, 41.967655], [0.36014, 41.967548], [0.360103, 41.967488], [0.360045, 41.967472], [0.359976, 41.967436], [0.359893, 41.967378], [0.359864, 41.967301], [0.359888, 41.967203], [0.359914, 41.967128], [0.359942, 41.967073], [0.359942, 41.967031], [0.359913, 41.967], [0.359875, 41.966926], [0.359827, 41.966808], [0.359787, 41.966664], [0.359755, 41.966495], [0.3597, 41.96635], [0.359622, 41.966229], [0.35949, 41.966165], [0.359304, 41.966158], [0.35913, 41.966087], [0.358969, 41.965953], [0.358881, 41.965851], [0.358867, 41.965781], [0.358903, 41.965713], [0.358989, 41.965647], [0.359038, 41.965612], [0.359051, 41.965608], [0.359058, 41.965593], [0.359059, 41.965569], [0.359011, 41.965548], [0.358912, 41.965531], [0.358827, 41.965513], [0.358755, 41.965493], [0.358693, 41.965441], [0.35864, 41.965355], [0.358592, 41.965269], [0.358547, 41.965184], [0.358512, 41.965118], [0.358486, 41.965072], [0.358462, 41.965011], [0.358441, 41.964934], [0.358472, 41.964871], [0.358555, 41.964823], [0.358648, 41.964733], [0.358752, 41.964599], [0.358745, 41.964512], [0.358628, 41.964469], [0.358566, 41.96441], [0.358562, 41.964335], [0.358618, 41.964294], [0.358736, 41.964286], [0.358821, 41.964301], [0.358873, 41.964337], [0.358925, 41.964404], [0.358975, 41.964503], [0.359073, 41.964593], [0.359218, 41.964675], [0.359299, 41.964739], [0.359317, 41.964785], [0.359295, 41.964845], [0.359233, 41.96492], [0.359263, 41.964966], [0.359385, 41.964984], [0.359505, 41.964962], [0.359623, 41.964898], [0.359709, 41.964879], [0.359764, 41.964902], [0.359823, 41.964974], [0.359887, 41.965092], [0.359942, 41.965192], [0.359986, 41.965275], [0.360078, 41.965308], [0.360218, 41.965292], [0.360312, 41.965267], [0.360362, 41.965233], [0.3604, 41.965177], [0.360428, 41.9651], [0.360443, 41.965], [0.360448, 41.964879], [0.360422, 41.964764], [0.360365, 41.964657], [0.360278, 41.964555], [0.36016, 41.964461], [0.360068, 41.964391], [0.360002, 41.964344], [0.359942, 41.964337], [0.359886, 41.964369], [0.359824, 41.964391], [0.359756, 41.964403], [0.359658, 41.964341], [0.35953, 41.964204], [0.359381, 41.964071], [0.35921, 41.963943], [0.359087, 41.963828], [0.359012, 41.963728], [0.358962, 41.963645], [0.358939, 41.96358], [0.358927, 41.963526], [0.358926, 41.963483], [0.358925, 41.963459], [0.358926, 41.963456], [0.358924, 41.963451], [0.35892, 41.963445], [0.358866, 41.963385], [0.35876, 41.963272], [0.358628, 41.963148], [0.358469, 41.963015], [0.358392, 41.96293], [0.358398, 41.962892], [0.358362, 41.962835], [0.358284, 41.96276], [0.358203, 41.962672], [0.358119, 41.96257], [0.358085, 41.962474], [0.3581, 41.962382], [0.358113, 41.962296], [0.358126, 41.962216], [0.358171, 41.962142], [0.358248, 41.962075], [0.358389, 41.962026], [0.358593, 41.961996], [0.358739, 41.96197], [0.358825, 41.961947], [0.358886, 41.961906], [0.35892, 41.961847], [0.35892, 41.961769], [0.358886, 41.961673], [0.358929, 41.961608], [0.359051, 41.961576], [0.359116, 41.961502], [0.359125, 41.961385], [0.359338, 41.961195], [0.359757, 41.960932], [0.360037, 41.960774], [0.360179, 41.960722], [0.360283, 41.960641], [0.360348, 41.96053], [0.360504, 41.960437], [0.360749, 41.960361], [0.360937, 41.960323], [0.36107, 41.960323], [0.361182, 41.960315], [0.361271, 41.960297], [0.361315, 41.960283], [0.361313, 41.960271], [0.361288, 41.960207], [0.36124, 41.96009], [0.361251, 41.960023], [0.361321, 41.960005], [0.361484, 41.959971], [0.361741, 41.959921], [0.361893, 41.959899], [0.361938, 41.959906], [0.362024, 41.959858], [0.36215, 41.959756], [0.362144, 41.959643], [0.362007, 41.959522], [0.361846, 41.959463], [0.361664, 41.959466], [0.361445, 41.959481], [0.361192, 41.959507], [0.360996, 41.959488], [0.360856, 41.959424], [0.36074, 41.95932], [0.360647, 41.959174], [0.360681, 41.959065], [0.360842, 41.958993], [0.360991, 41.958939], [0.36113, 41.958903], [0.361223, 41.958843], [0.361269, 41.95876], [0.361303, 41.958709], [0.361325, 41.958689], [0.361297, 41.958604], [0.36122, 41.958452], [0.361151, 41.958275], [0.36109, 41.958073], [0.361063, 41.957926], [0.361068, 41.957836], [0.361022, 41.957788], [0.360925, 41.957784], [0.360731, 41.957756], [0.36044, 41.957703], [0.360376, 41.957634], [0.360539, 41.95755], [0.360716, 41.957486], [0.360906, 41.957442], [0.361055, 41.957388], [0.361165, 41.957324], [0.361296, 41.957237], [0.361446, 41.957127], [0.36153, 41.957017], [0.361548, 41.956906], [0.361593, 41.95683], [0.361666, 41.956787], [0.361748, 41.956745], [0.361838, 41.956704], [0.361889, 41.956679], [0.361902, 41.956669], [0.361908, 41.95666], [0.361906, 41.956652], [0.361919, 41.956609], [0.361948, 41.956531], [0.362038, 41.956465], [0.362188, 41.956411], [0.362291, 41.956386], [0.362348, 41.956392], [0.362419, 41.956397], [0.362502, 41.956402], [0.362549, 41.956398], [0.362558, 41.956383], [0.362568, 41.956345], [0.362578, 41.956283], [0.362565, 41.956207], [0.362529, 41.956117], [0.362555, 41.956007], [0.362642, 41.955878], [0.362731, 41.955737], [0.362822, 41.955584], [0.362921, 41.955538], [0.363027, 41.955598], [0.363097, 41.95558], [0.363129, 41.955483], [0.363133, 41.955353], [0.363109, 41.955188], [0.363157, 41.955044], [0.363277, 41.954918], [0.363417, 41.95482], [0.363578, 41.954748], [0.363703, 41.954747], [0.363791, 41.954818], [0.363802, 41.954906], [0.363736, 41.955012], [0.36373, 41.955149], [0.363787, 41.955316], [0.363938, 41.955412], [0.364184, 41.955435], [0.364366, 41.955455], [0.364485, 41.955471], [0.364562, 41.95546], [0.364596, 41.955421], [0.364711, 41.955361], [0.364906, 41.955281], [0.365072, 41.955247], [0.365207, 41.95526], [0.36528, 41.955267], [0.365293, 41.955268], [0.365417, 41.955255], [0.365654, 41.955228], [0.365831, 41.955164], [0.365946, 41.955063], [0.366062, 41.954913], [0.366177, 41.954712], [0.366192, 41.954564], [0.366107, 41.954469], [0.366064, 41.954412], [0.366061, 41.954394], [0.366048, 41.954318], [0.366025, 41.954184], [0.366026, 41.954093], [0.36605, 41.954046], [0.366096, 41.953993], [0.366162, 41.953934], [0.36622, 41.953884], [0.366269, 41.953841], [0.366303, 41.953759], [0.366323, 41.953636], [0.366334, 41.953524], [0.366336, 41.953422], [0.36646, 41.953331], [0.366707, 41.953251], [0.366968, 41.953169], [0.367242, 41.953085], [0.367442, 41.952965], [0.367568, 41.952807], [0.367689, 41.952678], [0.367804, 41.952577], [0.367923, 41.952507], [0.368046, 41.952469], [0.368131, 41.952449], [0.368179, 41.952446], [0.368251, 41.952413], [0.368347, 41.952348], [0.368464, 41.952295], [0.368604, 41.952252], [0.368703, 41.952223], [0.368761, 41.952208], [0.36887, 41.952126], [0.36903, 41.951979], [0.369106, 41.951847], [0.369098, 41.951731], [0.369137, 41.951615], [0.369222, 41.951499], [0.369282, 41.951386], [0.369316, 41.951277], [0.369371, 41.951195], [0.369449, 41.95114], [0.369501, 41.95107], [0.369529, 41.950986], [0.369574, 41.950907], [0.369636, 41.950832], [0.369667, 41.950769], [0.369667, 41.950719], [0.369667, 41.950638], [0.369668, 41.950526], [0.369631, 41.950467], [0.369558, 41.95046], [0.36952, 41.950456], [0.369517, 41.950455], [0.369511, 41.950439], [0.369502, 41.950408], [0.36949, 41.950356], [0.369473, 41.950283], [0.369432, 41.950226], [0.369367, 41.950185], [0.369265, 41.950108], [0.369125, 41.949995], [0.368952, 41.949882], [0.368745, 41.949768], [0.36859, 41.949675], [0.368485, 41.949603], [0.368407, 41.949543], [0.368357, 41.949494], [0.368301, 41.94944], [0.368239, 41.949381], [0.368173, 41.949336], [0.368104, 41.949304], [0.368046, 41.949285], [0.368, 41.949278], [0.367964, 41.94926], [0.367936, 41.949233], [0.367902, 41.949192], [0.367861, 41.949138], [0.367718, 41.949093], [0.367475, 41.949057], [0.367339, 41.949075], [0.367311, 41.949147], [0.367297, 41.949197], [0.367296, 41.949225], [0.367294, 41.949287], [0.367292, 41.949384], [0.367227, 41.949463], [0.367101, 41.949526], [0.366995, 41.949562], [0.366908, 41.949572], [0.366841, 41.949603], [0.366793, 41.949655], [0.366752, 41.949707], [0.366719, 41.94976], [0.36669, 41.94981], [0.366666, 41.949858], [0.366594, 41.949869], [0.366473, 41.949845], [0.36638, 41.949805], [0.366314, 41.949749], [0.366187, 41.949734], [0.366, 41.949759], [0.365888, 41.949789], [0.365849, 41.949822], [0.365862, 41.94987], [0.365927, 41.949933], [0.365955, 41.950016], [0.365947, 41.950121], [0.36589, 41.950169], [0.365783, 41.950159], [0.365677, 41.950123], [0.36557, 41.950063], [0.365427, 41.949965], [0.36525, 41.94983], [0.365215, 41.949733], [0.365324, 41.949675], [0.365422, 41.949635], [0.365509, 41.949612], [0.365586, 41.949595], [0.365655, 41.949583], [0.365664, 41.949549], [0.365615, 41.949495], [0.365537, 41.949434], [0.365431, 41.949368], [0.365385, 41.949295], [0.365397, 41.949215], [0.365445, 41.949151], [0.365527, 41.949103], [0.365584, 41.949062], [0.365614, 41.949027], [0.365653, 41.948991], [0.365701, 41.948952], [0.365793, 41.948892], [0.365931, 41.948812], [0.366036, 41.948729], [0.366107, 41.948642], [0.366152, 41.948569], [0.36617, 41.948508], [0.366224, 41.948432], [0.366313, 41.948341], [0.366367, 41.948294], [0.366386, 41.948291], [0.366374, 41.948234], [0.366332, 41.948123], [0.366353, 41.948065], [0.366437, 41.94806], [0.366543, 41.948084], [0.366671, 41.948136], [0.366754, 41.948147], [0.366793, 41.948118], [0.366826, 41.948102], [0.366853, 41.948098], [0.366895, 41.948107], [0.36695, 41.948129], [0.36702, 41.948165], [0.367104, 41.948215], [0.367186, 41.948263], [0.367267, 41.948311], [0.367347, 41.948358], [0.367425, 41.948404], [0.367529, 41.948474], [0.367659, 41.948569], [0.367815, 41.948689], [0.367996, 41.948832], [0.368108, 41.94891], [0.368151, 41.948921], [0.368176, 41.948925], [0.368183, 41.948922], [0.368259, 41.948884], [0.368403, 41.94881], [0.368517, 41.948738], [0.3686, 41.948665], [0.368644, 41.94862], [0.368648, 41.948602], [0.368624, 41.948504], [0.368573, 41.948326], [0.368527, 41.948185], [0.368487, 41.948079], [0.368452, 41.94801], [0.368423, 41.947977], [0.368453, 41.947936], [0.36854, 41.947888], [0.368618, 41.947853], [0.368686, 41.947831], [0.368677, 41.947765], [0.36859, 41.947653], [0.368541, 41.947575], [0.368532, 41.947531], [0.368525, 41.947443], [0.368521, 41.947311], [0.368532, 41.947166], [0.368557, 41.947007], [0.3686, 41.946942], [0.368662, 41.946973], [0.368718, 41.947038], [0.368769, 41.947136], [0.368797, 41.94722], [0.368803, 41.947289], [0.368809, 41.947383], [0.368815, 41.947502], [0.368835, 41.94761], [0.36887, 41.947706], [0.368888, 41.947758], [0.36889, 41.947764], [0.368916, 41.947759], [0.368966, 41.947744], [0.369035, 41.947694], [0.369124, 41.947611], [0.369169, 41.947563], [0.369169, 41.947551], [0.369192, 41.947482], [0.369237, 41.947356], [0.369337, 41.947222], [0.369492, 41.947081], [0.369612, 41.946956], [0.369696, 41.946845], [0.369738, 41.946737], [0.369738, 41.946632], [0.369699, 41.946541], [0.36962, 41.946464], [0.369539, 41.946394], [0.369458, 41.946331], [0.369374, 41.946285], [0.369287, 41.946258], [0.369182, 41.946263], [0.36906, 41.946301], [0.36899, 41.946298], [0.368972, 41.946253], [0.368992, 41.946202], [0.369051, 41.946145], [0.369127, 41.946115], [0.369219, 41.946111], [0.369318, 41.94609], [0.369424, 41.94605], [0.369543, 41.946006], [0.369675, 41.945956], [0.369831, 41.945968], [0.370011, 41.946041], [0.370159, 41.946075], [0.370276, 41.94607], [0.370364, 41.946066], [0.370423, 41.946063], [0.370462, 41.946001], [0.370481, 41.945878], [0.370432, 41.945788], [0.370313, 41.94573], [0.370252, 41.945696], [0.370248, 41.945686], [0.370242, 41.945606], [0.370233, 41.945455], [0.370187, 41.945326], [0.370104, 41.945219], [0.370013, 41.94511], [0.369914, 41.945001], [0.369784, 41.944933], [0.369622, 41.944905], [0.369474, 41.944847], [0.369338, 41.944759], [0.369253, 41.94467], [0.369217, 41.944579], [0.369182, 41.944488], [0.369146, 41.944398], [0.369053, 41.944302], [0.368903, 41.9442], [0.368754, 41.944092], [0.368606, 41.943978], [0.368443, 41.943857], [0.368264, 41.943727], [0.368147, 41.943629], [0.368091, 41.943561], [0.36811, 41.943495], [0.368203, 41.943429], [0.368344, 41.943436], [0.36853, 41.943516], [0.3687, 41.943582], [0.368852, 41.943633], [0.368937, 41.943645], [0.368956, 41.94362], [0.368966, 41.943607], [0.368968, 41.943606], [0.368968, 41.943576], [0.368967, 41.943519], [0.36898, 41.94346], [0.369006, 41.9434], [0.369071, 41.943354], [0.369176, 41.94332], [0.369249, 41.94328], [0.36929, 41.943235], [0.369316, 41.9432], [0.369328, 41.943176], [0.369308, 41.943143], [0.369257, 41.943101], [0.369164, 41.943082], [0.36903, 41.943088], [0.368924, 41.943075], [0.368847, 41.943042], [0.368755, 41.942993], [0.368649, 41.942927], [0.368565, 41.942853], [0.368503, 41.942773], [0.368575, 41.942764], [0.368781, 41.942827], [0.368903, 41.942867], [0.368942, 41.942883], [0.369026, 41.942904], [0.369155, 41.942929], [0.369286, 41.942941], [0.369419, 41.942942], [0.369493, 41.942944], [0.369507, 41.942948], [0.369475, 41.942923], [0.369396, 41.94287], [0.36936, 41.942838], [0.369369, 41.942828], [0.369438, 41.942831], [0.369567, 41.942848], [0.369744, 41.942886], [0.369967, 41.942945], [0.370168, 41.942989], [0.370346, 41.943019], [0.370503, 41.943021], [0.37064, 41.942997], [0.370776, 41.942929], [0.37091, 41.942818], [0.370985, 41.942707], [0.371003, 41.942596], [0.370999, 41.942465], [0.370973, 41.942313], [0.370899, 41.942206], [0.370776, 41.942145], [0.370623, 41.942061], [0.37044, 41.941956], [0.370331, 41.941901], [0.370296, 41.941895], [0.370288, 41.941836], [0.370308, 41.941724], [0.370203, 41.941511], [0.369974, 41.941196], [0.3699, 41.940935], [0.36998, 41.94073], [0.370021, 41.940565], [0.370024, 41.94044], [0.370008, 41.940333], [0.369973, 41.940242], [0.369951, 41.94019], [0.369941, 41.940177], [0.369894, 41.940163], [0.369808, 41.940148], [0.369757, 41.940113], [0.369741, 41.940055], [0.369742, 41.940003], [0.369759, 41.939956], [0.369774, 41.939917], [0.369785, 41.939885], [0.369783, 41.939865], [0.369767, 41.939856], [0.369687, 41.939811], [0.369543, 41.93973], [0.369482, 41.939647], [0.369504, 41.939562], [0.369584, 41.939501], [0.369723, 41.939465], [0.369827, 41.939437], [0.369898, 41.939419], [0.369961, 41.939365], [0.370016, 41.939276], [0.370023, 41.939202], [0.369982, 41.939143], [0.369962, 41.93908], [0.369965, 41.939012], [0.370019, 41.938961], [0.370124, 41.938927], [0.370201, 41.938885], [0.370251, 41.938834], [0.370287, 41.938759], [0.370311, 41.938662], [0.370348, 41.938584], [0.370399, 41.938527], [0.370484, 41.938464], [0.370603, 41.938394], [0.370676, 41.938352], [0.370702, 41.938336], [0.370761, 41.938302], [0.370854, 41.938247], [0.370906, 41.938203], [0.370918, 41.93817], [0.370944, 41.938148], [0.370984, 41.938138], [0.370998, 41.93811], [0.370985, 41.938064], [0.371026, 41.938008], [0.371119, 41.937943], [0.371188, 41.937897], [0.371232, 41.937873], [0.371256, 41.937853], [0.37126, 41.937839], [0.371306, 41.937761], [0.371395, 41.93762], [0.371477, 41.937522], [0.371552, 41.937467], [0.371609, 41.937367], [0.371649, 41.937221], [0.371715, 41.937122], [0.371806, 41.937068], [0.371887, 41.937032], [0.371956, 41.937014], [0.37201, 41.936997], [0.372048, 41.936981], [0.37208, 41.936931], [0.372108, 41.936848], [0.372186, 41.936776], [0.372312, 41.936715], [0.37242, 41.93659], [0.372508, 41.936401], [0.372553, 41.936306], [0.372553, 41.936305], [0.372644, 41.936277], [0.372826, 41.936224], [0.372981, 41.93616], [0.373109, 41.936085], [0.373196, 41.936006], [0.373243, 41.935924], [0.373267, 41.935856], [0.37327, 41.935804], [0.373275, 41.935776], [0.373281, 41.935773], [0.373309, 41.93574], [0.373361, 41.935677], [0.373377, 41.935578], [0.373356, 41.935446], [0.373348, 41.93537], [0.373352, 41.935352], [0.373366, 41.935294], [0.373388, 41.935196], [0.373443, 41.935105], [0.373532, 41.93502], [0.373722, 41.934839], [0.374016, 41.934563], [0.374214, 41.934385], [0.374318, 41.934308], [0.374404, 41.934261], [0.374474, 41.934242], [0.374541, 41.934219], [0.374606, 41.934191], [0.374677, 41.934161], [0.374755, 41.934128], [0.374805, 41.934062], [0.374829, 41.933965], [0.374809, 41.933885], [0.374744, 41.933823], [0.3747, 41.933788], [0.374677, 41.933782], [0.374665, 41.933778], [0.374664, 41.933776], [0.374651, 41.933699], [0.374626, 41.933547], [0.374637, 41.933423], [0.374685, 41.933328], [0.374832, 41.933243], [0.375076, 41.933167], [0.375276, 41.933167], [0.37543, 41.933244], [0.375537, 41.933249], [0.375598, 41.93318], [0.375628, 41.933095], [0.375627, 41.932996], [0.375653, 41.932886], [0.375705, 41.932766], [0.375764, 41.932654], [0.375831, 41.932548], [0.375985, 41.932464], [0.376225, 41.9324], [0.376347, 41.932365], [0.37635, 41.932359], [0.376375, 41.932289], [0.376421, 41.932157], [0.376485, 41.932066], [0.376567, 41.932018], [0.376642, 41.931999], [0.37671, 41.93201], [0.376748, 41.932012], [0.376757, 41.932004], [0.3768, 41.931995], [0.376877, 41.931986], [0.376982, 41.931989], [0.377113, 41.932002], [0.377267, 41.932025], [0.377442, 41.932059], [0.377524, 41.932002], [0.377512, 41.931855], [0.377455, 41.931739], [0.377352, 41.931655], [0.377224, 41.931568], [0.377072, 41.931478], [0.376961, 41.931343], [0.37689, 41.931162], [0.376812, 41.930974], [0.376727, 41.930778], [0.37682, 41.930713], [0.377092, 41.930776], [0.37729, 41.930789], [0.377412, 41.930751], [0.37746, 41.930656], [0.377435, 41.930504], [0.377569, 41.930492], [0.377865, 41.93062], [0.378135, 41.930696], [0.378381, 41.93072], [0.3785, 41.930806], [0.378493, 41.930955], [0.378569, 41.931105], [0.378727, 41.931258], [0.378904, 41.931349], [0.379098, 41.93138], [0.379311, 41.931401], [0.379542, 41.931411], [0.379776, 41.931346], [0.380015, 41.931207], [0.380133, 41.93113], [0.380133, 41.931116], [0.380108, 41.931092], [0.380058, 41.931058], [0.380015, 41.930995], [0.379979, 41.930905], [0.379967, 41.930838], [0.379978, 41.930796], [0.379873, 41.930801], [0.379653, 41.930855], [0.37949, 41.930795], [0.379384, 41.930623], [0.379379, 41.930498], [0.379475, 41.93042], [0.379611, 41.930296], [0.379787, 41.930126], [0.379839, 41.929957], [0.379766, 41.929788], [0.379734, 41.929679], [0.379741, 41.92963], [0.379739, 41.929543], [0.379725, 41.929417], [0.379676, 41.929312], [0.379589, 41.929229], [0.379489, 41.929126], [0.379376, 41.929003], [0.379232, 41.928964], [0.379059, 41.92901], [0.378938, 41.928986], [0.37887, 41.928892], [0.378787, 41.928791], [0.378688, 41.928682], [0.378673, 41.928618], [0.378742, 41.9286], [0.378865, 41.928611], [0.379041, 41.928653], [0.379118, 41.928636], [0.379097, 41.928559], [0.379059, 41.928381], [0.379004, 41.928102], [0.378952, 41.92796], [0.378903, 41.927955], [0.378814, 41.92794], [0.378685, 41.927915], [0.378684, 41.927865], [0.378812, 41.927791], [0.378947, 41.927729], [0.379087, 41.92768], [0.379193, 41.92759], [0.379263, 41.92746], [0.379209, 41.927386], [0.379029, 41.927369], [0.378805, 41.927366], [0.378537, 41.927378], [0.378302, 41.927393], [0.3781, 41.927411], [0.377883, 41.927421], [0.37765, 41.927423], [0.377516, 41.927408], [0.377482, 41.927375], [0.377424, 41.927398], [0.377343, 41.927475], [0.377205, 41.927558], [0.377008, 41.927645], [0.376829, 41.927724], [0.376668, 41.927796], [0.376563, 41.927807], [0.376512, 41.927759], [0.376518, 41.927697], [0.37658, 41.927622], [0.376719, 41.927558], [0.376935, 41.927504], [0.37706, 41.927447], [0.377094, 41.927388], [0.377142, 41.927324], [0.377203, 41.927256], [0.377275, 41.927166], [0.377359, 41.927056], [0.377447, 41.926971], [0.37754, 41.926911], [0.377623, 41.926857], [0.377697, 41.926808], [0.37778, 41.92676], [0.37787, 41.926713], [0.37794, 41.926691], [0.377989, 41.926696], [0.378001, 41.926728], [0.377975, 41.926788], [0.377926, 41.926858], [0.377855, 41.926939], [0.377808, 41.927002], [0.377784, 41.92705], [0.377898, 41.927086], [0.378152, 41.92711], [0.378385, 41.927083], [0.378597, 41.927004], [0.37892, 41.926848], [0.379356, 41.926616], [0.379686, 41.926473], [0.37991, 41.92642], [0.380151, 41.926369], [0.380408, 41.926319], [0.380566, 41.926265], [0.380625, 41.926209], [0.380703, 41.926191], [0.380799, 41.926213], [0.380939, 41.92622], [0.381123, 41.926213], [0.381193, 41.926139], [0.381149, 41.925998], [0.381092, 41.92583], [0.381023, 41.925637], [0.380965, 41.925482], [0.380917, 41.925365], [0.380977, 41.925296], [0.381147, 41.925275], [0.381273, 41.925318], [0.381356, 41.925426], [0.381457, 41.925517], [0.381579, 41.92559], [0.38171, 41.925703], [0.381853, 41.925854], [0.38199, 41.925979], [0.382124, 41.926079], [0.382237, 41.926152], [0.382329, 41.926198], [0.382414, 41.926207], [0.38249, 41.926179], [0.38257, 41.926149], [0.382652, 41.926118], [0.38268, 41.926033], [0.382652, 41.925893], [0.382654, 41.925725], [0.382685, 41.925529], [0.382731, 41.925396], [0.382792, 41.925327], [0.382838, 41.925245], [0.38287, 41.925148], [0.382824, 41.925019], [0.3827, 41.924858], [0.382606, 41.924738], [0.382541, 41.924659], [0.382485, 41.924591], [0.382438, 41.924535], [0.382413, 41.924494], [0.38241, 41.924468], [0.382402, 41.924412], [0.382391, 41.924323], [0.382386, 41.924217], [0.382389, 41.924093], [0.382432, 41.923979], [0.382515, 41.923874], [0.382579, 41.923602], [0.382624, 41.923161], [0.382653, 41.922871], [0.382667, 41.922732], [0.382674, 41.92266], [0.382673, 41.922653], [0.382651, 41.922629], [0.38261, 41.922588], [0.382593, 41.922521], [0.382599, 41.922428], [0.382614, 41.922361], [0.382637, 41.92232], [0.3827, 41.922289], [0.382803, 41.922267], [0.38291, 41.922253], [0.383019, 41.922244], [0.383129, 41.92223], [0.38324, 41.922208], [0.383273, 41.922152], [0.38323, 41.922062], [0.383207, 41.922016], [0.383204, 41.922015], [0.383141, 41.92199], [0.38302, 41.921942], [0.382906, 41.921882], [0.382801, 41.921809], [0.382751, 41.921711], [0.382754, 41.921587], [0.38271, 41.921446], [0.382618, 41.921287], [0.382614, 41.921212], [0.382696, 41.92122], [0.382843, 41.921234], [0.383055, 41.921255], [0.383214, 41.921251], [0.383318, 41.921224], [0.383354, 41.921153], [0.383322, 41.921037], [0.383306, 41.92088], [0.383304, 41.920681], [0.383344, 41.920485], [0.383424, 41.920294], [0.383437, 41.920158], [0.383383, 41.920078], [0.383339, 41.919993], [0.383303, 41.919902], [0.383351, 41.919797], [0.383482, 41.919677], [0.38355, 41.919615], [0.383555, 41.919611], [0.383572, 41.919567], [0.383602, 41.919482], [0.383664, 41.919358], [0.383756, 41.919192], [0.38385, 41.91902], [0.383945, 41.918843], [0.384022, 41.91867], [0.384082, 41.918501], [0.384112, 41.918404], [0.384113, 41.91838], [0.384128, 41.918355], [0.384159, 41.918331], [0.384217, 41.918237], [0.384303, 41.918073], [0.384365, 41.917974], [0.384403, 41.91794], [0.384507, 41.917863], [0.384676, 41.917742], [0.38479, 41.917647], [0.384851, 41.917578], [0.38494, 41.917543], [0.385056, 41.917542], [0.385148, 41.917537], [0.385216, 41.917528], [0.385261, 41.917504], [0.385284, 41.917466], [0.385336, 41.917426], [0.385418, 41.917384], [0.385493, 41.917379], [0.385563, 41.91741], [0.385602, 41.917438], [0.385612, 41.917462], [0.385652, 41.917469], [0.385724, 41.917459], [0.385803, 41.91739], [0.38589, 41.917261], [0.385941, 41.917092], [0.385958, 41.916882], [0.385954, 41.916645], [0.38593, 41.916381], [0.385879, 41.916176], [0.385802, 41.916032], [0.385757, 41.915956], [0.385744, 41.915949], [0.385692, 41.91594], [0.385599, 41.915932], [0.38551, 41.915907], [0.385425, 41.915868], [0.385366, 41.915825], [0.385332, 41.915778], [0.385312, 41.915748], [0.385308, 41.915736], [0.385233, 41.915713], [0.385087, 41.91568], [0.38497, 41.915678], [0.384882, 41.915707], [0.384824, 41.915651], [0.384797, 41.915512], [0.384764, 41.915403], [0.384727, 41.915324], [0.384728, 41.915266], [0.384769, 41.915227], [0.384828, 41.91517], [0.384905, 41.915096], [0.384992, 41.914964], [0.385088, 41.914774], [0.385084, 41.914593], [0.384978, 41.914421], [0.384826, 41.914281], [0.384627, 41.914175], [0.384534, 41.914029], [0.384546, 41.913843], [0.384536, 41.913699], [0.384502, 41.913596], [0.384397, 41.91353], [0.384219, 41.9135], [0.384127, 41.913448], [0.384123, 41.913373], [0.384205, 41.913261], [0.384374, 41.913114], [0.384453, 41.913034], [0.384442, 41.913023], [0.384423, 41.913004], [0.384395, 41.912978], [0.384309, 41.912944], [0.384165, 41.912904], [0.383976, 41.912885], [0.383743, 41.912888], [0.38356, 41.912886], [0.383426, 41.912878], [0.383356, 41.912847], [0.38335, 41.912791], [0.383346, 41.912719], [0.383343, 41.912631], [0.383299, 41.912547], [0.383214, 41.912465], [0.383169, 41.912414], [0.383164, 41.912396], [0.383125, 41.912379], [0.38305, 41.912364], [0.382987, 41.912311], [0.382935, 41.912219], [0.382889, 41.912096], [0.382846, 41.911942], [0.382823, 41.911835], [0.38282, 41.911774], [0.382805, 41.911728], [0.382778, 41.911698], [0.382731, 41.911611], [0.382663, 41.911469], [0.382638, 41.911343], [0.382655, 41.911235], [0.382731, 41.911147], [0.382867, 41.911079], [0.383063, 41.911031], [0.383317, 41.911004], [0.383512, 41.910979], [0.383648, 41.910955], [0.383735, 41.910957], [0.383774, 41.910985], [0.383842, 41.911004], [0.38394, 41.911014], [0.38407, 41.910979], [0.384232, 41.910902], [0.384331, 41.910844], [0.384367, 41.910807], [0.384392, 41.910782], [0.384405, 41.910767], [0.384495, 41.910737], [0.38466, 41.91069], [0.38479, 41.910659], [0.384883, 41.910643], [0.384958, 41.910616], [0.385014, 41.910578], [0.385103, 41.910568], [0.385225, 41.910586], [0.385335, 41.910608], [0.385435, 41.910635], [0.38554, 41.910605], [0.385649, 41.910517], [0.385721, 41.910451], [0.385755, 41.910407], [0.385764, 41.910373], [0.385749, 41.910351], [0.385731, 41.910323], [0.385712, 41.91029], [0.385763, 41.910245], [0.385886, 41.910186], [0.385949, 41.910155], [0.385953, 41.910151], [0.385939, 41.910085], [0.38591, 41.909957], [0.385893, 41.909856], [0.385888, 41.909781], [0.385858, 41.909737], [0.385802, 41.909725], [0.385698, 41.909703], [0.385545, 41.90967], [0.385462, 41.90963], [0.385449, 41.909584], [0.385439, 41.909546], [0.38543, 41.909515], [0.385387, 41.909484], [0.385309, 41.909451], [0.385199, 41.909466], [0.385056, 41.909527], [0.384924, 41.909575], [0.384801, 41.909611], [0.384619, 41.909621], [0.384377, 41.909605], [0.384063, 41.909582], [0.383677, 41.909552], [0.383421, 41.909524], [0.383296, 41.909498], [0.383214, 41.909506], [0.383176, 41.909547], [0.38311, 41.909573], [0.383017, 41.909583], [0.382936, 41.909572], [0.382866, 41.90954], [0.382792, 41.909486], [0.382712, 41.90941], [0.382642, 41.909356], [0.38258, 41.909326], [0.382512, 41.909285], [0.382437, 41.909234], [0.382409, 41.909148], [0.382428, 41.909028], [0.382423, 41.908956], [0.382393, 41.908931], [0.382325, 41.9089], [0.382218, 41.908862], [0.382126, 41.908827], [0.382049, 41.908795], [0.381987, 41.908765], [0.381939, 41.908737], [0.381918, 41.908685], [0.381923, 41.908608], [0.381953, 41.908507], [0.382009, 41.908381], [0.382053, 41.90827], [0.382087, 41.908173], [0.382109, 41.90809], [0.38212, 41.908022], [0.382129, 41.907983], [0.382136, 41.907973], [0.382135, 41.907936], [0.382124, 41.907869], [0.382121, 41.907796], [0.382126, 41.907715], [0.382086, 41.907649], [0.382003, 41.907598], [0.381916, 41.907571], [0.381825, 41.907568], [0.381704, 41.907572], [0.381553, 41.907582], [0.381474, 41.907559], [0.381466, 41.907502], [0.381526, 41.907465], [0.381654, 41.907446], [0.381727, 41.907403], [0.381746, 41.907336], [0.381804, 41.907308], [0.381902, 41.907317], [0.381998, 41.907342], [0.382091, 41.907382], [0.382166, 41.907436], [0.382222, 41.907504], [0.382301, 41.907527], [0.382404, 41.907506], [0.382495, 41.90748], [0.382575, 41.90745], [0.382667, 41.907419], [0.382772, 41.907385], [0.382838, 41.907365], [0.382865, 41.907359], [0.382942, 41.907342], [0.38307, 41.907313], [0.383156, 41.907267], [0.383199, 41.907202], [0.383224, 41.907124], [0.383231, 41.907031], [0.383213, 41.906982], [0.383173, 41.906979], [0.383135, 41.906985], [0.383101, 41.907003], [0.38306, 41.907024], [0.383013, 41.907048], [0.382961, 41.907108], [0.382905, 41.907202], [0.382838, 41.90723], [0.382761, 41.907191], [0.382707, 41.907136], [0.382677, 41.907065], [0.382713, 41.906997], [0.382815, 41.906932], [0.382881, 41.906854], [0.382912, 41.906763], [0.382949, 41.906696], [0.382993, 41.906652], [0.383033, 41.906612], [0.383068, 41.906577], [0.38307, 41.906526], [0.383039, 41.906461], [0.383008, 41.906393], [0.382978, 41.906321], [0.382938, 41.906283], [0.382889, 41.906279], [0.382822, 41.906283], [0.382736, 41.906297], [0.382676, 41.906307], [0.382643, 41.906313], [0.382596, 41.906319], [0.382537, 41.906326], [0.38246, 41.906315], [0.382365, 41.906287], [0.3823, 41.906247], [0.382267, 41.906194], [0.382266, 41.906122], [0.382297, 41.906032], [0.382314, 41.905983], [0.382317, 41.905975], [0.382306, 41.905957], [0.382281, 41.905929], [0.382263, 41.905885], [0.382252, 41.905826], [0.382242, 41.905721], [0.382232, 41.90557], [0.382227, 41.905465], [0.382225, 41.905408], [0.38222, 41.905379], [0.382213, 41.905379], [0.382156, 41.905349], [0.38205, 41.905288], [0.38202, 41.905214], [0.382067, 41.905125], [0.382121, 41.905067], [0.382182, 41.905039], [0.382213, 41.90502], [0.382212, 41.905011], [0.382203, 41.904933], [0.382186, 41.904784], [0.382165, 41.904688], [0.382143, 41.904644], [0.382156, 41.904594], [0.382206, 41.904537], [0.382217, 41.90447], [0.382188, 41.904392], [0.382163, 41.904337], [0.382143, 41.904304], [0.382091, 41.904268], [0.382006, 41.904229], [0.381935, 41.904206], [0.38188, 41.904201], [0.381852, 41.904183], [0.381852, 41.904152], [0.38183, 41.904134], [0.381784, 41.904129], [0.381723, 41.904155], [0.381648, 41.90421], [0.38157, 41.904258], [0.381488, 41.9043], [0.381395, 41.904335], [0.381291, 41.904362], [0.381199, 41.904372], [0.381117, 41.904364], [0.381036, 41.904378], [0.380955, 41.904414], [0.380867, 41.904421], [0.380771, 41.904399], [0.380697, 41.904392], [0.380646, 41.9044], [0.380528, 41.90441], [0.380343, 41.904424], [0.380233, 41.904416], [0.380196, 41.904387], [0.3802, 41.904335], [0.380245, 41.904258], [0.380254, 41.904203], [0.380226, 41.904169], [0.380159, 41.904144], [0.380054, 41.904128], [0.379932, 41.904113], [0.379793, 41.9041], [0.37972, 41.904033], [0.379714, 41.903915], [0.379718, 41.903831], [0.379731, 41.903783], [0.379726, 41.903745], [0.379704, 41.903717], [0.379686, 41.903672], [0.37967, 41.903609], [0.379647, 41.903555], [0.379616, 41.90351], [0.379576, 41.903491], [0.379527, 41.903496], [0.379462, 41.903513], [0.379383, 41.903543], [0.379327, 41.903553], [0.379296, 41.903544], [0.379287, 41.903497], [0.3793, 41.903411], [0.379314, 41.903325], [0.379327, 41.903239], [0.379323, 41.903153], [0.379302, 41.903067], [0.379279, 41.903023], [0.379256, 41.90302], [0.379213, 41.903013], [0.379151, 41.903002], [0.379102, 41.902991], [0.379068, 41.902979], [0.379036, 41.902938], [0.379007, 41.902866], [0.378981, 41.902764], [0.378958, 41.902631], [0.378918, 41.902518], [0.378862, 41.902425], [0.378788, 41.902352], [0.378698, 41.902299], [0.378579, 41.902253], [0.378431, 41.902214], [0.37828, 41.902186], [0.378127, 41.902168], [0.378035, 41.902212], [0.378003, 41.902316], [0.377958, 41.902372], [0.377899, 41.902379], [0.377831, 41.90236], [0.377755, 41.902315], [0.377698, 41.902254], [0.377661, 41.902175], [0.377614, 41.902133], [0.377557, 41.902128], [0.377478, 41.902123], [0.377379, 41.90212], [0.377263, 41.902118], [0.37713, 41.902118], [0.377056, 41.902117], [0.37704, 41.902115], [0.377052, 41.902089], [0.377094, 41.902037], [0.377145, 41.901998], [0.377207, 41.901973], [0.377294, 41.901953], [0.377404, 41.901939], [0.37749, 41.901922], [0.377551, 41.901903], [0.377631, 41.901892], [0.377731, 41.901889], [0.377799, 41.901888], [0.377835, 41.901887], [0.377864, 41.901887], [0.377887, 41.901887], [0.377897, 41.901879], [0.377894, 41.901864], [0.37789, 41.901838], [0.377884, 41.901803], [0.37787, 41.901775], [0.377848, 41.901754], [0.377809, 41.901713], [0.377752, 41.901652], [0.37776, 41.901606], [0.377831, 41.901575], [0.377906, 41.901545], [0.377986, 41.901515], [0.378091, 41.901507], [0.378222, 41.901519], [0.378322, 41.901541], [0.378392, 41.901573], [0.378443, 41.901615], [0.378476, 41.901668], [0.378503, 41.901699], [0.378523, 41.901707], [0.378555, 41.901719], [0.378597, 41.901736], [0.378656, 41.901742], [0.378731, 41.901736], [0.378815, 41.901707], [0.378906, 41.901654], [0.378933, 41.901613], [0.378896, 41.901584], [0.37882, 41.901547], [0.378705, 41.901501], [0.378638, 41.901458], [0.378622, 41.901415], [0.378566, 41.901368], [0.37847, 41.901315], [0.378394, 41.901289], [0.378336, 41.90129], [0.378246, 41.901285], [0.378124, 41.901273], [0.378015, 41.901253], [0.37792, 41.901225], [0.377849, 41.901225], [0.377803, 41.901252], [0.377747, 41.901293], [0.37768, 41.901349], [0.377582, 41.901389], [0.377454, 41.901414], [0.37733, 41.901433], [0.377212, 41.901447], [0.377104, 41.901446], [0.377007, 41.90143], [0.376958, 41.901401], [0.376956, 41.901357], [0.376984, 41.901316], [0.37704, 41.901278], [0.377101, 41.901231], [0.377168, 41.901175], [0.377222, 41.901149], [0.377263, 41.901153], [0.377313, 41.901151], [0.377372, 41.901145], [0.377437, 41.901129], [0.377507, 41.901105], [0.377586, 41.901069], [0.377674, 41.901023], [0.377724, 41.900996], [0.377736, 41.90099], [0.377759, 41.900955], [0.377794, 41.90089], [0.377805, 41.900847], [0.377792, 41.900827], [0.377743, 41.900807], [0.377659, 41.900786], [0.377608, 41.900765], [0.37759, 41.900742], [0.377568, 41.900714], [0.377542, 41.900682], [0.377521, 41.900655], [0.377505, 41.900635], [0.37749, 41.900623], [0.377477, 41.900619], [0.377449, 41.90062], [0.377405, 41.900626], [0.377326, 41.900651], [0.377211, 41.900696], [0.377066, 41.900717], [0.376893, 41.900712], [0.376731, 41.900709], [0.376582, 41.900707], [0.376409, 41.900725], [0.376212, 41.900762], [0.376059, 41.900788], [0.375948, 41.900802], [0.37586, 41.900809], [0.375794, 41.900809], [0.375678, 41.900807], [0.375512, 41.900804], [0.375371, 41.900802], [0.375255, 41.900804], [0.37511, 41.90083], [0.374935, 41.900882], [0.374808, 41.900926], [0.374728, 41.900962], [0.374607, 41.900991], [0.374446, 41.901015], [0.374327, 41.90106], [0.374249, 41.901125], [0.374172, 41.901166], [0.374094, 41.901184], [0.374054, 41.901152], [0.37405, 41.901071], [0.374015, 41.901005], [0.373948, 41.900955], [0.373856, 41.900909], [0.373738, 41.900866], [0.373617, 41.90082], [0.373492, 41.900771], [0.373383, 41.90072], [0.373292, 41.900667], [0.373195, 41.900602], [0.373091, 41.900524], [0.373054, 41.90047], [0.373083, 41.900442], [0.373143, 41.900404], [0.373233, 41.900357], [0.373313, 41.900327], [0.373381, 41.900315], [0.373458, 41.9003], [0.373544, 41.900284], [0.373599, 41.900273], [0.373625, 41.900269], [0.373696, 41.900242], [0.373814, 41.900194], [0.373919, 41.900145], [0.374011, 41.900095], [0.374066, 41.900054], [0.374086, 41.900021], [0.3741, 41.899978], [0.374108, 41.899925], [0.374111, 41.899862], [0.374108, 41.89979], [0.374061, 41.899731], [0.37397, 41.899686], [0.373835, 41.899655], [0.373656, 41.899638], [0.373503, 41.899609], [0.373375, 41.899569], [0.373295, 41.899535], [0.373262, 41.899507], [0.373181, 41.899484], [0.373051, 41.899467], [0.37295, 41.899448], [0.372878, 41.899429], [0.372844, 41.89941], [0.372847, 41.899391], [0.372909, 41.899338], [0.373031, 41.89925], [0.373101, 41.899207], [0.37312, 41.899207], [0.373135, 41.899185], [0.373149, 41.899139], [0.3732, 41.8991], [0.373289, 41.899069], [0.37341, 41.899062], [0.373564, 41.899079], [0.373728, 41.899112], [0.373901, 41.899159], [0.374082, 41.899221], [0.374274, 41.899299], [0.374479, 41.899363], [0.374698, 41.899415], [0.374931, 41.899454], [0.375178, 41.899481], [0.375367, 41.899501], [0.375497, 41.899515], [0.375568, 41.899522], [0.37558, 41.899523], [0.375627, 41.899521], [0.375709, 41.899516], [0.375826, 41.899507], [0.375978, 41.899495], [0.376112, 41.899477], [0.376228, 41.899454], [0.376327, 41.899424], [0.376407, 41.899389], [0.376468, 41.899353], [0.37651, 41.899317], [0.376532, 41.899279], [0.376536, 41.899241], [0.376582, 41.89921], [0.376671, 41.899187], [0.376804, 41.89917], [0.376979, 41.899162], [0.377166, 41.899144], [0.377364, 41.899118], [0.377574, 41.899084], [0.377795, 41.899041], [0.377916, 41.899017], [0.377938, 41.89901], [0.377972, 41.899008], [0.378016, 41.89901], [0.378105, 41.89901], [0.378238, 41.899011], [0.378375, 41.899012], [0.378516, 41.899013], [0.378657, 41.899008], [0.3788, 41.898997], [0.378959, 41.898937], [0.379134, 41.898829], [0.379284, 41.898722], [0.379409, 41.898616], [0.379513, 41.898533], [0.379598, 41.898472], [0.379678, 41.898387], [0.379753, 41.898275], [0.379752, 41.898191], [0.379673, 41.898133], [0.379625, 41.898097], [0.379607, 41.898083], [0.379563, 41.898061], [0.379493, 41.898029], [0.379454, 41.897963], [0.379445, 41.897863], [0.379427, 41.897768], [0.3794, 41.897678], [0.379335, 41.897591], [0.379232, 41.897506], [0.379152, 41.89738], [0.379096, 41.897213], [0.379143, 41.897152], [0.379293, 41.897197], [0.379383, 41.897218], [0.379413, 41.897215], [0.379443, 41.897212], [0.379472, 41.897208], [0.379528, 41.897185], [0.37961, 41.897141], [0.37966, 41.897115], [0.379678, 41.897106], [0.379752, 41.89708], [0.379883, 41.897036], [0.380049, 41.897015], [0.380248, 41.897015], [0.380442, 41.897021], [0.380631, 41.897033], [0.380795, 41.897046], [0.380934, 41.897059], [0.381037, 41.897091], [0.381104, 41.897141], [0.38113, 41.897209], [0.381117, 41.897295], [0.381094, 41.897383], [0.381064, 41.897474], [0.381038, 41.89758], [0.381019, 41.897703], [0.380975, 41.89782], [0.380908, 41.897932], [0.38085, 41.898011], [0.380801, 41.898056], [0.380725, 41.898104], [0.38062, 41.898156], [0.380557, 41.898187], [0.380535, 41.898198], [0.380501, 41.898245], [0.380455, 41.898327], [0.380442, 41.89841], [0.380462, 41.898493], [0.380525, 41.89854], [0.380631, 41.89855], [0.380692, 41.898587], [0.380707, 41.898651], [0.38076, 41.898706], [0.380853, 41.898752], [0.380966, 41.89875], [0.381101, 41.898701], [0.381183, 41.898677], [0.381212, 41.898677], [0.381255, 41.898679], [0.381314, 41.89868], [0.381355, 41.898681], [0.381378, 41.898682], [0.381429, 41.898676], [0.381509, 41.898664], [0.381616, 41.898646], [0.381752, 41.898622], [0.381861, 41.898586], [0.381944, 41.898539], [0.381999, 41.898481], [0.382028, 41.898412], [0.382045, 41.89834], [0.382049, 41.898266], [0.382041, 41.898189], [0.382021, 41.898111], [0.382016, 41.898023], [0.382026, 41.897926], [0.382034, 41.897867], [0.382042, 41.897845], [0.381995, 41.897812], [0.381893, 41.897767], [0.381774, 41.897732], [0.381637, 41.897706], [0.381566, 41.897681], [0.381562, 41.897656], [0.381586, 41.897608], [0.381639, 41.897538], [0.38169, 41.8975], [0.381741, 41.897492], [0.38181, 41.897505], [0.381896, 41.897538], [0.381987, 41.897574], [0.382084, 41.897613], [0.382196, 41.89759], [0.382325, 41.897506], [0.382435, 41.897451], [0.382527, 41.897425], [0.382574, 41.89741], [0.382576, 41.897406], [0.382596, 41.897363], [0.382634, 41.897279], [0.382688, 41.897203], [0.382757, 41.897135], [0.382805, 41.897093], [0.382832, 41.897077], [0.382868, 41.897034], [0.382913, 41.896964], [0.382962, 41.896887], [0.383017, 41.896805], [0.383055, 41.896722], [0.383077, 41.896637], [0.383131, 41.896611], [0.383217, 41.896644], [0.383272, 41.89669], [0.383296, 41.896748], [0.38331, 41.896815], [0.383315, 41.89689], [0.383315, 41.896968], [0.38331, 41.897048], [0.383324, 41.897121], [0.383355, 41.897187], [0.383382, 41.897233], [0.383407, 41.897262], [0.383452, 41.8972], [0.383519, 41.897048], [0.383571, 41.896809], [0.383609, 41.896483], [0.383642, 41.896207], [0.383671, 41.895982], [0.383695, 41.895807], [0.383714, 41.895683], [0.383694, 41.895509], [0.383634, 41.895286], [0.383533, 41.895013], [0.383392, 41.894691], [0.383291, 41.894422], [0.383229, 41.894208], [0.383203, 41.894075], [0.383211, 41.894023], [0.383197, 41.893985], [0.38316, 41.893959], [0.383111, 41.893903], [0.38305, 41.893816], [0.383021, 41.893741], [0.383022, 41.893679], [0.383052, 41.893623], [0.38311, 41.893573], [0.383154, 41.893474], [0.383186, 41.893328], [0.383186, 41.893197], [0.383154, 41.893082], [0.383139, 41.893024], [0.38311, 41.892971], [0.383052, 41.892866], [0.382961, 41.892783], [0.382838, 41.892721], [0.382746, 41.892689], [0.382686, 41.892687], [0.382647, 41.892678], [0.382629, 41.892663], [0.382572, 41.892594], [0.382477, 41.892473], [0.382411, 41.892373], [0.382374, 41.892295], [0.382306, 41.892247], [0.382204, 41.892228], [0.382126, 41.892185], [0.38207, 41.892118], [0.38199, 41.891998], [0.381884, 41.891826], [0.381855, 41.891692], [0.381904, 41.891597], [0.382005, 41.891532], [0.38216, 41.891497], [0.382298, 41.891462], [0.382418, 41.891425], [0.382501, 41.89135], [0.382546, 41.891235], [0.382627, 41.891039], [0.382744, 41.890759], [0.38282, 41.890539], [0.382854, 41.890376], [0.382848, 41.890271], [0.3828, 41.890225], [0.382749, 41.890162], [0.382696, 41.890082], [0.382641, 41.889984], [0.382583, 41.88987], [0.382512, 41.889761], [0.382428, 41.889657], [0.382331, 41.889558], [0.382222, 41.889464], [0.38212, 41.889383], [0.382027, 41.889314], [0.381941, 41.889258], [0.381863, 41.889214], [0.381809, 41.889164], [0.381779, 41.889107], [0.381772, 41.889043], [0.38179, 41.888973], [0.381761, 41.888865], [0.381685, 41.888721], [0.381564, 41.88854], [0.381397, 41.888322], [0.381269, 41.888157], [0.381183, 41.888045], [0.381136, 41.887987], [0.38113, 41.887982], [0.381133, 41.887973], [0.381145, 41.887959], [0.381166, 41.887942], [0.381196, 41.887919], [0.381226, 41.887898], [0.381253, 41.887877], [0.381256, 41.887861], [0.381232, 41.88785], [0.381123, 41.887829], [0.380929, 41.887798], [0.380784, 41.887821], [0.380688, 41.887899], [0.380644, 41.887969], [0.380651, 41.888032], [0.380728, 41.888121], [0.380876, 41.888235], [0.38095, 41.888341], [0.380951, 41.888441], [0.380927, 41.888539], [0.380879, 41.888634], [0.380793, 41.888706], [0.380669, 41.888757], [0.380606, 41.888838], [0.380605, 41.88895], [0.380518, 41.889029], [0.380344, 41.889074], [0.380175, 41.889095], [0.38001, 41.889092], [0.379883, 41.889055], [0.379794, 41.888984], [0.379718, 41.888889], [0.379654, 41.888771], [0.379551, 41.88863], [0.379411, 41.888467], [0.379287, 41.888362], [0.379178, 41.888314], [0.379076, 41.888279], [0.37898, 41.888258], [0.378901, 41.888281], [0.37884, 41.88835], [0.378727, 41.888439], [0.37856, 41.888547], [0.378417, 41.888509], [0.378297, 41.888323], [0.378144, 41.888189], [0.377957, 41.888109], [0.377841, 41.888005], [0.377795, 41.887876], [0.377748, 41.887753], [0.3777, 41.887636], [0.377681, 41.887547], [0.377691, 41.887486], [0.377795, 41.887402], [0.377995, 41.887297], [0.378119, 41.887197], [0.378167, 41.887102], [0.378158, 41.887001], [0.378092, 41.886895], [0.378176, 41.886885], [0.378412, 41.88697], [0.378582, 41.887048], [0.378687, 41.887121], [0.378741, 41.887194], [0.378746, 41.88727], [0.37869, 41.887414], [0.378573, 41.887627], [0.378575, 41.88777], [0.378697, 41.887844], [0.378822, 41.887894], [0.37895, 41.887918], [0.379133, 41.887917], [0.37937, 41.88789], [0.379606, 41.887869], [0.37984, 41.887855], [0.380171, 41.887762], [0.380596, 41.887591], [0.380869, 41.887493], [0.380989, 41.887467], [0.381121, 41.887424], [0.381263, 41.887363], [0.381497, 41.887304], [0.381821, 41.887248], [0.382074, 41.887173], [0.382255, 41.887078], [0.382405, 41.886967], [0.382525, 41.88684], [0.382587, 41.886759], [0.382593, 41.886724], [0.382599, 41.886632], [0.382606, 41.886483], [0.38262, 41.886341], [0.382642, 41.886206], [0.382769, 41.886137], [0.383002, 41.886135], [0.383182, 41.886096], [0.38331, 41.886021], [0.383295, 41.885958], [0.383138, 41.885905], [0.383049, 41.885834], [0.38303, 41.885745], [0.383028, 41.885652], [0.383044, 41.885554], [0.383058, 41.885468], [0.383069, 41.885394], [0.383171, 41.885273], [0.383364, 41.885105], [0.383472, 41.884947], [0.383495, 41.8848], [0.383449, 41.884727], [0.383333, 41.884728], [0.383237, 41.884735], [0.383163, 41.884748], [0.383037, 41.884741], [0.382859, 41.884713], [0.382436, 41.884701], [0.381767, 41.884706], [0.381236, 41.884716], [0.380841, 41.884731], [0.380584, 41.884751], [0.380463, 41.884776], [0.380344, 41.884801], [0.380227, 41.884827], [0.380111, 41.884852], [0.379996, 41.884878], [0.37986, 41.884917], [0.379702, 41.884968], [0.379521, 41.885032], [0.379319, 41.885109], [0.37911, 41.885202], [0.378894, 41.88531], [0.378732, 41.885396], [0.378625, 41.88546], [0.378452, 41.885513], [0.378213, 41.885554], [0.377955, 41.885611], [0.377678, 41.885684], [0.37734, 41.88577], [0.376943, 41.885869], [0.376668, 41.88593], [0.376515, 41.885952], [0.376303, 41.885975], [0.376034, 41.885999], [0.375918, 41.88605], [0.375955, 41.886129], [0.37601, 41.886208], [0.376081, 41.886288], [0.376123, 41.886336], [0.376136, 41.886351], [0.376143, 41.886409], [0.376144, 41.886508], [0.376101, 41.886622], [0.376014, 41.886751], [0.375874, 41.88685], [0.375681, 41.886918], [0.375473, 41.886973], [0.37525, 41.887014], [0.375011, 41.88706], [0.374754, 41.887112], [0.374579, 41.887163], [0.374485, 41.887213], [0.374361, 41.887292], [0.374206, 41.887399], [0.374048, 41.887521], [0.373886, 41.887657], [0.373727, 41.887792], [0.373571, 41.887927], [0.373418, 41.88806], [0.373268, 41.888193], [0.373185, 41.888264], [0.373171, 41.888272], [0.373151, 41.888334], [0.373125, 41.88845], [0.373019, 41.888524], [0.372831, 41.888556], [0.372695, 41.888564], [0.372611, 41.888549], [0.372541, 41.88855], [0.372485, 41.888568], [0.37234, 41.888643], [0.372106, 41.888776], [0.371851, 41.888946], [0.371577, 41.889151], [0.371321, 41.889363], [0.371081, 41.889582], [0.370858, 41.889808], [0.370653, 41.890041], [0.370471, 41.890243], [0.370314, 41.890412], [0.370233, 41.890499], [0.370231, 41.890501], [0.37014, 41.890505], [0.369962, 41.89051], [0.369865, 41.890562], [0.369849, 41.89066], [0.369755, 41.890676], [0.369583, 41.890609], [0.369441, 41.890622], [0.369329, 41.890714], [0.369239, 41.890756], [0.369172, 41.89075], [0.369035, 41.890765], [0.368827, 41.8908], [0.368643, 41.890865], [0.368482, 41.890958], [0.368344, 41.891081], [0.368228, 41.891231], [0.368133, 41.89141], [0.368061, 41.891617], [0.368021, 41.891726], [0.368011, 41.891737], [0.367957, 41.891703], [0.367859, 41.891624], [0.367745, 41.891622], [0.367617, 41.891697], [0.367408, 41.891919], [0.367116, 41.89229], [0.366972, 41.892515], [0.366974, 41.892594], [0.366976, 41.892637], [0.366976, 41.892646], [0.366985, 41.892701], [0.367002, 41.892802], [0.366934, 41.892859], [0.366781, 41.892873], [0.366672, 41.892931], [0.366607, 41.893033], [0.366488, 41.893107], [0.366315, 41.893153], [0.366077, 41.893136], [0.365774, 41.893057], [0.365532, 41.893015], [0.36535, 41.89301], [0.365168, 41.893055], [0.364987, 41.89315], [0.364833, 41.893234], [0.364705, 41.893309], [0.364605, 41.893389], [0.364534, 41.893474], [0.364496, 41.893523], [0.364491, 41.893536], [0.364521, 41.893605], [0.364585, 41.893729], [0.364669, 41.893844], [0.364772, 41.893951], [0.364895, 41.894049], [0.365038, 41.894138], [0.365155, 41.894223], [0.365246, 41.894303], [0.365311, 41.894378], [0.36535, 41.894449], [0.365338, 41.894503], [0.365277, 41.894539], [0.365165, 41.894558], [0.365002, 41.894559], [0.364851, 41.894569], [0.364711, 41.894589], [0.364582, 41.894618], [0.364465, 41.894656], [0.364364, 41.894662], [0.364279, 41.894635], [0.364211, 41.894577], [0.36416, 41.894488], [0.364049, 41.894404], [0.363879, 41.894326], [0.36369, 41.894264], [0.363481, 41.894219], [0.363317, 41.894259], [0.363197, 41.894384], [0.363118, 41.89452], [0.363078, 41.894666], [0.363066, 41.894742], [0.363081, 41.89475], [0.363174, 41.894796], [0.363343, 41.894881], [0.363492, 41.894936], [0.36362, 41.894961], [0.363728, 41.895015], [0.363815, 41.895098], [0.363981, 41.895201], [0.364227, 41.895325], [0.364385, 41.895427], [0.364455, 41.895509], [0.364607, 41.895542], [0.364842, 41.895527], [0.365063, 41.895443], [0.36527, 41.895288], [0.365392, 41.895306], [0.365428, 41.895497], [0.365538, 41.895644], [0.36572, 41.895749], [0.365819, 41.895752], [0.365835, 41.895654], [0.365998, 41.89562], [0.366309, 41.89565], [0.366561, 41.895681], [0.366756, 41.895712], [0.366904, 41.89577], [0.367007, 41.895854], [0.367088, 41.895974], [0.367146, 41.896129], [0.367276, 41.896254], [0.367477, 41.896348], [0.367662, 41.896434], [0.367832, 41.896513], [0.367943, 41.896599], [0.367995, 41.896691], [0.368083, 41.896768], [0.368206, 41.896829], [0.368378, 41.89684], [0.368601, 41.896799], [0.368893, 41.89679], [0.369254, 41.896812], [0.369484, 41.896884], [0.369581, 41.897006], [0.369629, 41.897172], [0.369629, 41.897384], [0.369545, 41.897438], [0.369379, 41.897335], [0.369272, 41.897275], [0.369225, 41.897258], [0.369116, 41.897266], [0.368945, 41.897299], [0.368753, 41.897356], [0.368541, 41.897435], [0.368427, 41.897523], [0.368412, 41.897622], [0.368355, 41.897666], [0.368257, 41.897657], [0.368144, 41.897583], [0.368016, 41.897446], [0.367904, 41.897423], [0.367806, 41.897513], [0.367638, 41.897528], [0.367398, 41.897468], [0.367134, 41.897355], [0.366845, 41.89719], [0.366332, 41.897072], [0.365596, 41.897001], [0.36501, 41.896926], [0.364575, 41.896847], [0.364232, 41.896758], [0.363982, 41.896659], [0.363831, 41.896563], [0.363779, 41.896471], [0.363753, 41.896375], [0.363752, 41.896275], [0.363697, 41.896152], [0.363588, 41.896004], [0.363452, 41.895916], [0.36329, 41.895888], [0.363166, 41.895839], [0.363077, 41.895768], [0.362975, 41.895701], [0.362858, 41.895638], [0.362799, 41.89561], [0.362797, 41.895619], [0.362784, 41.895619], [0.362758, 41.895611], [0.36272, 41.895587], [0.362672, 41.895547], [0.362619, 41.895499], [0.362562, 41.895444], [0.362531, 41.895414], [0.362527, 41.89541], [0.362516, 41.895407], [0.362497, 41.895406], [0.362424, 41.895387], [0.362297, 41.89535], [0.362159, 41.895301], [0.362012, 41.895239], [0.361917, 41.895212], [0.361875, 41.895219], [0.361769, 41.895246], [0.361597, 41.895294], [0.3615, 41.895368], [0.361476, 41.895468], [0.361526, 41.895594], [0.36165, 41.895747], [0.361727, 41.895861], [0.361758, 41.895937], [0.361742, 41.895975], [0.36168, 41.895975], [0.361528, 41.896013], [0.361286, 41.896089], [0.360954, 41.896203], [0.360532, 41.896355], [0.360192, 41.896495], [0.359934, 41.896622], [0.359758, 41.896737], [0.359663, 41.896839], [0.359592, 41.896908], [0.359543, 41.896944], [0.359517, 41.896948], [0.359514, 41.896918], [0.359492, 41.896897], [0.359452, 41.896884], [0.359392, 41.89688], [0.359313, 41.896884], [0.35923, 41.896904], [0.359143, 41.896939], [0.359051, 41.896991], [0.358954, 41.897057], [0.358872, 41.897144], [0.358804, 41.897252], [0.358751, 41.89738], [0.358712, 41.897528], [0.358673, 41.897671], [0.358636, 41.897808], [0.3586, 41.897939], [0.358564, 41.898064], [0.358536, 41.898193], [0.358515, 41.898325], [0.358501, 41.898461], [0.358494, 41.898601], [0.358486, 41.898728], [0.358476, 41.898841], [0.358464, 41.89894], [0.35845, 41.899027], [0.358405, 41.899093], [0.358327, 41.899138], [0.358218, 41.899162], [0.358077, 41.899166], [0.357922, 41.899173], [0.357753, 41.899183], [0.357569, 41.899196], [0.357372, 41.899212], [0.357236, 41.899222], [0.357163, 41.899225], [0.357027, 41.899285], [0.356828, 41.899401], [0.356672, 41.899447], [0.35656, 41.899424], [0.356455, 41.899387], [0.35636, 41.899335], [0.356298, 41.899314], [0.356271, 41.899323], [0.356208, 41.899372], [0.356108, 41.899462], [0.356048, 41.899518], [0.356028, 41.899541], [0.356022, 41.89963], [0.356029, 41.899787], [0.356064, 41.899931], [0.356126, 41.900061], [0.356204, 41.900199], [0.356297, 41.900345], [0.356358, 41.900482], [0.356388, 41.90061], [0.356379, 41.900688], [0.356332, 41.900718], [0.356313, 41.900748], [0.356324, 41.900776], [0.356343, 41.900903], [0.356369, 41.901128], [0.356382, 41.901284], [0.356381, 41.901371], [0.356381, 41.901415], [0.356383, 41.901418], [0.356401, 41.90147], [0.356434, 41.901573], [0.356434, 41.901679], [0.3564, 41.901788], [0.356367, 41.901891], [0.356335, 41.901987], [0.356306, 41.902115], [0.356281, 41.902275], [0.356248, 41.902427], [0.356209, 41.902573], [0.356161, 41.902612], [0.356105, 41.902544], [0.356066, 41.902428], [0.356042, 41.902264], [0.356022, 41.902125], [0.356007, 41.902012], [0.356036, 41.901884], [0.356108, 41.901741], [0.356113, 41.90163], [0.356049, 41.901551], [0.35593, 41.901502], [0.355754, 41.901483], [0.355485, 41.901464], [0.355124, 41.901444], [0.354831, 41.901435], [0.354609, 41.901436], [0.354456, 41.901447], [0.354373, 41.901469], [0.354285, 41.901499], [0.354193, 41.901537], [0.354096, 41.901584], [0.353994, 41.901639], [0.353847, 41.901753], [0.353653, 41.901926], [0.353414, 41.902158], [0.353129, 41.902449], [0.352864, 41.902695], [0.35262, 41.902895], [0.352396, 41.90305], [0.352193, 41.90316], [0.351965, 41.903285], [0.351714, 41.903425], [0.351439, 41.90358], [0.35114, 41.90375], [0.350878, 41.903913], [0.350655, 41.904068], [0.350499, 41.904187], [0.350412, 41.904269], [0.350293, 41.904325], [0.350143, 41.904356], [0.349985, 41.904426], [0.349818, 41.904534], [0.349718, 41.904643], [0.349684, 41.904752], [0.349671, 41.904887], [0.349678, 41.905049], [0.349682, 41.90513], [0.349682, 41.905131], [0.3497, 41.905177], [0.349735, 41.905268], [0.349669, 41.905296], [0.349502, 41.905263], [0.349404, 41.905252], [0.349376, 41.905265], [0.349285, 41.905305], [0.349131, 41.905372], [0.348994, 41.905432], [0.348873, 41.905485], [0.348752, 41.905546], [0.348632, 41.905614], [0.348512, 41.905689], [0.348392, 41.905772], [0.348273, 41.905873], [0.348155, 41.905991], [0.348076, 41.906076], [0.348036, 41.906127], [0.347915, 41.906178], [0.347712, 41.906227], [0.347551, 41.906308], [0.347434, 41.906422], [0.347405, 41.90655], [0.347465, 41.906693], [0.347547, 41.906756], [0.347649, 41.906741], [0.347753, 41.906692], [0.347861, 41.906608], [0.347918, 41.906564], [0.347924, 41.906559], [0.347981, 41.906531], [0.348089, 41.906479], [0.34821, 41.906447], [0.348345, 41.906435], [0.34849, 41.906461], [0.348646, 41.906526], [0.348726, 41.906611], [0.348731, 41.906715], [0.348735, 41.906797], [0.348737, 41.906855], [0.34878, 41.906918], [0.348863, 41.906986], [0.348914, 41.907029], [0.348934, 41.907045], [0.349027, 41.907105], [0.349194, 41.907208], [0.349399, 41.907278], [0.349642, 41.907314], [0.349762, 41.907394], [0.349759, 41.907518], [0.349451, 41.907731], [0.348838, 41.908033], [0.348396, 41.908252], [0.348126, 41.908388], [0.347953, 41.908455], [0.34788, 41.908451], [0.34779, 41.90848], [0.347684, 41.908542], [0.34761, 41.908569], [0.347568, 41.908561], [0.347421, 41.908597], [0.34717, 41.908678], [0.346814, 41.908802], [0.346354, 41.908971], [0.345898, 41.90913], [0.345444, 41.909281], [0.344994, 41.909422], [0.344546, 41.909555], [0.34419, 41.909707], [0.343925, 41.909878], [0.343751, 41.910069], [0.343667, 41.91028], [0.343588, 41.910478], [0.343512, 41.910665], [0.34344, 41.910841], [0.343371, 41.911005], [0.343323, 41.911148], [0.343297, 41.91127], [0.343291, 41.911372], [0.343307, 41.911454], [0.343318, 41.911516], [0.343326, 41.911559], [0.343331, 41.911583], [0.343331, 41.911588], [0.343275, 41.911631], [0.343161, 41.911713], [0.342989, 41.911834], [0.342761, 41.911993], [0.342585, 41.912121], [0.342462, 41.912219], [0.342392, 41.912286], [0.342375, 41.912322], [0.342325, 41.912399], [0.34224, 41.912516], [0.342122, 41.912673], [0.341969, 41.912872], [0.341876, 41.912999], [0.341841, 41.913054], [0.341776, 41.913092], [0.341681, 41.913113], [0.341605, 41.913195], [0.341549, 41.913339], [0.341543, 41.913425], [0.341587, 41.913452], [0.341647, 41.913489], [0.341724, 41.913536], [0.341814, 41.913552], [0.341916, 41.913537], [0.342109, 41.913524], [0.342393, 41.913515], [0.342614, 41.913642], [0.342771, 41.913906], [0.342846, 41.914113], [0.342839, 41.914261], [0.342798, 41.914363], [0.342723, 41.914418], [0.342598, 41.914419], [0.342424, 41.914365], [0.342307, 41.914366], [0.342249, 41.914422], [0.342185, 41.91451], [0.342116, 41.914628], [0.3421, 41.914732], [0.342135, 41.914822], [0.342266, 41.914835], [0.342492, 41.91477], [0.342639, 41.914734], [0.342706, 41.914728], [0.342847, 41.914729], [0.343062, 41.914738], [0.343165, 41.914772], [0.343155, 41.914834], [0.343073, 41.914876], [0.34292, 41.914898], [0.342782, 41.914935], [0.342657, 41.914985], [0.342493, 41.915075], [0.34229, 41.915205], [0.342141, 41.915261], [0.342046, 41.915244], [0.341993, 41.91524], [0.341982, 41.915249], [0.341878, 41.915252], [0.341679, 41.915249], [0.341463, 41.91526], [0.341228, 41.915285], [0.340992, 41.915321], [0.340756, 41.915368], [0.340594, 41.915462], [0.340506, 41.915605], [0.340404, 41.915733], [0.340286, 41.915846], [0.34014, 41.915925], [0.339967, 41.915971], [0.339808, 41.91603], [0.339664, 41.916103], [0.339545, 41.916173], [0.339451, 41.916238], [0.339217, 41.916309], [0.338843, 41.916384], [0.338654, 41.916422], [0.338651, 41.916422], [0.338587, 41.916448], [0.338463, 41.916498], [0.338311, 41.916564], [0.338132, 41.916647], [0.338023, 41.916754], [0.337985, 41.916888], [0.337972, 41.916974], [0.337982, 41.917012], [0.338027, 41.917026], [0.338106, 41.917016], [0.338191, 41.917006], [0.338281, 41.916995], [0.33833, 41.917021], [0.338336, 41.917084], [0.338301, 41.917149], [0.338224, 41.917216], [0.338118, 41.917265], [0.337984, 41.917297], [0.337872, 41.917324], [0.337782, 41.917345], [0.337658, 41.917379], [0.337501, 41.917426], [0.337423, 41.9175], [0.337424, 41.917599], [0.337478, 41.91767], [0.337587, 41.91771], [0.337743, 41.917769], [0.337948, 41.917846], [0.338091, 41.917894], [0.338171, 41.917915], [0.33818, 41.917959], [0.338119, 41.918028], [0.338006, 41.918061], [0.337841, 41.918057], [0.337698, 41.918054], [0.337578, 41.91805], [0.337487, 41.918048], [0.337425, 41.918046], [0.337366, 41.918067], [0.337309, 41.918112], [0.337204, 41.918195], [0.337052, 41.918317], [0.336971, 41.918409], [0.336961, 41.91847], [0.33699, 41.918548], [0.337058, 41.918642], [0.33709, 41.918757], [0.337084, 41.918893], [0.337087, 41.91898], [0.337098, 41.919016], [0.337046, 41.91908], [0.336931, 41.919171], [0.336802, 41.919283], [0.33666, 41.919414], [0.336555, 41.919525], [0.336487, 41.919616], [0.336355, 41.919693], [0.336158, 41.919757], [0.335898, 41.919807], [0.335572, 41.919844], [0.3353, 41.91987], [0.335081, 41.919886], [0.334914, 41.919891], [0.334801, 41.919886], [0.334667, 41.919893], [0.334512, 41.919912], [0.334336, 41.919944], [0.334138, 41.919987], [0.33396, 41.920069], [0.333801, 41.920187], [0.33366, 41.920343], [0.333538, 41.920537], [0.333437, 41.920712], [0.333359, 41.92087], [0.333302, 41.92101], [0.333268, 41.921132], [0.333216, 41.92128], [0.333146, 41.921453], [0.333059, 41.921651], [0.332955, 41.921875], [0.332834, 41.922064], [0.332695, 41.922219], [0.332539, 41.922339], [0.332366, 41.922425], [0.332147, 41.922485], [0.331883, 41.922519], [0.331573, 41.922528], [0.331219, 41.922511], [0.330913, 41.922496], [0.330657, 41.922482], [0.330461, 41.922471], [0.330325, 41.922463], [0.330243, 41.922477], [0.330214, 41.922513], [0.330115, 41.922598], [0.329944, 41.922731], [0.329721, 41.922827], [0.329445, 41.922888], [0.329232, 41.922973], [0.329082, 41.923083], [0.328956, 41.923196], [0.328855, 41.92331], [0.328715, 41.923396], [0.328537, 41.923453], [0.328433, 41.923538], [0.328403, 41.923649], [0.328439, 41.923799], [0.328544, 41.923986], [0.328485, 41.924229], [0.328264, 41.924527], [0.32788, 41.92488], [0.327333, 41.925288], [0.326903, 41.925601], [0.326589, 41.925818], [0.326414, 41.925994], [0.326377, 41.926128], [0.326263, 41.926224], [0.326071, 41.92628], [0.32589, 41.926331], [0.325718, 41.926379], [0.325523, 41.92648], [0.325306, 41.926635], [0.325107, 41.926779], [0.324926, 41.926911], [0.324789, 41.927015], [0.324696, 41.927089], [0.324611, 41.927182], [0.324534, 41.927294], [0.324465, 41.927425], [0.324404, 41.927575], [0.324312, 41.927721], [0.324189, 41.927865], [0.324035, 41.928006], [0.32385, 41.928143], [0.323694, 41.928262], [0.323567, 41.928361], [0.323502, 41.928411], [0.3235, 41.928413], [0.323492, 41.928475], [0.32348, 41.928596], [0.323447, 41.928723], [0.323393, 41.928854], [0.323291, 41.928969], [0.323143, 41.929067], [0.323037, 41.929156], [0.322974, 41.929237], [0.322897, 41.929354], [0.322806, 41.929508], [0.322704, 41.929579], [0.322589, 41.929568], [0.322532, 41.929512], [0.322531, 41.929412], [0.322535, 41.929337], [0.322543, 41.929285], [0.322555, 41.929211], [0.32257, 41.929116], [0.322528, 41.929063], [0.32243, 41.929054], [0.322342, 41.929089], [0.322262, 41.929168], [0.322174, 41.929303], [0.322078, 41.929493], [0.322071, 41.929636], [0.322156, 41.929731], [0.322204, 41.929783], [0.322217, 41.929791], [0.322292, 41.929842], [0.322429, 41.929936], [0.322502, 41.930008], [0.322511, 41.930058], [0.322442, 41.930126], [0.322295, 41.930212], [0.322157, 41.930298], [0.322027, 41.930385], [0.321879, 41.930477], [0.321714, 41.930573], [0.321609, 41.93062], [0.321565, 41.930618], [0.321512, 41.930646], [0.321451, 41.930703], [0.321338, 41.930816], [0.321174, 41.930987], [0.321024, 41.93115], [0.320889, 41.931307], [0.320767, 41.9314], [0.320658, 41.931429], [0.320507, 41.931471], [0.320316, 41.931527], [0.320171, 41.931601], [0.320073, 41.931691], [0.319978, 41.931792], [0.319885, 41.931904], [0.319813, 41.93199], [0.319762, 41.932051], [0.319681, 41.93217], [0.31957, 41.932346], [0.319439, 41.932439], [0.319288, 41.932449], [0.319168, 41.932469], [0.319081, 41.932498], [0.319019, 41.932573], [0.318983, 41.932694], [0.318952, 41.932784], [0.318926, 41.932844], [0.318777, 41.932892], [0.318505, 41.932928], [0.318345, 41.932993], [0.318297, 41.933088], [0.318249, 41.933177], [0.318203, 41.93326], [0.318068, 41.933377], [0.317844, 41.93353], [0.31768, 41.93367], [0.317577, 41.933797], [0.31743, 41.933938], [0.317239, 41.934094], [0.317011, 41.934272], [0.316746, 41.93447], [0.316507, 41.934671], [0.316291, 41.934875], [0.316086, 41.935066], [0.315891, 41.935247], [0.315789, 41.935344], [0.315781, 41.935357], [0.315704, 41.935474], [0.315559, 41.935695], [0.315415, 41.935886], [0.315273, 41.936047], [0.315119, 41.936231], [0.314953, 41.936439], [0.314849, 41.936589], [0.314808, 41.93668], [0.314702, 41.936758], [0.314531, 41.936822], [0.314369, 41.936878], [0.314217, 41.936925], [0.314108, 41.936951], [0.314044, 41.936956], [0.313972, 41.936962], [0.31389, 41.936968], [0.313801, 41.936975], [0.313703, 41.936983], [0.3136, 41.937008], [0.313493, 41.937052], [0.313381, 41.937115], [0.313264, 41.937195], [0.31318, 41.937265], [0.313128, 41.937324], [0.313071, 41.937354], [0.313009, 41.937355], [0.312906, 41.937393], [0.312761, 41.937466], [0.312647, 41.937611], [0.312562, 41.937827], [0.312504, 41.937983], [0.312472, 41.93808], [0.312489, 41.938181], [0.312555, 41.938287], [0.312598, 41.938344], [0.312617, 41.938353], [0.312687, 41.938385], [0.312807, 41.938439], [0.312911, 41.938508], [0.312997, 41.938591], [0.31296, 41.938669], [0.312799, 41.93874], [0.3126, 41.93879], [0.312363, 41.938816], [0.31218, 41.938867], [0.312052, 41.938942], [0.311976, 41.939053], [0.311952, 41.9392], [0.311891, 41.939325], [0.311791, 41.939427], [0.31156, 41.939573], [0.311198, 41.939762], [0.311011, 41.939855], [0.311, 41.939853], [0.310929, 41.939833], [0.310796, 41.939797], [0.310675, 41.939755], [0.310567, 41.939707], [0.310482, 41.939718], [0.310421, 41.939787], [0.310441, 41.93987], [0.310542, 41.939967], [0.310609, 41.940058], [0.310643, 41.940144], [0.310635, 41.940213], [0.310586, 41.940264], [0.310528, 41.940312], [0.310463, 41.940356], [0.310413, 41.940372], [0.31038, 41.94036], [0.310311, 41.940317], [0.310207, 41.940242], [0.310069, 41.940135], [0.309896, 41.939996], [0.309727, 41.939871], [0.309561, 41.939761], [0.3094, 41.939664], [0.309242, 41.939582], [0.309104, 41.939512], [0.308985, 41.939454], [0.308886, 41.939408], [0.308806, 41.939375], [0.308743, 41.939344], [0.308699, 41.939315], [0.308673, 41.939289], [0.308664, 41.939265], [0.308633, 41.939226], [0.308578, 41.939173], [0.3085, 41.939104], [0.3084, 41.939021], [0.308277, 41.938938], [0.308132, 41.938853], [0.307964, 41.938769], [0.307774, 41.938683], [0.307534, 41.938585], [0.307242, 41.938474], [0.3069, 41.938351], [0.306506, 41.938215], [0.306128, 41.938087], [0.305765, 41.937967], [0.305417, 41.937854], [0.305084, 41.937748], [0.304774, 41.937663], [0.304487, 41.937599], [0.30434, 41.937566], [0.304331, 41.937565], [0.30424, 41.9375], [0.304066, 41.937371], [0.30387, 41.937264], [0.303651, 41.93718], [0.303447, 41.937204], [0.30326, 41.937336], [0.303167, 41.937551], [0.303169, 41.93785], [0.303192, 41.93807], [0.303236, 41.938212], [0.303326, 41.938482], [0.303461, 41.938881], [0.30357, 41.939191], [0.303651, 41.93941], [0.303708, 41.939572], [0.303742, 41.939675], [0.30378, 41.939768], [0.303825, 41.939851], [0.303861, 41.939885], [0.303888, 41.939871], [0.304007, 41.939781], [0.304217, 41.939615], [0.304337, 41.939483], [0.304369, 41.939387], [0.304418, 41.939236], [0.304485, 41.93903], [0.304554, 41.938856], [0.304627, 41.938714], [0.304729, 41.938643], [0.304862, 41.938643], [0.304956, 41.938733], [0.30501, 41.938913], [0.305042, 41.939078], [0.305051, 41.939229], [0.305003, 41.939373], [0.304898, 41.939513], [0.304718, 41.939651], [0.304463, 41.939788], [0.304343, 41.939914], [0.304358, 41.940027], [0.304356, 41.940145], [0.304336, 41.940268], [0.304277, 41.94038], [0.304177, 41.940483], [0.304039, 41.940563], [0.303862, 41.940622], [0.303746, 41.940772], [0.303692, 41.941015], [0.303671, 41.941312], [0.303681, 41.941662], [0.303728, 41.941891], [0.30381, 41.941998], [0.304007, 41.942067], [0.304318, 41.942097], [0.304508, 41.942092], [0.304577, 41.942052], [0.304614, 41.942031], [0.304618, 41.942028], [0.30467, 41.941976], [0.304769, 41.941873], [0.304846, 41.941706], [0.304899, 41.941475], [0.304999, 41.941266], [0.305145, 41.941081], [0.305333, 41.940844], [0.305562, 41.940555], [0.305758, 41.940368], [0.305921, 41.940285], [0.30605, 41.940254], [0.306147, 41.940275], [0.306184, 41.940354], [0.306162, 41.940489], [0.306114, 41.940633], [0.30604, 41.940788], [0.30592, 41.940914], [0.305755, 41.94101], [0.305653, 41.941116], [0.305614, 41.941233], [0.305582, 41.941329], [0.305557, 41.941406], [0.305592, 41.941455], [0.305689, 41.941477], [0.305805, 41.941475], [0.305942, 41.941451], [0.306033, 41.941417], [0.306077, 41.941371], [0.306102, 41.941348], [0.306105, 41.941349], [0.306152, 41.941341], [0.306242, 41.941327], [0.306402, 41.941236], [0.306632, 41.94107], [0.306773, 41.940984], [0.306824, 41.940976], [0.306907, 41.94099], [0.307022, 41.941025], [0.307102, 41.941031], [0.307149, 41.941007], [0.307234, 41.940943], [0.307356, 41.940839], [0.307511, 41.940748], [0.307698, 41.940672], [0.307918, 41.940609], [0.30817, 41.940561], [0.308378, 41.940513], [0.308543, 41.940466], [0.308664, 41.94042], [0.308742, 41.940374], [0.308828, 41.940338], [0.308922, 41.94031], [0.309024, 41.940292], [0.309134, 41.940282], [0.309244, 41.940303], [0.309353, 41.940354], [0.309476, 41.940359], [0.309614, 41.94032], [0.309737, 41.940325], [0.309845, 41.940372], [0.30991, 41.940491], [0.309929, 41.94068], [0.309994, 41.940792], [0.310105, 41.940827], [0.310189, 41.940873], [0.310247, 41.940928], [0.310261, 41.940998], [0.31023, 41.941082], [0.310131, 41.941124], [0.309961, 41.941122], [0.30982, 41.941121], [0.309708, 41.94112], [0.309578, 41.941106], [0.309433, 41.94108], [0.309306, 41.941099], [0.309196, 41.941163], [0.309179, 41.941217], [0.309254, 41.941262], [0.309347, 41.941308], [0.309455, 41.941356], [0.3095, 41.941441], [0.30948, 41.941564], [0.309508, 41.941704], [0.309583, 41.94186], [0.309646, 41.942035], [0.309698, 41.942227], [0.30973, 41.942334], [0.30974, 41.942356], [0.309731, 41.942452], [0.309704, 41.942623], [0.309649, 41.942789], [0.309566, 41.942948], [0.309459, 41.943086], [0.309326, 41.943201], [0.309227, 41.943283], [0.309161, 41.943332], [0.309092, 41.943578], [0.309021, 41.944022], [0.308879, 41.944286], [0.308666, 41.944368], [0.308558, 41.94442], [0.308555, 41.944441], [0.308476, 41.944469], [0.30832, 41.944504], [0.308189, 41.944497], [0.30808, 41.944449], [0.308028, 41.94434], [0.308034, 41.94417], [0.308029, 41.944079], [0.308015, 41.944067], [0.307944, 41.944009], [0.307816, 41.943903], [0.30766, 41.94396], [0.307475, 41.944179], [0.307318, 41.944381], [0.307188, 41.944568], [0.307095, 41.944745], [0.307038, 41.944912], [0.306991, 41.945051], [0.306954, 41.945161], [0.306992, 41.945328], [0.307106, 41.945551], [0.307133, 41.945746], [0.307073, 41.945915], [0.306899, 41.94596], [0.306612, 41.945883], [0.30632, 41.945842], [0.306021, 41.945838], [0.305796, 41.945859], [0.305644, 41.945907], [0.30546, 41.945963], [0.305245, 41.94603], [0.305061, 41.946075], [0.304908, 41.946097], [0.30476, 41.946083], [0.304619, 41.946032], [0.304419, 41.945931], [0.30416, 41.945782], [0.303956, 41.945706], [0.303807, 41.945704], [0.303761, 41.945787], [0.303817, 41.945954], [0.304012, 41.946135], [0.304347, 41.946329], [0.304543, 41.946454], [0.304601, 41.94651], [0.3046, 41.946672], [0.30454, 41.94694], [0.304535, 41.947112], [0.304583, 41.947188], [0.304629, 41.947261], [0.304674, 41.947331], [0.304739, 41.947414], [0.304823, 41.947509], [0.304922, 41.947618], [0.305035, 41.947741], [0.304981, 41.947817], [0.304761, 41.947846], [0.304648, 41.947878], [0.304642, 41.947916], [0.304628, 41.948002], [0.304606, 41.948136], [0.304619, 41.948262], [0.304667, 41.948378], [0.304794, 41.948522], [0.304999, 41.948691], [0.305194, 41.948878], [0.305377, 41.949083], [0.305472, 41.949188], [0.305478, 41.949195], [0.305479, 41.949226], [0.305476, 41.949283], [0.305433, 41.94936], [0.305352, 41.949456], [0.30527, 41.94955], [0.30519, 41.949642], [0.305109, 41.94973], [0.305029, 41.949816], [0.304947, 41.949918], [0.304862, 41.950037], [0.304814, 41.950104], [0.304805, 41.950121], [0.304799, 41.950213], [0.304799, 41.950381], [0.304767, 41.950506], [0.304704, 41.950587], [0.304587, 41.950644], [0.304416, 41.950677], [0.304307, 41.950679], [0.304262, 41.95065], [0.304234, 41.95061], [0.304224, 41.950558], [0.304214, 41.950532], [0.304203, 41.950532], [0.304157, 41.950514], [0.304075, 41.950478], [0.304009, 41.950428], [0.303961, 41.950362], [0.30391, 41.9503], [0.303858, 41.95024], [0.303802, 41.950182], [0.303745, 41.950127], [0.303698, 41.950066], [0.303661, 41.949999], [0.303634, 41.949926], [0.303617, 41.949847], [0.303588, 41.949787], [0.303545, 41.949746], [0.303491, 41.949724], [0.303423, 41.949721], [0.303381, 41.949733], [0.303364, 41.949759], [0.303345, 41.949773], [0.303324, 41.949773], [0.303265, 41.949818], [0.303167, 41.949908], [0.303105, 41.950039], [0.303077, 41.950211], [0.303067, 41.950299], [0.303074, 41.950304], [0.303142, 41.950348], [0.30327, 41.950431], [0.303296, 41.950556], [0.30322, 41.950723], [0.303131, 41.950864], [0.303029, 41.950979], [0.302928, 41.951047], [0.302826, 41.951068], [0.302722, 41.951089], [0.302618, 41.95111], [0.302529, 41.951142], [0.302456, 41.951185], [0.302426, 41.951319], [0.30244, 41.951545], [0.302406, 41.951703], [0.302325, 41.951795], [0.302282, 41.951886], [0.302276, 41.951975], [0.30227, 41.952062], [0.302265, 41.952146], [0.302252, 41.952255], [0.30223, 41.95239], [0.302156, 41.952439], [0.302029, 41.952402], [0.301887, 41.9524], [0.301732, 41.952435], [0.301617, 41.95248], [0.301542, 41.952535], [0.301455, 41.952558], [0.301357, 41.952548], [0.301244, 41.952551], [0.301116, 41.952567], [0.301031, 41.952578], [0.300989, 41.952583], [0.300973, 41.952596], [0.300981, 41.952618], [0.30101, 41.952696], [0.30106, 41.952829], [0.30107, 41.952987], [0.301041, 41.953171], [0.300936, 41.953311], [0.300754, 41.953405], [0.300561, 41.953468], [0.300357, 41.953498], [0.300207, 41.953503], [0.300112, 41.953483], [0.300055, 41.953471], [0.300038, 41.953468], [0.299969, 41.953429], [0.299848, 41.953355], [0.299783, 41.953348], [0.299773, 41.95341], [0.299759, 41.953496], [0.299741, 41.953606], [0.299755, 41.953726], [0.299801, 41.953855], [0.29987, 41.953924], [0.29996, 41.953932], [0.300037, 41.953995], [0.300098, 41.954112], [0.300195, 41.954268], [0.300329, 41.954463], [0.300482, 41.954692], [0.300655, 41.954956], [0.300774, 41.955138], [0.300839, 41.955239], [0.300871, 41.955339], [0.30087, 41.95544], [0.300892, 41.955605], [0.300939, 41.955834], [0.30103, 41.956042], [0.301166, 41.956229], [0.301254, 41.956404], [0.301293, 41.956565], [0.301313, 41.956648], [0.301314, 41.956652], [0.301359, 41.956684], [0.30145, 41.956743], [0.301446, 41.956817], [0.301349, 41.956907], [0.30125, 41.957004], [0.301151, 41.957106], [0.301076, 41.957155], [0.301027, 41.95715], [0.300956, 41.957075], [0.300863, 41.956929], [0.300807, 41.956852], [0.300788, 41.956844], [0.30071, 41.956811], [0.300573, 41.956754], [0.30048, 41.956779], [0.300429, 41.956887], [0.300392, 41.956986], [0.300369, 41.957076], [0.300347, 41.957161], [0.300327, 41.957241], [0.300306, 41.957348], [0.300284, 41.957483], [0.300186, 41.957557], [0.300012, 41.957571], [0.299895, 41.957609], [0.299835, 41.95767], [0.299755, 41.957749], [0.299655, 41.957844], [0.299555, 41.957944], [0.299454, 41.958047], [0.299353, 41.958154], [0.299251, 41.958265], [0.299151, 41.958385], [0.299053, 41.958512], [0.298985, 41.958606], [0.298945, 41.958667], [0.298945, 41.958734], [0.298983, 41.95881], [0.299031, 41.959024], [0.299091, 41.959379], [0.299115, 41.959693], [0.299105, 41.959966], [0.299089, 41.96017], [0.299067, 41.960305], [0.299033, 41.960414], [0.298987, 41.960496], [0.298868, 41.96056], [0.298679, 41.960603], [0.298441, 41.960636], [0.298154, 41.960658], [0.297953, 41.96067], [0.297837, 41.960671], [0.297751, 41.960669], [0.297697, 41.960664], [0.297585, 41.960699], [0.297415, 41.960773], [0.29732, 41.960808], [0.297302, 41.960802], [0.297181, 41.960819], [0.296958, 41.96086], [0.296783, 41.960918], [0.296655, 41.960992], [0.29654, 41.961137], [0.296439, 41.961351], [0.296501, 41.961588], [0.296726, 41.961846], [0.296964, 41.962119], [0.297218, 41.962405], [0.297379, 41.962595], [0.297447, 41.962689], [0.29761, 41.96281], [0.297869, 41.96296], [0.298136, 41.963055], [0.298413, 41.963094], [0.29864, 41.963072], [0.29882, 41.96299], [0.29891, 41.962948], [0.29891, 41.962947], [0.298927, 41.962842], [0.29896, 41.962635], [0.298984, 41.962433], [0.298999, 41.962235], [0.298957, 41.961976], [0.298859, 41.961655], [0.298808, 41.961407], [0.298802, 41.961232], [0.298839, 41.961055], [0.298918, 41.960876], [0.299006, 41.960741], [0.299103, 41.960651], [0.299206, 41.96063], [0.299315, 41.960678], [0.299402, 41.960755], [0.299469, 41.960861], [0.299513, 41.960996], [0.299537, 41.96116], [0.29956, 41.96133], [0.299581, 41.961507], [0.299608, 41.961858], [0.29964, 41.962385], [0.299728, 41.962717], [0.299872, 41.962856], [0.299935, 41.962942], [0.299917, 41.962977], [0.299893, 41.963025], [0.299863, 41.963085], [0.299835, 41.963139], [0.299811, 41.963186], [0.29976, 41.963243], [0.299683, 41.963311], [0.299532, 41.963421], [0.299308, 41.963573], [0.299217, 41.963726], [0.299259, 41.96388], [0.299295, 41.96402], [0.299324, 41.964148], [0.299358, 41.964301], [0.299396, 41.964479], [0.299462, 41.964641], [0.299555, 41.964787], [0.299622, 41.964986], [0.299665, 41.96524], [0.299699, 41.965442], [0.299724, 41.965594], [0.299804, 41.96572], [0.299938, 41.96582], [0.300018, 41.965876], [0.300045, 41.965886], [0.300107, 41.965911], [0.300205, 41.96595], [0.300316, 41.966], [0.300439, 41.966062], [0.300453, 41.966132], [0.300357, 41.96621], [0.300272, 41.966253], [0.300196, 41.966261], [0.30017, 41.96629], [0.300193, 41.96634], [0.300144, 41.966399], [0.300023, 41.966468], [0.299823, 41.966528], [0.299544, 41.96658], [0.299306, 41.966631], [0.29911, 41.96668], [0.298957, 41.966729], [0.298846, 41.966776], [0.298751, 41.966809], [0.298675, 41.966828], [0.298615, 41.966833], [0.298572, 41.966823], [0.298532, 41.966817], [0.298494, 41.966813], [0.298458, 41.966812], [0.298425, 41.966813], [0.298372, 41.966826], [0.298298, 41.966848], [0.298205, 41.966882], [0.298092, 41.966925], [0.297989, 41.966968], [0.297896, 41.967008], [0.297813, 41.967047], [0.297741, 41.967085], [0.297632, 41.967165], [0.297486, 41.967288], [0.297303, 41.967453], [0.297084, 41.967661], [0.2969, 41.967823], [0.296752, 41.967941], [0.296639, 41.968013], [0.296562, 41.96804], [0.296511, 41.968061], [0.296487, 41.968075], [0.296464, 41.968121], [0.296443, 41.9682], [0.296368, 41.968277], [0.29624, 41.968352], [0.296137, 41.968379], [0.29606, 41.96836], [0.29602, 41.96835], [0.296017, 41.968349], [0.295942, 41.968341], [0.295795, 41.968327], [0.295686, 41.968335], [0.295614, 41.968366], [0.295539, 41.968421], [0.29546, 41.9685], [0.295403, 41.968584], [0.295368, 41.968672], [0.295318, 41.96873], [0.295252, 41.968759], [0.295138, 41.968783], [0.294976, 41.968802], [0.29482, 41.96883], [0.294671, 41.968867], [0.294557, 41.968875], [0.294479, 41.968854], [0.29439, 41.968845], [0.29429, 41.968848], [0.294165, 41.968898], [0.294017, 41.968995], [0.293943, 41.969063], [0.293944, 41.969099], [0.293874, 41.969152], [0.293732, 41.96922], [0.293576, 41.96931], [0.293405, 41.969423], [0.29325, 41.96953], [0.293111, 41.969631], [0.292988, 41.969726], [0.292881, 41.969815], [0.292822, 41.969866], [0.292812, 41.96988], [0.292728, 41.969916], [0.292571, 41.969972], [0.292468, 41.970047], [0.29242, 41.970142], [0.292468, 41.970185], [0.292613, 41.970175], [0.292689, 41.97017], [0.292695, 41.970169], [0.292776, 41.970152], [0.292931, 41.970117], [0.293116, 41.970104], [0.293331, 41.970112], [0.293519, 41.970131], [0.293681, 41.970159], [0.293915, 41.970215], [0.294222, 41.970299], [0.294452, 41.97034], [0.294606, 41.970339], [0.29486, 41.97034], [0.295215, 41.970345], [0.295564, 41.970354], [0.295907, 41.970367], [0.296169, 41.970395], [0.296352, 41.970438], [0.296454, 41.970495], [0.296476, 41.970566], [0.296453, 41.970664], [0.296387, 41.970787], [0.296277, 41.970935], [0.296123, 41.971109], [0.29599, 41.971284], [0.295879, 41.97146], [0.29579, 41.971636], [0.295722, 41.971813], [0.295713, 41.971936], [0.295765, 41.972005], [0.295804, 41.972109], [0.295831, 41.972248], [0.295806, 41.972358], [0.295726, 41.972438], [0.295638, 41.972572], [0.295541, 41.972762], [0.29545, 41.972865], [0.295364, 41.972882], [0.29523, 41.972929], [0.295047, 41.973007], [0.29494, 41.973053], [0.294908, 41.973066], [0.294855, 41.97315], [0.294781, 41.973305], [0.294754, 41.973421], [0.294775, 41.973498], [0.294869, 41.973581], [0.295038, 41.973673], [0.295173, 41.973715], [0.295274, 41.97371], [0.295418, 41.973752], [0.295602, 41.973839], [0.296025, 41.973966], [0.296686, 41.974132], [0.297526, 41.97431], [0.298545, 41.974498], [0.299357, 41.974644], [0.299963, 41.974747], [0.300334, 41.974847], [0.30047, 41.974943], [0.300615, 41.97503], [0.300769, 41.975107], [0.30092, 41.975103], [0.301066, 41.975017], [0.301181, 41.974923], [0.301264, 41.974819], [0.301313, 41.974722], [0.301327, 41.974633], [0.301386, 41.974502], [0.301489, 41.974328], [0.301608, 41.974163], [0.301743, 41.974007], [0.301811, 41.973913], [0.301814, 41.973884], [0.301868, 41.97375], [0.301973, 41.973511], [0.302085, 41.973329], [0.302205, 41.973203], [0.302293, 41.973069], [0.302349, 41.972925], [0.302411, 41.97285], [0.302479, 41.972844], [0.302542, 41.972862], [0.302602, 41.972905], [0.302672, 41.97296], [0.302752, 41.973026], [0.302864, 41.973029], [0.303006, 41.972969], [0.303159, 41.972888], [0.303321, 41.972786], [0.303493, 41.972665], [0.303675, 41.972524], [0.30383, 41.972376], [0.303958, 41.972221], [0.304058, 41.972061], [0.304131, 41.971894], [0.304187, 41.971734], [0.304225, 41.971581], [0.304245, 41.971435], [0.304247, 41.971296], [0.304233, 41.971178], [0.304202, 41.971082], [0.304154, 41.971007], [0.304089, 41.970953], [0.304124, 41.970913], [0.304258, 41.970886], [0.304491, 41.970871], [0.304823, 41.97087], [0.30508, 41.97085], [0.305261, 41.970811], [0.305356, 41.970782], [0.305363, 41.970763], [0.305412, 41.970739], [0.305504, 41.970709], [0.305599, 41.970649], [0.305696, 41.970558], [0.305751, 41.970476], [0.305763, 41.970403], [0.305771, 41.970298], [0.305777, 41.970161], [0.305772, 41.970086], [0.305758, 41.970072], [0.305717, 41.970012], [0.305651, 41.969906], [0.305585, 41.969842], [0.305518, 41.969819], [0.305416, 41.969784], [0.305277, 41.969737], [0.3052, 41.969663], [0.305183, 41.969562], [0.30519, 41.969463], [0.305222, 41.969366], [0.305282, 41.969254], [0.305369, 41.969125], [0.305464, 41.969047], [0.305569, 41.96902], [0.305666, 41.96898], [0.305758, 41.968926], [0.305864, 41.968887], [0.305985, 41.968861], [0.306164, 41.968935], [0.306403, 41.969107], [0.306555, 41.96924], [0.30662, 41.969332], [0.306704, 41.969394], [0.306807, 41.969425], [0.306879, 41.969452], [0.30692, 41.969473], [0.307017, 41.969417], [0.307173, 41.969282], [0.307274, 41.969223], [0.307321, 41.96924], [0.30738, 41.969283], [0.307452, 41.969352], [0.307427, 41.969451], [0.307304, 41.969581], [0.307276, 41.969663], [0.307342, 41.969698], [0.307434, 41.969761], [0.307551, 41.96985], [0.307627, 41.969884], [0.307662, 41.969864], [0.307761, 41.969812], [0.307924, 41.969728], [0.308027, 41.969707], [0.308071, 41.969748], [0.30815, 41.969825], [0.308265, 41.969935], [0.308225, 41.970031], [0.308029, 41.970112], [0.307972, 41.970206], [0.308055, 41.970314], [0.308164, 41.970411], [0.3083, 41.970499], [0.308366, 41.970549], [0.308364, 41.970562], [0.308365, 41.970612], [0.308367, 41.970699], [0.308394, 41.970795], [0.308443, 41.970899], [0.308497, 41.971029], [0.308556, 41.971184], [0.308607, 41.971301], [0.308652, 41.97138], [0.308712, 41.971432], [0.308785, 41.971456], [0.309078, 41.971509], [0.30959, 41.971589], [0.310057, 41.971576], [0.310479, 41.971469], [0.310855, 41.971267], [0.311186, 41.970972], [0.311448, 41.970701], [0.311641, 41.970454], [0.311765, 41.970232], [0.31182, 41.970034], [0.311865, 41.969866], [0.311898, 41.96973], [0.311921, 41.969624], [0.311933, 41.969548], [0.311963, 41.969508], [0.31201, 41.969502], [0.312032, 41.969494], [0.31203, 41.969483], [0.312008, 41.969407], [0.311964, 41.969266], [0.311933, 41.969145], [0.311916, 41.969044], [0.311853, 41.968919], [0.311744, 41.968772], [0.311631, 41.968642], [0.311516, 41.968531], [0.311415, 41.968435], [0.311329, 41.968351], [0.311202, 41.968258], [0.311036, 41.968155], [0.310955, 41.968035], [0.310961, 41.967898], [0.310963, 41.96778], [0.310962, 41.967681], [0.310907, 41.967557], [0.310798, 41.967409], [0.310705, 41.967263], [0.310628, 41.967119], [0.310569, 41.966914], [0.310529, 41.966648], [0.31048, 41.966432], [0.310424, 41.966264], [0.310404, 41.966076], [0.310421, 41.965866], [0.310494, 41.965773], [0.310623, 41.965798], [0.310754, 41.965867], [0.310885, 41.965979], [0.310993, 41.966083], [0.311078, 41.966178], [0.311126, 41.966239], [0.311139, 41.966265], [0.311218, 41.966291], [0.311363, 41.966318], [0.311466, 41.966353], [0.311525, 41.966396], [0.311575, 41.9665], [0.311615, 41.966666], [0.311674, 41.966815], [0.311753, 41.966947], [0.311815, 41.967028], [0.31186, 41.967058], [0.311958, 41.967117], [0.31211, 41.967206], [0.312253, 41.967301], [0.312387, 41.967401], [0.312437, 41.967506], [0.312403, 41.967615], [0.31236, 41.967723], [0.31231, 41.96783], [0.312303, 41.967923], [0.312341, 41.968001], [0.312351, 41.968095], [0.312333, 41.968206], [0.312315, 41.968316], [0.312298, 41.968427], [0.312277, 41.968555], [0.312253, 41.968703], [0.312259, 41.968877], [0.312293, 41.96908], [0.312321, 41.969214], [0.312344, 41.969278], [0.312384, 41.969344], [0.312439, 41.969412], [0.312471, 41.969455], [0.312479, 41.969475], [0.312615, 41.969497], [0.312879, 41.969521], [0.313104, 41.969543], [0.313288, 41.969562], [0.313387, 41.969573], [0.313401, 41.969577], [0.313439, 41.969561], [0.313498, 41.969524], [0.313581, 41.969466], [0.313686, 41.969388], [0.313798, 41.969322], [0.313918, 41.96927], [0.314045, 41.96923], [0.314179, 41.969203], [0.314306, 41.969186], [0.314425, 41.969177], [0.314537, 41.969178], [0.314642, 41.969188], [0.314735, 41.969207], [0.314816, 41.969235], [0.314885, 41.969272], [0.314943, 41.969317], [0.314998, 41.969389], [0.31505, 41.969487], [0.3151, 41.969611], [0.315146, 41.969761], [0.315181, 41.969883], [0.315202, 41.969976], [0.315211, 41.97004], [0.315207, 41.970076], [0.315262, 41.970149], [0.315378, 41.97026], [0.315553, 41.970408], [0.315788, 41.970594], [0.315979, 41.9708], [0.316125, 41.971026], [0.316226, 41.971272], [0.316283, 41.971539], [0.316328, 41.971755], [0.316361, 41.971921], [0.316382, 41.972035], [0.316391, 41.972099], [0.316346, 41.97216], [0.316247, 41.97222], [0.316094, 41.972278], [0.315887, 41.972334], [0.315691, 41.97237], [0.315507, 41.972386], [0.315334, 41.972383], [0.315172, 41.97236], [0.315051, 41.972344], [0.314969, 41.972336], [0.314928, 41.972336], [0.314927, 41.972343], [0.314889, 41.972352], [0.314815, 41.972363], [0.314705, 41.972374], [0.314558, 41.972387], [0.314459, 41.972381], [0.314409, 41.972357], [0.314407, 41.972314], [0.314453, 41.972253], [0.314501, 41.972177], [0.314552, 41.972087], [0.314604, 41.971983], [0.31466, 41.971865], [0.314687, 41.971803], [0.314687, 41.971798], [0.314672, 41.971783], [0.314641, 41.97176], [0.314573, 41.971718], [0.314466, 41.971657], [0.314353, 41.971606], [0.314235, 41.971563], [0.314117, 41.971521], [0.314, 41.971478], [0.31393, 41.971475], [0.313908, 41.97151], [0.313884, 41.971607], [0.313858, 41.971767], [0.313849, 41.971851], [0.313855, 41.971861], [0.313852, 41.971892], [0.31384, 41.971944], [0.313823, 41.972016], [0.313801, 41.972106], [0.313818, 41.972195], [0.313874, 41.972282], [0.313904, 41.972363], [0.313909, 41.972438], [0.313889, 41.972511], [0.313844, 41.972581], [0.313789, 41.972613], [0.313724, 41.972607], [0.313658, 41.972578], [0.313591, 41.972527], [0.313555, 41.972501], [0.31355, 41.972501], [0.313515, 41.972481], [0.313448, 41.972441], [0.313375, 41.972385], [0.313294, 41.972311], [0.313194, 41.97224], [0.313076, 41.97217], [0.312939, 41.972103], [0.312784, 41.972037], [0.312637, 41.971989], [0.312497, 41.971958], [0.312365, 41.971944], [0.312241, 41.971948], [0.312135, 41.971959], [0.31205, 41.971978], [0.311984, 41.972004], [0.311937, 41.972038], [0.311901, 41.972075], [0.311877, 41.972113], [0.311864, 41.972153], [0.311862, 41.972196], [0.311892, 41.972267], [0.311954, 41.972368], [0.312047, 41.972498], [0.312171, 41.972657], [0.3123, 41.972787], [0.312434, 41.972887], [0.312573, 41.972958], [0.312716, 41.972998], [0.312855, 41.973064], [0.312991, 41.973155], [0.313121, 41.973269], [0.313245, 41.973406], [0.313359, 41.973483], [0.313462, 41.9735], [0.313642, 41.973533], [0.3139, 41.973583], [0.314068, 41.973624], [0.314146, 41.973657], [0.314207, 41.973694], [0.31425, 41.973735], [0.31427, 41.973818], [0.314267, 41.973943], [0.314203, 41.973974], [0.31408, 41.973912], [0.313962, 41.97387], [0.31385, 41.973846], [0.31373, 41.973828], [0.313602, 41.973816], [0.313582, 41.973894], [0.31367, 41.974062], [0.3138, 41.974231], [0.313975, 41.974401], [0.314131, 41.97453], [0.314268, 41.974617], [0.314344, 41.974649], [0.31436, 41.974625], [0.314429, 41.974587], [0.314554, 41.974537], [0.314738, 41.97453], [0.314982, 41.974566], [0.315165, 41.974615], [0.315288, 41.974677], [0.315333, 41.974762], [0.315299, 41.974871], [0.31525, 41.974966], [0.315187, 41.975047], [0.315147, 41.975097], [0.315128, 41.975116], [0.315136, 41.975134], [0.31517, 41.975152], [0.315214, 41.975188], [0.315269, 41.975242], [0.315292, 41.975293], [0.315285, 41.975342], [0.315262, 41.975389], [0.315224, 41.975435], [0.315171, 41.97548], [0.315103, 41.975524], [0.315012, 41.975546], [0.314897, 41.975545], [0.314814, 41.975537], [0.314763, 41.975523], [0.314706, 41.975582], [0.314644, 41.975716], [0.314587, 41.97573], [0.314538, 41.975626], [0.314517, 41.975544], [0.314527, 41.975486], [0.314528, 41.975456], [0.31452, 41.975454], [0.314443, 41.975414], [0.314296, 41.975336], [0.314205, 41.975282], [0.314169, 41.975253], [0.314104, 41.975246], [0.31401, 41.975263], [0.313954, 41.975219], [0.313936, 41.975114], [0.313872, 41.975032], [0.313762, 41.974972], [0.313613, 41.974972], [0.313425, 41.975031], [0.313274, 41.975055], [0.313159, 41.975044], [0.313071, 41.974973], [0.313008, 41.974842], [0.312956, 41.974739], [0.312913, 41.974662], [0.312887, 41.974616], [0.312878, 41.9746], [0.312853, 41.974589], [0.312812, 41.974581], [0.312739, 41.974568], [0.312635, 41.974549], [0.312495, 41.974506], [0.312319, 41.97444], [0.312186, 41.97439], [0.312095, 41.974355], [0.312009, 41.974334], [0.311927, 41.974326], [0.311817, 41.974341], [0.311678, 41.974377], [0.311686, 41.974444], [0.31184, 41.974541], [0.311946, 41.974607], [0.312003, 41.974643], [0.312116, 41.974706], [0.312284, 41.974797], [0.31242, 41.974885], [0.312523, 41.97497], [0.312581, 41.975075], [0.312594, 41.975201], [0.312614, 41.975284], [0.31264, 41.975324], [0.312717, 41.975362], [0.312845, 41.975399], [0.312847, 41.975487], [0.312725, 41.975624], [0.312614, 41.975695], [0.312514, 41.975697], [0.312387, 41.97561], [0.312232, 41.975433], [0.312096, 41.975296], [0.311979, 41.975197], [0.311875, 41.975119], [0.311785, 41.97506], [0.311725, 41.975049], [0.311697, 41.975084], [0.311655, 41.975136], [0.311601, 41.975205], [0.311529, 41.975309], [0.31144, 41.97545], [0.311378, 41.975575], [0.311344, 41.975684], [0.311336, 41.97577], [0.311353, 41.975833], [0.311341, 41.975892], [0.3113, 41.975947], [0.311232, 41.975998], [0.311137, 41.976045], [0.311032, 41.976099], [0.310917, 41.976162], [0.310792, 41.976232], [0.310658, 41.97631], [0.310546, 41.976383], [0.310458, 41.97645], [0.310392, 41.976512], [0.310349, 41.976569], [0.310318, 41.9766], [0.310299, 41.976607], [0.310287, 41.976628], [0.310281, 41.976665], [0.310237, 41.976729], [0.310156, 41.97682], [0.310031, 41.976877], [0.309861, 41.976898], [0.309687, 41.976893], [0.309509, 41.976864], [0.309391, 41.976834], [0.309334, 41.976804], [0.309257, 41.976803], [0.30916, 41.976831], [0.309062, 41.976878], [0.308963, 41.976944], [0.308868, 41.977029], [0.308778, 41.977131], [0.308726, 41.977193], [0.308715, 41.977213], [0.308647, 41.977224], [0.308523, 41.977228], [0.308447, 41.977265], [0.308419, 41.977337], [0.308418, 41.977393], [0.308445, 41.977433], [0.308495, 41.977474], [0.308569, 41.977515], [0.308606, 41.97756], [0.308606, 41.977608], [0.308613, 41.977655], [0.308625, 41.977702], [0.308658, 41.977765], [0.308709, 41.977843], [0.30878, 41.977937], [0.308871, 41.978048], [0.308965, 41.978158], [0.309062, 41.978269], [0.309163, 41.97838], [0.309267, 41.978491], [0.309429, 41.978533], [0.309649, 41.978505], [0.309879, 41.978412], [0.310119, 41.978253], [0.31031, 41.978143], [0.310453, 41.978082], [0.310554, 41.978024], [0.310613, 41.977967], [0.310695, 41.977919], [0.310801, 41.97788], [0.31089, 41.977894], [0.310962, 41.977964], [0.311003, 41.978007], [0.311013, 41.978024], [0.311102, 41.978011], [0.311272, 41.97797], [0.311536, 41.977944], [0.311897, 41.977933], [0.312282, 41.977999], [0.312692, 41.978143], [0.313082, 41.978335], [0.313452, 41.978574], [0.313857, 41.978786], [0.314299, 41.97897], [0.314549, 41.97909], [0.314606, 41.979145], [0.314668, 41.979226], [0.314734, 41.979332], [0.314862, 41.979525], [0.31505, 41.979805], [0.315143, 41.979964], [0.315141, 41.980004], [0.315146, 41.980029], [0.315156, 41.98004], [0.315246, 41.980154], [0.315417, 41.980371], [0.315525, 41.980541], [0.31557, 41.980663], [0.315595, 41.980784], [0.3156, 41.980904], [0.315584, 41.981024], [0.315549, 41.981143], [0.315504, 41.981275], [0.315451, 41.981419], [0.31539, 41.981577], [0.31532, 41.981747], [0.315238, 41.981872], [0.315145, 41.98195], [0.31504, 41.981983], [0.314922, 41.981969], [0.314796, 41.981955], [0.31466, 41.981941], [0.314515, 41.981927], [0.314361, 41.981912], [0.314216, 41.981907], [0.314081, 41.981912], [0.313954, 41.981927], [0.313837, 41.981952], [0.31369, 41.981958], [0.313514, 41.981945], [0.313309, 41.981913], [0.313074, 41.981862], [0.312863, 41.981855], [0.312677, 41.981891], [0.312514, 41.981971], [0.312375, 41.982095], [0.312258, 41.982213], [0.312162, 41.982325], [0.312087, 41.982431], [0.312033, 41.982531], [0.311976, 41.982628], [0.311915, 41.982721], [0.311851, 41.982811], [0.311783, 41.982897], [0.311697, 41.982976], [0.311594, 41.983047], [0.311474, 41.98311], [0.311335, 41.983165], [0.311212, 41.983204], [0.311103, 41.983225], [0.311009, 41.98323], [0.31093, 41.983219], [0.310829, 41.983207], [0.310707, 41.983195], [0.310563, 41.983183], [0.310398, 41.983171], [0.31024, 41.983179], [0.31009, 41.983207], [0.309947, 41.983255], [0.309812, 41.983323], [0.3097, 41.983399], [0.309611, 41.983483], [0.309545, 41.983576], [0.309502, 41.983677], [0.30947, 41.983785], [0.309448, 41.9839], [0.309438, 41.984022], [0.309439, 41.984152], [0.309411, 41.98428], [0.309352, 41.984408], [0.309264, 41.984535], [0.309147, 41.984661], [0.309053, 41.984777], [0.308982, 41.984884], [0.308934, 41.98498], [0.308909, 41.985067], [0.308856, 41.98514], [0.308773, 41.985201], [0.308662, 41.985249], [0.308521, 41.985284], [0.308386, 41.985346], [0.308255, 41.985437], [0.30813, 41.985555], [0.308009, 41.985701], [0.307882, 41.98582], [0.307748, 41.985912], [0.307608, 41.985978], [0.307462, 41.986016], [0.30732, 41.986052], [0.307183, 41.986085], [0.30705, 41.986115], [0.306921, 41.986143], [0.306823, 41.986162], [0.306754, 41.98617], [0.306716, 41.98617], [0.306708, 41.986159], [0.306691, 41.986143], [0.306665, 41.986121], [0.30663, 41.986093], [0.306587, 41.98606], [0.306498, 41.986027], [0.306363, 41.985996], [0.306183, 41.985966], [0.305958, 41.985936], [0.305785, 41.985913], [0.305664, 41.985896], [0.305579, 41.985899], [0.305528, 41.985924], [0.305482, 41.985965], [0.305439, 41.986024], [0.305418, 41.986102], [0.305419, 41.986202], [0.305365, 41.986278], [0.305257, 41.98633], [0.305198, 41.986336], [0.305187, 41.986298], [0.305153, 41.986201], [0.305095, 41.986046], [0.305056, 41.985926], [0.305038, 41.985841], [0.305001, 41.985794], [0.304945, 41.985785], [0.304831, 41.985772], [0.304658, 41.985754], [0.304562, 41.98575], [0.304542, 41.985762], [0.304428, 41.985795], [0.30422, 41.985849], [0.304045, 41.985851], [0.303903, 41.9858], [0.303805, 41.98579], [0.30375, 41.985822], [0.303656, 41.985888], [0.303524, 41.985987], [0.303351, 41.986033], [0.303136, 41.986024], [0.302969, 41.986001], [0.302849, 41.985961], [0.302755, 41.985944], [0.302686, 41.98595], [0.302593, 41.986002], [0.302475, 41.986098], [0.302386, 41.986236], [0.302329, 41.986413], [0.302276, 41.986579], [0.30223, 41.986732], [0.302189, 41.986873], [0.302153, 41.987002], [0.302087, 41.987131], [0.301991, 41.987261], [0.301863, 41.987392], [0.301705, 41.987523], [0.301527, 41.987631], [0.30133, 41.987717], [0.301113, 41.987779], [0.300877, 41.987819], [0.300644, 41.987867], [0.300414, 41.987926], [0.300188, 41.987994], [0.299965, 41.988071], [0.299768, 41.988157], [0.299599, 41.98825], [0.299506, 41.988306], [0.299488, 41.988323], [0.299425, 41.988335], [0.299317, 41.988342], [0.299176, 41.988418], [0.299003, 41.988563], [0.298866, 41.988693], [0.298764, 41.988808], [0.298668, 41.988898], [0.298576, 41.988964], [0.298491, 41.989024], [0.298414, 41.989079], [0.29835, 41.98911], [0.298299, 41.989118], [0.298185, 41.989101], [0.298009, 41.989059], [0.297821, 41.988997], [0.29762, 41.988916], [0.297512, 41.98888], [0.297497, 41.988889], [0.297469, 41.988929], [0.297428, 41.989002], [0.297386, 41.98908], [0.297344, 41.989162], [0.2973, 41.989249], [0.297256, 41.98934], [0.297222, 41.989418], [0.297197, 41.989484], [0.297182, 41.989538], [0.297176, 41.989579], [0.297145, 41.989617], [0.297089, 41.989653], [0.297008, 41.989687], [0.296902, 41.989718], [0.296808, 41.989718], [0.296727, 41.989687], [0.296659, 41.989624], [0.296602, 41.98953], [0.296542, 41.989437], [0.296479, 41.989345], [0.296411, 41.989254], [0.296339, 41.989163], [0.296256, 41.989056], [0.296161, 41.988931], [0.296054, 41.988788], [0.295936, 41.988629], [0.295824, 41.988504], [0.295718, 41.988413], [0.295618, 41.988356], [0.295525, 41.988333], [0.295436, 41.988339], [0.295351, 41.988374], [0.295271, 41.988438], [0.295195, 41.98853], [0.295148, 41.988616], [0.29513, 41.988695], [0.295141, 41.988767], [0.295181, 41.988833], [0.295248, 41.988886], [0.295344, 41.988926], [0.295468, 41.988954], [0.295621, 41.988969], [0.295737, 41.988994], [0.295818, 41.98903], [0.295862, 41.989077], [0.295871, 41.989134], [0.295877, 41.989186], [0.29588, 41.989232], [0.295881, 41.989272], [0.295879, 41.989307], [0.295871, 41.989356], [0.295858, 41.989418], [0.295839, 41.989493], [0.295813, 41.989582], [0.295787, 41.989651], [0.29576, 41.989701], [0.295731, 41.98973], [0.295702, 41.989739], [0.295663, 41.989751], [0.295613, 41.989767], [0.295554, 41.989785], [0.295485, 41.989807], [0.295393, 41.989847], [0.295277, 41.989907], [0.295138, 41.989985], [0.294975, 41.990082], [0.294842, 41.99016], [0.294739, 41.990217], [0.294667, 41.990254], [0.294624, 41.990272], [0.294526, 41.990305], [0.294371, 41.990353], [0.294213, 41.990401], [0.294053, 41.990448], [0.293985, 41.990541], [0.294008, 41.990682], [0.294001, 41.990769], [0.293962, 41.990802], [0.293846, 41.990797], [0.293654, 41.990754], [0.293529, 41.990724], [0.293474, 41.990708], [0.29344, 41.990704], [0.293429, 41.990709], [0.29339, 41.990762], [0.293324, 41.99086], [0.293257, 41.99095], [0.293188, 41.99103], [0.293156, 41.991082], [0.293161, 41.991105], [0.293181, 41.991163], [0.293216, 41.991253], [0.293156, 41.991316], [0.293001, 41.991351], [0.292879, 41.991364], [0.29279, 41.991355], [0.292651, 41.991342], [0.292461, 41.991323], [0.292254, 41.991303], [0.29203, 41.991281], [0.291899, 41.991269], [0.291861, 41.991265], [0.291768, 41.991256], [0.291621, 41.991242], [0.29145, 41.991219], [0.291255, 41.991187], [0.291055, 41.991143], [0.290848, 41.991086], [0.29069, 41.991033], [0.290581, 41.990985], [0.290526, 41.990961], [0.290525, 41.990961], [0.290442, 41.990959], [0.290277, 41.990955], [0.290198, 41.990985], [0.290205, 41.991048], [0.290302, 41.99112], [0.290488, 41.9912], [0.290658, 41.991273], [0.290809, 41.991338], [0.290903, 41.991379], [0.290938, 41.991394], [0.291039, 41.991447], [0.291208, 41.991538], [0.291337, 41.991613], [0.291427, 41.991671], [0.291506, 41.991754], [0.291572, 41.99186], [0.291616, 41.992001], [0.291637, 41.992177], [0.291643, 41.992296], [0.291633, 41.992358], [0.29156, 41.9924], [0.291423, 41.992424], [0.291293, 41.992455], [0.291171, 41.992493], [0.291077, 41.992559], [0.291012, 41.992652], [0.290973, 41.992742], [0.290959, 41.992828], [0.290888, 41.992908], [0.290759, 41.992983], [0.29061, 41.993031], [0.290441, 41.993052], [0.290351, 41.993063], [0.290342, 41.993064], [0.290325, 41.993098], [0.2903, 41.993164], [0.290259, 41.993268], [0.290205, 41.99341], [0.290141, 41.993578], [0.290068, 41.993771], [0.29001, 41.993902], [0.289966, 41.993972], [0.28995, 41.994017], [0.28996, 41.994036], [0.289984, 41.994135], [0.290022, 41.994313], [0.290098, 41.994407], [0.290213, 41.994418], [0.290356, 41.994407], [0.290528, 41.994374], [0.29063, 41.994409], [0.290664, 41.994512], [0.290694, 41.994633], [0.290722, 41.994773], [0.290693, 41.994845], [0.29061, 41.994849], [0.290385, 41.994796], [0.29002, 41.994686], [0.289724, 41.994602], [0.289498, 41.994545], [0.289378, 41.994515], [0.289365, 41.994511], [0.289243, 41.994555], [0.289012, 41.994644], [0.288837, 41.994702], [0.288716, 41.994728], [0.288571, 41.994751], [0.288401, 41.994772], [0.288216, 41.994785], [0.288016, 41.994791], [0.287879, 41.994815], [0.287805, 41.994857], [0.287933, 41.994944], [0.288261, 41.995076], [0.28848, 41.995138], [0.28859, 41.995132], [0.288708, 41.995124], [0.288833, 41.995117], [0.289059, 41.995129], [0.289387, 41.99516], [0.289714, 41.995198], [0.290039, 41.995242], [0.290324, 41.995282], [0.290568, 41.995319], [0.290785, 41.995365], [0.290975, 41.99542], [0.29112, 41.995503], [0.291219, 41.995612], [0.291177, 41.995664], [0.290995, 41.995659], [0.290765, 41.995643], [0.290487, 41.995616], [0.290173, 41.995598], [0.289825, 41.995589], [0.289576, 41.99559], [0.289424, 41.9956], [0.289224, 41.995605], [0.288974, 41.995606], [0.28887, 41.995633], [0.288911, 41.995687], [0.288987, 41.995732], [0.289098, 41.995768], [0.28919, 41.99582], [0.289262, 41.995889], [0.289301, 41.995955], [0.289307, 41.996018], [0.289212, 41.99604], [0.289016, 41.996021], [0.288783, 41.996024], [0.288513, 41.996047], [0.288348, 41.996087], [0.288289, 41.996144], [0.288217, 41.996189], [0.288133, 41.996224], [0.288096, 41.996245], [0.288105, 41.996251], [0.28813, 41.996264], [0.28817, 41.996283], [0.288199, 41.996299], [0.288216, 41.996312], [0.288221, 41.996321], [0.288214, 41.996326], [0.288169, 41.996356], [0.288086, 41.996408], [0.287964, 41.996485], [0.287804, 41.996584], [0.287642, 41.996687], [0.287479, 41.996792], [0.287314, 41.996899], [0.287147, 41.99701], [0.286993, 41.997127], [0.286851, 41.997251], [0.286722, 41.997381], [0.286606, 41.997519], [0.286511, 41.997664], [0.286436, 41.997817], [0.286385, 41.997966], [0.286358, 41.998112], [0.286404, 41.998221], [0.286523, 41.998291], [0.286656, 41.998389], [0.286802, 41.998516], [0.286879, 41.998604], [0.286888, 41.998655], [0.286885, 41.998723], [0.286872, 41.998807], [0.286904, 41.998865], [0.286982, 41.998894], [0.287076, 41.99889], [0.287186, 41.998853], [0.287385, 41.998839], [0.287672, 41.998848], [0.288046, 41.99888], [0.288509, 41.998937], [0.288946, 41.998985], [0.289356, 41.999027], [0.289698, 41.999058], [0.289972, 41.999079], [0.290173, 41.999065], [0.290304, 41.999017], [0.290467, 41.998952], [0.290663, 41.998872], [0.290843, 41.998833], [0.291009, 41.998837], [0.291147, 41.998857], [0.291258, 41.998892], [0.291333, 41.998915], [0.291373, 41.998924], [0.291503, 41.998899], [0.291724, 41.998841], [0.291965, 41.998748], [0.292227, 41.99862], [0.292419, 41.998483], [0.292542, 41.998335], [0.292636, 41.998208], [0.292701, 41.998102], [0.292737, 41.998018], [0.292744, 41.997954], [0.292763, 41.99791], [0.292793, 41.997885], [0.292835, 41.997879], [0.292888, 41.997892], [0.292954, 41.997854], [0.293033, 41.997766], [0.293124, 41.997628], [0.293228, 41.997439], [0.29329, 41.997296], [0.29331, 41.9972], [0.293382, 41.997142], [0.293504, 41.997121], [0.293605, 41.997071], [0.293684, 41.996991], [0.29368, 41.996916], [0.293591, 41.996845], [0.293485, 41.996796], [0.29336, 41.996768], [0.293296, 41.996742], [0.293291, 41.996718], [0.293191, 41.996644], [0.292998, 41.996521], [0.292724, 41.996411], [0.292369, 41.996313], [0.292107, 41.996213], [0.291938, 41.996111], [0.29186, 41.996021], [0.291872, 41.995944], [0.291858, 41.995902], [0.291818, 41.995896], [0.291755, 41.995851], [0.291668, 41.995768], [0.291622, 41.995695], [0.291615, 41.995632], [0.291672, 41.995588], [0.291793, 41.995562], [0.291929, 41.995567], [0.292082, 41.995604], [0.292197, 41.995605], [0.292274, 41.995571], [0.292436, 41.995599], [0.292684, 41.995688], [0.292988, 41.995853], [0.293348, 41.996092], [0.293642, 41.996284], [0.293871, 41.996429], [0.294033, 41.996527], [0.29413, 41.996578], [0.294424, 41.996628], [0.294917, 41.996676], [0.295607, 41.996722], [0.296494, 41.996766], [0.29719, 41.996777], [0.297693, 41.996755], [0.298004, 41.996701], [0.298123, 41.996613], [0.298274, 41.996537], [0.298455, 41.996473], [0.298668, 41.996422], [0.298912, 41.996383], [0.299119, 41.996322], [0.29929, 41.996239], [0.299424, 41.996134], [0.299521, 41.996007], [0.299601, 41.99587], [0.299663, 41.995721], [0.299708, 41.995562], [0.299735, 41.995392], [0.299776, 41.995265], [0.299832, 41.995181], [0.299901, 41.995141], [0.299984, 41.995144], [0.300017, 41.995213], [0.299999, 41.995347], [0.29993, 41.995547], [0.299811, 41.995813], [0.299741, 41.99602], [0.299721, 41.996167], [0.29975, 41.996255], [0.29983, 41.996283], [0.299918, 41.996233], [0.300016, 41.996104], [0.300123, 41.995896], [0.300238, 41.995608], [0.300346, 41.995395], [0.300445, 41.995255], [0.300536, 41.99519], [0.300619, 41.995198], [0.300681, 41.995215], [0.300722, 41.995243], [0.300742, 41.99528], [0.300741, 41.995327], [0.300734, 41.995409], [0.300718, 41.995525], [0.300696, 41.995676], [0.300666, 41.995862], [0.300641, 41.99602], [0.30062, 41.996152], [0.300567, 41.996253], [0.300482, 41.996323], [0.300441, 41.996401], [0.300444, 41.996489], [0.30048, 41.996573], [0.30055, 41.996655], [0.300607, 41.996766], [0.300651, 41.996907], [0.300695, 41.997049], [0.300739, 41.99719], [0.300924, 41.997283], [0.301249, 41.997327], [0.301486, 41.997356], [0.301633, 41.99737], [0.301768, 41.997408], [0.301892, 41.99747], [0.30206, 41.997511], [0.302273, 41.997532], [0.30243, 41.997584], [0.302533, 41.997669], [0.302637, 41.997748], [0.302742, 41.99782], [0.30292, 41.997848], [0.30317, 41.997831], [0.303322, 41.997821], [0.303374, 41.997817], [0.303522, 41.997833], [0.303765, 41.99787], [0.303984, 41.997909], [0.304176, 41.997953], [0.304284, 41.997986], [0.304307, 41.998008], [0.304332, 41.998023], [0.304357, 41.998029], [0.304456, 41.998052], [0.304628, 41.99809], [0.304808, 41.998129], [0.304996, 41.99817], [0.30509, 41.998212], [0.305089, 41.998256], [0.305151, 41.998309], [0.305274, 41.998371], [0.305428, 41.998392], [0.305614, 41.998373], [0.305736, 41.998291], [0.305792, 41.998147], [0.305814, 41.998048], [0.3058, 41.997995], [0.305815, 41.99793], [0.305858, 41.997851], [0.305941, 41.997774], [0.306064, 41.997697], [0.306205, 41.997663], [0.306362, 41.997672], [0.306478, 41.99771], [0.306555, 41.997777], [0.306591, 41.997872], [0.306587, 41.997996], [0.306585, 41.998131], [0.306586, 41.998277], [0.306588, 41.998433], [0.306593, 41.9986], [0.306616, 41.998741], [0.306657, 41.998858], [0.306716, 41.99895], [0.306792, 41.999017], [0.307015, 41.999072], [0.307385, 41.999117], [0.3079, 41.999151], [0.308563, 41.999173], [0.309094, 41.999146], [0.309495, 41.999069], [0.309765, 41.998943], [0.309904, 41.998766], [0.309999, 41.998663], [0.310051, 41.998634], [0.310067, 41.998598], [0.310048, 41.998555], [0.310065, 41.998474], [0.310117, 41.998354], [0.310221, 41.998277], [0.310376, 41.998242], [0.310467, 41.998195], [0.310493, 41.998135], [0.310487, 41.998073], [0.310447, 41.998006], [0.310408, 41.99794], [0.310369, 41.997874], [0.310356, 41.997798], [0.31037, 41.997712], [0.310387, 41.997658], [0.310407, 41.997635], [0.310446, 41.997601], [0.310503, 41.997557], [0.310578, 41.997552], [0.310673, 41.997586], [0.31073, 41.997641], [0.310751, 41.997718], [0.31076, 41.997819], [0.310757, 41.997943], [0.310782, 41.998045], [0.310836, 41.998125], [0.310928, 41.998178], [0.311058, 41.998203], [0.311209, 41.998164], [0.311382, 41.998061], [0.311482, 41.997948], [0.311509, 41.997826], [0.311569, 41.997722], [0.311662, 41.997636], [0.311788, 41.997569], [0.311947, 41.997519], [0.312048, 41.997456], [0.312092, 41.99738], [0.312078, 41.997291], [0.312007, 41.997189], [0.311964, 41.997077], [0.311948, 41.996953], [0.31196, 41.996819], [0.311999, 41.996675], [0.312124, 41.996547], [0.312336, 41.996437], [0.312634, 41.996345], [0.313019, 41.996269], [0.313333, 41.996215], [0.313576, 41.996182], [0.313748, 41.99617], [0.313849, 41.99618], [0.313984, 41.996143], [0.314152, 41.996058], [0.314354, 41.995926], [0.314589, 41.995747], [0.314781, 41.995563], [0.31493, 41.995372], [0.315037, 41.995176], [0.315101, 41.994975], [0.315152, 41.994865], [0.315192, 41.994847], [0.315191, 41.994776], [0.315149, 41.994653], [0.315132, 41.994567], [0.315139, 41.994518], [0.315223, 41.994464], [0.315382, 41.994405], [0.315515, 41.994405], [0.315622, 41.994465], [0.31569, 41.99455], [0.31572, 41.99466], [0.315841, 41.994723], [0.316053, 41.99474], [0.316283, 41.994721], [0.316529, 41.994668], [0.316738, 41.994575], [0.31691, 41.994444], [0.317096, 41.994281], [0.317298, 41.994086], [0.317514, 41.993861], [0.317745, 41.993604], [0.317937, 41.993326], [0.318088, 41.993027], [0.3182, 41.992706], [0.318271, 41.992364], [0.318378, 41.992122], [0.318519, 41.991981], [0.318641, 41.991897], [0.318742, 41.991871], [0.318999, 41.991865], [0.319412, 41.99188], [0.319625, 41.991812], [0.319636, 41.99166], [0.319651, 41.991463], [0.31967, 41.991218], [0.319752, 41.991054], [0.319899, 41.990968], [0.320026, 41.990906], [0.320132, 41.990866], [0.320277, 41.990843], [0.320461, 41.990836], [0.320634, 41.990846], [0.320796, 41.990874], [0.320974, 41.990904], [0.321168, 41.990935], [0.321305, 41.990911], [0.321385, 41.990832], [0.321522, 41.990752], [0.321718, 41.990671], [0.321914, 41.99064], [0.322109, 41.990659], [0.322272, 41.99063], [0.322405, 41.990553], [0.322498, 41.990471], [0.322554, 41.990383], [0.322576, 41.990264], [0.322566, 41.990113], [0.322523, 41.98993], [0.322446, 41.989716], [0.322395, 41.989499], [0.322368, 41.989279], [0.322365, 41.989056], [0.322388, 41.988831], [0.32241, 41.98869], [0.322432, 41.988636], [0.322435, 41.988599], [0.322419, 41.98858], [0.322406, 41.988502], [0.322395, 41.988363], [0.322323, 41.988238], [0.322192, 41.988126], [0.322181, 41.987982], [0.322293, 41.987805], [0.322437, 41.987682], [0.322615, 41.987612], [0.322837, 41.987647], [0.323104, 41.987786], [0.323363, 41.98779], [0.323613, 41.987661], [0.323746, 41.98759], [0.323761, 41.987578], [0.323778, 41.987512], [0.323797, 41.987394], [0.323854, 41.987296], [0.32395, 41.987218], [0.324093, 41.987101], [0.324285, 41.986946], [0.324386, 41.986831], [0.324398, 41.986757], [0.324378, 41.986674], [0.324326, 41.986582], [0.324316, 41.986438], [0.324347, 41.986242], [0.324387, 41.986134], [0.324434, 41.986114], [0.324532, 41.986074], [0.32468, 41.986013], [0.324797, 41.98598], [0.32488, 41.985976], [0.324897, 41.985921], [0.324848, 41.985817], [0.32478, 41.985717], [0.324696, 41.985621], [0.324623, 41.985548], [0.324561, 41.985497], [0.324509, 41.985455], [0.324468, 41.985421], [0.324363, 41.985365], [0.324192, 41.985286], [0.324058, 41.985192], [0.323959, 41.985083], [0.323967, 41.985034], [0.324081, 41.985045], [0.324282, 41.985039], [0.324568, 41.985017], [0.324771, 41.98501], [0.324891, 41.985018], [0.324982, 41.984993], [0.325044, 41.984936], [0.325087, 41.984908], [0.325112, 41.984911], [0.325144, 41.984914], [0.325181, 41.984918], [0.325225, 41.984922], [0.325276, 41.984927], [0.325321, 41.984928], [0.325362, 41.984925], [0.325397, 41.984919], [0.325427, 41.984909], [0.325462, 41.984887], [0.325502, 41.984852], [0.325546, 41.984806], [0.325595, 41.984746], [0.325635, 41.984677], [0.325666, 41.984598], [0.325686, 41.984509], [0.325697, 41.984409], [0.325706, 41.98433], [0.325713, 41.984271], [0.325717, 41.984232], [0.325719, 41.984213], [0.325727, 41.984198], [0.32574, 41.984188], [0.325759, 41.984182], [0.325783, 41.98418], [0.325867, 41.984175], [0.326011, 41.984165], [0.326215, 41.984152], [0.326479, 41.984134], [0.326706, 41.984113], [0.326898, 41.984089], [0.327053, 41.984061], [0.327172, 41.98403], [0.327317, 41.983988], [0.327488, 41.983937], [0.327684, 41.983875], [0.327907, 41.983802], [0.328115, 41.983749], [0.328309, 41.983714], [0.328488, 41.983698], [0.328653, 41.983701], [0.328843, 41.983712], [0.32906, 41.983731], [0.329302, 41.983758], [0.32957, 41.983792], [0.329787, 41.98381], [0.329952, 41.983811], [0.330065, 41.983795], [0.330128, 41.983763], [0.330174, 41.983719], [0.330206, 41.983665], [0.330222, 41.983599], [0.330223, 41.983522], [0.330213, 41.983406], [0.330192, 41.98325], [0.330177, 41.983143], [0.330166, 41.983083], [0.330143, 41.983037], [0.330107, 41.983002], [0.329905, 41.982943], [0.329536, 41.982857], [0.329291, 41.982777], [0.32917, 41.982703], [0.329148, 41.982633], [0.329225, 41.982566], [0.32942, 41.982491], [0.329733, 41.982409], [0.329935, 41.982364], [0.330026, 41.982356], [0.33007, 41.982337], [0.330068, 41.982306], [0.330072, 41.982201], [0.330084, 41.982023], [0.330094, 41.981884], [0.330104, 41.981786], [0.330113, 41.981726], [0.330122, 41.981707], [0.330131, 41.981691], [0.330141, 41.981679], [0.330151, 41.98167], [0.330163, 41.981664], [0.330262, 41.981627], [0.330448, 41.981558], [0.330722, 41.981457], [0.331084, 41.981323], [0.331372, 41.981232], [0.331585, 41.981183], [0.331725, 41.981176], [0.33179, 41.981211], [0.331906, 41.981252], [0.33207, 41.981298], [0.332285, 41.981351], [0.332549, 41.981409], [0.33282, 41.981447], [0.333097, 41.981464], [0.33338, 41.981461], [0.33367, 41.981438], [0.334005, 41.981472], [0.334385, 41.981562], [0.334811, 41.981709], [0.335282, 41.981913], [0.335629, 41.982062], [0.335852, 41.982155], [0.336117, 41.982187], [0.336424, 41.982157], [0.336667, 41.982151], [0.336847, 41.982169], [0.337076, 41.982191], [0.337355, 41.982218], [0.337516, 41.982292], [0.33756, 41.982414], [0.337709, 41.982483], [0.337961, 41.982501], [0.338229, 41.982506], [0.338513, 41.982497], [0.338684, 41.982408], [0.338741, 41.98224], [0.338827, 41.982111], [0.338941, 41.982022], [0.339034, 41.982013], [0.339106, 41.982082], [0.339163, 41.982116], [0.339204, 41.982115], [0.339304, 41.982112], [0.339463, 41.982108], [0.339555, 41.982082], [0.339579, 41.982034], [0.339578, 41.981934], [0.339553, 41.981782], [0.33952, 41.981692], [0.339481, 41.981664], [0.339472, 41.981589], [0.339491, 41.981467], [0.33949, 41.981398], [0.33947, 41.981383], [0.339463, 41.981301], [0.33947, 41.981152], [0.339568, 41.981061], [0.339756, 41.98103], [0.339918, 41.981043], [0.340053, 41.9811], [0.340122, 41.981128], [0.340123, 41.981128], [0.340409, 41.981146], [0.340982, 41.981183], [0.341502, 41.981234], [0.34197, 41.981301], [0.342386, 41.981381], [0.34275, 41.981477], [0.343062, 41.981539], [0.343322, 41.981566], [0.34353, 41.981559], [0.343686, 41.981519], [0.343963, 41.981453], [0.344363, 41.981364], [0.344885, 41.98125], [0.345529, 41.981112], [0.346072, 41.980991], [0.346514, 41.980887], [0.346856, 41.9808], [0.347097, 41.98073], [0.34731, 41.980652], [0.347495, 41.980565], [0.347652, 41.980469], [0.34778, 41.980365], [0.347871, 41.980254], [0.347924, 41.980136], [0.347939, 41.980011], [0.347917, 41.979878], [0.347905, 41.979776], [0.347903, 41.979704], [0.347912, 41.979662], [0.347931, 41.979651], [0.348004, 41.979672], [0.348133, 41.979725], [0.348315, 41.979812], [0.348553, 41.979931], [0.34878, 41.980019], [0.348996, 41.980077], [0.349202, 41.980104], [0.349398, 41.980101], [0.349583, 41.980064], [0.349757, 41.979992], [0.34992, 41.979886], [0.350072, 41.979746], [0.350197, 41.979628], [0.350293, 41.979532], [0.350316, 41.979426], [0.350266, 41.97931], [0.350303, 41.979177], [0.350427, 41.979027], [0.35059, 41.978921], [0.350794, 41.978859], [0.350918, 41.978796], [0.350961, 41.978733], [0.350998, 41.978628], [0.351028, 41.978481], [0.35103, 41.978319], [0.351004, 41.978144], [0.350997, 41.978008], [0.351006, 41.977912], [0.350899, 41.977864], [0.350675, 41.977863], [0.350497, 41.977857], [0.350366, 41.977844], [0.35026, 41.977828], [0.350181, 41.977807], [0.350186, 41.977771], [0.350278, 41.977717], [0.350385, 41.977672], [0.350508, 41.977633], [0.350624, 41.977582], [0.350734, 41.977518], [0.350859, 41.977462], [0.351, 41.977413], [0.351104, 41.977388], [0.351172, 41.977387], [0.35123, 41.977357], [0.351277, 41.977297], [0.351354, 41.977232], [0.351459, 41.977163], [0.351569, 41.977087], [0.351683, 41.977005], [0.351796, 41.976967], [0.35191, 41.976974], [0.35201, 41.976969], [0.352096, 41.976952], [0.352154, 41.976902], [0.352184, 41.976817], [0.352173, 41.976746], [0.35212, 41.976689], [0.352115, 41.976622], [0.352157, 41.976548], [0.352162, 41.976465], [0.352129, 41.976373], [0.35204, 41.976266], [0.351894, 41.976143], [0.351691, 41.976005], [0.351432, 41.975852], [0.351207, 41.975716], [0.351016, 41.975598], [0.350859, 41.975498], [0.350736, 41.975415], [0.350626, 41.975308], [0.350529, 41.975177], [0.350444, 41.975022], [0.350372, 41.974842], [0.350296, 41.97467], [0.350216, 41.974505], [0.35015, 41.974379], [0.350099, 41.974291], [0.349938, 41.974211], [0.349668, 41.974138], [0.349504, 41.974034], [0.349448, 41.9739], [0.349242, 41.973783], [0.348887, 41.973684], [0.348625, 41.973603], [0.348454, 41.973542], [0.348296, 41.973521], [0.348148, 41.97354], [0.348049, 41.973525], [0.347999, 41.973477], [0.347951, 41.973398], [0.347906, 41.97329], [0.347883, 41.973234], [0.347882, 41.97323], [0.34788, 41.973226], [0.347879, 41.973222], [0.347875, 41.973218], [0.347871, 41.973215], [0.34782, 41.973215], [0.347724, 41.973218], [0.347572, 41.973228], [0.347362, 41.973244], [0.347176, 41.973266], [0.347013, 41.973295], [0.34693, 41.97331], [0.346925, 41.973312], [0.346918, 41.973359], [0.346907, 41.973452], [0.346872, 41.973583], [0.346812, 41.973752], [0.346718, 41.973867], [0.346592, 41.97393], [0.346458, 41.973992], [0.346315, 41.974052], [0.346212, 41.974081], [0.346149, 41.974078], [0.346104, 41.974097], [0.346076, 41.974138], [0.346058, 41.974182], [0.34605, 41.974231], [0.346016, 41.974268], [0.345956, 41.974293], [0.345977, 41.974322], [0.34608, 41.974355], [0.346236, 41.974387], [0.346447, 41.97442], [0.346513, 41.974476], [0.346434, 41.974556], [0.346309, 41.974612], [0.346137, 41.974646], [0.345948, 41.974634], [0.345741, 41.974576], [0.345575, 41.974529], [0.34545, 41.974493], [0.34533, 41.97449], [0.345215, 41.97452], [0.345032, 41.974546], [0.344782, 41.974568], [0.344555, 41.974563], [0.344349, 41.974529], [0.344185, 41.974482], [0.344063, 41.974419], [0.343983, 41.974341], [0.343945, 41.974248], [0.343917, 41.974165], [0.343898, 41.97409], [0.343888, 41.974025], [0.343888, 41.973969], [0.343886, 41.973884], [0.343883, 41.97377], [0.343877, 41.973627], [0.343869, 41.973455], [0.343865, 41.973317], [0.343864, 41.973213], [0.343865, 41.973149], [0.343869, 41.973124], [0.343857, 41.973096], [0.343828, 41.973066], [0.343816, 41.972989], [0.343819, 41.972865], [0.34386, 41.972763], [0.343939, 41.972683], [0.344036, 41.972649], [0.344151, 41.97266], [0.344274, 41.972687], [0.344406, 41.97273], [0.34451, 41.972744], [0.344586, 41.972728], [0.34474, 41.972727], [0.344971, 41.972739], [0.345177, 41.972747], [0.345359, 41.97275], [0.345517, 41.972748], [0.34565, 41.972741], [0.345785, 41.9727], [0.345923, 41.972627], [0.345975, 41.972579], [0.34594, 41.972556], [0.345881, 41.972525], [0.345796, 41.972486], [0.345713, 41.972456], [0.345633, 41.972436], [0.345557, 41.972394], [0.345484, 41.972331], [0.345522, 41.972297], [0.345673, 41.972293], [0.345824, 41.972311], [0.345975, 41.972351], [0.346063, 41.972385], [0.346086, 41.972415], [0.346111, 41.972392], [0.346136, 41.972317], [0.346187, 41.972222], [0.346264, 41.972104], [0.34638, 41.972001], [0.346534, 41.971911], [0.346617, 41.971837], [0.346629, 41.97178], [0.346635, 41.971751], [0.346635, 41.971749], [0.346601, 41.971722], [0.346534, 41.971668], [0.346492, 41.971585], [0.346477, 41.971471], [0.346431, 41.971342], [0.346354, 41.971198], [0.346325, 41.97107], [0.346342, 41.97096], [0.34636, 41.970849], [0.346378, 41.970739], [0.346439, 41.97067], [0.346543, 41.970643], [0.34666, 41.970635], [0.346791, 41.970648], [0.346894, 41.970683], [0.346968, 41.97074], [0.346999, 41.970802], [0.346989, 41.970869], [0.34699, 41.970908], [0.347002, 41.970919], [0.347025, 41.970962], [0.347056, 41.971038], [0.347074, 41.971082], [0.347077, 41.971094], [0.34708, 41.9711], [0.347083, 41.9711], [0.347133, 41.971114], [0.347228, 41.971142], [0.347275, 41.971187], [0.347273, 41.971249], [0.347237, 41.971313], [0.347165, 41.97138], [0.347131, 41.971425], [0.347133, 41.971449], [0.347152, 41.971505], [0.347189, 41.971594], [0.347238, 41.971676], [0.347301, 41.971752], [0.347363, 41.971801], [0.347423, 41.971823], [0.347459, 41.971766], [0.347471, 41.97163], [0.34752, 41.971553], [0.347606, 41.971536], [0.347658, 41.971573], [0.347677, 41.971662], [0.347751, 41.971719], [0.34788, 41.971743], [0.347986, 41.97176], [0.348067, 41.971768], [0.348131, 41.971778], [0.348175, 41.971789], [0.348236, 41.97177], [0.348312, 41.971719], [0.348359, 41.971688], [0.348374, 41.971678], [0.34837, 41.971659], [0.348345, 41.971632], [0.348314, 41.97158], [0.348276, 41.971501], [0.348274, 41.971408], [0.348308, 41.971299], [0.348334, 41.971242], [0.348351, 41.971236], [0.348352, 41.97118], [0.348336, 41.971074], [0.348335, 41.971], [0.34835, 41.970957], [0.348376, 41.97092], [0.348413, 41.970888], [0.348442, 41.970863], [0.348463, 41.970845], [0.348483, 41.970802], [0.348502, 41.970735], [0.348518, 41.970659], [0.348532, 41.970573], [0.348515, 41.970497], [0.348468, 41.97043], [0.348408, 41.97039], [0.348335, 41.970377], [0.348277, 41.970381], [0.348234, 41.970404], [0.348208, 41.970414], [0.348198, 41.970411]]]}}]}