{"type": "FeatureCollection", "name": "ARUA", "features": [{"type": "Feature", "properties": {"id": "278475", "FIREDATE": "2025-08-14T01:34:00", "FINALDATE": "2025-08-28T02:13:00", "LASTUPDATE": "2025-08-18 06:53:09.950644", "COUNTRY": "ES", "PROVINCE": "Ourense", "COMMUNE": "Rúa, A", "AREA_HA": 37179.0, "BROADLEA": 12.1988, "CONIFER": 9.2567, "MIXED": 2.5333, "SCLEROPH": 0.0, "TRANSIT": 10.9671, "OTHERNATLC": 58.9501, "AGRIAREAS": 5.4728, "ARTIFSURF": 0.5244, "OTHERLC": 0.0968, "PERCNA2K": 15.5357, "CLASS": "FireSeason", "AÑO": 2025, "LATITUD": 42.45266132755126, "LONGITUD": -7.067575521031369}, "geometry": {"type": "Polygon", "coordinates": [[[-6.967307, 42.535452], [-6.966703, 42.535588], [-6.964758, 42.534903], [-6.964505, 42.534506], [-6.963486, 42.534002], [-6.962411, 42.533305], [-6.960234, 42.533404], [-6.960412, 42.533104], [-6.959731, 42.533166], [-6.958625, 42.533238], [-6.957573, 42.533279], [-6.956523, 42.533111], [-6.955475, 42.532736], [-6.955086, 42.532364], [-6.955355, 42.531996], [-6.955701, 42.531568], [-6.956123, 42.531081], [-6.956158, 42.53066], [-6.955805, 42.530305], [-6.95487, 42.529888], [-6.953354, 42.529407], [-6.952403, 42.528716], [-6.952016, 42.527813], [-6.95158, 42.527495], [-6.951094, 42.527762], [-6.95057, 42.527574], [-6.950009, 42.526932], [-6.949473, 42.526377], [-6.948963, 42.525911], [-6.948526, 42.525916], [-6.948163, 42.526392], [-6.947534, 42.526707], [-6.94664, 42.526859], [-6.945303, 42.526348], [-6.943524, 42.525174], [-6.943296, 42.524957], [-6.942855, 42.525032], [-6.942769, 42.525368], [-6.941958, 42.524947], [-6.942279, 42.524707], [-6.941757, 42.52449], [-6.942288, 42.52418], [-6.942677, 42.524201], [-6.942894, 42.524213], [-6.942702, 42.523974], [-6.942428, 42.523632], [-6.942471, 42.523523], [-6.942508, 42.523432], [-6.942666, 42.522948], [-6.94251, 42.522805], [-6.942105, 42.52323], [-6.942037, 42.52333], [-6.941783, 42.523707], [-6.941355, 42.52334], [-6.941404, 42.523252], [-6.941522, 42.523041], [-6.941041, 42.522649], [-6.940689, 42.522624], [-6.941005, 42.523162], [-6.940924, 42.523288], [-6.940894, 42.523334], [-6.940517, 42.523618], [-6.939261, 42.523645], [-6.938322, 42.523178], [-6.938968, 42.523055], [-6.939022, 42.522974], [-6.938271, 42.522763], [-6.93845, 42.522428], [-6.938679, 42.521949], [-6.93898, 42.52156], [-6.939433, 42.521855], [-6.939365, 42.522493], [-6.939927, 42.522211], [-6.939574, 42.521391], [-6.939428, 42.520807], [-6.938596, 42.521422], [-6.938135, 42.521974], [-6.936772, 42.52163], [-6.936511, 42.520489], [-6.935811, 42.520371], [-6.935595, 42.520814], [-6.936016, 42.521318], [-6.93624, 42.521815], [-6.936272, 42.521884], [-6.936116, 42.5223], [-6.9362, 42.52259], [-6.935293, 42.523506], [-6.934803, 42.523609], [-6.934732, 42.523679], [-6.933237, 42.524599], [-6.932953, 42.524763], [-6.93197, 42.524645], [-6.931101, 42.524657], [-6.930875, 42.524831], [-6.930998, 42.525098], [-6.929538, 42.52521], [-6.929519, 42.525383], [-6.928723, 42.525331], [-6.928397, 42.524997], [-6.927958, 42.525072], [-6.927306, 42.524491], [-6.927031, 42.523754], [-6.926872, 42.523205], [-6.926854, 42.523052], [-6.927084, 42.522681], [-6.926811, 42.522609], [-6.927315, 42.522287], [-6.926946, 42.522281], [-6.926131, 42.522623], [-6.925885, 42.522382], [-6.926432, 42.521776], [-6.926574, 42.521312], [-6.926939, 42.521064], [-6.926802, 42.520749], [-6.926074, 42.520855], [-6.925955, 42.52052], [-6.925435, 42.52071], [-6.925228, 42.520389], [-6.925003, 42.520326], [-6.924537, 42.520303], [-6.924804, 42.519717], [-6.924602, 42.519734], [-6.924523, 42.520018], [-6.923953, 42.52003], [-6.923835, 42.520338], [-6.923536, 42.520338], [-6.923271, 42.520214], [-6.923135, 42.520302], [-6.922884, 42.520465], [-6.922621, 42.52051], [-6.922581, 42.520212], [-6.92295, 42.520009], [-6.922991, 42.519736], [-6.923202, 42.519654], [-6.92325, 42.519506], [-6.924214, 42.519106], [-6.925564, 42.519116], [-6.9267, 42.519124], [-6.926697, 42.518955], [-6.925763, 42.518266], [-6.925559, 42.518116], [-6.924713, 42.517972], [-6.925559, 42.517879], [-6.926254, 42.517855], [-6.927196, 42.517821], [-6.927914, 42.517683], [-6.92864, 42.517492], [-6.929138, 42.517356], [-6.929301, 42.517397], [-6.930234, 42.517205], [-6.930669, 42.516724], [-6.930325, 42.516089], [-6.930075, 42.516095], [-6.930073, 42.516091], [-6.929592, 42.515942], [-6.929262, 42.51556], [-6.929225, 42.51543], [-6.929373, 42.514304], [-6.929027, 42.514142], [-6.928592, 42.513607], [-6.928715, 42.513232], [-6.929479, 42.51241], [-6.929935, 42.511826], [-6.930085, 42.511477], [-6.930369, 42.511268], [-6.930786, 42.511197], [-6.931188, 42.51053], [-6.931573, 42.509265], [-6.931562, 42.509032], [-6.931995, 42.508832], [-6.932035, 42.508334], [-6.931178, 42.508073], [-6.931087, 42.507361], [-6.93128, 42.507074], [-6.93118, 42.506888], [-6.930762, 42.506564], [-6.930589, 42.50643], [-6.930645, 42.505828], [-6.930893, 42.505735], [-6.931174, 42.505872], [-6.931241, 42.50584], [-6.932343, 42.505976], [-6.932688, 42.505968], [-6.932742, 42.506014], [-6.933358, 42.506079], [-6.933758, 42.505875], [-6.93421, 42.505612], [-6.934128, 42.505406], [-6.933589, 42.505447], [-6.933529, 42.505427], [-6.933182, 42.505313], [-6.932973, 42.505145], [-6.933057, 42.504877], [-6.933387, 42.504669], [-6.933431, 42.504585], [-6.933476, 42.504501], [-6.933633, 42.50417], [-6.93351, 42.50414], [-6.932976, 42.504281], [-6.932994, 42.504312], [-6.933117, 42.504529], [-6.93271, 42.504631], [-6.932218, 42.504596], [-6.931833, 42.504459], [-6.931479, 42.504265], [-6.931125, 42.504071], [-6.930579, 42.504011], [-6.930055, 42.503626], [-6.929882, 42.503266], [-6.930454, 42.503102], [-6.930473, 42.503101], [-6.930297, 42.502874], [-6.930006, 42.502822], [-6.929766, 42.502389], [-6.92934, 42.502343], [-6.929134, 42.502107], [-6.929272, 42.501948], [-6.929219, 42.501792], [-6.928829, 42.501823], [-6.927621, 42.501428], [-6.926733, 42.500518], [-6.92613, 42.500598], [-6.925813, 42.501666], [-6.925805, 42.50167], [-6.925753, 42.501851], [-6.925448, 42.502225], [-6.924754, 42.502207], [-6.923885, 42.501982], [-6.923361, 42.501847], [-6.92329, 42.501829], [-6.922763, 42.501834], [-6.922402, 42.502013], [-6.921968, 42.502341], [-6.921688, 42.502879], [-6.921581, 42.503067], [-6.921776, 42.503186], [-6.921837, 42.503229], [-6.922007, 42.50335], [-6.922008, 42.503671], [-6.921847, 42.503749], [-6.921763, 42.50376], [-6.92147, 42.503796], [-6.921456, 42.503985], [-6.921676, 42.504141], [-6.921667, 42.504181], [-6.921569, 42.504225], [-6.921534, 42.504323], [-6.921564, 42.504475], [-6.921283, 42.504717], [-6.92069, 42.505048], [-6.920047, 42.505203], [-6.919353, 42.505183], [-6.918986, 42.505429], [-6.918947, 42.505943], [-6.918612, 42.5063], [-6.91855, 42.506319], [-6.918548, 42.506323], [-6.918323, 42.506497], [-6.917913, 42.506668], [-6.917656, 42.506813], [-6.917336, 42.506816], [-6.917441, 42.506545], [-6.917474, 42.50642], [-6.917401, 42.506247], [-6.917266, 42.506016], [-6.917014, 42.50594], [-6.917037, 42.505699], [-6.91716, 42.505492], [-6.917283, 42.505471], [-6.917513, 42.50531], [-6.917603, 42.504972], [-6.917523, 42.504478], [-6.916759, 42.504539], [-6.91531, 42.505153], [-6.91423, 42.505313], [-6.913519, 42.505019], [-6.91264, 42.505007], [-6.911592, 42.505276], [-6.910998, 42.50517], [-6.910858, 42.504686], [-6.910388, 42.504466], [-6.909588, 42.504509], [-6.909397, 42.504173], [-6.909816, 42.503456], [-6.909721, 42.503127], [-6.909112, 42.503184], [-6.908484, 42.503175], [-6.907836, 42.5031], [-6.907451, 42.502958], [-6.907328, 42.502748], [-6.907504, 42.502488], [-6.907977, 42.502177], [-6.907841, 42.501924], [-6.907096, 42.501727], [-6.906516, 42.501341], [-6.9061, 42.500766], [-6.905553, 42.500605], [-6.904876, 42.500858], [-6.904077, 42.501017], [-6.903157, 42.50108], [-6.902363, 42.501146], [-6.901694, 42.501213], [-6.901316, 42.501093], [-6.901227, 42.500785], [-6.901282, 42.500311], [-6.901482, 42.49967], [-6.901596, 42.499305], [-6.901623, 42.499215], [-6.90139, 42.499074], [-6.900897, 42.498881], [-6.900417, 42.498837], [-6.899952, 42.498942], [-6.899541, 42.499035], [-6.899184, 42.499115], [-6.898388, 42.498964], [-6.897152, 42.49858], [-6.89643, 42.498357], [-6.896224, 42.498293], [-6.895734, 42.498004], [-6.894961, 42.497489], [-6.894257, 42.497216], [-6.893622, 42.497185], [-6.893462, 42.496844], [-6.893774, 42.496192], [-6.89409, 42.495769], [-6.89441, 42.495577], [-6.894832, 42.49509], [-6.895358, 42.494309], [-6.895016, 42.494206], [-6.893805, 42.49478], [-6.893444, 42.494288], [-6.893934, 42.492729], [-6.894304, 42.491629], [-6.894557, 42.490987], [-6.894862, 42.490636], [-6.89522, 42.490575], [-6.896179, 42.489998], [-6.89774, 42.488903], [-6.898594, 42.488828], [-6.898741, 42.489771], [-6.898965, 42.490333], [-6.899267, 42.490512], [-6.899557, 42.491085], [-6.899836, 42.492053], [-6.899751, 42.492735], [-6.899303, 42.493134], [-6.899219, 42.493494], [-6.8995, 42.493815], [-6.900149, 42.493682], [-6.901168, 42.493095], [-6.902307, 42.493248], [-6.903565, 42.494141], [-6.904171, 42.495053], [-6.904127, 42.495982], [-6.904307, 42.49639], [-6.904711, 42.496275], [-6.905678, 42.496481], [-6.907205, 42.497006], [-6.908291, 42.497628], [-6.908937, 42.498349], [-6.90943, 42.498865], [-6.90977, 42.499176], [-6.910016, 42.499595], [-6.910168, 42.500123], [-6.910478, 42.500439], [-6.910946, 42.500544], [-6.911399, 42.500775], [-6.911836, 42.501133], [-6.912163, 42.5014], [-6.912381, 42.501577], [-6.912687, 42.501632], [-6.913083, 42.501565], [-6.913352, 42.50152], [-6.913492, 42.501496], [-6.913592, 42.501514], [-6.913651, 42.501574], [-6.913961, 42.50189], [-6.914523, 42.502463], [-6.915076, 42.502624], [-6.91562, 42.502372], [-6.916172, 42.502117], [-6.916731, 42.501859], [-6.917173, 42.501748], [-6.917497, 42.501785], [-6.917632, 42.502039], [-6.91758, 42.502509], [-6.917761, 42.502624], [-6.917913, 42.502927], [-6.917944, 42.503193], [-6.918134, 42.503296], [-6.918553, 42.503157], [-6.918571, 42.5029], [-6.918605, 42.50286], [-6.918769, 42.502951], [-6.919529, 42.502958], [-6.919703, 42.502607], [-6.920007, 42.502149], [-6.92025, 42.501718], [-6.92041, 42.500997], [-6.920547, 42.500517], [-6.920511, 42.500462], [-6.92038, 42.500258], [-6.920644, 42.50006], [-6.920813, 42.49993], [-6.920992, 42.499832], [-6.92122, 42.499871], [-6.921256, 42.499857], [-6.921425, 42.499252], [-6.921372, 42.4982], [-6.921634, 42.497049], [-6.922211, 42.495798], [-6.922241, 42.495033], [-6.921722, 42.494752], [-6.921268, 42.494806], [-6.92088, 42.495194], [-6.920256, 42.495092], [-6.919398, 42.4945], [-6.919271, 42.494061], [-6.919876, 42.493774], [-6.920455, 42.493722], [-6.921008, 42.493904], [-6.921427, 42.493949], [-6.921713, 42.493854], [-6.921779, 42.493543], [-6.921627, 42.493015], [-6.921639, 42.492622], [-6.921814, 42.492361], [-6.922744, 42.492227], [-6.92443, 42.492217], [-6.925263, 42.491961], [-6.925243, 42.491457], [-6.92478, 42.490936], [-6.923874, 42.490398], [-6.923611, 42.489705], [-6.923992, 42.488856], [-6.923631, 42.488364], [-6.922529, 42.488228], [-6.920921, 42.488294], [-6.918809, 42.48856], [-6.917179, 42.488329], [-6.916031, 42.487601], [-6.91512, 42.486718], [-6.914446, 42.48568], [-6.913147, 42.484863], [-6.911224, 42.484267], [-6.910359, 42.483652], [-6.910552, 42.48302], [-6.911288, 42.482319], [-6.912567, 42.481549], [-6.913477, 42.48091], [-6.914018, 42.480404], [-6.913911, 42.48003], [-6.913154, 42.479789], [-6.912686, 42.479361], [-6.912509, 42.478746], [-6.912224, 42.478518], [-6.911832, 42.478676], [-6.911654, 42.478384], [-6.91169, 42.47764], [-6.911352, 42.477444], [-6.91064, 42.477795], [-6.910356, 42.477566], [-6.910457, 42.476989], [-6.910465, 42.476982], [-6.910985, 42.476319], [-6.911068, 42.476051], [-6.910487, 42.475946], [-6.910153, 42.475901], [-6.910084, 42.475422], [-6.909754, 42.475393], [-6.909413, 42.475485], [-6.909323, 42.475331], [-6.909502, 42.474996], [-6.909348, 42.4747], [-6.908479, 42.474949], [-6.907982, 42.475043], [-6.907604, 42.474851], [-6.90666, 42.474181], [-6.906751, 42.473843], [-6.907309, 42.47361], [-6.908335, 42.473483], [-6.908993, 42.473163], [-6.909283, 42.472653], [-6.909795, 42.472474], [-6.909847, 42.472485], [-6.909989, 42.472544], [-6.910194, 42.47278], [-6.910352, 42.473007], [-6.910673, 42.473088], [-6.910936, 42.473043], [-6.911119, 42.472962], [-6.911279, 42.472799], [-6.911501, 42.472457], [-6.911683, 42.47229], [-6.911774, 42.472207], [-6.912016, 42.472014], [-6.91224, 42.471993], [-6.912372, 42.472055], [-6.91237, 42.472208], [-6.912054, 42.472464], [-6.912012, 42.472503], [-6.911873, 42.472631], [-6.911713, 42.472793], [-6.911741, 42.47289], [-6.911834, 42.472976], [-6.911865, 42.473004], [-6.911729, 42.473247], [-6.911608, 42.473386], [-6.911636, 42.473483], [-6.911816, 42.47347], [-6.91209, 42.473305], [-6.912221, 42.473282], [-6.912249, 42.473379], [-6.912125, 42.473586], [-6.912158, 42.473699], [-6.912321, 42.47379], [-6.912448, 42.473752], [-6.912662, 42.473698], [-6.912918, 42.47379], [-6.913334, 42.47372], [-6.913967, 42.473765], [-6.914377, 42.473357], [-6.914769, 42.473206], [-6.914848, 42.472921], [-6.914559, 42.472954], [-6.914486, 42.47278], [-6.914441, 42.472703], [-6.914134, 42.472755], [-6.913917, 42.47267], [-6.913927, 42.472604], [-6.91393, 42.472603], [-6.914123, 42.472317], [-6.914034, 42.47201], [-6.913823, 42.471674], [-6.913513, 42.471235], [-6.913307, 42.470999], [-6.912928, 42.470878], [-6.912738, 42.471001], [-6.912571, 42.470828], [-6.912397, 42.470687], [-6.912396, 42.470545], [-6.912167, 42.470228], [-6.911738, 42.469776], [-6.911177, 42.469499], [-6.910851, 42.469493], [-6.91064, 42.469334], [-6.909941, 42.468968], [-6.90974, 42.46914], [-6.908872, 42.469057], [-6.907337, 42.468718], [-6.90704, 42.468543], [-6.906977, 42.468383], [-6.906798, 42.46816], [-6.906664, 42.467776], [-6.906667, 42.467766], [-6.906602, 42.467719], [-6.906512, 42.467565], [-6.906491, 42.467511], [-6.906239, 42.467493], [-6.906038, 42.467594], [-6.906032, 42.467494], [-6.905944, 42.467424], [-6.905761, 42.467506], [-6.905662, 42.467641], [-6.905738, 42.467696], [-6.905835, 42.467764], [-6.906069, 42.46786], [-6.905988, 42.467975], [-6.905689, 42.468212], [-6.905553, 42.468218], [-6.905528, 42.468053], [-6.905553, 42.467981], [-6.905372, 42.46791], [-6.905245, 42.467916], [-6.904485, 42.468256], [-6.904437, 42.468331], [-6.904099, 42.468431], [-6.903877, 42.468773], [-6.903806, 42.469005], [-6.904076, 42.469146], [-6.904341, 42.46927], [-6.904498, 42.469176], [-6.904623, 42.469053], [-6.904694, 42.468876], [-6.904703, 42.468853], [-6.9049, 42.46882], [-6.905142, 42.468863], [-6.905537, 42.468881], [-6.905618, 42.469003], [-6.905296, 42.469159], [-6.905272, 42.469315], [-6.904831, 42.469313], [-6.904789, 42.469312], [-6.904372, 42.469536], [-6.904416, 42.46971], [-6.903975, 42.469985], [-6.903754, 42.46986], [-6.903153, 42.470402], [-6.903002, 42.470597], [-6.902766, 42.470654], [-6.902904, 42.470732], [-6.90292, 42.470754], [-6.903016, 42.470882], [-6.902699, 42.470984], [-6.90268, 42.47099], [-6.902403, 42.471223], [-6.902309, 42.471375], [-6.902325, 42.471592], [-6.902286, 42.471853], [-6.902379, 42.472022], [-6.90236, 42.472167], [-6.90237, 42.472296], [-6.902242, 42.472418], [-6.901999, 42.472612], [-6.902076, 42.472717], [-6.902399, 42.472677], [-6.902452, 42.47267], [-6.902655, 42.472738], [-6.902716, 42.472947], [-6.902439, 42.473192], [-6.902451, 42.47335], [-6.902506, 42.474051], [-6.902466, 42.474073], [-6.902139, 42.474213], [-6.901839, 42.474365], [-6.901779, 42.474477], [-6.902168, 42.474631], [-6.902305, 42.47471], [-6.902511, 42.474945], [-6.902554, 42.475175], [-6.902494, 42.4754], [-6.902488, 42.475423], [-6.902473, 42.475417], [-6.902152, 42.475294], [-6.902183, 42.475001], [-6.902228, 42.474841], [-6.90214, 42.474771], [-6.901727, 42.474774], [-6.901118, 42.474809], [-6.90082, 42.474572], [-6.90053, 42.474841], [-6.900321, 42.47491], [-6.899777, 42.474935], [-6.899363, 42.47509], [-6.899115, 42.475267], [-6.899035, 42.475467], [-6.899042, 42.475489], [-6.899105, 42.475709], [-6.899014, 42.475792], [-6.898886, 42.475746], [-6.898791, 42.475576], [-6.898665, 42.475377], [-6.898617, 42.475363], [-6.898414, 42.475301], [-6.897992, 42.475508], [-6.897921, 42.47574], [-6.897933, 42.475941], [-6.898043, 42.475993], [-6.897913, 42.476263], [-6.897833, 42.476551], [-6.897758, 42.476529], [-6.897447, 42.476328], [-6.897104, 42.476251], [-6.897019, 42.476435], [-6.897233, 42.476618], [-6.897652, 42.476801], [-6.897739, 42.476969], [-6.897757, 42.477004], [-6.897923, 42.477263], [-6.897958, 42.477545], [-6.897619, 42.477721], [-6.897443, 42.477742], [-6.897286, 42.47776], [-6.896996, 42.477708], [-6.896913, 42.477739], [-6.896964, 42.478051], [-6.896547, 42.478247], [-6.896121, 42.478181], [-6.896041, 42.477687], [-6.895844, 42.477328], [-6.89553, 42.477105], [-6.895131, 42.476804], [-6.894646, 42.476425], [-6.89412, 42.476007], [-6.893551, 42.47555], [-6.892986, 42.475], [-6.892426, 42.474357], [-6.891962, 42.474159], [-6.891596, 42.474406], [-6.891011, 42.474113], [-6.890209, 42.47328], [-6.889985, 42.472719], [-6.890339, 42.472428], [-6.890723, 42.47181], [-6.891139, 42.470863], [-6.891567, 42.469961], [-6.892007, 42.469103], [-6.892699, 42.469008], [-6.893642, 42.469679], [-6.894216, 42.46972], [-6.894422, 42.469131], [-6.89437, 42.468518], [-6.894061, 42.467878], [-6.894275, 42.467427], [-6.895012, 42.467164], [-6.895568, 42.466816], [-6.895944, 42.466384], [-6.896741, 42.465788], [-6.89796, 42.465028], [-6.899124, 42.464185], [-6.900233, 42.463259], [-6.901537, 42.463015], [-6.903038, 42.463452], [-6.904239, 42.463387], [-6.905138, 42.46282], [-6.905571, 42.462262], [-6.905538, 42.461714], [-6.905935, 42.46114], [-6.906762, 42.460539], [-6.907578, 42.460008], [-6.908384, 42.459549], [-6.907923, 42.459143], [-6.906196, 42.45879], [-6.905299, 42.458389], [-6.905232, 42.457939], [-6.905025, 42.457652], [-6.904676, 42.457526], [-6.904537, 42.457043], [-6.904607, 42.456201], [-6.904409, 42.455404], [-6.903942, 42.454654], [-6.903995, 42.454184], [-6.904565, 42.453995], [-6.90504, 42.453799], [-6.905419, 42.453596], [-6.906706, 42.453724], [-6.9089, 42.454182], [-6.910025, 42.454614], [-6.910079, 42.455019], [-6.910393, 42.455243], [-6.910968, 42.455284], [-6.911493, 42.455264], [-6.91197, 42.455183], [-6.912774, 42.455369], [-6.913904, 42.455823], [-6.914199, 42.456303], [-6.913657, 42.45681], [-6.913876, 42.457027], [-6.914855, 42.456953], [-6.915815, 42.457574], [-6.916757, 42.45889], [-6.917483, 42.459458], [-6.917994, 42.459279], [-6.918717, 42.459295], [-6.919653, 42.459505], [-6.920776, 42.459499], [-6.922088, 42.459276], [-6.923452, 42.459022], [-6.924869, 42.458735], [-6.926362, 42.459035], [-6.927931, 42.459921], [-6.929261, 42.460848], [-6.930352, 42.461816], [-6.930958, 42.461966], [-6.931079, 42.4613], [-6.931573, 42.460848], [-6.932442, 42.460608], [-6.933215, 42.460361], [-6.933892, 42.460108], [-6.934441, 42.460061], [-6.934862, 42.46022], [-6.935153, 42.460147], [-6.935315, 42.459843], [-6.935912, 42.459419], [-6.936943, 42.458875], [-6.938145, 42.458602], [-6.93952, 42.458599], [-6.940143, 42.458377], [-6.940016, 42.457938], [-6.939916, 42.457647], [-6.939843, 42.457505], [-6.940707, 42.457358], [-6.942508, 42.457206], [-6.944492, 42.456877], [-6.946659, 42.456371], [-6.9475, 42.455928], [-6.947016, 42.455549], [-6.947573, 42.455316], [-6.949173, 42.455229], [-6.949998, 42.455596], [-6.950048, 42.456417], [-6.950652, 42.456776], [-6.951809, 42.456671], [-6.952122, 42.456457], [-6.951591, 42.456132], [-6.951415, 42.455631], [-6.951595, 42.454955], [-6.951732, 42.45424], [-6.951827, 42.453486], [-6.951762, 42.452829], [-6.951537, 42.452267], [-6.95196, 42.451458], [-6.95303, 42.4504], [-6.954471, 42.44944], [-6.956285, 42.448578], [-6.95702, 42.447876], [-6.956676, 42.447335], [-6.956592, 42.446935], [-6.956766, 42.446674], [-6.957738, 42.446901], [-6.959507, 42.447615], [-6.960026, 42.447572], [-6.959295, 42.446774], [-6.959094, 42.446028], [-6.959423, 42.445334], [-6.959636, 42.444882], [-6.959735, 42.444674], [-6.959765, 42.444181], [-6.959728, 42.443404], [-6.959293, 42.443086], [-6.958459, 42.443228], [-6.958133, 42.443075], [-6.958317, 42.442629], [-6.958999, 42.44196], [-6.960178, 42.441067], [-6.961691, 42.440464], [-6.963538, 42.44015], [-6.964933, 42.440004], [-6.965878, 42.440028], [-6.966807, 42.440216], [-6.967721, 42.440567], [-6.968338, 42.440324], [-6.968658, 42.439486], [-6.969156, 42.439262], [-6.969832, 42.439655], [-6.970349, 42.43982], [-6.970706, 42.43976], [-6.971025, 42.439567], [-6.971307, 42.439242], [-6.971924, 42.438999], [-6.972877, 42.438837], [-6.97376, 42.438432], [-6.974573, 42.437787], [-6.975622, 42.437631], [-6.976906, 42.437966], [-6.977844, 42.437967], [-6.978436, 42.437636], [-6.979531, 42.437426], [-6.981131, 42.437338], [-6.982245, 42.43784], [-6.982873, 42.438932], [-6.983169, 42.439501], [-6.983134, 42.439545], [-6.982883, 42.439865], [-6.982415, 42.440459], [-6.981745, 42.441407], [-6.980871, 42.442709], [-6.981115, 42.443336], [-6.982477, 42.443289], [-6.983038, 42.442963], [-6.982801, 42.442357], [-6.982991, 42.441933], [-6.983608, 42.44169], [-6.983959, 42.441284], [-6.984045, 42.440716], [-6.984373, 42.440337], [-6.984943, 42.440148], [-6.985169, 42.4398], [-6.98505, 42.439296], [-6.984915, 42.438719], [-6.984762, 42.438071], [-6.985054, 42.437615], [-6.985791, 42.437351], [-6.986541, 42.437487], [-6.987306, 42.438021], [-6.988128, 42.438596], [-6.989008, 42.439211], [-6.989636, 42.439302], [-6.990011, 42.438869], [-6.990598, 42.438953], [-6.991397, 42.439555], [-6.992219, 42.44013], [-6.993065, 42.440677], [-6.994029, 42.440767], [-6.99511, 42.440398], [-6.996381, 42.440688], [-6.997844, 42.441638], [-6.999071, 42.442097], [-7.000062, 42.442067], [-7.00055, 42.442998], [-7.000536, 42.444891], [-7.00019, 42.445965], [-6.999514, 42.446219], [-6.999554, 42.446466], [-7.000311, 42.446705], [-7.000926, 42.44667], [-7.001398, 42.446359], [-7.0022, 42.446106], [-7.003332, 42.445913], [-7.003875, 42.445521], [-7.003829, 42.444929], [-7.004584, 42.444086], [-7.006142, 42.44299], [-7.006847, 42.442293], [-7.006698, 42.441995], [-7.006218, 42.441524], [-7.005406, 42.440878], [-7.005134, 42.440371], [-7.005402, 42.440003], [-7.005734, 42.439854], [-7.00613, 42.439925], [-7.007004, 42.440029], [-7.008356, 42.440167], [-7.009152, 42.439893], [-7.009391, 42.439207], [-7.010773, 42.438694], [-7.0133, 42.438355], [-7.014787, 42.437986], [-7.015234, 42.437587], [-7.015809, 42.437304], [-7.016511, 42.437138], [-7.01721, 42.43718], [-7.017908, 42.43743], [-7.018773, 42.437397], [-7.019807, 42.437083], [-7.020165, 42.436699], [-7.019846, 42.436246], [-7.019329, 42.435757], [-7.018615, 42.435234], [-7.017992, 42.435133], [-7.01746, 42.435454], [-7.016701, 42.435745], [-7.015714, 42.436006], [-7.014799, 42.435978], [-7.013957, 42.43566], [-7.013039, 42.434756], [-7.012045, 42.433265], [-7.01031, 42.432455], [-7.007835, 42.432324], [-7.006999, 42.431705], [-7.007804, 42.430599], [-7.008861, 42.429935], [-7.010171, 42.429711], [-7.011369, 42.429852], [-7.012453, 42.430359], [-7.013225, 42.430435], [-7.013684, 42.43008], [-7.013952, 42.429711], [-7.014029, 42.429329], [-7.014672, 42.42885], [-7.01588, 42.428275], [-7.016537, 42.428278], [-7.016643, 42.42886], [-7.016915, 42.429044], [-7.017353, 42.428831], [-7.017683, 42.42889], [-7.017904, 42.429221], [-7.018786, 42.429785], [-7.02033, 42.430582], [-7.021348, 42.4314], [-7.021841, 42.432238], [-7.022406, 42.432465], [-7.023045, 42.432079], [-7.023825, 42.432291], [-7.024748, 42.433102], [-7.025804, 42.433406], [-7.026995, 42.433203], [-7.027451, 42.43294], [-7.02717, 42.432619], [-7.026683, 42.432449], [-7.02599, 42.432429], [-7.025375, 42.432142], [-7.02484, 42.431588], [-7.024976, 42.431195], [-7.025784, 42.430965], [-7.027156, 42.431492], [-7.02909, 42.432775], [-7.030341, 42.43353], [-7.030906, 42.433757], [-7.031291, 42.433253], [-7.031496, 42.432018], [-7.031775, 42.431579], [-7.032128, 42.431934], [-7.032672, 42.432625], [-7.033407, 42.433652], [-7.034241, 42.434155], [-7.035172, 42.434134], [-7.03556, 42.433422], [-7.035403, 42.432019], [-7.035713, 42.431367], [-7.036492, 42.431464], [-7.037234, 42.431222], [-7.03794, 42.43064], [-7.038523, 42.430171], [-7.038982, 42.429816], [-7.039589, 42.42932], [-7.040342, 42.428684], [-7.04051, 42.428079], [-7.040093, 42.427505], [-7.039704, 42.427456], [-7.039342, 42.427933], [-7.038938, 42.427725], [-7.038492, 42.426833], [-7.038273, 42.426294], [-7.038282, 42.426108], [-7.038645, 42.426069], [-7.039364, 42.426176], [-7.040212, 42.426516], [-7.04119, 42.427086], [-7.041975, 42.427529], [-7.042566, 42.427843], [-7.042798, 42.42778], [-7.04267, 42.42734], [-7.043068, 42.42688], [-7.043991, 42.4264], [-7.04444, 42.425792], [-7.044415, 42.425059], [-7.04384, 42.424696], [-7.042718, 42.424703], [-7.042167, 42.424313], [-7.042188, 42.423525], [-7.042852, 42.422905], [-7.044158, 42.422451], [-7.044702, 42.42185], [-7.044485, 42.421103], [-7.044477, 42.420643], [-7.044677, 42.420471], [-7.045617, 42.420264], [-7.047296, 42.420022], [-7.047792, 42.419684], [-7.047103, 42.419248], [-7.046606, 42.418826], [-7.046299, 42.418417], [-7.046302, 42.417886], [-7.046612, 42.417234], [-7.04663, 42.416736], [-7.046356, 42.416395], [-7.046698, 42.416207], [-7.047657, 42.416173], [-7.048271, 42.41594], [-7.048539, 42.415506], [-7.049021, 42.415092], [-7.049719, 42.414696], [-7.050229, 42.414839], [-7.050552, 42.415522], [-7.050603, 42.416211], [-7.050383, 42.416907], [-7.050236, 42.41737], [-7.050163, 42.417601], [-7.049989, 42.417994], [-7.049712, 42.418548], [-7.049778, 42.418883], [-7.050186, 42.418998], [-7.050473, 42.41934], [-7.050639, 42.419912], [-7.050367, 42.420373], [-7.049657, 42.420726], [-7.049404, 42.421253], [-7.049608, 42.421956], [-7.050092, 42.422012], [-7.050858, 42.421419], [-7.051483, 42.42099], [-7.051968, 42.420722], [-7.05222, 42.42043], [-7.05224, 42.420115], [-7.052268, 42.419672], [-7.052303, 42.419102], [-7.052714, 42.418772], [-7.053501, 42.418684], [-7.054753, 42.418585], [-7.056471, 42.418475], [-7.057603, 42.418927], [-7.058147, 42.419941], [-7.058566, 42.420308], [-7.058859, 42.420027], [-7.059871, 42.419853], [-7.061602, 42.419788], [-7.062474, 42.419765], [-7.062488, 42.419785], [-7.062598, 42.419951], [-7.062806, 42.420262], [-7.063242, 42.420268], [-7.063905, 42.41997], [-7.064607, 42.419804], [-7.065346, 42.419769], [-7.065682, 42.419527], [-7.065614, 42.419077], [-7.065669, 42.41875], [-7.065848, 42.418543], [-7.066198, 42.418137], [-7.066722, 42.417531], [-7.067277, 42.416948], [-7.067863, 42.416386], [-7.068546, 42.415831], [-7.069324, 42.415282], [-7.070157, 42.414817], [-7.071046, 42.414434], [-7.071464, 42.414154], [-7.071413, 42.413979], [-7.071634, 42.413664], [-7.072128, 42.41321], [-7.072576, 42.412603], [-7.07298, 42.411842], [-7.073656, 42.411265], [-7.074604, 42.410872], [-7.075341, 42.410399], [-7.075868, 42.409848], [-7.077224, 42.409246], [-7.07941, 42.408595], [-7.080772, 42.408338], [-7.081312, 42.408476], [-7.082228, 42.408296], [-7.083521, 42.407798], [-7.08479, 42.407326], [-7.086035, 42.406882], [-7.086909, 42.406986], [-7.087411, 42.407638], [-7.088255, 42.408069], [-7.089442, 42.408281], [-7.09059, 42.408361], [-7.091699, 42.408309], [-7.092454, 42.40811], [-7.092853, 42.407765], [-7.093648, 42.40749], [-7.094839, 42.407286], [-7.095283, 42.406771], [-7.09498, 42.405947], [-7.095037, 42.405499], [-7.095454, 42.405427], [-7.095941, 42.405597], [-7.096498, 42.406009], [-7.097147, 42.405875], [-7.097886, 42.405194], [-7.099269, 42.404473], [-7.101297, 42.403709], [-7.102789, 42.403361], [-7.103745, 42.403427], [-7.105078, 42.403498], [-7.106787, 42.403574], [-7.10812, 42.403645], [-7.109077, 42.403711], [-7.109891, 42.403502], [-7.110562, 42.403017], [-7.111255, 42.402714], [-7.111969, 42.402591], [-7.112475, 42.402181], [-7.112772, 42.401485], [-7.113144, 42.401259], [-7.11359, 42.401505], [-7.114324, 42.402094], [-7.115345, 42.403026], [-7.116117, 42.403424], [-7.11664, 42.403288], [-7.117397, 42.403527], [-7.118388, 42.404141], [-7.118973, 42.40411], [-7.119151, 42.403433], [-7.119474, 42.403147], [-7.119941, 42.403251], [-7.120395, 42.403684], [-7.120835, 42.404445], [-7.12115, 42.404991], [-7.121341, 42.405321], [-7.122002, 42.405711], [-7.123133, 42.406162], [-7.124356, 42.40639], [-7.12567, 42.406395], [-7.125789, 42.406075], [-7.124715, 42.405431], [-7.124147, 42.405091], [-7.124085, 42.405054], [-7.124435, 42.404947], [-7.125196, 42.40477], [-7.125595, 42.404689], [-7.125633, 42.404706], [-7.126241, 42.40497], [-7.12742, 42.405483], [-7.128585, 42.405571], [-7.129737, 42.405234], [-7.130134, 42.404774], [-7.129776, 42.40419], [-7.129051, 42.404061], [-7.127959, 42.404387], [-7.127253, 42.404324], [-7.126934, 42.403871], [-7.126607, 42.403452], [-7.126273, 42.403065], [-7.125943, 42.402684], [-7.125617, 42.402307], [-7.124891, 42.402008], [-7.123764, 42.401787], [-7.123228, 42.401233], [-7.123282, 42.400347], [-7.123536, 42.399828], [-7.12399, 42.399677], [-7.124417, 42.399534], [-7.124817, 42.3994], [-7.124817, 42.398861], [-7.124417, 42.397914], [-7.124337, 42.397213], [-7.124579, 42.396756], [-7.124662, 42.396461], [-7.124587, 42.396327], [-7.124457, 42.396096], [-7.124273, 42.395767], [-7.124399, 42.395495], [-7.124837, 42.395282], [-7.125253, 42.395267], [-7.125646, 42.39545], [-7.126008, 42.395619], [-7.126337, 42.395772], [-7.126939, 42.395635], [-7.127815, 42.395208], [-7.128945, 42.395014], [-7.130331, 42.395052], [-7.131313, 42.394883], [-7.13189, 42.394507], [-7.132089, 42.3941], [-7.131909, 42.393662], [-7.131802, 42.393404], [-7.131769, 42.393325], [-7.132012, 42.393102], [-7.13253, 42.392736], [-7.132859, 42.39255], [-7.132999, 42.392545], [-7.133524, 42.392523], [-7.134434, 42.392487], [-7.135278, 42.392194], [-7.136055, 42.391645], [-7.136148, 42.391214], [-7.135557, 42.3909], [-7.134936, 42.390915], [-7.134286, 42.391257], [-7.133925, 42.391423], [-7.133851, 42.391412], [-7.133426, 42.391347], [-7.132649, 42.391227], [-7.132205, 42.390762], [-7.132093, 42.389951], [-7.132073, 42.389239], [-7.132145, 42.388627], [-7.132276, 42.388005], [-7.132466, 42.387372], [-7.132827, 42.386895], [-7.133358, 42.386573], [-7.133925, 42.385945], [-7.134527, 42.385011], [-7.134964, 42.384151], [-7.135235, 42.383367], [-7.135166, 42.382594], [-7.134757, 42.381834], [-7.134514, 42.381404], [-7.134437, 42.381305], [-7.134137, 42.380918], [-7.133614, 42.380244], [-7.132951, 42.379939], [-7.132149, 42.380001], [-7.131661, 42.380039], [-7.131485, 42.380052], [-7.131392, 42.380039], [-7.13138, 42.38], [-7.131303, 42.379736], [-7.131161, 42.379249], [-7.130612, 42.378972], [-7.129656, 42.378906], [-7.129001, 42.378695], [-7.128648, 42.378341], [-7.128165, 42.378078], [-7.127553, 42.377906], [-7.126854, 42.378188], [-7.126069, 42.378923], [-7.125671, 42.379297], [-7.12566, 42.379311], [-7.125152, 42.379188], [-7.124147, 42.378928], [-7.123623, 42.378712], [-7.12358, 42.378541], [-7.123816, 42.378157], [-7.124329, 42.377561], [-7.124233, 42.377232], [-7.123528, 42.377169], [-7.123118, 42.376939], [-7.123002, 42.376544], [-7.123125, 42.376108], [-7.123486, 42.37563], [-7.123177, 42.375107], [-7.122199, 42.374537], [-7.121539, 42.37495], [-7.121196, 42.376347], [-7.120889, 42.377115], [-7.120617, 42.377254], [-7.120476, 42.377329], [-7.120467, 42.377339], [-7.120157, 42.377669], [-7.119546, 42.378319], [-7.119106, 42.378488], [-7.118836, 42.378175], [-7.118649, 42.378041], [-7.118544, 42.378083], [-7.118443, 42.378072], [-7.118346, 42.378008], [-7.11787, 42.377796], [-7.117015, 42.377435], [-7.116356, 42.376995], [-7.115893, 42.376475], [-7.115631, 42.376543], [-7.115572, 42.377199], [-7.115552, 42.377664], [-7.115569, 42.377937], [-7.115478, 42.378161], [-7.115278, 42.378333], [-7.115223, 42.378574], [-7.115313, 42.378881], [-7.115463, 42.379102], [-7.115675, 42.379236], [-7.115905, 42.379381], [-7.116152, 42.379537], [-7.116185, 42.379838], [-7.116002, 42.380285], [-7.115114, 42.380668], [-7.113521, 42.380988], [-7.112565, 42.380922], [-7.112246, 42.380469], [-7.111931, 42.380247], [-7.111621, 42.380254], [-7.111245, 42.380249], [-7.110802, 42.380233], [-7.110356, 42.38031], [-7.109906, 42.380479], [-7.109116, 42.380661], [-7.107985, 42.380855], [-7.107186, 42.3809], [-7.106719, 42.380796], [-7.105873, 42.380572], [-7.104649, 42.380229], [-7.103807, 42.379912], [-7.103348, 42.379622], [-7.102838, 42.379479], [-7.102277, 42.379483], [-7.101731, 42.379646], [-7.1012, 42.379968], [-7.100681, 42.380334], [-7.100176, 42.380744], [-7.0996, 42.380912], [-7.098954, 42.380838], [-7.098863, 42.380416], [-7.099325, 42.379644], [-7.09954, 42.379052], [-7.099507, 42.37864], [-7.099484, 42.378344], [-7.09947, 42.378165], [-7.099193, 42.378006], [-7.098653, 42.377868], [-7.098128, 42.377566], [-7.097618, 42.3771], [-7.097192, 42.377267], [-7.096851, 42.378066], [-7.096628, 42.378589], [-7.096524, 42.378835], [-7.096033, 42.378526], [-7.095157, 42.377661], [-7.094731, 42.377163], [-7.094754, 42.377032], [-7.094823, 42.376628], [-7.09494, 42.375951], [-7.094829, 42.375457], [-7.094489, 42.375147], [-7.094047, 42.37501], [-7.093504, 42.375047], [-7.092831, 42.375094], [-7.092027, 42.375149], [-7.091608, 42.375226], [-7.091574, 42.375324], [-7.091427, 42.375489], [-7.091169, 42.375721], [-7.090946, 42.375921], [-7.090758, 42.376088], [-7.090471, 42.376367], [-7.090085, 42.376756], [-7.089808, 42.377122], [-7.089642, 42.377466], [-7.089544, 42.377667], [-7.089515, 42.377726], [-7.089376, 42.377992], [-7.089125, 42.378466], [-7.088923, 42.378846], [-7.088771, 42.379134], [-7.0886, 42.379409], [-7.08841, 42.37967], [-7.088276, 42.379854], [-7.088198, 42.379962], [-7.08808, 42.380025], [-7.087922, 42.380043], [-7.087559, 42.380084], [-7.086992, 42.380148], [-7.086679, 42.380183], [-7.086617, 42.38019], [-7.086489, 42.380166], [-7.086294, 42.380111], [-7.086135, 42.380067], [-7.086012, 42.380032], [-7.085702, 42.379945], [-7.085204, 42.379805], [-7.08484, 42.379564], [-7.084612, 42.379222], [-7.084336, 42.378808], [-7.084011, 42.378323], [-7.08352, 42.378021], [-7.082861, 42.377903], [-7.082552, 42.377882], [-7.082593, 42.377955], [-7.082791, 42.378314], [-7.083145, 42.378956], [-7.083236, 42.379408], [-7.083061, 42.379668], [-7.08253, 42.379667], [-7.081642, 42.379404], [-7.081066, 42.379249], [-7.080802, 42.379202], [-7.080728, 42.379376], [-7.080843, 42.379772], [-7.081051, 42.380382], [-7.081353, 42.381207], [-7.081428, 42.381678], [-7.081275, 42.381797], [-7.080221, 42.381608], [-7.078266, 42.381113], [-7.076865, 42.380781], [-7.076018, 42.380612], [-7.075024, 42.380414], [-7.073882, 42.380186], [-7.072749, 42.380076], [-7.071627, 42.380084], [-7.070676, 42.380247], [-7.069894, 42.380565], [-7.070223, 42.380947], [-7.071664, 42.381392], [-7.072988, 42.381649], [-7.074195, 42.381719], [-7.07429, 42.382049], [-7.073275, 42.382638], [-7.072486, 42.383258], [-7.071926, 42.383907], [-7.072123, 42.384588], [-7.07308, 42.385301], [-7.0739, 42.385437], [-7.074584, 42.384997], [-7.075283, 42.384716], [-7.075997, 42.384593], [-7.076858, 42.384602], [-7.077867, 42.384741], [-7.078405, 42.38487], [-7.078475, 42.384988], [-7.078665, 42.385053], [-7.078978, 42.385064], [-7.079638, 42.385191], [-7.080645, 42.385434], [-7.081559, 42.385784], [-7.082379, 42.386243], [-7.082722, 42.386669], [-7.082586, 42.387061], [-7.082429, 42.387596], [-7.08225, 42.388272], [-7.081936, 42.388695], [-7.081486, 42.388864], [-7.081252, 42.389135], [-7.081235, 42.389507], [-7.08092, 42.389633], [-7.080308, 42.389512], [-7.079745, 42.389401], [-7.079231, 42.3893], [-7.078889, 42.389494], [-7.078719, 42.389985], [-7.078443, 42.39054], [-7.07806, 42.391159], [-7.07792, 42.391644], [-7.078022, 42.391996], [-7.077993, 42.392324], [-7.077831, 42.392628], [-7.077566, 42.392789], [-7.077196, 42.392806], [-7.076881, 42.393229], [-7.076622, 42.394058], [-7.076937, 42.394926], [-7.077826, 42.395835], [-7.078666, 42.39619], [-7.079457, 42.395992], [-7.080039, 42.395846], [-7.080413, 42.395752], [-7.08067, 42.395947], [-7.08081, 42.39643], [-7.080598, 42.396763], [-7.080032, 42.396946], [-7.079118, 42.397241], [-7.077856, 42.397649], [-7.077068, 42.397741], [-7.076753, 42.397518], [-7.076317, 42.397846], [-7.075761, 42.398726], [-7.075096, 42.399232], [-7.074322, 42.399365], [-7.074003, 42.399588], [-7.07414, 42.399901], [-7.074327, 42.400331], [-7.074565, 42.400875], [-7.073929, 42.401669], [-7.07242, 42.402712], [-7.070939, 42.403312], [-7.069485, 42.403469], [-7.068739, 42.403804], [-7.068701, 42.404318], [-7.068165, 42.404733], [-7.067132, 42.405048], [-7.06673, 42.405602], [-7.06696, 42.406393], [-7.066584, 42.407034], [-7.065602, 42.407525], [-7.064029, 42.408025], [-7.061865, 42.408534], [-7.060699, 42.408736], [-7.060533, 42.408631], [-7.060189, 42.408413], [-7.059666, 42.408083], [-7.058548, 42.407764], [-7.056835, 42.407458], [-7.055476, 42.407298], [-7.054473, 42.407286], [-7.053604, 42.406766], [-7.052868, 42.405739], [-7.052084, 42.404973], [-7.051251, 42.40447], [-7.050645, 42.404194], [-7.050268, 42.404143], [-7.049986, 42.403985], [-7.049799, 42.403719], [-7.050174, 42.403205], [-7.051113, 42.402442], [-7.052786, 42.401901], [-7.055192, 42.401581], [-7.056427, 42.401208], [-7.056491, 42.400782], [-7.056127, 42.400499], [-7.055336, 42.400357], [-7.055196, 42.399874], [-7.055706, 42.399049], [-7.056418, 42.399134], [-7.057332, 42.400131], [-7.058161, 42.400404], [-7.058905, 42.399954], [-7.05987, 42.399512], [-7.061056, 42.399078], [-7.060941, 42.398682], [-7.059526, 42.398325], [-7.058797, 42.397643], [-7.058754, 42.396635], [-7.058013, 42.396232], [-7.056571, 42.396433], [-7.055607, 42.396552], [-7.055118, 42.396589], [-7.054997, 42.396818], [-7.055243, 42.397237], [-7.054788, 42.398145], [-7.053632, 42.399542], [-7.052494, 42.40036], [-7.051376, 42.400597], [-7.051104, 42.40009], [-7.051678, 42.398839], [-7.052129, 42.397378], [-7.052457, 42.395707], [-7.052266, 42.395048], [-7.051556, 42.3954], [-7.051107, 42.396008], [-7.05092, 42.39687], [-7.050356, 42.39805], [-7.049417, 42.399549], [-7.04849, 42.400123], [-7.047576, 42.399772], [-7.046977, 42.399677], [-7.046694, 42.399839], [-7.046551, 42.399919], [-7.046548, 42.399916], [-7.046127, 42.399666], [-7.045287, 42.399168], [-7.043869, 42.399204], [-7.041872, 42.399773], [-7.040783, 42.40071], [-7.040602, 42.402012], [-7.039808, 42.403038], [-7.038401, 42.403786], [-7.036947, 42.404265], [-7.035446, 42.404476], [-7.034191, 42.405106], [-7.033183, 42.406154], [-7.032407, 42.406495], [-7.031863, 42.406126], [-7.030303, 42.406347], [-7.027726, 42.407156], [-7.026208, 42.407739], [-7.025749, 42.408094], [-7.02472, 42.408316], [-7.023121, 42.408405], [-7.021552, 42.408488], [-7.020013, 42.408567], [-7.018765, 42.408572], [-7.017808, 42.408505], [-7.016193, 42.40832], [-7.013918, 42.408017], [-7.012773, 42.407674], [-7.012757, 42.407291], [-7.012737, 42.406787], [-7.012711, 42.406162], [-7.012783, 42.405282], [-7.012954, 42.404146], [-7.013488, 42.403293], [-7.014386, 42.402725], [-7.015087, 42.402559], [-7.015593, 42.402796], [-7.01622, 42.402804], [-7.016968, 42.402584], [-7.017075, 42.401874], [-7.01654, 42.400673], [-7.015325, 42.400143], [-7.013429, 42.400283], [-7.012192, 42.400217], [-7.011614, 42.399947], [-7.010789, 42.399903], [-7.009718, 42.400086], [-7.009103, 42.400768], [-7.008945, 42.401948], [-7.008865, 42.402861], [-7.008865, 42.403506], [-7.008307, 42.404063], [-7.007193, 42.40453], [-7.006179, 42.40491], [-7.005265, 42.405205], [-7.003917, 42.405297], [-7.002136, 42.405185], [-7.000779, 42.405463], [-6.999847, 42.406129], [-6.998503, 42.406774], [-6.996747, 42.407396], [-6.995437, 42.40762], [-6.994574, 42.407444], [-6.993529, 42.407392], [-6.9923, 42.407463], [-6.991009, 42.407752], [-6.989657, 42.40826], [-6.988821, 42.408771], [-6.988502, 42.409286], [-6.988246, 42.409698], [-6.988054, 42.410009], [-6.987269, 42.410373], [-6.985891, 42.410793], [-6.984839, 42.410719], [-6.984112, 42.410151], [-6.983762, 42.409588], [-6.983788, 42.40903], [-6.983794, 42.408706], [-6.983779, 42.408617], [-6.983713, 42.408549], [-6.983595, 42.408502], [-6.983575, 42.408344], [-6.983653, 42.408074], [-6.983603, 42.407632], [-6.983425, 42.407016], [-6.983356, 42.406452], [-6.983395, 42.405938], [-6.983589, 42.40542], [-6.983938, 42.4049], [-6.984183, 42.404235], [-6.984325, 42.403427], [-6.984527, 42.402724], [-6.984792, 42.402125], [-6.984879, 42.401672], [-6.98479, 42.401365], [-6.984885, 42.400933], [-6.985162, 42.400379], [-6.985081, 42.399885], [-6.984644, 42.399453], [-6.984249, 42.399059], [-6.983897, 42.398704], [-6.983824, 42.398993], [-6.984031, 42.399926], [-6.983769, 42.400317], [-6.983038, 42.400164], [-6.982684, 42.399694], [-6.982706, 42.398907], [-6.982525, 42.398061], [-6.982139, 42.397159], [-6.982055, 42.396435], [-6.982272, 42.395891], [-6.982307, 42.395147], [-6.98216, 42.394203], [-6.982229, 42.393039], [-6.982516, 42.391652], [-6.98301, 42.390876], [-6.983711, 42.390711], [-6.983827, 42.390137], [-6.983356, 42.389157], [-6.983893, 42.38842], [-6.985436, 42.387926], [-6.98602, 42.387135], [-6.985643, 42.386046], [-6.985659, 42.385236], [-6.986067, 42.384705], [-6.986583, 42.383787], [-6.987205, 42.382482], [-6.98787, 42.381976], [-6.98858, 42.382271], [-6.989329, 42.382811], [-6.990119, 42.383599], [-6.991066, 42.383853], [-6.992171, 42.383572], [-6.993147, 42.383059], [-6.993994, 42.382315], [-6.994222, 42.3817], [-6.993832, 42.381213], [-6.993603, 42.380422], [-6.993536, 42.379326], [-6.993669, 42.378381], [-6.994001, 42.377587], [-6.994149, 42.376801], [-6.994112, 42.376023], [-6.994191, 42.375433], [-6.994387, 42.37503], [-6.994893, 42.374298], [-6.99571, 42.373236], [-6.996176, 42.37258], [-6.996291, 42.37233], [-6.996631, 42.372318], [-6.997196, 42.372545], [-6.997889, 42.372565], [-6.998709, 42.372379], [-6.999166, 42.371909], [-6.999261, 42.371155], [-6.999236, 42.370421], [-6.999092, 42.369707], [-6.999563, 42.368958], [-7.000647, 42.368174], [-7.001712, 42.367646], [-7.002757, 42.367375], [-7.003603, 42.367277], [-7.004248, 42.367351], [-7.004969, 42.367251], [-7.005764, 42.366977], [-7.005592, 42.366707], [-7.004453, 42.36644], [-7.003672, 42.365789], [-7.003248, 42.364755], [-7.002667, 42.364577], [-7.001927, 42.365257], [-7.000923, 42.36589], [-6.999657, 42.366475], [-6.998403, 42.366781], [-6.997162, 42.366808], [-6.996134, 42.366707], [-6.995319, 42.366477], [-6.994777, 42.366224], [-6.99451, 42.365947], [-6.994523, 42.365345], [-6.994818, 42.364418], [-6.994859, 42.363696], [-6.994647, 42.363179], [-6.99428, 42.362988], [-6.993757, 42.363123], [-6.993022, 42.363064], [-6.992075, 42.362811], [-6.991399, 42.363387], [-6.990994, 42.364794], [-6.99061, 42.366059], [-6.990247, 42.367181], [-6.989801, 42.36758], [-6.98927, 42.367256], [-6.988901, 42.367419], [-6.988694, 42.368071], [-6.988547, 42.368534], [-6.98846, 42.368809], [-6.988097, 42.368817], [-6.98746, 42.368556], [-6.987099, 42.36832], [-6.987014, 42.368107], [-6.986902, 42.367826], [-6.986763, 42.367478], [-6.986908, 42.366967], [-6.987338, 42.366294], [-6.987234, 42.365828], [-6.986598, 42.365567], [-6.986114, 42.365189], [-6.985783, 42.364692], [-6.985346, 42.364582], [-6.984801, 42.364859], [-6.984332, 42.364962], [-6.983937, 42.364891], [-6.983635, 42.365035], [-6.983426, 42.365393], [-6.983625, 42.365867], [-6.984232, 42.366455], [-6.984043, 42.366557], [-6.983058, 42.366171], [-6.982268, 42.366029], [-6.981673, 42.366131], [-6.980836, 42.366043], [-6.979757, 42.365766], [-6.978616, 42.366352], [-6.977411, 42.367803], [-6.976882, 42.368646], [-6.977029, 42.368883], [-6.977146, 42.36907], [-6.977232, 42.369209], [-6.977383, 42.369652], [-6.977598, 42.3704], [-6.977878, 42.371044], [-6.978221, 42.371585], [-6.97789, 42.371734], [-6.976883, 42.37149], [-6.976415, 42.371708], [-6.976487, 42.372388], [-6.976189, 42.372761], [-6.975521, 42.372829], [-6.974714, 42.373059], [-6.973766, 42.373451], [-6.972883, 42.373855], [-6.972067, 42.374271], [-6.971185, 42.374352], [-6.970238, 42.374099], [-6.96972, 42.373818], [-6.969631, 42.37351], [-6.969538, 42.373295], [-6.969441, 42.373174], [-6.968735, 42.373109], [-6.967422, 42.373103], [-6.966341, 42.373356], [-6.96549, 42.37387], [-6.964202, 42.374274], [-6.962476, 42.374568], [-6.961444, 42.374559], [-6.961104, 42.374248], [-6.960727, 42.373805], [-6.960311, 42.37323], [-6.959612, 42.372427], [-6.958628, 42.371395], [-6.959284, 42.370315], [-6.96158, 42.369186], [-6.962962, 42.368674], [-6.963429, 42.368779], [-6.964184, 42.368581], [-6.965225, 42.368081], [-6.965944, 42.367752], [-6.966339, 42.367595], [-6.966505, 42.367469], [-6.966442, 42.367375], [-6.966457, 42.367325], [-6.96655, 42.36732], [-6.966933, 42.367075], [-6.967605, 42.366592], [-6.968342, 42.366443], [-6.969145, 42.366629], [-6.969897, 42.366639], [-6.970598, 42.366474], [-6.970879, 42.366149], [-6.97074, 42.365666], [-6.971148, 42.365135], [-6.972105, 42.364557], [-6.972775, 42.363958], [-6.973159, 42.363339], [-6.972487, 42.362416], [-6.97076, 42.361189], [-6.970917, 42.359894], [-6.972958, 42.358531], [-6.975101, 42.357197], [-6.977346, 42.355892], [-6.97889, 42.355513], [-6.979735, 42.356061], [-6.980419, 42.356267], [-6.980941, 42.356132], [-6.981401, 42.355777], [-6.981796, 42.355202], [-6.982778, 42.355035], [-6.984345, 42.355275], [-6.985239, 42.355238], [-6.985461, 42.354923], [-6.985871, 42.35483], [-6.986469, 42.354958], [-6.987302, 42.355139], [-6.988368, 42.355372], [-6.989272, 42.355587], [-6.990015, 42.355783], [-6.991304, 42.355817], [-6.99314, 42.355688], [-6.994257, 42.355774], [-6.994656, 42.356075], [-6.995457, 42.355823], [-6.99666, 42.355018], [-6.998384, 42.355046], [-7.00063, 42.355908], [-7.003094, 42.356225], [-7.005775, 42.355998], [-7.007146, 42.356317], [-7.007209, 42.357183], [-7.007905, 42.357756], [-7.009235, 42.358036], [-7.010328, 42.358472], [-7.011186, 42.359063], [-7.012226, 42.359531], [-7.013449, 42.359876], [-7.014269, 42.360012], [-7.014685, 42.359941], [-7.015138, 42.359824], [-7.015626, 42.359662], [-7.016053, 42.359519], [-7.016419, 42.359398], [-7.016861, 42.359477], [-7.017379, 42.359757], [-7.018029, 42.360462], [-7.018812, 42.361592], [-7.01924, 42.36221], [-7.019315, 42.362318], [-7.019518, 42.36262], [-7.019849, 42.363117], [-7.020978, 42.363893], [-7.022906, 42.364947], [-7.024546, 42.365054], [-7.025898, 42.364213], [-7.026666, 42.363736], [-7.026848, 42.363622], [-7.028121, 42.363747], [-7.030485, 42.364109], [-7.031693, 42.364295], [-7.031747, 42.364303], [-7.031867, 42.364199], [-7.032054, 42.363982], [-7.032473, 42.363703], [-7.033123, 42.363361], [-7.033762, 42.36309], [-7.034391, 42.36289], [-7.034834, 42.362532], [-7.035092, 42.362016], [-7.03523, 42.361739], [-7.035249, 42.3617], [-7.035437, 42.361651], [-7.035794, 42.361589], [-7.036104, 42.361905], [-7.036367, 42.362598], [-7.036653, 42.363264], [-7.036963, 42.363903], [-7.037141, 42.364269], [-7.037188, 42.364362], [-7.037286, 42.364487], [-7.037436, 42.364644], [-7.038317, 42.364674], [-7.03993, 42.364577], [-7.040999, 42.364596], [-7.041524, 42.364731], [-7.042041, 42.364889], [-7.042549, 42.365072], [-7.043121, 42.365053], [-7.043756, 42.364832], [-7.044219, 42.364595], [-7.044511, 42.364343], [-7.045109, 42.364151], [-7.046012, 42.364019], [-7.046716, 42.363932], [-7.047221, 42.36389], [-7.047838, 42.363976], [-7.048568, 42.364187], [-7.049037, 42.364444], [-7.049246, 42.364745], [-7.049638, 42.365048], [-7.050212, 42.365354], [-7.050624, 42.36562], [-7.050872, 42.365847], [-7.05103, 42.366051], [-7.051097, 42.366231], [-7.051684, 42.366287], [-7.05279, 42.366219], [-7.053452, 42.366066], [-7.05367, 42.365827], [-7.054035, 42.365597], [-7.054548, 42.365374], [-7.055008, 42.365127], [-7.055416, 42.364855], [-7.055686, 42.364528], [-7.055818, 42.364146], [-7.055918, 42.363759], [-7.055987, 42.363366], [-7.056105, 42.362986], [-7.056272, 42.362621], [-7.056476, 42.362171], [-7.056716, 42.361636], [-7.057048, 42.36058], [-7.057472, 42.359003], [-7.057601, 42.357982], [-7.057436, 42.357516], [-7.057272, 42.357107], [-7.057108, 42.356753], [-7.057143, 42.356556], [-7.057374, 42.356517], [-7.057716, 42.356492], [-7.058169, 42.356481], [-7.058499, 42.356414], [-7.058706, 42.356288], [-7.059504, 42.355792], [-7.060893, 42.354926], [-7.061633, 42.35444], [-7.061724, 42.354334], [-7.061825, 42.354104], [-7.061934, 42.353748], [-7.061889, 42.35333], [-7.061688, 42.352848], [-7.061528, 42.352505], [-7.061408, 42.352301], [-7.061665, 42.352032], [-7.062297, 42.351699], [-7.062909, 42.351348], [-7.0635, 42.350977], [-7.064267, 42.350531], [-7.06521, 42.35001], [-7.066246, 42.34981], [-7.067374, 42.349931], [-7.068077, 42.350114], [-7.068355, 42.350359], [-7.06862, 42.350594], [-7.068874, 42.350819], [-7.069342, 42.351165], [-7.070025, 42.351632], [-7.07059, 42.351748], [-7.071039, 42.351514], [-7.07126, 42.351229], [-7.071254, 42.350893], [-7.071111, 42.350619], [-7.070833, 42.350407], [-7.070677, 42.350288], [-7.070643, 42.350262], [-7.070469, 42.350074], [-7.070155, 42.349724], [-7.069983, 42.349394], [-7.069954, 42.349084], [-7.070034, 42.348835], [-7.070222, 42.348646], [-7.070667, 42.348558], [-7.07137, 42.348572], [-7.071906, 42.348795], [-7.072274, 42.349225], [-7.072606, 42.349607], [-7.072904, 42.34994], [-7.073173, 42.350241], [-7.073416, 42.350512], [-7.073832, 42.350619], [-7.074424, 42.350563], [-7.074973, 42.350469], [-7.075482, 42.350336], [-7.075795, 42.350159], [-7.075913, 42.349937], [-7.075896, 42.349746], [-7.075745, 42.349586], [-7.075636, 42.34947], [-7.075568, 42.349398], [-7.075548, 42.349203], [-7.075577, 42.348883], [-7.075641, 42.348715], [-7.075741, 42.348698], [-7.075794, 42.348672], [-7.075799, 42.348636], [-7.076218, 42.348506], [-7.077049, 42.348281], [-7.078232, 42.348202], [-7.079765, 42.34827], [-7.081804, 42.348148], [-7.084348, 42.347836], [-7.08573, 42.347578], [-7.085952, 42.347374], [-7.086495, 42.346929], [-7.087361, 42.346242], [-7.08844, 42.345518], [-7.089732, 42.344757], [-7.090388, 42.344345], [-7.090405, 42.34428], [-7.091077, 42.344191], [-7.092402, 42.344078], [-7.092807, 42.343674], [-7.092293, 42.342978], [-7.091978, 42.342624], [-7.091862, 42.342612], [-7.091667, 42.342068], [-7.091394, 42.340993], [-7.091348, 42.339995], [-7.091529, 42.339074], [-7.091744, 42.338364], [-7.091992, 42.337866], [-7.092451, 42.337227], [-7.093122, 42.336449], [-7.093322, 42.33598], [-7.093051, 42.335819], [-7.09265, 42.335018], [-7.09212, 42.333577], [-7.091809, 42.332698], [-7.091717, 42.332382], [-7.091425, 42.331956], [-7.090933, 42.331419], [-7.090708, 42.330836], [-7.09075, 42.330208], [-7.090742, 42.329795], [-7.090685, 42.329598], [-7.090465, 42.329371], [-7.090082, 42.329114], [-7.089708, 42.328863], [-7.089343, 42.328618], [-7.0887, 42.328185], [-7.087777, 42.327566], [-7.087189, 42.327066], [-7.086936, 42.326687], [-7.086688, 42.326316], [-7.086445, 42.325951], [-7.086301, 42.3254], [-7.086255, 42.324662], [-7.086239, 42.323837], [-7.086254, 42.322923], [-7.086195, 42.322042], [-7.086061, 42.321195], [-7.086162, 42.320287], [-7.086498, 42.319318], [-7.086823, 42.318413], [-7.08714, 42.317572], [-7.087911, 42.316466], [-7.089139, 42.315095], [-7.090503, 42.313908], [-7.092005, 42.312904], [-7.093394, 42.312189], [-7.094671, 42.311762], [-7.095757, 42.311451], [-7.096653, 42.311256], [-7.09733, 42.311078], [-7.097787, 42.310916], [-7.098486, 42.310817], [-7.099428, 42.310779], [-7.100246, 42.310991], [-7.10094, 42.311451], [-7.101727, 42.312041], [-7.102608, 42.31276], [-7.103599, 42.313376], [-7.104701, 42.313891], [-7.105555, 42.314324], [-7.106162, 42.314676], [-7.106841, 42.31518], [-7.107592, 42.315838], [-7.108503, 42.316469], [-7.109575, 42.317071], [-7.110633, 42.317532], [-7.111678, 42.317849], [-7.112725, 42.31798], [-7.113773, 42.317924], [-7.114472, 42.317927], [-7.114822, 42.317989], [-7.115117, 42.318042], [-7.115359, 42.318085], [-7.115696, 42.318497], [-7.116129, 42.319277], [-7.116423, 42.319807], [-7.116578, 42.320085], [-7.116745, 42.320437], [-7.116924, 42.320861], [-7.11709, 42.321434], [-7.117243, 42.322153], [-7.117561, 42.323051], [-7.118042, 42.324128], [-7.118683, 42.324888], [-7.119484, 42.32533], [-7.12022, 42.325742], [-7.120891, 42.326124], [-7.121201, 42.326609], [-7.121148, 42.327198], [-7.121047, 42.327816], [-7.120899, 42.328463], [-7.121449, 42.329197], [-7.122696, 42.330018], [-7.123848, 42.330607], [-7.124905, 42.330964], [-7.126109, 42.331277], [-7.12746, 42.331546], [-7.128353, 42.331724], [-7.128786, 42.33181], [-7.129112, 42.332228], [-7.12933, 42.332978], [-7.129308, 42.333769], [-7.129046, 42.334601], [-7.128425, 42.335454], [-7.127446, 42.336327], [-7.126333, 42.337222], [-7.125087, 42.338141], [-7.124412, 42.338713], [-7.12431, 42.338938], [-7.124745, 42.339277], [-7.125718, 42.339731], [-7.126509, 42.340237], [-7.12712, 42.340795], [-7.127538, 42.341365], [-7.127764, 42.341948], [-7.127835, 42.342578], [-7.127752, 42.343255], [-7.127506, 42.343856], [-7.127099, 42.344382], [-7.126521, 42.344941], [-7.125773, 42.345534], [-7.125092, 42.345933], [-7.12448, 42.346137], [-7.124425, 42.346566], [-7.124926, 42.347217], [-7.125682, 42.347615], [-7.126692, 42.347759], [-7.127278, 42.347843], [-7.127441, 42.347866], [-7.127513, 42.347942], [-7.127494, 42.348071], [-7.127451, 42.348355], [-7.127386, 42.348794], [-7.127619, 42.349176], [-7.12815, 42.3495], [-7.128535, 42.349641], [-7.128773, 42.3496], [-7.129295, 42.349787], [-7.130103, 42.350202], [-7.130623, 42.350274], [-7.130857, 42.350003], [-7.130807, 42.349686], [-7.130474, 42.349323], [-7.130108, 42.348925], [-7.12971, 42.348491], [-7.129804, 42.348316], [-7.13039, 42.348399], [-7.131206, 42.348628], [-7.132251, 42.349002], [-7.132944, 42.349344], [-7.133284, 42.349654], [-7.133435, 42.349839], [-7.133397, 42.349898], [-7.133246, 42.350132], [-7.132983, 42.35054], [-7.133183, 42.350917], [-7.133846, 42.351264], [-7.134154, 42.351142], [-7.134107, 42.350551], [-7.134071, 42.350214], [-7.134048, 42.350133], [-7.133952, 42.349804], [-7.133784, 42.349226], [-7.134025, 42.349089], [-7.134675, 42.349392], [-7.135262, 42.349807], [-7.135787, 42.350333], [-7.13614, 42.350688], [-7.136321, 42.35087], [-7.136516, 42.351105], [-7.136725, 42.351392], [-7.136498, 42.351685], [-7.135835, 42.351983], [-7.135957, 42.352401], [-7.136862, 42.352937], [-7.137751, 42.353845], [-7.138624, 42.355125], [-7.138704, 42.356472], [-7.137992, 42.357886], [-7.137352, 42.359335], [-7.136784, 42.360816], [-7.136705, 42.36226], [-7.137115, 42.363666], [-7.137714, 42.365293], [-7.138502, 42.367141], [-7.139132, 42.368232], [-7.139604, 42.368566], [-7.140222, 42.368437], [-7.140987, 42.367844], [-7.141385, 42.367175], [-7.141418, 42.366431], [-7.141434, 42.365737], [-7.141433, 42.365091], [-7.141596, 42.364255], [-7.141922, 42.36323], [-7.142012, 42.362361], [-7.141867, 42.361648], [-7.141938, 42.361036], [-7.142226, 42.360525], [-7.142546, 42.359801], [-7.142898, 42.358864], [-7.14295, 42.358186], [-7.142703, 42.357767], [-7.142306, 42.357582], [-7.141758, 42.35763], [-7.141122, 42.357163], [-7.140398, 42.35618], [-7.139947, 42.355381], [-7.139768, 42.354766], [-7.139602, 42.354195], [-7.139448, 42.353668], [-7.139492, 42.353176], [-7.139734, 42.352719], [-7.139814, 42.352244], [-7.139733, 42.35175], [-7.139689, 42.351364], [-7.139684, 42.351086], [-7.139868, 42.350953], [-7.140243, 42.350967], [-7.14055, 42.35089], [-7.14079, 42.35072], [-7.14098, 42.350385], [-7.141119, 42.349883], [-7.141394, 42.349458], [-7.141803, 42.34911], [-7.142278, 42.348884], [-7.142819, 42.34878], [-7.14337, 42.348713], [-7.143933, 42.348682], [-7.144568, 42.348645], [-7.145277, 42.348601], [-7.145751, 42.34858], [-7.145993, 42.348583], [-7.146272, 42.348485], [-7.14659, 42.348286], [-7.146759, 42.34804], [-7.146779, 42.347748], [-7.146692, 42.34758], [-7.146499, 42.347535], [-7.146183, 42.347456], [-7.145744, 42.347343], [-7.145571, 42.347162], [-7.145664, 42.346913], [-7.145799, 42.346756], [-7.145975, 42.346693], [-7.146255, 42.346644], [-7.146636, 42.346612], [-7.14704, 42.346659], [-7.147468, 42.346785], [-7.147849, 42.346958], [-7.148183, 42.347178], [-7.148452, 42.347376], [-7.148653, 42.347553], [-7.148925, 42.347556], [-7.149266, 42.347386], [-7.149722, 42.347096], [-7.150294, 42.346687], [-7.150667, 42.346573], [-7.15084, 42.346754], [-7.150659, 42.34719], [-7.150124, 42.347882], [-7.149644, 42.348376], [-7.14922, 42.348671], [-7.149017, 42.348836], [-7.149037, 42.348872], [-7.149144, 42.349059], [-7.149338, 42.349397], [-7.149496, 42.3498], [-7.149617, 42.350268], [-7.149694, 42.35061], [-7.149728, 42.350827], [-7.149953, 42.350954], [-7.15037, 42.350994], [-7.150764, 42.351159], [-7.151134, 42.35145], [-7.151297, 42.3517], [-7.151252, 42.351908], [-7.151346, 42.352125], [-7.151577, 42.352351], [-7.151737, 42.35264], [-7.151824, 42.352992], [-7.151992, 42.353257], [-7.152239, 42.353437], [-7.152524, 42.35346], [-7.152846, 42.353326], [-7.153074, 42.353076], [-7.153207, 42.352709], [-7.153301, 42.352387], [-7.153356, 42.352111], [-7.153393, 42.351972], [-7.153412, 42.35197], [-7.153667, 42.351943], [-7.154158, 42.35189], [-7.15451, 42.351868], [-7.154723, 42.351876], [-7.154886, 42.351842], [-7.154999, 42.351767], [-7.155149, 42.351636], [-7.155334, 42.351448], [-7.155646, 42.351278], [-7.156082, 42.351125], [-7.156449, 42.351123], [-7.156748, 42.351271], [-7.15688, 42.351415], [-7.156846, 42.351554], [-7.15679, 42.351697], [-7.156712, 42.351844], [-7.15674, 42.352017], [-7.156873, 42.352216], [-7.156887, 42.352356], [-7.156782, 42.352438], [-7.156738, 42.35248], [-7.156756, 42.352481], [-7.156568, 42.352601], [-7.156176, 42.352839], [-7.156091, 42.353031], [-7.156315, 42.353175], [-7.156617, 42.353246], [-7.156996, 42.353241], [-7.157258, 42.353147], [-7.157402, 42.352964], [-7.157666, 42.352735], [-7.15805, 42.352461], [-7.158267, 42.35231], [-7.158317, 42.352282], [-7.15856, 42.352149], [-7.158993, 42.35191], [-7.159324, 42.351728], [-7.159552, 42.351604], [-7.159835, 42.351524], [-7.160172, 42.35149], [-7.160649, 42.351426], [-7.161267, 42.351332], [-7.161661, 42.35124], [-7.161833, 42.351149], [-7.161984, 42.351044], [-7.162115, 42.350923], [-7.162297, 42.350727], [-7.162532, 42.350454], [-7.162744, 42.350302], [-7.162932, 42.350269], [-7.163351, 42.350289], [-7.164, 42.35036], [-7.164394, 42.350463], [-7.164533, 42.350598], [-7.164749, 42.350744], [-7.165043, 42.350901], [-7.165379, 42.350947], [-7.165756, 42.350882], [-7.166192, 42.350788], [-7.166686, 42.350666], [-7.166991, 42.350522], [-7.167107, 42.350355], [-7.16716, 42.349998], [-7.167149, 42.34945], [-7.167082, 42.348992], [-7.166957, 42.348622], [-7.166867, 42.348369], [-7.16681, 42.348232], [-7.166853, 42.348066], [-7.166994, 42.347871], [-7.167117, 42.347782], [-7.167222, 42.347801], [-7.167336, 42.347879], [-7.167458, 42.348017], [-7.167558, 42.348189], [-7.167635, 42.348395], [-7.167756, 42.348527], [-7.167922, 42.348584], [-7.168323, 42.3486], [-7.168961, 42.348576], [-7.169385, 42.348613], [-7.169595, 42.348711], [-7.170107, 42.348849], [-7.170919, 42.349026], [-7.171482, 42.349143], [-7.171796, 42.349198], [-7.172325, 42.349284], [-7.17307, 42.3494], [-7.173529, 42.349443], [-7.173702, 42.349413], [-7.173846, 42.349254], [-7.17396, 42.348965], [-7.174229, 42.34884], [-7.174653, 42.348876], [-7.174959, 42.349019], [-7.175147, 42.349267], [-7.175311, 42.349545], [-7.17545, 42.349851], [-7.175749, 42.34997], [-7.176209, 42.349903], [-7.17661, 42.349944], [-7.176951, 42.350092], [-7.1774, 42.350357], [-7.177957, 42.350737], [-7.178455, 42.351109], [-7.178892, 42.351474], [-7.17921, 42.351913], [-7.17941, 42.352429], [-7.179512, 42.352766], [-7.179515, 42.352925], [-7.179727, 42.353087], [-7.180147, 42.353252], [-7.180361, 42.353514], [-7.180368, 42.353873], [-7.180666, 42.35438], [-7.181255, 42.355036], [-7.181749, 42.355427], [-7.18215, 42.355553], [-7.182545, 42.355717], [-7.182935, 42.355919], [-7.183256, 42.356169], [-7.183508, 42.356467], [-7.183656, 42.356747], [-7.183699, 42.357008], [-7.183864, 42.357175], [-7.18415, 42.357248], [-7.184497, 42.357249], [-7.184907, 42.357179], [-7.185169, 42.357158], [-7.185286, 42.357189], [-7.185483, 42.35724], [-7.18576, 42.357313], [-7.185978, 42.357507], [-7.186136, 42.357821], [-7.186158, 42.358114], [-7.186045, 42.358384], [-7.18584, 42.358872], [-7.185544, 42.359576], [-7.185195, 42.36007], [-7.184795, 42.360354], [-7.184589, 42.360499], [-7.184579, 42.360506], [-7.184457, 42.360677], [-7.184223, 42.36101], [-7.183873, 42.361527], [-7.183406, 42.362228], [-7.183131, 42.362642], [-7.183046, 42.36277], [-7.182883, 42.36316], [-7.182644, 42.363812], [-7.182582, 42.364412], [-7.182696, 42.364959], [-7.182679, 42.365435], [-7.18253, 42.365839], [-7.182732, 42.36665], [-7.183285, 42.367867], [-7.184041, 42.369103], [-7.185, 42.370359], [-7.185746, 42.371177], [-7.186278, 42.371557], [-7.187089, 42.372137], [-7.188179, 42.372917], [-7.188966, 42.373711], [-7.189449, 42.374521], [-7.190131, 42.37525], [-7.191012, 42.3759], [-7.191683, 42.376632], [-7.192143, 42.377445], [-7.192398, 42.378021], [-7.192447, 42.378359], [-7.192383, 42.378561], [-7.192205, 42.378628], [-7.192085, 42.37864], [-7.192023, 42.378596], [-7.191688, 42.378463], [-7.191079, 42.37824], [-7.19078, 42.378355], [-7.190789, 42.378809], [-7.190821, 42.379187], [-7.190874, 42.37949], [-7.190969, 42.379699], [-7.191105, 42.379814], [-7.19111, 42.380006], [-7.190982, 42.380273], [-7.19087, 42.380656], [-7.190774, 42.381156], [-7.190899, 42.381457], [-7.191243, 42.381558], [-7.191481, 42.381875], [-7.191613, 42.382407], [-7.191674, 42.382781], [-7.191664, 42.382997], [-7.191339, 42.38317], [-7.190698, 42.383298], [-7.190376, 42.383273], [-7.190372, 42.383095], [-7.190322, 42.3828], [-7.190226, 42.382387], [-7.190049, 42.382113], [-7.189791, 42.381979], [-7.189466, 42.382026], [-7.189072, 42.382255], [-7.188489, 42.382579], [-7.187715, 42.382999], [-7.186717, 42.38344], [-7.185495, 42.383901], [-7.184022, 42.38429], [-7.182297, 42.384605], [-7.180339, 42.384746], [-7.178148, 42.384713], [-7.176484, 42.384821], [-7.175346, 42.385071], [-7.174551, 42.385378], [-7.1741, 42.385742], [-7.173751, 42.386125], [-7.173505, 42.386525], [-7.17324, 42.387071], [-7.172958, 42.387764], [-7.172745, 42.388445], [-7.172601, 42.389114], [-7.172567, 42.389701], [-7.172642, 42.390207], [-7.172934, 42.390461], [-7.173444, 42.390463], [-7.173769, 42.39029], [-7.17391, 42.389944], [-7.173981, 42.389565], [-7.173982, 42.389153], [-7.174137, 42.388688], [-7.174446, 42.38817], [-7.174712, 42.387694], [-7.174935, 42.387262], [-7.175275, 42.386952], [-7.175731, 42.386765], [-7.176322, 42.386589], [-7.177048, 42.386426], [-7.178015, 42.38629], [-7.179222, 42.386184], [-7.180222, 42.386221], [-7.181015, 42.386402], [-7.181785, 42.386624], [-7.182534, 42.386889], [-7.18302, 42.387199], [-7.183244, 42.387554], [-7.1833, 42.387862], [-7.183187, 42.388123], [-7.18295, 42.38843], [-7.182589, 42.388785], [-7.182323, 42.389669], [-7.182151, 42.391083], [-7.182023, 42.392115], [-7.181938, 42.392765], [-7.181946, 42.393265], [-7.182049, 42.393616], [-7.182258, 42.393948], [-7.182573, 42.394262], [-7.183, 42.394576], [-7.183539, 42.394889], [-7.184033, 42.395166], [-7.184482, 42.395406], [-7.184917, 42.395541], [-7.185338, 42.39557], [-7.185739, 42.395558], [-7.186119, 42.395505], [-7.186544, 42.395498], [-7.187012, 42.395536], [-7.187407, 42.395694], [-7.18773, 42.395972], [-7.18797, 42.396295], [-7.188127, 42.396664], [-7.188079, 42.397225], [-7.187828, 42.397977], [-7.187675, 42.398399], [-7.187621, 42.398493], [-7.187637, 42.398772], [-7.187725, 42.399237], [-7.187826, 42.399556], [-7.187942, 42.399728], [-7.188112, 42.400005], [-7.188337, 42.400386], [-7.188404, 42.400807], [-7.188311, 42.401268], [-7.188304, 42.401719], [-7.188385, 42.402161], [-7.188512, 42.402566], [-7.188684, 42.402932], [-7.188939, 42.403249], [-7.189277, 42.403514], [-7.189554, 42.403599], [-7.189769, 42.403502], [-7.189843, 42.403309], [-7.189775, 42.40302], [-7.189714, 42.402755], [-7.189659, 42.402512], [-7.189706, 42.402258], [-7.189856, 42.401992], [-7.189923, 42.401746], [-7.189906, 42.401521], [-7.18985, 42.401386], [-7.189756, 42.401342], [-7.189612, 42.401241], [-7.189419, 42.401082], [-7.189369, 42.400965], [-7.189461, 42.400889], [-7.18962, 42.400795], [-7.189848, 42.400684], [-7.189892, 42.400502], [-7.189753, 42.40025], [-7.189624, 42.400086], [-7.189505, 42.400011], [-7.189329, 42.399801], [-7.189098, 42.399457], [-7.189115, 42.399262], [-7.189378, 42.399216], [-7.189605, 42.399243], [-7.189797, 42.399342], [-7.189986, 42.399459], [-7.190172, 42.399595], [-7.190372, 42.399669], [-7.190587, 42.39968], [-7.190745, 42.399665], [-7.190847, 42.399623], [-7.190961, 42.399513], [-7.191088, 42.399335], [-7.191339, 42.39922], [-7.191714, 42.399167], [-7.192014, 42.399302], [-7.192238, 42.399623], [-7.19243, 42.399974], [-7.19259, 42.400355], [-7.192748, 42.400784], [-7.192904, 42.401261], [-7.193084, 42.401597], [-7.193287, 42.40179], [-7.193559, 42.402025], [-7.1939, 42.402302], [-7.194182, 42.402572], [-7.194405, 42.402833], [-7.194492, 42.403101], [-7.194442, 42.403373], [-7.194322, 42.40355], [-7.194134, 42.403631], [-7.193979, 42.403766], [-7.193855, 42.403955], [-7.193833, 42.404186], [-7.193913, 42.404459], [-7.193907, 42.404601], [-7.193814, 42.404614], [-7.194114, 42.405031], [-7.194807, 42.405854], [-7.196254, 42.406807], [-7.198456, 42.40789], [-7.199706, 42.408942], [-7.200005, 42.409963], [-7.200576, 42.410639], [-7.20142, 42.410972], [-7.202043, 42.411256], [-7.202445, 42.41149], [-7.202769, 42.411724], [-7.203014, 42.411957], [-7.203293, 42.412206], [-7.203606, 42.412471], [-7.203979, 42.412638], [-7.204412, 42.412708], [-7.204812, 42.412835], [-7.20518, 42.413018], [-7.205412, 42.413173], [-7.205509, 42.413302], [-7.205554, 42.413489], [-7.205548, 42.413737], [-7.205465, 42.414055], [-7.205304, 42.414445], [-7.205111, 42.414725], [-7.204886, 42.414895], [-7.20465, 42.415029], [-7.204405, 42.41513], [-7.204219, 42.415198], [-7.204092, 42.415235], [-7.203945, 42.415369], [-7.203777, 42.4156], [-7.203618, 42.415831], [-7.203469, 42.416059], [-7.203426, 42.416258], [-7.203488, 42.416427], [-7.203386, 42.416529], [-7.203119, 42.416563], [-7.202685, 42.416484], [-7.202083, 42.416293], [-7.201491, 42.416134], [-7.200909, 42.416007], [-7.200266, 42.41589], [-7.199562, 42.415783], [-7.199098, 42.415655], [-7.198872, 42.415507], [-7.198583, 42.415449], [-7.198229, 42.415483], [-7.197885, 42.415798], [-7.19755, 42.416392], [-7.197073, 42.417212], [-7.196452, 42.418258], [-7.196035, 42.418974], [-7.195821, 42.41936], [-7.195622, 42.419676], [-7.19544, 42.419922], [-7.195264, 42.42016], [-7.195095, 42.42039], [-7.194885, 42.420695], [-7.194632, 42.421074], [-7.194356, 42.421403], [-7.194056, 42.421683], [-7.193737, 42.421926], [-7.193397, 42.422132], [-7.1928, 42.42245], [-7.191944, 42.422879], [-7.191241, 42.423242], [-7.190692, 42.423538], [-7.190437, 42.423756], [-7.190479, 42.423897], [-7.190493, 42.423968], [-7.19048, 42.423971], [-7.19045, 42.424158], [-7.190401, 42.424529], [-7.190236, 42.424841], [-7.189956, 42.425092], [-7.189974, 42.425322], [-7.19029, 42.425528], [-7.190695, 42.425734], [-7.191188, 42.42594], [-7.191814, 42.426028], [-7.192573, 42.425998], [-7.193029, 42.425978], [-7.193183, 42.425966], [-7.193612, 42.426052], [-7.194315, 42.426235], [-7.194887, 42.42634], [-7.195327, 42.426365], [-7.195769, 42.426529], [-7.196211, 42.42683], [-7.196551, 42.427083], [-7.196788, 42.427289], [-7.196848, 42.427693], [-7.196729, 42.428294], [-7.196722, 42.428709], [-7.196828, 42.428938], [-7.197185, 42.429014], [-7.197793, 42.428938], [-7.198294, 42.428903], [-7.198689, 42.428907], [-7.199062, 42.428872], [-7.199414, 42.428796], [-7.199796, 42.428723], [-7.200209, 42.428652], [-7.200511, 42.428643], [-7.200704, 42.428697], [-7.200942, 42.428837], [-7.201225, 42.429064], [-7.201373, 42.429235], [-7.201387, 42.429349], [-7.201366, 42.429447], [-7.201312, 42.429529], [-7.201022, 42.429782], [-7.200497, 42.430207], [-7.200142, 42.430573], [-7.199956, 42.430881], [-7.199771, 42.43129], [-7.199586, 42.431801], [-7.199532, 42.432152], [-7.199607, 42.432342], [-7.199683, 42.432533], [-7.199758, 42.432723], [-7.199574, 42.432835], [-7.199131, 42.432868], [-7.198792, 42.432853], [-7.198558, 42.432792], [-7.198179, 42.43264], [-7.197655, 42.432396], [-7.197307, 42.432151], [-7.197137, 42.431905], [-7.19703, 42.431742], [-7.196987, 42.431662], [-7.196629, 42.431651], [-7.195958, 42.431709], [-7.195479, 42.431857], [-7.195195, 42.432095], [-7.194933, 42.432278], [-7.194696, 42.432406], [-7.194454, 42.43239], [-7.19421, 42.432228], [-7.193928, 42.432038], [-7.193608, 42.431817], [-7.193421, 42.431682], [-7.193367, 42.431633], [-7.193245, 42.431553], [-7.193055, 42.431441], [-7.192777, 42.4313], [-7.192413, 42.43113], [-7.192082, 42.431144], [-7.191785, 42.43134], [-7.191799, 42.431621], [-7.192122, 42.431986], [-7.192381, 42.432232], [-7.192576, 42.432358], [-7.192884, 42.432639], [-7.193307, 42.433074], [-7.193618, 42.433463], [-7.193817, 42.433807], [-7.194006, 42.434151], [-7.194186, 42.434498], [-7.194433, 42.434768], [-7.194745, 42.434961], [-7.195117, 42.43502], [-7.195548, 42.434945], [-7.195762, 42.434836], [-7.195759, 42.434691], [-7.195732, 42.4345], [-7.195682, 42.434262], [-7.195574, 42.433961], [-7.195409, 42.433597], [-7.195409, 42.433329], [-7.195574, 42.433155], [-7.195728, 42.433041], [-7.19587, 42.432988], [-7.196049, 42.433029], [-7.196266, 42.433166], [-7.196421, 42.433393], [-7.196515, 42.433711], [-7.196594, 42.433981], [-7.196658, 42.434202], [-7.196761, 42.434453], [-7.196903, 42.434733], [-7.197064, 42.434981], [-7.197245, 42.435197], [-7.197621, 42.435432], [-7.19819, 42.435685], [-7.19799, 42.435922], [-7.197021, 42.436143], [-7.196716, 42.436327], [-7.197075, 42.436475], [-7.197892, 42.436836], [-7.199167, 42.437409], [-7.199914, 42.437852], [-7.200132, 42.438164], [-7.200465, 42.438492], [-7.200913, 42.438834], [-7.20183, 42.439318], [-7.203215, 42.439942], [-7.204138, 42.440284], [-7.204598, 42.440345], [-7.205048, 42.440477], [-7.205487, 42.440681], [-7.205743, 42.440905], [-7.205815, 42.441149], [-7.205704, 42.441367], [-7.205412, 42.441557], [-7.205043, 42.441808], [-7.204596, 42.442118], [-7.204387, 42.44232], [-7.204414, 42.442415], [-7.204405, 42.442462], [-7.204359, 42.442463], [-7.204194, 42.442543], [-7.20391, 42.442702], [-7.203704, 42.442816], [-7.203577, 42.442887], [-7.203141, 42.44312], [-7.202399, 42.443516], [-7.201887, 42.443824], [-7.201604, 42.444043], [-7.201266, 42.444382], [-7.200872, 42.444839], [-7.200567, 42.445263], [-7.200352, 42.445654], [-7.200223, 42.446005], [-7.200183, 42.446316], [-7.200114, 42.44659], [-7.200018, 42.446826], [-7.199935, 42.447047], [-7.199863, 42.447254], [-7.199908, 42.447435], [-7.200069, 42.44759], [-7.200326, 42.447679], [-7.20068, 42.447704], [-7.200856, 42.447824], [-7.200855, 42.44804], [-7.20093, 42.448129], [-7.201081, 42.448089], [-7.201283, 42.448128], [-7.201534, 42.448245], [-7.201835, 42.44844], [-7.202187, 42.448713], [-7.202631, 42.448869], [-7.203167, 42.44891], [-7.203705, 42.448924], [-7.204244, 42.448911], [-7.205137, 42.448964], [-7.206384, 42.449082], [-7.207273, 42.449122], [-7.207804, 42.449084], [-7.208461, 42.44907], [-7.209242, 42.449082], [-7.209799, 42.449099], [-7.210131, 42.449122], [-7.210512, 42.449096], [-7.210943, 42.449022], [-7.211404, 42.448836], [-7.211895, 42.448537], [-7.212423, 42.448239], [-7.212987, 42.447942], [-7.21345, 42.447762], [-7.213811, 42.447699], [-7.214265, 42.447734], [-7.21481, 42.447867], [-7.215287, 42.447951], [-7.215696, 42.447987], [-7.216118, 42.448008], [-7.216553, 42.448013], [-7.217185, 42.447977], [-7.218013, 42.447901], [-7.218753, 42.447773], [-7.219406, 42.447593], [-7.219876, 42.447345], [-7.220163, 42.447029], [-7.220646, 42.446732], [-7.221324, 42.446454], [-7.221814, 42.446457], [-7.222113, 42.446738], [-7.222278, 42.447023], [-7.222309, 42.447312], [-7.222125, 42.44761], [-7.221727, 42.447919], [-7.221269, 42.448299], [-7.22075, 42.448749], [-7.220363, 42.449156], [-7.220108, 42.44952], [-7.21988, 42.449946], [-7.21968, 42.450435], [-7.219494, 42.45082], [-7.219324, 42.451103], [-7.218996, 42.451373], [-7.218511, 42.451631], [-7.218225, 42.451734], [-7.218137, 42.451682], [-7.218049, 42.451597], [-7.21796, 42.451479], [-7.217843, 42.451359], [-7.217699, 42.451237], [-7.217475, 42.451183], [-7.217171, 42.451195], [-7.216951, 42.45134], [-7.216815, 42.451617], [-7.216813, 42.451857], [-7.216946, 42.452061], [-7.217012, 42.452257], [-7.217013, 42.452443], [-7.216707, 42.452636], [-7.216096, 42.452835], [-7.215587, 42.45301], [-7.215179, 42.453161], [-7.214818, 42.45329], [-7.214506, 42.453397], [-7.213855, 42.453676], [-7.212866, 42.454127], [-7.212134, 42.4545], [-7.21166, 42.454796], [-7.211308, 42.455077], [-7.211079, 42.455343], [-7.210787, 42.455581], [-7.210431, 42.455789], [-7.210138, 42.455866], [-7.209905, 42.455813], [-7.209746, 42.455673], [-7.209662, 42.455448], [-7.209539, 42.455182], [-7.209377, 42.454877], [-7.209148, 42.454623], [-7.208854, 42.45442], [-7.208559, 42.454277], [-7.208263, 42.454195], [-7.207942, 42.45421], [-7.207595, 42.454324], [-7.20741, 42.454462], [-7.207386, 42.454627], [-7.207415, 42.454849], [-7.207497, 42.455128], [-7.207641, 42.455403], [-7.207847, 42.455675], [-7.207971, 42.455913], [-7.208014, 42.456119], [-7.208009, 42.456287], [-7.207956, 42.456416], [-7.207851, 42.456614], [-7.207694, 42.456882], [-7.207602, 42.457151], [-7.207573, 42.457423], [-7.207526, 42.457665], [-7.207461, 42.457876], [-7.207358, 42.458075], [-7.207216, 42.458261], [-7.206981, 42.458258], [-7.206652, 42.458065], [-7.206405, 42.457954], [-7.206238, 42.457924], [-7.205808, 42.457844], [-7.205113, 42.457712], [-7.20443, 42.457801], [-7.203759, 42.45811], [-7.203384, 42.458398], [-7.203304, 42.458663], [-7.203336, 42.459442], [-7.203479, 42.460734], [-7.203482, 42.461595], [-7.203345, 42.462025], [-7.203183, 42.462412], [-7.202994, 42.462754], [-7.202617, 42.462945], [-7.202051, 42.462985], [-7.20143, 42.46315], [-7.200754, 42.463441], [-7.19995, 42.463744], [-7.199018, 42.46406], [-7.198301, 42.4643], [-7.197798, 42.464464], [-7.197321, 42.464585], [-7.196871, 42.464663], [-7.19658, 42.465013], [-7.196448, 42.465636], [-7.196106, 42.466082], [-7.195555, 42.466352], [-7.194755, 42.466625], [-7.193707, 42.466903], [-7.192915, 42.467156], [-7.192378, 42.467384], [-7.192032, 42.467773], [-7.191878, 42.468322], [-7.191695, 42.468818], [-7.191484, 42.469261], [-7.191427, 42.469649], [-7.191524, 42.469981], [-7.191714, 42.470316], [-7.191997, 42.470654], [-7.192406, 42.471106], [-7.192939, 42.471673], [-7.193996, 42.472768], [-7.195576, 42.474394], [-7.196715, 42.475773], [-7.197415, 42.476908], [-7.197817, 42.477655], [-7.197922, 42.478014], [-7.198006, 42.478358], [-7.198066, 42.478685], [-7.198055, 42.478947], [-7.197972, 42.479144], [-7.197763, 42.479303], [-7.197428, 42.479426], [-7.196746, 42.479596], [-7.195716, 42.479812], [-7.194986, 42.479938], [-7.194556, 42.479973], [-7.193817, 42.479951], [-7.192771, 42.479872], [-7.191784, 42.479964], [-7.190857, 42.480228], [-7.19024, 42.480388], [-7.189935, 42.480445], [-7.189467, 42.480532], [-7.188836, 42.48065], [-7.187808, 42.480806], [-7.186383, 42.480999], [-7.185349, 42.48123], [-7.184704, 42.481497], [-7.183797, 42.481893], [-7.182629, 42.48242], [-7.181449, 42.482877], [-7.180258, 42.483264], [-7.17965, 42.483502], [-7.179627, 42.483591], [-7.179601, 42.483639], [-7.179572, 42.483645], [-7.179359, 42.483836], [-7.178962, 42.48421], [-7.178486, 42.484707], [-7.177931, 42.485329], [-7.177388, 42.486501], [-7.176856, 42.488222], [-7.176406, 42.48987], [-7.176038, 42.491444], [-7.175881, 42.492753], [-7.175933, 42.493797], [-7.17592, 42.494521], [-7.175841, 42.494927], [-7.175782, 42.495235], [-7.175741, 42.495444], [-7.175612, 42.495609], [-7.175394, 42.49573], [-7.175317, 42.495817], [-7.175381, 42.495867], [-7.175334, 42.495917], [-7.175176, 42.495965], [-7.174908, 42.496141], [-7.174528, 42.496444], [-7.174214, 42.496724], [-7.173968, 42.496983], [-7.173809, 42.497291], [-7.173738, 42.497649], [-7.173751, 42.498392], [-7.173847, 42.49952], [-7.174199, 42.500571], [-7.174807, 42.501546], [-7.175128, 42.502139], [-7.17516, 42.502349], [-7.175115, 42.502595], [-7.174992, 42.502875], [-7.174247, 42.503133], [-7.17288, 42.503368], [-7.171688, 42.503552], [-7.170671, 42.503684], [-7.169378, 42.50382], [-7.167807, 42.503961], [-7.165035, 42.5046], [-7.16106, 42.505738], [-7.158764, 42.506705], [-7.158148, 42.507502], [-7.157719, 42.508191], [-7.157479, 42.508773], [-7.157542, 42.509237], [-7.157908, 42.509584], [-7.158216, 42.509888], [-7.158468, 42.510147], [-7.158633, 42.51041], [-7.158711, 42.510677], [-7.158836, 42.511055], [-7.159008, 42.511545], [-7.159058, 42.511799], [-7.158988, 42.511819], [-7.158966, 42.511901], [-7.158994, 42.512045], [-7.158905, 42.512151], [-7.1587, 42.51222], [-7.158358, 42.51232], [-7.157878, 42.512452], [-7.157295, 42.512694], [-7.156609, 42.513044], [-7.156008, 42.513413], [-7.15549, 42.513801], [-7.154877, 42.514247], [-7.154168, 42.514751], [-7.153698, 42.515222], [-7.153466, 42.51566], [-7.153341, 42.51608], [-7.153323, 42.516482], [-7.153073, 42.516973], [-7.15259, 42.517554], [-7.152089, 42.518039], [-7.151572, 42.518426], [-7.150831, 42.518861], [-7.149868, 42.519342], [-7.149108, 42.519556], [-7.148551, 42.519502], [-7.148194, 42.519397], [-7.148036, 42.519242], [-7.147898, 42.519041], [-7.147781, 42.518796], [-7.147602, 42.518569], [-7.147361, 42.518362], [-7.146964, 42.518198], [-7.14641, 42.518077], [-7.145785, 42.518018], [-7.145087, 42.518022], [-7.144061, 42.517941], [-7.142705, 42.517776], [-7.141881, 42.517577], [-7.141587, 42.517345], [-7.141264, 42.517202], [-7.14091, 42.517146], [-7.140361, 42.517158], [-7.139617, 42.517235], [-7.138729, 42.517298], [-7.137697, 42.517345], [-7.137177, 42.517385], [-7.137169, 42.517419], [-7.136985, 42.517577], [-7.136625, 42.517862], [-7.136309, 42.518124], [-7.136037, 42.518364], [-7.135605, 42.518645], [-7.135015, 42.518969], [-7.134593, 42.519109], [-7.134338, 42.519063], [-7.134161, 42.518871], [-7.134062, 42.518532], [-7.133966, 42.518341], [-7.133872, 42.518298], [-7.133651, 42.518506], [-7.133303, 42.518967], [-7.133173, 42.519382], [-7.133261, 42.519753], [-7.13335, 42.520094], [-7.133441, 42.520404], [-7.133421, 42.520645], [-7.13329, 42.520816], [-7.133138, 42.52102], [-7.132966, 42.521258], [-7.132837, 42.521851], [-7.132753, 42.5228], [-7.132613, 42.523596], [-7.132418, 42.524238], [-7.13216, 42.524735], [-7.13184, 42.525086], [-7.131315, 42.525392], [-7.130585, 42.525651], [-7.129819, 42.525923], [-7.129017, 42.526209], [-7.128354, 42.526457], [-7.127831, 42.526665], [-7.127175, 42.526904], [-7.126388, 42.527173], [-7.125485, 42.527528], [-7.124466, 42.52797], [-7.123634, 42.528261], [-7.122991, 42.528401], [-7.122584, 42.52856], [-7.122414, 42.528737], [-7.122164, 42.528951], [-7.121834, 42.5292], [-7.121289, 42.529435], [-7.120527, 42.529655], [-7.119911, 42.52982], [-7.119439, 42.52993], [-7.118976, 42.530069], [-7.118522, 42.530236], [-7.118107, 42.530471], [-7.117732, 42.530772], [-7.117175, 42.531142], [-7.116437, 42.531581], [-7.115959, 42.531829], [-7.115742, 42.531887], [-7.115578, 42.531983], [-7.115465, 42.532118], [-7.115322, 42.532273], [-7.115146, 42.532449], [-7.114633, 42.532634], [-7.113782, 42.532827], [-7.113161, 42.533001], [-7.112771, 42.533155], [-7.112336, 42.533361], [-7.111857, 42.533618], [-7.111247, 42.53397], [-7.110507, 42.534418], [-7.109714, 42.53489], [-7.108869, 42.535384], [-7.107726, 42.535945], [-7.106286, 42.536571], [-7.105225, 42.537074], [-7.104544, 42.537453], [-7.103865, 42.537773], [-7.103189, 42.538035], [-7.102832, 42.538275], [-7.102795, 42.538494], [-7.10275, 42.53875], [-7.1027, 42.539042], [-7.102632, 42.539312], [-7.102546, 42.53956], [-7.1022, 42.539663], [-7.101594, 42.539621], [-7.101146, 42.539523], [-7.100858, 42.539368], [-7.100637, 42.539316], [-7.100484, 42.539367], [-7.100333, 42.539352], [-7.100185, 42.539272], [-7.099025, 42.538839], [-7.096856, 42.538053], [-7.094956, 42.537471], [-7.093325, 42.537093], [-7.092294, 42.536884], [-7.091862, 42.536842], [-7.091484, 42.536714], [-7.091159, 42.536499], [-7.090936, 42.536093], [-7.090814, 42.535496], [-7.090589, 42.534994], [-7.09026, 42.534587], [-7.089839, 42.534312], [-7.089325, 42.534168], [-7.088822, 42.534061], [-7.08833, 42.533991], [-7.087916, 42.5341], [-7.087581, 42.534389], [-7.087425, 42.534841], [-7.087447, 42.535455], [-7.087506, 42.535928], [-7.087603, 42.536259], [-7.087621, 42.53641], [-7.08756, 42.536382], [-7.087014, 42.536398], [-7.085984, 42.536459], [-7.085427, 42.536438], [-7.085345, 42.536336], [-7.08495, 42.535883], [-7.084243, 42.535077], [-7.083601, 42.534492], [-7.083023, 42.534127], [-7.082302, 42.533903], [-7.081439, 42.533819], [-7.080909, 42.533891], [-7.080713, 42.534117], [-7.080508, 42.534403], [-7.080295, 42.534749], [-7.080405, 42.535039], [-7.080841, 42.535273], [-7.081412, 42.535523], [-7.082118, 42.535788], [-7.082333, 42.536254], [-7.082055, 42.536919], [-7.081487, 42.537576], [-7.080627, 42.538225], [-7.080007, 42.538795], [-7.079626, 42.539285], [-7.07874, 42.540112], [-7.07735, 42.541277], [-7.076304, 42.542363], [-7.075602, 42.543371], [-7.074796, 42.544204], [-7.073887, 42.544862], [-7.072525, 42.545674], [-7.070709, 42.546641], [-7.069702, 42.547142], [-7.069502, 42.547176], [-7.06912, 42.547225], [-7.068555, 42.547288], [-7.067895, 42.547362], [-7.06714, 42.547447], [-7.066602, 42.547484], [-7.066281, 42.547472], [-7.066068, 42.547516], [-7.065961, 42.547615], [-7.065327, 42.547832], [-7.064167, 42.548167], [-7.063552, 42.54834], [-7.063482, 42.548352], [-7.06329, 42.548521], [-7.062978, 42.548847], [-7.062909, 42.549308], [-7.063084, 42.549905], [-7.063258, 42.550501], [-7.063432, 42.551098], [-7.063427, 42.55178], [-7.063244, 42.552547], [-7.063027, 42.553074], [-7.062778, 42.553362], [-7.062284, 42.55395], [-7.061545, 42.55484], [-7.060889, 42.55551], [-7.060318, 42.555962], [-7.059368, 42.556383], [-7.058039, 42.556774], [-7.057288, 42.557052], [-7.057114, 42.557218], [-7.056875, 42.557476], [-7.056571, 42.557828], [-7.056379, 42.558188], [-7.056302, 42.558555], [-7.056345, 42.558956], [-7.056508, 42.559391], [-7.056759, 42.559934], [-7.057097, 42.560585], [-7.057388, 42.561012], [-7.057632, 42.561215], [-7.05781, 42.561376], [-7.057921, 42.561494], [-7.057932, 42.561567], [-7.057844, 42.561596], [-7.057847, 42.561872], [-7.057944, 42.562395], [-7.057927, 42.563151], [-7.057798, 42.564139], [-7.057624, 42.564871], [-7.057405, 42.565347], [-7.057393, 42.56592], [-7.057588, 42.566589], [-7.057998, 42.567177], [-7.058623, 42.567685], [-7.059202, 42.568134], [-7.059733, 42.568526], [-7.060042, 42.568869], [-7.060127, 42.569161], [-7.059989, 42.569404], [-7.059628, 42.569598], [-7.059517, 42.570034], [-7.059655, 42.570712], [-7.059761, 42.571177], [-7.059834, 42.571428], [-7.059321, 42.571713], [-7.058222, 42.572033], [-7.056946, 42.57236], [-7.055494, 42.572696], [-7.054466, 42.57285], [-7.053861, 42.572822], [-7.053449, 42.572431], [-7.05323, 42.571678], [-7.052964, 42.571175], [-7.052651, 42.570921], [-7.05213, 42.570769], [-7.051399, 42.570718], [-7.050762, 42.570476], [-7.050219, 42.570042], [-7.049746, 42.569443], [-7.049344, 42.568677], [-7.049039, 42.567939], [-7.048832, 42.567228], [-7.048649, 42.566601], [-7.048491, 42.566058], [-7.048207, 42.565799], [-7.047797, 42.565825], [-7.047259, 42.565719], [-7.046594, 42.565482], [-7.04605, 42.565355], [-7.045629, 42.565339], [-7.045128, 42.565359], [-7.044547, 42.565414], [-7.044081, 42.56545], [-7.043728, 42.565466], [-7.043046, 42.565214], [-7.042034, 42.564693], [-7.041199, 42.564448], [-7.040543, 42.564478], [-7.039984, 42.564365], [-7.039522, 42.564108], [-7.039179, 42.563849], [-7.038955, 42.563588], [-7.038834, 42.563363], [-7.038817, 42.563175], [-7.038645, 42.562905], [-7.038321, 42.562552], [-7.038099, 42.562236], [-7.037981, 42.561956], [-7.037891, 42.561713], [-7.037831, 42.561505], [-7.037154, 42.561403], [-7.03586, 42.561406], [-7.034938, 42.56129], [-7.034389, 42.561057], [-7.034096, 42.560876], [-7.034058, 42.560746], [-7.034076, 42.560552], [-7.034149, 42.560295], [-7.034304, 42.559873], [-7.03454, 42.559288], [-7.03467, 42.558844], [-7.034692, 42.55854], [-7.034731, 42.558357], [-7.034787, 42.558293], [-7.035032, 42.558183], [-7.035468, 42.558027], [-7.035738, 42.557749], [-7.035844, 42.55735], [-7.035922, 42.556982], [-7.035972, 42.556647], [-7.036186, 42.556365], [-7.036564, 42.556137], [-7.036861, 42.55595], [-7.037077, 42.555804], [-7.037306, 42.555575], [-7.037548, 42.555261], [-7.037648, 42.554971], [-7.037608, 42.554706], [-7.037497, 42.554452], [-7.037316, 42.554211], [-7.037084, 42.554114], [-7.036803, 42.554162], [-7.03649, 42.554297], [-7.036148, 42.554519], [-7.035845, 42.554748], [-7.035581, 42.554984], [-7.035154, 42.555234], [-7.034565, 42.555498], [-7.033826, 42.555883], [-7.032938, 42.556388], [-7.031816, 42.55692], [-7.030462, 42.557478], [-7.029332, 42.558107], [-7.028425, 42.558806], [-7.02777, 42.559476], [-7.027364, 42.560117], [-7.026486, 42.560785], [-7.025134, 42.561478], [-7.024191, 42.562116], [-7.023657, 42.562697], [-7.023268, 42.563232], [-7.023024, 42.563722], [-7.02286, 42.564049], [-7.022777, 42.564215], [-7.022173, 42.564462], [-7.021048, 42.56479], [-7.020324, 42.565036], [-7.020002, 42.5652], [-7.01946, 42.565374], [-7.0187, 42.565558], [-7.0182, 42.565494], [-7.017961, 42.56518], [-7.017556, 42.564677], [-7.016984, 42.563985], [-7.016689, 42.563622], [-7.01667, 42.563588], [-7.016654, 42.56357], [-7.016642, 42.56357], [-7.016636, 42.563428], [-7.016636, 42.563145], [-7.016609, 42.562858], [-7.016556, 42.562567], [-7.016879, 42.562385], [-7.017578, 42.562312], [-7.017882, 42.562226], [-7.01779, 42.562126], [-7.017672, 42.561881], [-7.017527, 42.561491], [-7.01773, 42.561168], [-7.018282, 42.560912], [-7.018585, 42.560607], [-7.018638, 42.560252], [-7.018384, 42.560076], [-7.017821, 42.56008], [-7.017458, 42.560177], [-7.017294, 42.560366], [-7.01705, 42.560604], [-7.016726, 42.560889], [-7.016347, 42.560988], [-7.015915, 42.560901], [-7.015758, 42.560685], [-7.015877, 42.560342], [-7.016153, 42.560053], [-7.016586, 42.559818], [-7.016417, 42.55972], [-7.015645, 42.559759], [-7.015301, 42.559922], [-7.015384, 42.560207], [-7.015276, 42.560375], [-7.014978, 42.560426], [-7.014877, 42.560616], [-7.014973, 42.560946], [-7.014584, 42.561116], [-7.01371, 42.561127], [-7.01319, 42.561008], [-7.013024, 42.560759], [-7.013277, 42.560555], [-7.013951, 42.560394], [-7.014409, 42.560085], [-7.014652, 42.559629], [-7.014933, 42.559304], [-7.015253, 42.559111], [-7.015315, 42.558893], [-7.015119, 42.55865], [-7.014821, 42.558539], [-7.01442, 42.558561], [-7.014185, 42.558452], [-7.014114, 42.55821], [-7.013871, 42.558182], [-7.013456, 42.558368], [-7.013103, 42.558394], [-7.012813, 42.558259], [-7.012408, 42.558215], [-7.011886, 42.558262], [-7.011653, 42.558429], [-7.011707, 42.558715], [-7.011879, 42.558868], [-7.012166, 42.558888], [-7.012294, 42.559004], [-7.012262, 42.559217], [-7.012283, 42.559398], [-7.012358, 42.559547], [-7.012497, 42.55965], [-7.012702, 42.559707], [-7.012812, 42.559815], [-7.012827, 42.559974], [-7.012566, 42.560099], [-7.012028, 42.560191], [-7.011642, 42.560315], [-7.011405, 42.56047], [-7.011207, 42.560435], [-7.011047, 42.560208], [-7.010917, 42.559977], [-7.010817, 42.55974], [-7.010721, 42.559572], [-7.010629, 42.559472], [-7.010436, 42.559344], [-7.010139, 42.559187], [-7.010169, 42.55902], [-7.010525, 42.558845], [-7.010696, 42.558677], [-7.010681, 42.558518], [-7.010551, 42.558448], [-7.010306, 42.558467], [-7.010334, 42.558347], [-7.010634, 42.558088], [-7.011007, 42.557863], [-7.011453, 42.557672], [-7.011298, 42.55741], [-7.010544, 42.557077], [-7.009907, 42.556932], [-7.009387, 42.556975], [-7.008985, 42.556939], [-7.008702, 42.556826], [-7.008262, 42.556659], [-7.007665, 42.556438], [-7.007065, 42.556367], [-7.006462, 42.556447], [-7.006141, 42.556421], [-7.006103, 42.556289], [-7.006444, 42.556116], [-7.007164, 42.555901], [-7.007741, 42.555676], [-7.008174, 42.55544], [-7.008413, 42.554973], [-7.008461, 42.554273], [-7.008606, 42.553856], [-7.008849, 42.553723], [-7.008838, 42.553632], [-7.008574, 42.553585], [-7.00832, 42.553628], [-7.008077, 42.553762], [-7.007814, 42.553934], [-7.00753, 42.554143], [-7.007298, 42.554367], [-7.007117, 42.554606], [-7.006849, 42.554709], [-7.006496, 42.554677], [-7.006365, 42.55455], [-7.006456, 42.554326], [-7.006708, 42.554007], [-7.007119, 42.553591], [-7.007757, 42.553252], [-7.00862, 42.552989], [-7.008531, 42.552901], [-7.007491, 42.552986], [-7.006698, 42.552948], [-7.00615, 42.552787], [-7.005918, 42.552527], [-7.006001, 42.552167], [-7.006221, 42.551899], [-7.006577, 42.551723], [-7.006617, 42.551324], [-7.006343, 42.550702], [-7.006325, 42.550371], [-7.006563, 42.55033], [-7.006587, 42.550142], [-7.006395, 42.549806], [-7.006108, 42.549624], [-7.005724, 42.549597], [-7.005293, 42.549405], [-7.004813, 42.549049], [-7.004674, 42.548785], [-7.004874, 42.548612], [-7.005178, 42.548526], [-7.005585, 42.548526], [-7.005855, 42.548376], [-7.005987, 42.548077], [-7.005927, 42.547764], [-7.005676, 42.547438], [-7.00594, 42.547324], [-7.00672, 42.547421], [-7.007244, 42.547447], [-7.007513, 42.547402], [-7.007793, 42.547342], [-7.008085, 42.547269], [-7.008413, 42.547214], [-7.008777, 42.547175], [-7.009287, 42.547203], [-7.009941, 42.547299], [-7.010432, 42.547319], [-7.01076, 42.547263], [-7.011039, 42.547146], [-7.011269, 42.546969], [-7.011411, 42.546864], [-7.011464, 42.546832], [-7.011814, 42.546795], [-7.012459, 42.546755], [-7.012652, 42.546664], [-7.012392, 42.546524], [-7.011911, 42.546375], [-7.011208, 42.546218], [-7.010683, 42.545974], [-7.010335, 42.545641], [-7.010353, 42.54543], [-7.010734, 42.545342], [-7.011061, 42.545229], [-7.011334, 42.54509], [-7.011369, 42.544888], [-7.011167, 42.544623], [-7.010681, 42.544567], [-7.009912, 42.544721], [-7.009217, 42.544863], [-7.008597, 42.544992], [-7.008185, 42.545027], [-7.00798, 42.54497], [-7.007829, 42.545042], [-7.007731, 42.545243], [-7.007339, 42.545402], [-7.006653, 42.545519], [-7.006064, 42.545435], [-7.005575, 42.545149], [-7.004998, 42.54489], [-7.004336, 42.544657], [-7.003748, 42.544573], [-7.003234, 42.544637], [-7.003064, 42.544804], [-7.003236, 42.545075], [-7.003515, 42.545281], [-7.003901, 42.545423], [-7.004113, 42.54556], [-7.004151, 42.545691], [-7.003569, 42.545791], [-7.002368, 42.545857], [-7.001729, 42.545977], [-7.001655, 42.546151], [-7.001531, 42.546426], [-7.001358, 42.546801], [-7.00102, 42.547147], [-7.000517, 42.547463], [-7.000129, 42.547852], [-6.999856, 42.548314], [-6.999574, 42.548581], [-6.999282, 42.548654], [-6.999349, 42.548884], [-6.999775, 42.549273], [-6.999464, 42.549441], [-6.998415, 42.549389], [-6.996782, 42.549102], [-6.994564, 42.548581], [-6.993315, 42.547998], [-6.993034, 42.547354], [-6.992839, 42.54733], [-6.99273, 42.547925], [-6.992239, 42.54855], [-6.991365, 42.549206], [-6.990902, 42.549931], [-6.99085, 42.550723], [-6.990897, 42.551315], [-6.991041, 42.551706], [-6.991136, 42.552018], [-6.991179, 42.552253], [-6.990346, 42.552672], [-6.988635, 42.553274], [-6.987627, 42.553912], [-6.987322, 42.554587], [-6.986987, 42.555105], [-6.986622, 42.555467], [-6.986155, 42.5558], [-6.985586, 42.556104], [-6.985095, 42.556407], [-6.984681, 42.556708], [-6.984719, 42.557001], [-6.985209, 42.557287], [-6.985049, 42.557544], [-6.984239, 42.557774], [-6.983391, 42.557711], [-6.982505, 42.557355], [-6.982108, 42.557445], [-6.982202, 42.557983], [-6.981972, 42.558379], [-6.98142, 42.558634], [-6.980751, 42.558702], [-6.979965, 42.558582], [-6.979366, 42.558246], [-6.978955, 42.557693], [-6.978489, 42.557219], [-6.977967, 42.556824], [-6.977399, 42.556863], [-6.976785, 42.557336], [-6.976461, 42.557783], [-6.976426, 42.558204], [-6.97626, 42.55844], [-6.975961, 42.558491], [-6.975707, 42.558585], [-6.975496, 42.558722], [-6.974731, 42.558944], [-6.973411, 42.559252], [-6.972099, 42.559101], [-6.970796, 42.558493], [-6.970039, 42.558206], [-6.96983, 42.558242], [-6.969649, 42.558157], [-6.969496, 42.557953], [-6.969267, 42.557865], [-6.968962, 42.557894], [-6.968627, 42.55787], [-6.96826, 42.557794], [-6.968262, 42.557528], [-6.968631, 42.557074], [-6.969029, 42.556718], [-6.969455, 42.556461], [-6.969655, 42.55607], [-6.969627, 42.555544], [-6.96979, 42.555078], [-6.970142, 42.554673], [-6.970503, 42.554445], [-6.970873, 42.554396], [-6.971046, 42.554343], [-6.971021, 42.554288], [-6.971294, 42.554165], [-6.971865, 42.553976], [-6.972353, 42.554147], [-6.972758, 42.554677], [-6.973075, 42.554693], [-6.973306, 42.554192], [-6.97362, 42.553655], [-6.974016, 42.55308], [-6.974157, 42.552595], [-6.974043, 42.552199], [-6.973792, 42.551873], [-6.973404, 42.551616], [-6.973477, 42.551004], [-6.974011, 42.550037], [-6.97442, 42.549507], [-6.974706, 42.549412], [-6.975107, 42.54939], [-6.975622, 42.549441], [-6.97607, 42.549364], [-6.976449, 42.549162], [-6.976967, 42.549004], [-6.977623, 42.548893], [-6.978171, 42.549053], [-6.978609, 42.549486], [-6.978682, 42.549843], [-6.978387, 42.550123], [-6.978487, 42.55036], [-6.978981, 42.550552], [-6.979614, 42.550791], [-6.980385, 42.551075], [-6.981091, 42.551024], [-6.98173, 42.550638], [-6.981824, 42.550207], [-6.981373, 42.549731], [-6.981137, 42.54924], [-6.981116, 42.548737], [-6.981295, 42.548383], [-6.981675, 42.54818], [-6.981323, 42.547941], [-6.980241, 42.547663], [-6.979355, 42.547307], [-6.978665, 42.546871], [-6.977966, 42.546621], [-6.977259, 42.546557], [-6.976873, 42.546415], [-6.97681, 42.546195], [-6.977102, 42.546122], [-6.977749, 42.546197], [-6.978029, 42.54608], [-6.977939, 42.545772], [-6.977914, 42.545361], [-6.977953, 42.544848], [-6.977819, 42.544386], [-6.977513, 42.543977], [-6.977694, 42.543739], [-6.978363, 42.543671], [-6.978551, 42.543455], [-6.978257, 42.54309], [-6.97775, 42.542853], [-6.97703, 42.542745], [-6.97647, 42.542218], [-6.976071, 42.541271], [-6.975988, 42.540662], [-6.976223, 42.540392], [-6.976165, 42.540194], [-6.975816, 42.540069], [-6.975542, 42.53977], [-6.975342, 42.539297], [-6.97403, 42.538874], [-6.971606, 42.538502], [-6.97001, 42.53829], [-6.969243, 42.538235], [-6.968599, 42.53763], [-6.968076, 42.536474], [-6.968149, 42.535862], [-6.968316, 42.535845], [-6.967307, 42.535452]], [[-7.051647, 42.550758], [-7.051773, 42.550544], [-7.051692, 42.550266], [-7.051482, 42.55001], [-7.051142, 42.549776], [-7.051229, 42.549608], [-7.051741, 42.549505], [-7.052128, 42.5494], [-7.05239, 42.549294], [-7.052682, 42.549259], [-7.053006, 42.549296], [-7.053369, 42.549219], [-7.053773, 42.549027], [-7.054106, 42.548955], [-7.054371, 42.549002], [-7.05489, 42.548959], [-7.055666, 42.548826], [-7.056023, 42.548835], [-7.055962, 42.548983], [-7.055535, 42.549272], [-7.054741, 42.549699], [-7.054149, 42.549923], [-7.053758, 42.549944], [-7.053669, 42.550067], [-7.05388, 42.550292], [-7.054274, 42.550317], [-7.054849, 42.550142], [-7.055433, 42.550104], [-7.056025, 42.550202], [-7.056718, 42.550468], [-7.057512, 42.550901], [-7.05805, 42.551063], [-7.058331, 42.550953], [-7.058378, 42.550791], [-7.05819, 42.550578], [-7.057858, 42.550296], [-7.05738, 42.549948], [-7.057146, 42.54968], [-7.057154, 42.549494], [-7.05718, 42.549298], [-7.057224, 42.54909], [-7.057383, 42.548848], [-7.057657, 42.548571], [-7.057818, 42.548336], [-7.057867, 42.548143], [-7.057807, 42.548046], [-7.057639, 42.548043], [-7.057262, 42.548039], [-7.056676, 42.548031], [-7.056187, 42.548], [-7.055795, 42.547944], [-7.055426, 42.547861], [-7.055081, 42.547751], [-7.054982, 42.547591], [-7.05513, 42.547381], [-7.055269, 42.54718], [-7.055401, 42.546989], [-7.055442, 42.546805], [-7.055391, 42.546629], [-7.055352, 42.546498], [-7.055327, 42.54641], [-7.055021, 42.54647], [-7.054434, 42.546678], [-7.053743, 42.546849], [-7.052948, 42.546985], [-7.052619, 42.546788], [-7.052757, 42.546257], [-7.053652, 42.545605], [-7.055305, 42.544831], [-7.056596, 42.544249], [-7.057526, 42.543859], [-7.058261, 42.543626], [-7.058802, 42.543549], [-7.059164, 42.543395], [-7.059347, 42.543164], [-7.059496, 42.542992], [-7.059609, 42.542881], [-7.059615, 42.542649], [-7.059513, 42.542298], [-7.059261, 42.541864], [-7.05886, 42.541349], [-7.058221, 42.541158], [-7.057342, 42.541293], [-7.056676, 42.541515], [-7.056223, 42.541823], [-7.055779, 42.542052], [-7.055343, 42.542203], [-7.055042, 42.542355], [-7.054878, 42.542506], [-7.054707, 42.542527], [-7.054529, 42.542419], [-7.054328, 42.542446], [-7.054104, 42.542607], [-7.053709, 42.543113], [-7.053142, 42.543963], [-7.052685, 42.544579], [-7.052338, 42.544961], [-7.051904, 42.54505], [-7.051386, 42.544847], [-7.051027, 42.544762], [-7.050829, 42.544796], [-7.050482, 42.544932], [-7.049988, 42.54517], [-7.049633, 42.545169], [-7.049417, 42.54493], [-7.049539, 42.544701], [-7.049997, 42.544485], [-7.05028, 42.544275], [-7.050388, 42.544072], [-7.04991, 42.543969], [-7.048845, 42.543967], [-7.048086, 42.544012], [-7.047633, 42.544105], [-7.047097, 42.544235], [-7.046478, 42.544402], [-7.045944, 42.54447], [-7.045497, 42.544439], [-7.0451, 42.544545], [-7.044754, 42.544789], [-7.04439, 42.544828], [-7.044008, 42.544663], [-7.043744, 42.544546], [-7.043599, 42.544479], [-7.043518, 42.544377], [-7.043499, 42.544242], [-7.04333, 42.544163], [-7.043011, 42.544141], [-7.042671, 42.544122], [-7.042312, 42.544107], [-7.04194, 42.54394], [-7.041555, 42.543621], [-7.041326, 42.543407], [-7.041252, 42.543296], [-7.041162, 42.543097], [-7.041057, 42.542807], [-7.040843, 42.542752], [-7.040519, 42.54293], [-7.0402, 42.543053], [-7.039886, 42.543122], [-7.039553, 42.543087], [-7.039199, 42.542948], [-7.038955, 42.542935], [-7.038822, 42.54305], [-7.038602, 42.543011], [-7.038295, 42.542818], [-7.037584, 42.542632], [-7.036468, 42.542453], [-7.035735, 42.542302], [-7.035386, 42.542177], [-7.035014, 42.542118], [-7.034619, 42.542123], [-7.03411, 42.542095], [-7.033486, 42.542032], [-7.03306, 42.541859], [-7.032832, 42.541575], [-7.032477, 42.541505], [-7.031998, 42.541649], [-7.031512, 42.541701], [-7.031021, 42.541662], [-7.030566, 42.541639], [-7.030147, 42.541634], [-7.02988, 42.541756], [-7.029765, 42.542007], [-7.029466, 42.542127], [-7.028983, 42.542117], [-7.028698, 42.542319], [-7.028609, 42.542734], [-7.028785, 42.542835], [-7.029224, 42.542621], [-7.030357, 42.542643], [-7.032184, 42.5429], [-7.033148, 42.543166], [-7.033249, 42.543441], [-7.03316, 42.543671], [-7.03288, 42.543857], [-7.032554, 42.54392], [-7.032182, 42.543861], [-7.03187, 42.543791], [-7.031617, 42.543712], [-7.03118, 42.543717], [-7.03056, 42.543807], [-7.030002, 42.543826], [-7.029506, 42.543772], [-7.029196, 42.543925], [-7.029071, 42.544284], [-7.028799, 42.544461], [-7.02838, 42.544456], [-7.02804, 42.544506], [-7.027779, 42.544612], [-7.027858, 42.544706], [-7.028279, 42.544788], [-7.028494, 42.544882], [-7.028504, 42.544988], [-7.028159, 42.545024], [-7.027461, 42.544989], [-7.02692, 42.544997], [-7.026538, 42.545047], [-7.026108, 42.545074], [-7.025629, 42.545079], [-7.025291, 42.545098], [-7.025092, 42.545132], [-7.024807, 42.545119], [-7.024435, 42.54506], [-7.024085, 42.544935], [-7.023759, 42.544745], [-7.023483, 42.544623], [-7.023259, 42.544569], [-7.023044, 42.544621], [-7.02284, 42.544779], [-7.02241, 42.544806], [-7.021754, 42.544703], [-7.02148, 42.544588], [-7.02159, 42.544462], [-7.02194, 42.54441], [-7.02253, 42.544432], [-7.023015, 42.544341], [-7.023394, 42.544138], [-7.023669, 42.543969], [-7.023838, 42.543832], [-7.023608, 42.543618], [-7.022981, 42.543325], [-7.022836, 42.543043], [-7.023174, 42.54277], [-7.023469, 42.542673], [-7.023722, 42.542753], [-7.023933, 42.542871], [-7.024104, 42.543026], [-7.02429, 42.543056], [-7.024492, 42.54296], [-7.024531, 42.542846], [-7.024409, 42.542713], [-7.024381, 42.542579], [-7.024446, 42.542445], [-7.024595, 42.542312], [-7.024828, 42.54218], [-7.025098, 42.542104], [-7.025405, 42.542082], [-7.025828, 42.542102], [-7.026367, 42.542164], [-7.026671, 42.542204], [-7.026739, 42.542223], [-7.026752, 42.542159], [-7.02671, 42.542013], [-7.02659, 42.541887], [-7.026392, 42.541783], [-7.026308, 42.541636], [-7.026336, 42.541447], [-7.02588, 42.54124], [-7.024938, 42.541017], [-7.024328, 42.541105], [-7.024048, 42.541507], [-7.023637, 42.541707], [-7.023094, 42.541708], [-7.022438, 42.541781], [-7.021667, 42.541928], [-7.021018, 42.541993], [-7.020491, 42.541975], [-7.020161, 42.541916], [-7.020027, 42.541816], [-7.019964, 42.541634], [-7.019971, 42.541372], [-7.019751, 42.541225], [-7.019304, 42.541194], [-7.018892, 42.541103], [-7.018514, 42.540952], [-7.01826, 42.540726], [-7.018131, 42.540425], [-7.017875, 42.540262], [-7.017492, 42.540235], [-7.017167, 42.54016], [-7.016902, 42.540036], [-7.016518, 42.539901], [-7.016017, 42.539756], [-7.015614, 42.539625], [-7.015309, 42.539508], [-7.015036, 42.539324], [-7.014796, 42.539073], [-7.014446, 42.53891], [-7.013986, 42.538835], [-7.013673, 42.538688], [-7.013505, 42.538471], [-7.013203, 42.538292], [-7.012765, 42.538151], [-7.012395, 42.538061], [-7.012091, 42.53802], [-7.011865, 42.537997], [-7.011718, 42.537992], [-7.011686, 42.537813], [-7.011772, 42.53746], [-7.011602, 42.537235], [-7.011178, 42.537139], [-7.010785, 42.537044], [-7.010425, 42.536952], [-7.010197, 42.537068], [-7.010104, 42.537391], [-7.010218, 42.537679], [-7.010542, 42.537931], [-7.010856, 42.538185], [-7.01116, 42.53844], [-7.011604, 42.538641], [-7.012189, 42.538788], [-7.012513, 42.53897], [-7.012577, 42.53919], [-7.012718, 42.539389], [-7.012937, 42.539567], [-7.013076, 42.539758], [-7.013135, 42.539963], [-7.013368, 42.540154], [-7.013774, 42.540331], [-7.014243, 42.540435], [-7.014774, 42.540468], [-7.015194, 42.54055], [-7.015504, 42.540681], [-7.015729, 42.540881], [-7.015869, 42.541149], [-7.016179, 42.541427], [-7.016659, 42.541714], [-7.016982, 42.541782], [-7.017146, 42.541631], [-7.017374, 42.541661], [-7.017665, 42.541873], [-7.01788, 42.542074], [-7.018019, 42.542266], [-7.018264, 42.542462], [-7.018615, 42.542664], [-7.018952, 42.54289], [-7.019276, 42.543143], [-7.019732, 42.543418], [-7.02032, 42.543718], [-7.020727, 42.544079], [-7.020954, 42.544501], [-7.020988, 42.544726], [-7.020829, 42.544753], [-7.020799, 42.544827], [-7.020897, 42.544949], [-7.021625, 42.545086], [-7.022984, 42.545238], [-7.023717, 42.545497], [-7.023823, 42.545864], [-7.024113, 42.545999], [-7.024586, 42.545902], [-7.02521, 42.545896], [-7.025985, 42.545979], [-7.026698, 42.546134], [-7.027348, 42.546361], [-7.027967, 42.546586], [-7.028553, 42.546809], [-7.029133, 42.547009], [-7.029707, 42.547188], [-7.030185, 42.547253], [-7.030567, 42.547203], [-7.030932, 42.547202], [-7.03128, 42.54725], [-7.031523, 42.54737], [-7.031663, 42.547561], [-7.031921, 42.547625], [-7.032299, 42.54756], [-7.03254, 42.547458], [-7.032645, 42.547317], [-7.032782, 42.547393], [-7.032951, 42.547687], [-7.033285, 42.54783], [-7.033783, 42.547822], [-7.034303, 42.547887], [-7.034844, 42.548025], [-7.035385, 42.548163], [-7.035926, 42.548301], [-7.036548, 42.548503], [-7.037251, 42.548767], [-7.037822, 42.548969], [-7.038259, 42.54911], [-7.039073, 42.549324], [-7.040263, 42.549613], [-7.040868, 42.549863], [-7.040888, 42.550075], [-7.041062, 42.550207], [-7.04139, 42.550258], [-7.041709, 42.550027], [-7.042018, 42.549513], [-7.042309, 42.549364], [-7.04258, 42.549579], [-7.042796, 42.549818], [-7.042956, 42.550083], [-7.043121, 42.550216], [-7.043288, 42.550218], [-7.043331, 42.55008], [-7.04325, 42.549802], [-7.043307, 42.549531], [-7.043502, 42.549268], [-7.043506, 42.549067], [-7.04332, 42.54893], [-7.043297, 42.54878], [-7.043438, 42.548618], [-7.043624, 42.54854], [-7.043855, 42.548546], [-7.044126, 42.548439], [-7.044437, 42.548216], [-7.044635, 42.548213], [-7.044718, 42.54843], [-7.044955, 42.548597], [-7.045344, 42.548715], [-7.045787, 42.548839], [-7.046284, 42.548969], [-7.046612, 42.549128], [-7.046771, 42.549316], [-7.046897, 42.549495], [-7.046987, 42.549664], [-7.04735, 42.549725], [-7.047983, 42.549678], [-7.048476, 42.549686], [-7.048828, 42.549749], [-7.04954, 42.550081], [-7.050613, 42.550681], [-7.051315, 42.550907], [-7.051647, 42.550758]], [[-7.149454, 42.472918], [-7.149255, 42.472621], [-7.149362, 42.472436], [-7.149282, 42.472273], [-7.149015, 42.472129], [-7.1488, 42.471941], [-7.148635, 42.471709], [-7.148314, 42.471599], [-7.147836, 42.47161], [-7.147465, 42.471768], [-7.147201, 42.472074], [-7.146906, 42.47222], [-7.146581, 42.472205], [-7.146365, 42.472017], [-7.14626, 42.471656], [-7.146107, 42.471244], [-7.145908, 42.470781], [-7.145654, 42.470517], [-7.145346, 42.470452], [-7.145096, 42.47053], [-7.144904, 42.470753], [-7.144607, 42.47078], [-7.144205, 42.470613], [-7.143932, 42.47034], [-7.14379, 42.469962], [-7.143705, 42.469562], [-7.143678, 42.469141], [-7.143933, 42.468694], [-7.14447, 42.468223], [-7.144873, 42.467846], [-7.145143, 42.467563], [-7.145503, 42.467312], [-7.145953, 42.467092], [-7.14602, 42.466773], [-7.145705, 42.466354], [-7.145718, 42.465961], [-7.146061, 42.465594], [-7.14639, 42.465182], [-7.146706, 42.464725], [-7.146542, 42.464493], [-7.145897, 42.464486], [-7.145417, 42.464272], [-7.145102, 42.463853], [-7.144441, 42.463896], [-7.143432, 42.464401], [-7.142485, 42.464564], [-7.141598, 42.464385], [-7.141161, 42.464152], [-7.141173, 42.463866], [-7.140992, 42.463684], [-7.140616, 42.463607], [-7.140389, 42.462995], [-7.140311, 42.461848], [-7.14016, 42.461223], [-7.139937, 42.461119], [-7.139864, 42.460812], [-7.139939, 42.460302], [-7.139458, 42.459864], [-7.13842, 42.459498], [-7.137638, 42.45891], [-7.137113, 42.458101], [-7.136516, 42.457706], [-7.135848, 42.457726], [-7.135316, 42.457664], [-7.134921, 42.457519], [-7.134654, 42.457541], [-7.134517, 42.45773], [-7.134245, 42.457789], [-7.133839, 42.457717], [-7.133329, 42.457674], [-7.132715, 42.457661], [-7.132581, 42.45753], [-7.132926, 42.457282], [-7.133033, 42.456991], [-7.132904, 42.456658], [-7.132325, 42.456213], [-7.131295, 42.455656], [-7.130803, 42.455729], [-7.130848, 42.456432], [-7.130678, 42.45684], [-7.130294, 42.456953], [-7.129932, 42.456979], [-7.129594, 42.456919], [-7.129259, 42.456598], [-7.128929, 42.456016], [-7.128468, 42.455976], [-7.127877, 42.45648], [-7.127317, 42.456541], [-7.126788, 42.456159], [-7.126414, 42.456033], [-7.126196, 42.456166], [-7.126016, 42.456374], [-7.125874, 42.456659], [-7.125672, 42.456954], [-7.125408, 42.45726], [-7.125224, 42.457564], [-7.125119, 42.457866], [-7.12512, 42.458197], [-7.125225, 42.458558], [-7.125234, 42.458864], [-7.125147, 42.459116], [-7.125143, 42.459377], [-7.125222, 42.459647], [-7.125271, 42.459923], [-7.125288, 42.460204], [-7.125509, 42.460356], [-7.125933, 42.460377], [-7.126165, 42.460622], [-7.126205, 42.461088], [-7.126274, 42.461491], [-7.126373, 42.461829], [-7.126313, 42.462064], [-7.126095, 42.462196], [-7.126099, 42.462432], [-7.126327, 42.462772], [-7.126641, 42.462967], [-7.12704, 42.463016], [-7.127273, 42.463154], [-7.127339, 42.463379], [-7.12751, 42.463634], [-7.127785, 42.463918], [-7.127943, 42.464293], [-7.127983, 42.46476], [-7.128508, 42.465238], [-7.129518, 42.465727], [-7.129967, 42.466112], [-7.129856, 42.466391], [-7.129621, 42.466467], [-7.129263, 42.466339], [-7.128992, 42.466457], [-7.128809, 42.46682], [-7.12897, 42.467206], [-7.129475, 42.467617], [-7.129887, 42.467818], [-7.130206, 42.467811], [-7.130612, 42.46799], [-7.131104, 42.468355], [-7.131466, 42.468387], [-7.1317, 42.468087], [-7.132186, 42.468157], [-7.132925, 42.468598], [-7.133484, 42.46881], [-7.133864, 42.468792], [-7.134908, 42.469453], [-7.136616, 42.470793], [-7.13786, 42.471644], [-7.13864, 42.472008], [-7.139142, 42.472075], [-7.139364, 42.471848], [-7.139737, 42.471641], [-7.140261, 42.471457], [-7.140644, 42.471557], [-7.140885, 42.471941], [-7.141241, 42.472282], [-7.141714, 42.47258], [-7.141916, 42.472557], [-7.141847, 42.472214], [-7.142027, 42.472005], [-7.142455, 42.471932], [-7.142719, 42.472064], [-7.142818, 42.472402], [-7.143179, 42.472541], [-7.143804, 42.472481], [-7.144363, 42.472693], [-7.144858, 42.473176], [-7.145126, 42.473213], [-7.145166, 42.472803], [-7.145639, 42.472663], [-7.146544, 42.472791], [-7.147112, 42.472812], [-7.147343, 42.472725], [-7.147554, 42.472677], [-7.147744, 42.472667], [-7.148041, 42.472806], [-7.148446, 42.473091], [-7.149039, 42.473309], [-7.149821, 42.473458], [-7.14996, 42.473328], [-7.149454, 42.472918]], [[-7.188672, 42.419593], [-7.189014, 42.419195], [-7.189168, 42.418888], [-7.189136, 42.418671], [-7.189283, 42.418495], [-7.189608, 42.418362], [-7.189681, 42.418111], [-7.1895, 42.417743], [-7.189343, 42.417543], [-7.189209, 42.417513], [-7.188978, 42.417614], [-7.18865, 42.417847], [-7.188494, 42.417794], [-7.188509, 42.417453], [-7.188579, 42.417141], [-7.188704, 42.416858], [-7.188666, 42.416603], [-7.188465, 42.416376], [-7.188329, 42.416181], [-7.18826, 42.416016], [-7.188245, 42.415822], [-7.188284, 42.4156], [-7.188581, 42.41528], [-7.189136, 42.414861], [-7.189522, 42.414687], [-7.189741, 42.414757], [-7.189945, 42.414706], [-7.190134, 42.414535], [-7.190031, 42.41438], [-7.189636, 42.414241], [-7.189277, 42.414153], [-7.188954, 42.414116], [-7.18881, 42.414034], [-7.188845, 42.413904], [-7.188986, 42.413603], [-7.189233, 42.41313], [-7.189349, 42.412795], [-7.189333, 42.412598], [-7.189243, 42.412594], [-7.18908, 42.412784], [-7.188929, 42.412875], [-7.188792, 42.412868], [-7.188618, 42.413075], [-7.188408, 42.413496], [-7.188191, 42.413787], [-7.187967, 42.413948], [-7.187571, 42.414213], [-7.187001, 42.41458], [-7.186766, 42.414844], [-7.186865, 42.415003], [-7.186759, 42.415248], [-7.18645, 42.415579], [-7.186196, 42.415834], [-7.185999, 42.416014], [-7.185825, 42.416113], [-7.185674, 42.416131], [-7.185398, 42.41631], [-7.184997, 42.416648], [-7.184725, 42.416841], [-7.184583, 42.416889], [-7.184397, 42.416928], [-7.184167, 42.41696], [-7.183918, 42.41693], [-7.183652, 42.416838], [-7.183821, 42.417132], [-7.184426, 42.417811], [-7.184801, 42.41815], [-7.184947, 42.418148], [-7.185072, 42.418257], [-7.185178, 42.418477], [-7.185155, 42.418666], [-7.185003, 42.418823], [-7.184937, 42.419022], [-7.184956, 42.419265], [-7.185057, 42.419417], [-7.185242, 42.419477], [-7.185358, 42.41943], [-7.185407, 42.419276], [-7.185546, 42.419148], [-7.185777, 42.419046], [-7.185923, 42.418921], [-7.185983, 42.418773], [-7.186269, 42.418769], [-7.18678, 42.418912], [-7.187059, 42.419014], [-7.187108, 42.419074], [-7.187269, 42.419124], [-7.18754, 42.419161], [-7.187727, 42.419125], [-7.187831, 42.419015], [-7.187959, 42.419027], [-7.188113, 42.419162], [-7.188268, 42.41937], [-7.188423, 42.419651], [-7.188672, 42.419593]], [[-7.159323, 42.377581], [-7.159119, 42.377217], [-7.158831, 42.376904], [-7.158569, 42.376722], [-7.158333, 42.376672], [-7.158233, 42.37658], [-7.158268, 42.376447], [-7.158476, 42.376403], [-7.158857, 42.376446], [-7.159206, 42.376422], [-7.159523, 42.376331], [-7.159771, 42.37617], [-7.159949, 42.37594], [-7.160153, 42.375796], [-7.160382, 42.375738], [-7.160488, 42.375638], [-7.160471, 42.375496], [-7.160354, 42.375389], [-7.160136, 42.375318], [-7.160038, 42.37519], [-7.160057, 42.375005], [-7.160266, 42.374878], [-7.160664, 42.37481], [-7.160823, 42.374683], [-7.160744, 42.374497], [-7.160541, 42.374305], [-7.160213, 42.374107], [-7.160193, 42.373911], [-7.16048, 42.373717], [-7.160867, 42.373695], [-7.161353, 42.373847], [-7.16175, 42.373988], [-7.162058, 42.374116], [-7.162105, 42.374026], [-7.161893, 42.373718], [-7.161847, 42.373309], [-7.161968, 42.372798], [-7.161982, 42.372469], [-7.16189, 42.372322], [-7.161692, 42.372274], [-7.161388, 42.372326], [-7.161083, 42.372207], [-7.160777, 42.371915], [-7.16072, 42.37168], [-7.160914, 42.371501], [-7.161146, 42.371497], [-7.161417, 42.371668], [-7.161689, 42.371631], [-7.161961, 42.371384], [-7.162267, 42.371213], [-7.162608, 42.371118], [-7.162831, 42.370998], [-7.162936, 42.370853], [-7.162918, 42.370584], [-7.162779, 42.370191], [-7.16259, 42.370006], [-7.162351, 42.370029], [-7.162206, 42.369954], [-7.162156, 42.369781], [-7.162032, 42.369694], [-7.161835, 42.369691], [-7.161647, 42.369551], [-7.161468, 42.369274], [-7.161341, 42.368924], [-7.161267, 42.368501], [-7.16099, 42.368141], [-7.16051, 42.367843], [-7.16012, 42.367728], [-7.159821, 42.367798], [-7.159568, 42.367687], [-7.15936, 42.367397], [-7.159363, 42.367197], [-7.159577, 42.367087], [-7.159426, 42.366696], [-7.15891, 42.366023], [-7.158556, 42.365903], [-7.158363, 42.366335], [-7.158262, 42.366788], [-7.158252, 42.367261], [-7.158072, 42.367528], [-7.157722, 42.367588], [-7.157438, 42.367501], [-7.157222, 42.367266], [-7.156977, 42.367309], [-7.156702, 42.367628], [-7.156288, 42.367727], [-7.155737, 42.367604], [-7.155343, 42.367391], [-7.155107, 42.367087], [-7.154813, 42.366965], [-7.154463, 42.367025], [-7.154165, 42.36714], [-7.153919, 42.367309], [-7.153362, 42.367505], [-7.152494, 42.367727], [-7.152159, 42.367885], [-7.152358, 42.367978], [-7.152628, 42.367976], [-7.152969, 42.367881], [-7.15339, 42.368063], [-7.153892, 42.368521], [-7.153921, 42.368833], [-7.153479, 42.369], [-7.153242, 42.369113], [-7.15321, 42.369173], [-7.153311, 42.369265], [-7.153543, 42.369388], [-7.153658, 42.369613], [-7.153655, 42.36994], [-7.153374, 42.369989], [-7.152816, 42.369758], [-7.15236, 42.36971], [-7.152006, 42.369843], [-7.151786, 42.370017], [-7.151701, 42.370231], [-7.151577, 42.37048], [-7.151414, 42.370762], [-7.151078, 42.371001], [-7.150571, 42.371197], [-7.150219, 42.371213], [-7.150023, 42.371047], [-7.149696, 42.370976], [-7.149236, 42.371001], [-7.148867, 42.370829], [-7.148587, 42.37046], [-7.148141, 42.370446], [-7.147528, 42.370787], [-7.147298, 42.371344], [-7.147449, 42.372116], [-7.147578, 42.372602], [-7.147686, 42.372801], [-7.14788, 42.373003], [-7.148161, 42.373209], [-7.14827, 42.373499], [-7.148207, 42.373872], [-7.148413, 42.374118], [-7.14889, 42.374235], [-7.149333, 42.374241], [-7.149744, 42.374133], [-7.150005, 42.374143], [-7.150116, 42.374269], [-7.150319, 42.374334], [-7.150614, 42.374337], [-7.150985, 42.374428], [-7.151429, 42.374605], [-7.151742, 42.374624], [-7.151922, 42.374484], [-7.152153, 42.37439], [-7.152433, 42.374341], [-7.15262, 42.374391], [-7.152712, 42.374538], [-7.15267, 42.374691], [-7.152495, 42.374848], [-7.152449, 42.37511], [-7.152531, 42.375477], [-7.152848, 42.375721], [-7.1534, 42.375844], [-7.153856, 42.375765], [-7.154216, 42.375486], [-7.154412, 42.375524], [-7.154443, 42.375882], [-7.154321, 42.376139], [-7.154047, 42.376295], [-7.154146, 42.37655], [-7.154618, 42.376904], [-7.154905, 42.377045], [-7.155006, 42.376973], [-7.155007, 42.376764], [-7.154906, 42.376419], [-7.155138, 42.376161], [-7.155703, 42.375991], [-7.156202, 42.376105], [-7.156638, 42.376502], [-7.156632, 42.376693], [-7.156186, 42.376679], [-7.155924, 42.376833], [-7.155846, 42.377155], [-7.155643, 42.377344], [-7.155315, 42.377401], [-7.155169, 42.377571], [-7.155203, 42.377856], [-7.155009, 42.378034], [-7.154588, 42.378107], [-7.154346, 42.377994], [-7.154284, 42.377696], [-7.154055, 42.3775], [-7.153659, 42.377405], [-7.153498, 42.377569], [-7.153572, 42.377991], [-7.153363, 42.378118], [-7.152871, 42.377949], [-7.152582, 42.377926], [-7.152496, 42.37805], [-7.152357, 42.378164], [-7.152167, 42.37827], [-7.152213, 42.378343], [-7.152495, 42.378385], [-7.152712, 42.378539], [-7.152863, 42.378803], [-7.153073, 42.378894], [-7.153344, 42.378811], [-7.153374, 42.378996], [-7.153162, 42.37945], [-7.153129, 42.379673], [-7.153274, 42.379666], [-7.153532, 42.379413], [-7.153902, 42.378914], [-7.15411, 42.378869], [-7.154156, 42.379279], [-7.154396, 42.379428], [-7.15483, 42.379317], [-7.15511, 42.37935], [-7.155236, 42.379528], [-7.155656, 42.379619], [-7.156369, 42.379623], [-7.156758, 42.379483], [-7.156823, 42.3792], [-7.157143, 42.378991], [-7.157717, 42.378855], [-7.158227, 42.378622], [-7.158671, 42.378292], [-7.159046, 42.378146], [-7.159352, 42.378184], [-7.159444, 42.377995], [-7.159323, 42.377581]], [[-7.141675, 42.381419], [-7.141935, 42.381302], [-7.142062, 42.381062], [-7.142055, 42.380701], [-7.142131, 42.380497], [-7.142289, 42.380452], [-7.142637, 42.380464], [-7.143173, 42.380535], [-7.143601, 42.380652], [-7.143918, 42.380815], [-7.144298, 42.380895], [-7.144739, 42.380892], [-7.14529, 42.380633], [-7.145951, 42.38012], [-7.146435, 42.379801], [-7.146743, 42.379676], [-7.146866, 42.379509], [-7.146806, 42.379302], [-7.146775, 42.379071], [-7.146775, 42.378817], [-7.146874, 42.37861], [-7.147073, 42.378449], [-7.147099, 42.378245], [-7.146953, 42.377998], [-7.146875, 42.377812], [-7.146863, 42.377687], [-7.147118, 42.377761], [-7.147639, 42.378034], [-7.147887, 42.378082], [-7.14786, 42.377905], [-7.148001, 42.377799], [-7.14831, 42.377764], [-7.1485, 42.377867], [-7.14857, 42.378109], [-7.148479, 42.378261], [-7.148227, 42.378322], [-7.148047, 42.378462], [-7.147939, 42.378681], [-7.147996, 42.378961], [-7.148219, 42.379304], [-7.148389, 42.379383], [-7.148508, 42.379199], [-7.148805, 42.379039], [-7.149281, 42.378903], [-7.149442, 42.378739], [-7.149288, 42.378548], [-7.149397, 42.378375], [-7.14977, 42.37822], [-7.149886, 42.377946], [-7.149747, 42.377553], [-7.149669, 42.377203], [-7.149654, 42.376897], [-7.149726, 42.376722], [-7.149884, 42.376676], [-7.149832, 42.37654], [-7.14957, 42.376313], [-7.149396, 42.376098], [-7.149312, 42.375895], [-7.149181, 42.375655], [-7.149002, 42.375377], [-7.148751, 42.375148], [-7.148428, 42.374968], [-7.148185, 42.375019], [-7.148022, 42.375301], [-7.147714, 42.375427], [-7.147263, 42.375395], [-7.147005, 42.375521], [-7.14694, 42.375805], [-7.14701, 42.376001], [-7.147214, 42.376111], [-7.147387, 42.376073], [-7.147529, 42.375885], [-7.147759, 42.375999], [-7.148077, 42.376416], [-7.147994, 42.376766], [-7.147512, 42.377049], [-7.146826, 42.37714], [-7.145937, 42.377039], [-7.14541, 42.377084], [-7.145245, 42.377276], [-7.145034, 42.377312], [-7.144778, 42.377193], [-7.144659, 42.376996], [-7.144677, 42.376721], [-7.144338, 42.376525], [-7.143641, 42.376409], [-7.14313, 42.37647], [-7.142807, 42.376707], [-7.14254, 42.376971], [-7.142329, 42.377261], [-7.142391, 42.377432], [-7.142726, 42.377483], [-7.14279, 42.377744], [-7.142583, 42.378215], [-7.142467, 42.378616], [-7.14244, 42.378947], [-7.142339, 42.379146], [-7.142162, 42.379213], [-7.141938, 42.379079], [-7.141669, 42.378744], [-7.141443, 42.378602], [-7.141261, 42.378651], [-7.141244, 42.37889], [-7.141394, 42.379318], [-7.141391, 42.379645], [-7.141236, 42.379871], [-7.141065, 42.38], [-7.140877, 42.380033], [-7.14065, 42.3798], [-7.140382, 42.379302], [-7.140164, 42.379058], [-7.139995, 42.379069], [-7.140002, 42.37943], [-7.140185, 42.380143], [-7.14049, 42.380471], [-7.140916, 42.380416], [-7.141227, 42.380517], [-7.141425, 42.380773], [-7.141456, 42.380922], [-7.141321, 42.380963], [-7.141242, 42.381031], [-7.141221, 42.381125], [-7.141294, 42.381249], [-7.141461, 42.381402], [-7.141675, 42.381419]], [[-7.137005, 42.399402], [-7.136994, 42.398606], [-7.137085, 42.397928], [-7.137278, 42.397369], [-7.137216, 42.397071], [-7.136898, 42.397035], [-7.136484, 42.397048], [-7.135974, 42.397108], [-7.135648, 42.397024], [-7.135507, 42.396794], [-7.135528, 42.396613], [-7.135711, 42.396482], [-7.135702, 42.396366], [-7.1355, 42.396265], [-7.135204, 42.396279], [-7.134812, 42.39641], [-7.134547, 42.396451], [-7.13441, 42.396402], [-7.134252, 42.396493], [-7.134074, 42.396723], [-7.133919, 42.396886], [-7.133787, 42.396981], [-7.1338, 42.397133], [-7.133959, 42.397341], [-7.133901, 42.397501], [-7.133627, 42.397612], [-7.133472, 42.397756], [-7.133438, 42.397935], [-7.133588, 42.39809], [-7.133921, 42.398223], [-7.134422, 42.39874], [-7.13509, 42.399641], [-7.135484, 42.400086], [-7.135604, 42.400074], [-7.135679, 42.399975], [-7.135711, 42.399788], [-7.135843, 42.399757], [-7.136075, 42.39988], [-7.136396, 42.399906], [-7.136806, 42.399836], [-7.137005, 42.399402]]]}}]}