{"type": "FeatureCollection", "name": "AVEIGA", "features": [{"type": "Feature", "properties": {"id": "278477", "FIREDATE": "2025-08-15T02:06:00", "FINALDATE": "2025-08-31T14:05:00", "LASTUPDATE": "2025-08-18 07:10:21.753055", "COUNTRY": "ES", "PROVINCE": "Ourense", "COMMUNE": "Veiga, A", "AREA_HA": 25953.0, "BROADLEA": 5.6707, "CONIFER": 0.0, "MIXED": 0.0, "SCLEROPH": 0.0, "TRANSIT": 2.3461, "OTHERNATLC": 91.4477, "AGRIAREAS": 0.1348, "ARTIFSURF": 0.3814, "OTHERLC": 0.0193, "PERCNA2K": 92.602, "CLASS": "FireSeason", "AÑO": 2025, "LATITUD": 42.216121972629765, "LONGITUD": -6.772134291019308}, "geometry": {"type": "Polygon", "coordinates": [[[-6.780858, 42.292712], [-6.780857, 42.292714], [-6.780811, 42.292754], [-6.780754, 42.292779], [-6.780691, 42.29281], [-6.780621, 42.292849], [-6.780546, 42.292894], [-6.780464, 42.292946], [-6.78038, 42.29301], [-6.780293, 42.293086], [-6.780204, 42.293173], [-6.780111, 42.293272], [-6.780023, 42.293362], [-6.779937, 42.293443], [-6.779856, 42.293515], [-6.779777, 42.293579], [-6.779648, 42.293674], [-6.779467, 42.293799], [-6.779234, 42.293956], [-6.77895, 42.294143], [-6.778715, 42.29432], [-6.778529, 42.294485], [-6.778393, 42.294638], [-6.778305, 42.294781], [-6.778215, 42.294892], [-6.778123, 42.294971], [-6.778029, 42.295019], [-6.777933, 42.295035], [-6.777827, 42.295081], [-6.77771, 42.295155], [-6.777582, 42.295259], [-6.777443, 42.295393], [-6.777337, 42.295512], [-6.777265, 42.295618], [-6.777226, 42.29571], [-6.77722, 42.295788], [-6.777205, 42.29586], [-6.777179, 42.295927], [-6.777144, 42.295988], [-6.7771, 42.296043], [-6.777056, 42.296111], [-6.777012, 42.296191], [-6.77697, 42.296283], [-6.776927, 42.296388], [-6.776911, 42.296481], [-6.776922, 42.296561], [-6.776959, 42.296628], [-6.777023, 42.296683], [-6.777042, 42.296741], [-6.777018, 42.296803], [-6.776949, 42.296869], [-6.776837, 42.296938], [-6.776754, 42.297012], [-6.776702, 42.297091], [-6.776681, 42.297174], [-6.77669, 42.297262], [-6.776679, 42.29735], [-6.776648, 42.29744], [-6.776598, 42.297531], [-6.776528, 42.297623], [-6.776471, 42.297708], [-6.776427, 42.297787], [-6.776396, 42.297859], [-6.776378, 42.297925], [-6.776355, 42.297977], [-6.776327, 42.298018], [-6.776292, 42.298046], [-6.776253, 42.298062], [-6.776221, 42.298088], [-6.776198, 42.298126], [-6.776183, 42.298176], [-6.776176, 42.298236], [-6.776166, 42.298296], [-6.776152, 42.298355], [-6.776136, 42.298412], [-6.776116, 42.298469], [-6.776064, 42.298528], [-6.775981, 42.29859], [-6.775867, 42.298654], [-6.775721, 42.29872], [-6.775625, 42.298804], [-6.775578, 42.298907], [-6.77558, 42.299029], [-6.775632, 42.299169], [-6.775694, 42.299275], [-6.775767, 42.299347], [-6.77585, 42.299386], [-6.775944, 42.299391], [-6.776008, 42.29941], [-6.776042, 42.299445], [-6.776046, 42.299494], [-6.77602, 42.299558], [-6.776006, 42.29962], [-6.776006, 42.299681], [-6.776018, 42.299741], [-6.776042, 42.299799], [-6.776079, 42.299863], [-6.776127, 42.299934], [-6.776187, 42.300011], [-6.776259, 42.300094], [-6.776344, 42.300177], [-6.776444, 42.300259], [-6.776558, 42.300342], [-6.776686, 42.300424], [-6.776815, 42.300506], [-6.776947, 42.300588], [-6.777081, 42.300669], [-6.777216, 42.300751], [-6.777335, 42.300815], [-6.777437, 42.300863], [-6.777522, 42.300895], [-6.777591, 42.30091], [-6.777659, 42.300937], [-6.777726, 42.300977], [-6.777793, 42.301028], [-6.777859, 42.301091], [-6.777925, 42.301132], [-6.77799, 42.30115], [-6.778055, 42.301147], [-6.77812, 42.301121], [-6.778178, 42.301113], [-6.778229, 42.301122], [-6.778273, 42.301149], [-6.77831, 42.301193], [-6.778394, 42.301243], [-6.778526, 42.301298], [-6.778706, 42.301358], [-6.778933, 42.301424], [-6.779117, 42.301484], [-6.779257, 42.301539], [-6.779354, 42.301589], [-6.779406, 42.301633], [-6.779507, 42.301675], [-6.779654, 42.301714], [-6.779849, 42.30175], [-6.780091, 42.301784], [-6.780323, 42.301885], [-6.780544, 42.302054], [-6.780754, 42.302291], [-6.780953, 42.302596], [-6.781166, 42.302854], [-6.781392, 42.303064], [-6.781632, 42.303226], [-6.781885, 42.303341], [-6.78209, 42.303444], [-6.782247, 42.303537], [-6.782356, 42.303618], [-6.782416, 42.303688], [-6.78246, 42.303764], [-6.782487, 42.303847], [-6.782499, 42.303937], [-6.782494, 42.304033], [-6.782511, 42.304167], [-6.78255, 42.30434], [-6.782611, 42.304552], [-6.782695, 42.304802], [-6.782793, 42.305014], [-6.782906, 42.305186], [-6.783026, 42.30531], [-6.782995, 42.305719], [-6.783418, 42.30594], [-6.783971, 42.306254], [-6.784469, 42.306623], [-6.784834, 42.30699], [-6.785488, 42.307194], [-6.78633, 42.307201], [-6.787, 42.307182], [-6.787392, 42.307137], [-6.787798, 42.307126], [-6.788153, 42.307152], [-6.788354, 42.307199], [-6.788372, 42.307261], [-6.788395, 42.307396], [-6.788419, 42.307585], [-6.788449, 42.307743], [-6.788478, 42.307845], [-6.788733, 42.308301], [-6.789175, 42.309041], [-6.789536, 42.309479], [-6.789758, 42.309549], [-6.790029, 42.309619], [-6.790307, 42.30968], [-6.790499, 42.309856], [-6.790575, 42.310122], [-6.790716, 42.3104], [-6.790903, 42.310647], [-6.791064, 42.311049], [-6.791176, 42.311545], [-6.791208, 42.311876], [-6.791154, 42.311993], [-6.790922, 42.312113], [-6.790546, 42.312219], [-6.789902, 42.312548], [-6.789089, 42.31305], [-6.788551, 42.313419], [-6.78837, 42.3136], [-6.788226, 42.313739], [-6.78814, 42.313816], [-6.788219, 42.313873], [-6.78845, 42.3139], [-6.788753, 42.313931], [-6.78908, 42.313961], [-6.789518, 42.313899], [-6.789998, 42.313754], [-6.790753, 42.31365], [-6.791667, 42.313603], [-6.792181, 42.313644], [-6.792216, 42.313766], [-6.792122, 42.313933], [-6.791914, 42.314118], [-6.79146, 42.314288], [-6.79083, 42.314416], [-6.790348, 42.314543], [-6.790089, 42.314651], [-6.789661, 42.314747], [-6.78913, 42.314815], [-6.78884, 42.315119], [-6.788836, 42.315613], [-6.788752, 42.316033], [-6.7886, 42.316316], [-6.787926, 42.31643], [-6.786833, 42.316357], [-6.786238, 42.316306], [-6.786232, 42.316286], [-6.786158, 42.316136], [-6.786027, 42.315879], [-6.78568, 42.315706], [-6.785169, 42.315642], [-6.784314, 42.31567], [-6.783246, 42.315786], [-6.782671, 42.315918], [-6.782678, 42.316045], [-6.782579, 42.316247], [-6.782388, 42.316494], [-6.782383, 42.316808], [-6.782565, 42.317142], [-6.782941, 42.317357], [-6.783451, 42.317421], [-6.784114, 42.317379], [-6.784827, 42.317237], [-6.785471, 42.317129], [-6.785947, 42.31707], [-6.786492, 42.317164], [-6.787022, 42.317396], [-6.787194, 42.317669], [-6.786981, 42.31794], [-6.786587, 42.3181], [-6.786072, 42.318122], [-6.785548, 42.318211], [-6.785095, 42.318351], [-6.784707, 42.318533], [-6.784444, 42.318727], [-6.784002, 42.318883], [-6.783448, 42.318976], [-6.783022, 42.318967], [-6.782788, 42.318856], [-6.782156, 42.31829], [-6.781223, 42.317354], [-6.780375, 42.3168], [-6.779742, 42.316714], [-6.778593, 42.315712], [-6.777106, 42.313948], [-6.776208, 42.312834], [-6.776038, 42.312541], [-6.775791, 42.312286], [-6.775505, 42.312108], [-6.775282, 42.312041], [-6.775156, 42.312096], [-6.774762, 42.312192], [-6.774159, 42.312315], [-6.773135, 42.312244], [-6.771846, 42.311989], [-6.770369, 42.312041], [-6.768933, 42.31239], [-6.767743, 42.312788], [-6.766984, 42.313173], [-6.766296, 42.313405], [-6.765787, 42.313448], [-6.764736, 42.313451], [-6.763306, 42.313413], [-6.762158, 42.313351], [-6.76147, 42.313274], [-6.760791, 42.31326], [-6.760227, 42.313312], [-6.759387, 42.313396], [-6.758402, 42.313497], [-6.757362, 42.313649], [-6.756428, 42.313828], [-6.755659, 42.314213], [-6.755172, 42.314745], [-6.75487, 42.315063], [-6.754799, 42.315117], [-6.754422, 42.315227], [-6.753798, 42.315375], [-6.752759, 42.315585], [-6.751465, 42.315824], [-6.750405, 42.31586], [-6.749743, 42.315686], [-6.749276, 42.31568], [-6.749076, 42.315841], [-6.748631, 42.316042], [-6.748009, 42.316251], [-6.747595, 42.316452], [-6.747453, 42.316615], [-6.747826, 42.316807], [-6.748656, 42.316998], [-6.749343, 42.317174], [-6.74978, 42.317309], [-6.750243, 42.317504], [-6.75066, 42.317729], [-6.750837, 42.318039], [-6.750747, 42.318384], [-6.750492, 42.318653], [-6.750112, 42.318804], [-6.749567, 42.319037], [-6.748941, 42.319316], [-6.748394, 42.319587], [-6.748011, 42.319808], [-6.747407, 42.320013], [-6.746676, 42.320171], [-6.745731, 42.320207], [-6.744719, 42.320117], [-6.743228, 42.320113], [-6.741489, 42.320197], [-6.740161, 42.320138], [-6.739448, 42.319945], [-6.738613, 42.319605], [-6.737785, 42.319171], [-6.737207, 42.31875], [-6.736969, 42.318408], [-6.736866, 42.317954], [-6.736913, 42.317459], [-6.736973, 42.316771], [-6.737035, 42.315996], [-6.737263, 42.315186], [-6.737622, 42.314465], [-6.738043, 42.31348], [-6.738461, 42.312384], [-6.738864, 42.311563], [-6.739191, 42.311143], [-6.739615, 42.310573], [-6.74007, 42.30994], [-6.74051, 42.309292], [-6.740867, 42.308728], [-6.741462, 42.308223], [-6.742203, 42.307854], [-6.742807, 42.30733], [-6.743182, 42.30673], [-6.743365, 42.306127], [-6.74333, 42.305615], [-6.743426, 42.305026], [-6.74364, 42.30445], [-6.743932, 42.303847], [-6.744257, 42.303309], [-6.744599, 42.302738], [-6.744905, 42.302221], [-6.745197, 42.301668], [-6.745431, 42.301164], [-6.745573, 42.300707], [-6.745603, 42.300367], [-6.745857, 42.299921], [-6.746298, 42.299438], [-6.7467, 42.298645], [-6.747, 42.297664], [-6.747195, 42.296674], [-6.747256, 42.295827], [-6.747424, 42.295123], [-6.747674, 42.294672], [-6.748074, 42.294021], [-6.748564, 42.293268], [-6.748966, 42.292475], [-6.749216, 42.291764], [-6.749516, 42.291189], [-6.749819, 42.290841], [-6.75033, 42.290432], [-6.750969, 42.290027], [-6.751726, 42.290152], [-6.752484, 42.290787], [-6.752934, 42.291174], [-6.753008, 42.291255], [-6.752887, 42.291598], [-6.752591, 42.29215], [-6.752933, 42.292586], [-6.753859, 42.292839], [-6.754943, 42.292677], [-6.756018, 42.292124], [-6.756875, 42.291687], [-6.757381, 42.291435], [-6.757827, 42.290896], [-6.758144, 42.290154], [-6.758548, 42.289371], [-6.758977, 42.288666], [-6.759359, 42.288239], [-6.759637, 42.288155], [-6.760027, 42.28809], [-6.760468, 42.288052], [-6.760842, 42.287738], [-6.76109, 42.287194], [-6.761286, 42.286852], [-6.7614, 42.286766], [-6.76131, 42.286502], [-6.761028, 42.286102], [-6.760483, 42.285663], [-6.759757, 42.285252], [-6.759045, 42.284861], [-6.758458, 42.28455], [-6.758017, 42.284158], [-6.757789, 42.283746], [-6.757553, 42.283342], [-6.757344, 42.283011], [-6.757117, 42.282848], [-6.756906, 42.282879], [-6.756754, 42.282897], [-6.756684, 42.282898], [-6.756582, 42.282876], [-6.756464, 42.282835], [-6.75632, 42.282769], [-6.756171, 42.28269], [-6.756027, 42.282555], [-6.75591, 42.282384], [-6.755811, 42.282162], [-6.755743, 42.281924], [-6.755681, 42.28171], [-6.755634, 42.281551], [-6.755598, 42.281436], [-6.755579, 42.28138], [-6.75553, 42.281306], [-6.755459, 42.281223], [-6.755361, 42.281125], [-6.75525, 42.281027], [-6.755107, 42.280931], [-6.754955, 42.280852], [-6.75478, 42.280783], [-6.75461, 42.280734], [-6.754424, 42.280685], [-6.754249, 42.280641], [-6.754072, 42.2806], [-6.75392, 42.280568], [-6.75373, 42.280495], [-6.753532, 42.280393], [-6.753309, 42.280252], [-6.753095, 42.280096], [-6.752818, 42.279888], [-6.752521, 42.279661], [-6.752179, 42.279397], [-6.751845, 42.279135], [-6.751534, 42.278883], [-6.751294, 42.278678], [-6.751083, 42.278622], [-6.750932, 42.278724], [-6.750747, 42.278786], [-6.750559, 42.2788], [-6.750351, 42.278574], [-6.750157, 42.278144], [-6.750057, 42.277848], [-6.750067, 42.277733], [-6.749979, 42.277613], [-6.749806, 42.277505], [-6.749567, 42.27742], [-6.749299, 42.277371], [-6.749079, 42.27737], [-6.74894, 42.277418], [-6.748772, 42.277574], [-6.7486, 42.277817], [-6.748356, 42.278012], [-6.748077, 42.27813], [-6.747783, 42.278199], [-6.747521, 42.278207], [-6.747214, 42.27823], [-6.746911, 42.278263], [-6.746625, 42.278312], [-6.7464, 42.278367], [-6.746181, 42.278472], [-6.746004, 42.278608], [-6.745771, 42.278754], [-6.745519, 42.278885], [-6.745223, 42.278896], [-6.744927, 42.278786], [-6.744577, 42.278565], [-6.744228, 42.278267], [-6.743975, 42.277837], [-6.743858, 42.27734], [-6.743817, 42.277009], [-6.743857, 42.276895], [-6.744046, 42.276844], [-6.744356, 42.276862], [-6.744568, 42.276875], [-6.74465, 42.276879], [-6.744807, 42.276863], [-6.745013, 42.276828], [-6.745072, 42.276717], [-6.744973, 42.276547], [-6.744897, 42.276415], [-6.744854, 42.276342], [-6.744827, 42.276197], [-6.74482, 42.276002], [-6.744872, 42.275771], [-6.744975, 42.27554], [-6.74516, 42.275229], [-6.7454, 42.274886], [-6.745691, 42.274576], [-6.745987, 42.274348], [-6.746307, 42.274236], [-6.746602, 42.274258], [-6.746829, 42.274301], [-6.746952, 42.274359], [-6.747087, 42.274423], [-6.747214, 42.274483], [-6.747373, 42.274511], [-6.747539, 42.2745], [-6.747661, 42.274482], [-6.747721, 42.274459], [-6.747944, 42.274374], [-6.748297, 42.274238], [-6.748543, 42.274237], [-6.748646, 42.274371], [-6.748784, 42.274413], [-6.748936, 42.274357], [-6.749087, 42.274247], [-6.749214, 42.2741], [-6.749283, 42.273923], [-6.749284, 42.273741], [-6.749379, 42.273602], [-6.749554, 42.273527], [-6.749656, 42.273418], [-6.749668, 42.273291], [-6.749549, 42.273147], [-6.749317, 42.273008], [-6.749153, 42.272891], [-6.749083, 42.272813], [-6.749022, 42.272689], [-6.748978, 42.272536], [-6.748936, 42.272429], [-6.748902, 42.272386], [-6.748841, 42.27231], [-6.748763, 42.272211], [-6.748626, 42.272145], [-6.74845, 42.272121], [-6.748161, 42.272112], [-6.747802, 42.272119], [-6.747597, 42.272086], [-6.747578, 42.272018], [-6.747533, 42.271813], [-6.747469, 42.271503], [-6.747546, 42.271316], [-6.747753, 42.271282], [-6.748077, 42.271275], [-6.748469, 42.271298], [-6.748856, 42.27133], [-6.749179, 42.271364], [-6.749407, 42.271377], [-6.749505, 42.271365], [-6.74972, 42.271338], [-6.750016, 42.271302], [-6.750214, 42.271227], [-6.750282, 42.271127], [-6.750146, 42.271015], [-6.749826, 42.270908], [-6.749534, 42.270849], [-6.749313, 42.270847], [-6.749133, 42.270829], [-6.749023, 42.270799], [-6.748856, 42.270753], [-6.748657, 42.270698], [-6.748457, 42.270642], [-6.748287, 42.270593], [-6.748066, 42.270501], [-6.747827, 42.27038], [-6.747551, 42.270219], [-6.74728, 42.270043], [-6.746973, 42.26983], [-6.746679, 42.269614], [-6.746373, 42.269375], [-6.746101, 42.269151], [-6.745878, 42.26897], [-6.745738, 42.26886], [-6.745647, 42.268748], [-6.74562, 42.268651], [-6.745343, 42.268363], [-6.744858, 42.267928], [-6.744403, 42.267609], [-6.744046, 42.267455], [-6.743745, 42.267354], [-6.743545, 42.26732], [-6.743397, 42.267269], [-6.743325, 42.267209], [-6.743228, 42.267135], [-6.743124, 42.267058], [-6.743056, 42.267009], [-6.743037, 42.266996], [-6.743033, 42.26695], [-6.743044, 42.266878], [-6.742999, 42.266751], [-6.742905, 42.266589], [-6.742705, 42.266526], [-6.742429, 42.266572], [-6.742197, 42.266582], [-6.742045, 42.266554], [-6.741962, 42.266491], [-6.741961, 42.266402], [-6.742052, 42.26631], [-6.742221, 42.266228], [-6.742357, 42.266109], [-6.742438, 42.26597], [-6.742371, 42.265827], [-6.742167, 42.265701], [-6.741931, 42.265605], [-6.741701, 42.265555], [-6.741464, 42.265595], [-6.741259, 42.265719], [-6.741002, 42.265916], [-6.740733, 42.266158], [-6.740414, 42.266366], [-6.740094, 42.266509], [-6.739905, 42.266575], [-6.739877, 42.266556], [-6.739812, 42.266509], [-6.739719, 42.266442], [-6.739761, 42.266274], [-6.739933, 42.266032], [-6.740187, 42.265777], [-6.740483, 42.265549], [-6.740761, 42.265316], [-6.740979, 42.265115], [-6.741076, 42.264964], [-6.74104, 42.264885], [-6.740901, 42.264768], [-6.740681, 42.264632], [-6.740381, 42.264505], [-6.740046, 42.264407], [-6.739704, 42.26432], [-6.739408, 42.264258], [-6.739131, 42.264216], [-6.738918, 42.2642], [-6.738644, 42.264212], [-6.738353, 42.26425], [-6.73802, 42.264317], [-6.737696, 42.264402], [-6.737295, 42.264477], [-6.73688, 42.264531], [-6.736416, 42.264566], [-6.735973, 42.264579], [-6.735561, 42.264608], [-6.735241, 42.264651], [-6.734987, 42.26471], [-6.734838, 42.264776], [-6.734673, 42.264872], [-6.734515, 42.264982], [-6.734353, 42.265116], [-6.734211, 42.265254], [-6.734022, 42.265395], [-6.733816, 42.26552], [-6.733574, 42.265637], [-6.733336, 42.265728], [-6.733084, 42.265777], [-6.732857, 42.265776], [-6.732637, 42.265725], [-6.732457, 42.265632], [-6.732235, 42.265517], [-6.732006, 42.265399], [-6.731749, 42.265268], [-6.731505, 42.265144], [-6.73134, 42.265059], [-6.731281, 42.265025], [-6.731198, 42.265014], [-6.731106, 42.265027], [-6.730984, 42.265007], [-6.73085, 42.264958], [-6.730696, 42.26483], [-6.730546, 42.264641], [-6.730554, 42.264485], [-6.730719, 42.264386], [-6.730839, 42.26426], [-6.730897, 42.264125], [-6.731027, 42.26394], [-6.731209, 42.263731], [-6.731393, 42.26369], [-6.731551, 42.263824], [-6.731647, 42.263906], [-6.731665, 42.263923], [-6.731718, 42.263972], [-6.731798, 42.264045], [-6.731951, 42.264105], [-6.732154, 42.264142], [-6.732375, 42.264095], [-6.732581, 42.263972], [-6.732693, 42.263857], [-6.732694, 42.263768], [-6.732738, 42.263702], [-6.732818, 42.263668], [-6.732987, 42.263562], [-6.73322, 42.263399], [-6.733419, 42.263223], [-6.733554, 42.26306], [-6.733636, 42.262898], [-6.733653, 42.262761], [-6.733655, 42.262558], [-6.73364, 42.26232], [-6.733608, 42.262028], [-6.733565, 42.261726], [-6.733514, 42.261424], [-6.733465, 42.26117], [-6.733412, 42.260942], [-6.733365, 42.260774], [-6.733335, 42.260612], [-6.733328, 42.260479], [-6.733342, 42.260365], [-6.733376, 42.260287], [-6.733546, 42.260162], [-6.733827, 42.260008], [-6.734242, 42.259814], [-6.734727, 42.259608], [-6.735221, 42.259358], [-6.735646, 42.259102], [-6.736039, 42.258819], [-6.73634, 42.258552], [-6.736618, 42.258251], [-6.736831, 42.257964], [-6.736996, 42.257666], [-6.737089, 42.257403], [-6.737157, 42.257148], [-6.737189, 42.256942], [-6.737188, 42.256766], [-6.737154, 42.256648], [-6.737109, 42.256531], [-6.737059, 42.256433], [-6.736999, 42.256347], [-6.73694, 42.256284], [-6.736864, 42.256243], [-6.736785, 42.256228], [-6.736694, 42.25624], [-6.736607, 42.256275], [-6.73649, 42.256339], [-6.736363, 42.256422], [-6.736214, 42.256531], [-6.736066, 42.256648], [-6.735905, 42.256786], [-6.735755, 42.256923], [-6.735645, 42.257028], [-6.735592, 42.257084], [-6.735447, 42.257104], [-6.735234, 42.257085], [-6.734868, 42.257107], [-6.734403, 42.257167], [-6.734001, 42.257239], [-6.733724, 42.257311], [-6.733464, 42.257352], [-6.733263, 42.257357], [-6.732757, 42.257369], [-6.732024, 42.257386], [-6.731311, 42.257407], [-6.730728, 42.257429], [-6.730225, 42.257455], [-6.729882, 42.257479], [-6.729538, 42.257534], [-6.729249, 42.257612], [-6.728988, 42.257718], [-6.728797, 42.257837], [-6.728535, 42.258022], [-6.728242, 42.258244], [-6.727894, 42.258523], [-6.727545, 42.258815], [-6.727343, 42.25898], [-6.72732, 42.258992], [-6.727224, 42.259086], [-6.727069, 42.259246], [-6.72669, 42.259441], [-6.726145, 42.25964], [-6.725581, 42.25986], [-6.725087, 42.260068], [-6.724566, 42.2603], [-6.724099, 42.260521], [-6.723864, 42.260494], [-6.723896, 42.260223], [-6.723818, 42.260039], [-6.72364, 42.25997], [-6.723458, 42.259835], [-6.723299, 42.259656], [-6.723096, 42.25948], [-6.72288, 42.259336], [-6.722633, 42.259212], [-6.722393, 42.259125], [-6.722064, 42.259011], [-6.721697, 42.258885], [-6.721261, 42.258737], [-6.720824, 42.258591], [-6.720388, 42.258422], [-6.720019, 42.258257], [-6.719688, 42.258081], [-6.719445, 42.257922], [-6.719181, 42.257767], [-6.718935, 42.257638], [-6.718687, 42.257527], [-6.718477, 42.257449], [-6.718188, 42.25735], [-6.717866, 42.257246], [-6.717484, 42.257126], [-6.717101, 42.257011], [-6.716654, 42.256916], [-6.716213, 42.256857], [-6.715742, 42.256828], [-6.715312, 42.256833], [-6.714855, 42.256858], [-6.714443, 42.256899], [-6.71404, 42.256958], [-6.713709, 42.257027], [-6.713207, 42.257121], [-6.712613, 42.257224], [-6.711876, 42.257346], [-6.71111, 42.257468], [-6.710377, 42.257631], [-6.709789, 42.257809], [-6.709298, 42.258017], [-6.708979, 42.258224], [-6.708598, 42.258471], [-6.708215, 42.258719], [-6.707798, 42.25899], [-6.707411, 42.259241], [-6.70703, 42.259504], [-6.706716, 42.259737], [-6.706442, 42.25996], [-6.70625, 42.260139], [-6.70615, 42.260299], [-6.706159, 42.260417], [-6.706277, 42.260501], [-6.706486, 42.26054], [-6.70681, 42.260568], [-6.707198, 42.260582], [-6.707685, 42.260583], [-6.708194, 42.260571], [-6.708652, 42.260602], [-6.708989, 42.260672], [-6.709231, 42.260786], [-6.709343, 42.260927], [-6.709443, 42.261094], [-6.709515, 42.261263], [-6.709565, 42.261446], [-6.709586, 42.261615], [-6.709607, 42.261764], [-6.709624, 42.261868], [-6.709639, 42.261936], [-6.70965, 42.261959], [-6.709656, 42.261991], [-6.709656, 42.262027], [-6.70965, 42.262071], [-6.709638, 42.262115], [-6.7096, 42.262183], [-6.70954, 42.262263], [-6.709454, 42.262362], [-6.709356, 42.262465], [-6.70925, 42.262558], [-6.709154, 42.262625], [-6.709059, 42.262673], [-6.708979, 42.262695], [-6.708837, 42.262734], [-6.708652, 42.262787], [-6.708411, 42.262856], [-6.70815, 42.262931], [-6.707893, 42.263025], [-6.707678, 42.263123], [-6.707489, 42.263233], [-6.707353, 42.263339], [-6.707188, 42.26344], [-6.707018, 42.263522], [-6.706829, 42.263592], [-6.70665, 42.263637], [-6.706462, 42.263703], [-6.706292, 42.263778], [-6.706129, 42.26387], [-6.705995, 42.263963], [-6.70584, 42.264074], [-6.705687, 42.264185], [-6.705523, 42.264306], [-6.705373, 42.264418], [-6.705214, 42.264545], [-6.70507, 42.264667], [-6.704929, 42.264796], [-6.704812, 42.26491], [-6.704667, 42.265031], [-6.704516, 42.265139], [-6.704346, 42.265245], [-6.704184, 42.265331], [-6.703964, 42.265448], [-6.703721, 42.265576], [-6.703433, 42.265727], [-6.703146, 42.265878], [-6.702852, 42.266042], [-6.702598, 42.266194], [-6.702362, 42.266346], [-6.70218, 42.266475], [-6.701891, 42.266629], [-6.70154, 42.266784], [-6.701096, 42.266953], [-6.700629, 42.26711], [-6.700203, 42.267247], [-6.699884, 42.267341], [-6.699644, 42.267401], [-6.699521, 42.267418], [-6.699357, 42.26743], [-6.699177, 42.267437], [-6.698966, 42.267438], [-6.698757, 42.267434], [-6.698493, 42.267443], [-6.698213, 42.267464], [-6.697895, 42.2675], [-6.697588, 42.267543], [-6.69722, 42.267606], [-6.696849, 42.26768], [-6.696442, 42.267769], [-6.696063, 42.26786], [-6.695724, 42.267932], [-6.695478, 42.267975], [-6.695305, 42.267992], [-6.69523, 42.26798], [-6.695146, 42.267979], [-6.695066, 42.267989], [-6.694983, 42.268012], [-6.69491, 42.268044], [-6.694836, 42.268067], [-6.694773, 42.26808], [-6.694716, 42.268082], [-6.694673, 42.268073], [-6.694662, 42.268098], [-6.694686, 42.268152], [-6.694746, 42.268241], [-6.694832, 42.26835], [-6.69493, 42.268481], [-6.695024, 42.268613], [-6.695121, 42.268757], [-6.695208, 42.268891], [-6.695315, 42.269048], [-6.695426, 42.269204], [-6.695552, 42.269372], [-6.695672, 42.269527], [-6.695832, 42.269698], [-6.696009, 42.26986], [-6.696217, 42.270026], [-6.696424, 42.27017], [-6.696625, 42.270348], [-6.69679, 42.270531], [-6.696889, 42.27065], [-6.696907, 42.270686], [-6.697, 42.270728], [-6.697154, 42.270768], [-6.697314, 42.270922], [-6.697455, 42.271165], [-6.697602, 42.271362], [-6.697732, 42.271483], [-6.697883, 42.271602], [-6.698032, 42.271702], [-6.698288, 42.271872], [-6.698613, 42.272084], [-6.699073, 42.272326], [-6.699596, 42.272559], [-6.699841, 42.272874], [-6.699772, 42.273225], [-6.699585, 42.273439], [-6.699309, 42.273486], [-6.699032, 42.273426], [-6.698795, 42.27327], [-6.698323, 42.27303], [-6.697689, 42.272745], [-6.697138, 42.27245], [-6.696755, 42.27219], [-6.69648, 42.272005], [-6.696358, 42.271921], [-6.696222, 42.27189], [-6.696095, 42.271916], [-6.696007, 42.271915], [-6.695973, 42.271887], [-6.695858, 42.271847], [-6.69568, 42.271802], [-6.695465, 42.271781], [-6.695245, 42.271787], [-6.695045, 42.271794], [-6.694896, 42.271801], [-6.694785, 42.271808], [-6.694729, 42.271815], [-6.694682, 42.271832], [-6.69465, 42.271857], [-6.694631, 42.271891], [-6.694628, 42.271929], [-6.69459, 42.271986], [-6.694525, 42.272052], [-6.694426, 42.272134], [-6.694308, 42.272218], [-6.694196, 42.272317], [-6.694106, 42.272413], [-6.694031, 42.272517], [-6.693983, 42.272611], [-6.69394, 42.272711], [-6.693909, 42.272802], [-6.693888, 42.27289], [-6.693879, 42.272962], [-6.693834, 42.273039], [-6.693759, 42.273108], [-6.693648, 42.273176], [-6.693518, 42.273231], [-6.693351, 42.273289], [-6.693174, 42.273338], [-6.692971, 42.273385], [-6.692773, 42.273421], [-6.692587, 42.273434], [-6.692441, 42.273422], [-6.692324, 42.273383], [-6.692253, 42.273324], [-6.692204, 42.273237], [-6.692185, 42.273136], [-6.692193, 42.273011], [-6.692227, 42.272882], [-6.692286, 42.272747], [-6.69236, 42.272628], [-6.692456, 42.272514], [-6.69256, 42.272423], [-6.692663, 42.27232], [-6.69275, 42.272222], [-6.692829, 42.27212], [-6.692886, 42.27203], [-6.692934, 42.271952], [-6.692965, 42.271896], [-6.692981, 42.271858], [-6.692979, 42.271845], [-6.692922, 42.271814], [-6.692819, 42.271769], [-6.692661, 42.271707], [-6.692472, 42.271637], [-6.692208, 42.27153], [-6.691912, 42.271402], [-6.691557, 42.271244], [-6.691199, 42.271078], [-6.690833, 42.270912], [-6.690516, 42.270771], [-6.69022, 42.270643], [-6.689993, 42.270548], [-6.689626, 42.27036], [-6.689176, 42.270108], [-6.688605, 42.269771], [-6.688002, 42.2694], [-6.687465, 42.269088], [-6.687077, 42.268881], [-6.686805, 42.268762], [-6.68669, 42.268751], [-6.686492, 42.268706], [-6.686239, 42.268634], [-6.685911, 42.268531], [-6.685559, 42.26841], [-6.685265, 42.268274], [-6.685074, 42.268142], [-6.68497, 42.268004], [-6.68497, 42.267881], [-6.68499, 42.267754], [-6.685026, 42.267642], [-6.685081, 42.267537], [-6.685148, 42.267454], [-6.685248, 42.267356], [-6.685367, 42.267259], [-6.685514, 42.267153], [-6.685666, 42.267056], [-6.685798, 42.266936], [-6.68589, 42.266812], [-6.685949, 42.266673], [-6.685966, 42.266541], [-6.685878, 42.266411], [-6.685699, 42.266301], [-6.685415, 42.266204], [-6.685069, 42.266134], [-6.684765, 42.266026], [-6.684552, 42.265897], [-6.68441, 42.265734], [-6.684362, 42.265565], [-6.684322, 42.265423], [-6.684295, 42.265332], [-6.68428, 42.265282], [-6.684278, 42.265282], [-6.684252, 42.265281], [-6.684207, 42.265279], [-6.684137, 42.265275], [-6.684055, 42.265271], [-6.683955, 42.26526], [-6.683854, 42.265244], [-6.683742, 42.265223], [-6.683637, 42.265198], [-6.683514, 42.26518], [-6.683393, 42.265171], [-6.683262, 42.26517], [-6.683142, 42.265178], [-6.68299, 42.265195], [-6.682829, 42.265219], [-6.682646, 42.265251], [-6.682468, 42.265287], [-6.682306, 42.265321], [-6.682184, 42.265348], [-6.68205, 42.265399], [-6.681925, 42.265468], [-6.681762, 42.265491], [-6.681586, 42.265465], [-6.681376, 42.265412], [-6.681163, 42.265341], [-6.680785, 42.265202], [-6.680299, 42.265016], [-6.679958, 42.264881], [-6.679815, 42.264819], [-6.67974, 42.264783], [-6.679744, 42.26478], [-6.679811, 42.264763], [-6.679929, 42.264735], [-6.679915, 42.26464], [-6.67977, 42.264492], [-6.679679, 42.264293], [-6.679658, 42.264073], [-6.679581, 42.26387], [-6.679459, 42.263714], [-6.679416, 42.263592], [-6.679459, 42.263524], [-6.679334, 42.263376], [-6.67906, 42.263173], [-6.678863, 42.262984], [-6.678774, 42.262838], [-6.678574, 42.262824], [-6.678295, 42.262942], [-6.678175, 42.263116], [-6.678232, 42.26332], [-6.678261, 42.263447], [-6.678256, 42.263478], [-6.678247, 42.263537], [-6.678234, 42.263617], [-6.678137, 42.263752], [-6.677968, 42.263923], [-6.677692, 42.264008], [-6.677352, 42.263994], [-6.677097, 42.263894], [-6.676969, 42.263725], [-6.676865, 42.263588], [-6.676802, 42.263504], [-6.676643, 42.263318], [-6.676413, 42.263059], [-6.676279, 42.262908], [-6.676262, 42.262888], [-6.676113, 42.262708], [-6.675856, 42.262394], [-6.675866, 42.262213], [-6.676141, 42.262193], [-6.676297, 42.262144], [-6.676312, 42.262076], [-6.676353, 42.261922], [-6.676414, 42.261707], [-6.676451, 42.261515], [-6.676456, 42.261377], [-6.676371, 42.26108], [-6.676207, 42.260672], [-6.67613, 42.260168], [-6.676152, 42.259648], [-6.676387, 42.259097], [-6.676801, 42.2586], [-6.677145, 42.258324], [-6.677369, 42.258312], [-6.677512, 42.25829], [-6.677555, 42.258261], [-6.677634, 42.258209], [-6.677738, 42.258139], [-6.677827, 42.258039], [-6.677886, 42.257922], [-6.677921, 42.257779], [-6.677926, 42.257632], [-6.677933, 42.257549], [-6.677941, 42.257541], [-6.67793, 42.257522], [-6.677902, 42.257496], [-6.677885, 42.257289], [-6.677881, 42.256933], [-6.678172, 42.256488], [-6.678715, 42.256023], [-6.679106, 42.25561], [-6.679287, 42.255313], [-6.679393, 42.255148], [-6.679409, 42.255141], [-6.679437, 42.255059], [-6.679476, 42.254914], [-6.679665, 42.25474], [-6.679976, 42.254563], [-6.680311, 42.254411], [-6.680618, 42.254306], [-6.680812, 42.254254], [-6.680863, 42.254264], [-6.680972, 42.254236], [-6.681123, 42.254174], [-6.681391, 42.25411], [-6.681736, 42.254052], [-6.682164, 42.253951], [-6.682609, 42.253823], [-6.683105, 42.253643], [-6.683577, 42.25344], [-6.683857, 42.253214], [-6.683902, 42.253002], [-6.684085, 42.252783], [-6.684378, 42.25259], [-6.684721, 42.252384], [-6.685064, 42.252195], [-6.685384, 42.25204], [-6.685632, 42.251943], [-6.685849, 42.251834], [-6.686003, 42.251727], [-6.686105, 42.251615], [-6.68614, 42.251515], [-6.686107, 42.251428], [-6.686009, 42.251368], [-6.68584, 42.25133], [-6.685625, 42.251319], [-6.685423, 42.251318], [-6.685265, 42.251327], [-6.685138, 42.251348], [-6.685062, 42.251377], [-6.684944, 42.251423], [-6.684802, 42.251481], [-6.684576, 42.251633], [-6.684301, 42.251856], [-6.684011, 42.252077], [-6.683751, 42.252264], [-6.683453, 42.252362], [-6.683163, 42.252357], [-6.682856, 42.252345], [-6.682579, 42.252328], [-6.682234, 42.252378], [-6.681873, 42.25249], [-6.68154, 42.25259], [-6.681286, 42.252664], [-6.680953, 42.252774], [-6.680594, 42.252902], [-6.680295, 42.253013], [-6.680102, 42.25309], [-6.679977, 42.253131], [-6.679939, 42.253132], [-6.679747, 42.253035], [-6.679432, 42.252857], [-6.679132, 42.25281], [-6.678894, 42.252904], [-6.678557, 42.253143], [-6.678175, 42.253493], [-6.677953, 42.253695], [-6.677925, 42.25372], [-6.677831, 42.253803], [-6.677686, 42.253932], [-6.677317, 42.254176], [-6.676782, 42.254497], [-6.676423, 42.254702], [-6.676295, 42.254759], [-6.675977, 42.254832], [-6.675517, 42.254909], [-6.675153, 42.254904], [-6.674941, 42.254818], [-6.674706, 42.254722], [-6.674483, 42.254632], [-6.674098, 42.254521], [-6.673608, 42.254407], [-6.673059, 42.254307], [-6.672533, 42.254234], [-6.672212, 42.254306], [-6.672145, 42.25451], [-6.67209, 42.254628], [-6.672056, 42.254642], [-6.671921, 42.254676], [-6.671706, 42.254724], [-6.671425, 42.254779], [-6.671121, 42.254829], [-6.670827, 42.254837], [-6.670588, 42.254801], [-6.670382, 42.254717], [-6.670243, 42.2546], [-6.670119, 42.254429], [-6.670029, 42.254232], [-6.669966, 42.253991], [-6.669938, 42.253745], [-6.669924, 42.253448], [-6.669925, 42.253146], [-6.669941, 42.252815], [-6.66997, 42.252504], [-6.669978, 42.252165], [-6.669963, 42.251848], [-6.669925, 42.251529], [-6.669869, 42.251256], [-6.669849, 42.250962], [-6.669868, 42.250693], [-6.669927, 42.250425], [-6.670017, 42.2502], [-6.670087, 42.249973], [-6.670126, 42.249779], [-6.670137, 42.249603], [-6.670118, 42.24947], [-6.670137, 42.249334], [-6.670193, 42.249215], [-6.670289, 42.249102], [-6.67041, 42.249014], [-6.670549, 42.248902], [-6.670685, 42.248784], [-6.670827, 42.24865], [-6.670955, 42.24852], [-6.671052, 42.248358], [-6.671103, 42.248188], [-6.671113, 42.247996], [-6.671079, 42.247812], [-6.671044, 42.247651], [-6.671012, 42.247538], [-6.671058, 42.247415], [-6.671175, 42.2473], [-6.671333, 42.247068], [-6.671509, 42.246753], [-6.671683, 42.246492], [-6.671829, 42.246326], [-6.672012, 42.246237], [-6.672205, 42.24624], [-6.672532, 42.246243], [-6.672942, 42.246246], [-6.673296, 42.246254], [-6.67354, 42.246267], [-6.673943, 42.24617], [-6.674442, 42.24598], [-6.674729, 42.245796], [-6.67476, 42.245649], [-6.674498, 42.245644], [-6.673984, 42.245784], [-6.673608, 42.245837], [-6.673428, 42.245796], [-6.673133, 42.24572], [-6.672768, 42.245621], [-6.672451, 42.24551], [-6.672228, 42.245405], [-6.672062, 42.24523], [-6.671977, 42.245013], [-6.671912, 42.244831], [-6.671879, 42.244712], [-6.671949, 42.244545], [-6.672112, 42.244358], [-6.67209, 42.244139], [-6.671885, 42.243924], [-6.671726, 42.243729], [-6.671637, 42.243584], [-6.671396, 42.243547], [-6.671042, 42.243625], [-6.670807, 42.243644], [-6.670727, 42.243601], [-6.670579, 42.243526], [-6.670386, 42.243429], [-6.670255, 42.243369], [-6.670205, 42.243355], [-6.670115, 42.243331], [-6.669999, 42.243301], [-6.669847, 42.243263], [-6.669682, 42.243223], [-6.669466, 42.243163], [-6.66923, 42.243092], [-6.668956, 42.243004], [-6.668686, 42.242913], [-6.668435, 42.242749], [-6.668242, 42.242536], [-6.668092, 42.242256], [-6.668006, 42.241953], [-6.667997, 42.24165], [-6.668065, 42.241393], [-6.668217, 42.241161], [-6.668429, 42.240989], [-6.668646, 42.240796], [-6.668834, 42.240611], [-6.669009, 42.240419], [-6.669145, 42.240249], [-6.669317, 42.24006], [-6.669499, 42.239882], [-6.669706, 42.2397], [-6.669906, 42.239542], [-6.670111, 42.239387], [-6.67029, 42.239259], [-6.670458, 42.239147], [-6.670589, 42.239068], [-6.670724, 42.238998], [-6.670843, 42.238948], [-6.670954, 42.238912], [-6.671042, 42.238898], [-6.671113, 42.238863], [-6.671157, 42.238812], [-6.671177, 42.238743], [-6.67117, 42.238664], [-6.671135, 42.238574], [-6.671077, 42.238486], [-6.670991, 42.238392], [-6.670891, 42.238306], [-6.670798, 42.23822], [-6.670727, 42.238146], [-6.670673, 42.238078], [-6.670643, 42.238026], [-6.670636, 42.237983], [-6.670652, 42.237956], [-6.670801, 42.237967], [-6.67106, 42.238014], [-6.671256, 42.238146], [-6.671359, 42.238343], [-6.671476, 42.238342], [-6.671589, 42.238145], [-6.671626, 42.237907], [-6.671582, 42.237665], [-6.67174, 42.237485], [-6.672074, 42.237393], [-6.672001, 42.23727], [-6.67153, 42.237135], [-6.67123, 42.237071], [-6.671148, 42.237088], [-6.671066, 42.237084], [-6.670996, 42.237058], [-6.6709, 42.237031], [-6.670794, 42.237006], [-6.670676, 42.236984], [-6.670564, 42.236969], [-6.670506, 42.23692], [-6.67051, 42.236846], [-6.670576, 42.23674], [-6.670695, 42.236618], [-6.670816, 42.236516], [-6.670922, 42.236449], [-6.67102, 42.236412], [-6.671096, 42.23641], [-6.671233, 42.23638], [-6.671408, 42.236327], [-6.671637, 42.236244], [-6.671885, 42.236146], [-6.672078, 42.236033], [-6.672188, 42.235922], [-6.672223, 42.235805], [-6.672178, 42.2357], [-6.672129, 42.235603], [-6.672084, 42.235531], [-6.672038, 42.235477], [-6.672, 42.235449], [-6.671945, 42.23544], [-6.671882, 42.235451], [-6.671805, 42.235482], [-6.671726, 42.235529], [-6.671611, 42.235584], [-6.671477, 42.235637], [-6.671313, 42.235693], [-6.671144, 42.235744], [-6.670988, 42.235783], [-6.670869, 42.235803], [-6.670778, 42.235806], [-6.670728, 42.235791], [-6.67075, 42.235719], [-6.67084, 42.235599], [-6.671007, 42.235423], [-6.671224, 42.235216], [-6.6714, 42.235025], [-6.671508, 42.234878], [-6.671556, 42.234763], [-6.671538, 42.234698], [-6.67146, 42.234611], [-6.671333, 42.234516], [-6.671149, 42.234404], [-6.670934, 42.234293], [-6.670733, 42.23414], [-6.670577, 42.23397], [-6.670453, 42.233768], [-6.670381, 42.233564], [-6.67029, 42.233383], [-6.670195, 42.233252], [-6.670088, 42.233159], [-6.669985, 42.23312], [-6.669836, 42.233151], [-6.669664, 42.233247], [-6.669455, 42.233417], [-6.669241, 42.233634], [-6.669114, 42.233777], [-6.669093, 42.233824], [-6.669125, 42.233924], [-6.669204, 42.234061], [-6.669205, 42.234172], [-6.669128, 42.234238], [-6.669132, 42.234392], [-6.669217, 42.234609], [-6.669272, 42.234851], [-6.669289, 42.23508], [-6.669257, 42.235384], [-6.669183, 42.235717], [-6.669163, 42.235972], [-6.669202, 42.236108], [-6.669059, 42.236247], [-6.668756, 42.236369], [-6.668592, 42.236435], [-6.668592, 42.236434], [-6.668524, 42.236378], [-6.668399, 42.236275], [-6.668247, 42.236243], [-6.668091, 42.236287], [-6.66795, 42.236388], [-6.667846, 42.23653], [-6.667797, 42.23666], [-6.667811, 42.236758], [-6.667825, 42.236852], [-6.667836, 42.236928], [-6.667781, 42.237124], [-6.667669, 42.23741], [-6.667491, 42.237749], [-6.667274, 42.238088], [-6.66695, 42.238382], [-6.666568, 42.238585], [-6.66625, 42.238824], [-6.666044, 42.23906], [-6.665798, 42.239271], [-6.665551, 42.239423], [-6.665326, 42.239477], [-6.665159, 42.239426], [-6.664949, 42.239358], [-6.66473, 42.239285], [-6.664482, 42.239199], [-6.664244, 42.239114], [-6.663952, 42.239062], [-6.66365, 42.239051], [-6.663314, 42.23908], [-6.662996, 42.239145], [-6.662724, 42.23924], [-6.66254, 42.239351], [-6.662428, 42.239486], [-6.662406, 42.239626], [-6.662398, 42.239738], [-6.662405, 42.239806], [-6.662467, 42.239882], [-6.662574, 42.239956], [-6.662694, 42.240033], [-6.66281, 42.240103], [-6.662899, 42.240281], [-6.662948, 42.24054], [-6.662907, 42.240724], [-6.662783, 42.240806], [-6.662684, 42.240871], [-6.662626, 42.240909], [-6.662261, 42.240812], [-6.661647, 42.240594], [-6.661257, 42.240553], [-6.661153, 42.240695], [-6.661027, 42.240803], [-6.660899, 42.24086], [-6.661087, 42.241157], [-6.661562, 42.241647], [-6.661716, 42.241968], [-6.661524, 42.24207], [-6.661354, 42.242113], [-6.661232, 42.242089], [-6.661053, 42.242119], [-6.660845, 42.242196], [-6.660563, 42.24231], [-6.66025, 42.242443], [-6.659881, 42.242607], [-6.659511, 42.242775], [-6.659158, 42.242964], [-6.658874, 42.243144], [-6.658636, 42.24333], [-6.658481, 42.243495], [-6.658343, 42.243661], [-6.658244, 42.243805], [-6.658174, 42.243937], [-6.658145, 42.244038], [-6.658087, 42.244199], [-6.658011, 42.244397], [-6.657932, 42.24459], [-6.657864, 42.244749], [-6.657785, 42.244864], [-6.657706, 42.244918], [-6.657432, 42.245175], [-6.657005, 42.245597], [-6.656593, 42.245895], [-6.656259, 42.246024], [-6.655805, 42.246174], [-6.655301, 42.246323], [-6.654858, 42.246444], [-6.654545, 42.246519], [-6.654335, 42.246556], [-6.65426, 42.246547], [-6.654107, 42.246486], [-6.653899, 42.246382], [-6.653619, 42.246228], [-6.653309, 42.246045], [-6.65298, 42.245914], [-6.652683, 42.245854], [-6.652393, 42.245861], [-6.652154, 42.245933], [-6.651838, 42.246159], [-6.651492, 42.246505], [-6.651147, 42.246915], [-6.650857, 42.247326], [-6.65022, 42.247622], [-6.649335, 42.247759], [-6.649168, 42.247997], [-6.649746, 42.248302], [-6.649965, 42.248602], [-6.649791, 42.248853], [-6.649543, 42.249217], [-6.649259, 42.249637], [-6.648988, 42.249971], [-6.648773, 42.250168], [-6.648649, 42.250354], [-6.648635, 42.250501], [-6.648513, 42.250599], [-6.648302, 42.250634], [-6.647978, 42.250689], [-6.647592, 42.250753], [-6.647156, 42.250817], [-6.646738, 42.250869], [-6.646621, 42.251009], [-6.646824, 42.251217], [-6.646911, 42.251342], [-6.646866, 42.251367], [-6.64677, 42.251426], [-6.646637, 42.25151], [-6.646511, 42.25159], [-6.646412, 42.251652], [-6.646331, 42.251703], [-6.646282, 42.251735], [-6.646162, 42.251796], [-6.645989, 42.251878], [-6.645751, 42.251986], [-6.645483, 42.252106], [-6.645159, 42.252182], [-6.64483, 42.252202], [-6.644469, 42.252169], [-6.644129, 42.252087], [-6.643793, 42.251994], [-6.64351, 42.251903], [-6.643258, 42.251806], [-6.643076, 42.25172], [-6.642815, 42.251631], [-6.642517, 42.251553], [-6.642179, 42.251483], [-6.641856, 42.251432], [-6.64138, 42.251515], [-6.640827, 42.251718], [-6.639945, 42.251624], [-6.638871, 42.251248], [-6.638309, 42.251115], [-6.638345, 42.251245], [-6.638317, 42.251289], [-6.638229, 42.25124], [-6.638168, 42.251352], [-6.638143, 42.251605], [-6.638249, 42.251838], [-6.63847, 42.252015], [-6.638609, 42.25218], [-6.638645, 42.25231], [-6.638703, 42.252637], [-6.638774, 42.253111], [-6.638714, 42.253375], [-6.638531, 42.25339], [-6.638438, 42.253407], [-6.638449, 42.253423], [-6.638401, 42.253519], [-6.638302, 42.253678], [-6.637968, 42.253878], [-6.63745, 42.25409], [-6.637213, 42.254313], [-6.637293, 42.254513], [-6.637302, 42.254637], [-6.637238, 42.254666], [-6.637117, 42.254744], [-6.636957, 42.25486], [-6.636774, 42.254996], [-6.636596, 42.255133], [-6.636533, 42.255327], [-6.636595, 42.255548], [-6.63642, 42.255664], [-6.636033, 42.255658], [-6.635709, 42.255712], [-6.635499, 42.255818], [-6.635312, 42.255849], [-6.635178, 42.255801], [-6.63498, 42.255699], [-6.634748, 42.255559], [-6.634496, 42.255439], [-6.634261, 42.255356], [-6.63413, 42.255311], [-6.634125, 42.255309], [-6.633926, 42.25535], [-6.633563, 42.255429], [-6.633363, 42.255597], [-6.633356, 42.25583], [-6.633498, 42.256009], [-6.633766, 42.256107], [-6.634184, 42.256162], [-6.634687, 42.256166], [-6.634962, 42.256169], [-6.634964, 42.256169], [-6.635104, 42.256242], [-6.635358, 42.256378], [-6.635489, 42.256463], [-6.635476, 42.256486], [-6.635415, 42.256593], [-6.635315, 42.256767], [-6.635004, 42.256909], [-6.63453, 42.256996], [-6.634265, 42.257038], [-6.634252, 42.257029], [-6.633705, 42.256851], [-6.632709, 42.256531], [-6.631828, 42.255927], [-6.631198, 42.25513], [-6.630838, 42.254313], [-6.630804, 42.253602], [-6.630691, 42.253205], [-6.630518, 42.253183], [-6.630456, 42.253014], [-6.630513, 42.252723], [-6.630471, 42.252491], [-6.630336, 42.252353], [-6.63019, 42.252242], [-6.630054, 42.252173], [-6.62997, 42.251965], [-6.629949, 42.25165], [-6.630062, 42.25141], [-6.630291, 42.251283], [-6.630401, 42.251148], [-6.630376, 42.251026], [-6.630342, 42.250858], [-6.630304, 42.25067], [-6.630389, 42.250435], [-6.630584, 42.250188], [-6.630659, 42.249992], [-6.630603, 42.249877], [-6.630556, 42.249804], [-6.630527, 42.249784], [-6.630414, 42.249707], [-6.630235, 42.249583], [-6.630041, 42.249638], [-6.629864, 42.249864], [-6.629622, 42.250068], [-6.629352, 42.25022], [-6.629222, 42.250175], [-6.629252, 42.249938], [-6.6293, 42.249785], [-6.629359, 42.24974], [-6.62949, 42.249602], [-6.629672, 42.249394], [-6.629757, 42.249186], [-6.629732, 42.249012], [-6.629831, 42.248764], [-6.63004, 42.24848], [-6.630343, 42.248121], [-6.630693, 42.247741], [-6.631071, 42.247601], [-6.631417, 42.247721], [-6.631689, 42.247763], [-6.631845, 42.247719], [-6.632131, 42.247671], [-6.632504, 42.247626], [-6.633027, 42.24733], [-6.633621, 42.246828], [-6.633911, 42.246423], [-6.633852, 42.246176], [-6.63388, 42.246003], [-6.633992, 42.24593], [-6.634091, 42.245866], [-6.634162, 42.245819], [-6.634295, 42.24571], [-6.634468, 42.245557], [-6.634326, 42.245445], [-6.63389, 42.245393], [-6.63362, 42.245361], [-6.633558, 42.245354], [-6.633162, 42.245266], [-6.632493, 42.24511], [-6.63223, 42.244961], [-6.632413, 42.244842], [-6.632561, 42.244765], [-6.632653, 42.244743], [-6.633043, 42.244649], [-6.633672, 42.244497], [-6.633908, 42.244365], [-6.633714, 42.244272], [-6.633388, 42.244259], [-6.63298, 42.244327], [-6.632756, 42.244365], [-6.63275, 42.244366], [-6.632719, 42.244313], [-6.632667, 42.244215], [-6.632736, 42.244146], [-6.632915, 42.244116], [-6.633064, 42.244091], [-6.633161, 42.244075], [-6.633372, 42.243981], [-6.633665, 42.243826], [-6.633646, 42.243713], [-6.633319, 42.243661], [-6.633074, 42.24366], [-6.632948, 42.243712], [-6.632633, 42.243842], [-6.632177, 42.24403], [-6.631777, 42.243868], [-6.631496, 42.243381], [-6.631365, 42.243033], [-6.631406, 42.242879], [-6.631475, 42.242617], [-6.631563, 42.242286], [-6.631773, 42.241945], [-6.632074, 42.241645], [-6.631891, 42.241598], [-6.631254, 42.241812], [-6.63088, 42.242106], [-6.630829, 42.242435], [-6.630393, 42.24274], [-6.629641, 42.242972], [-6.629252, 42.24315], [-6.629286, 42.243245], [-6.629348, 42.243418], [-6.629428, 42.243642], [-6.629334, 42.243787], [-6.629081, 42.243829], [-6.628894, 42.243764], [-6.6288, 42.243601], [-6.628371, 42.243605], [-6.627674, 42.243776], [-6.627219, 42.243787], [-6.627078, 42.243639], [-6.626651, 42.24351], [-6.626003, 42.243421], [-6.625627, 42.243703], [-6.62558, 42.244312], [-6.625047, 42.244464], [-6.624111, 42.244135], [-6.623823, 42.243769], [-6.624225, 42.243424], [-6.624002, 42.243111], [-6.623186, 42.242877], [-6.622463, 42.242471], [-6.621944, 42.241957], [-6.621648, 42.241505], [-6.62162, 42.241185], [-6.621335, 42.240895], [-6.620837, 42.240677], [-6.620295, 42.240254], [-6.619793, 42.23969], [-6.620001, 42.239467], [-6.620887, 42.23962], [-6.621307, 42.23955], [-6.621197, 42.239267], [-6.621364, 42.239139], [-6.621783, 42.239185], [-6.622166, 42.239284], [-6.622454, 42.239421], [-6.622823, 42.239409], [-6.623216, 42.239251], [-6.623303, 42.238961], [-6.623072, 42.238583], [-6.623379, 42.238168], [-6.624175, 42.23778], [-6.624396, 42.237481], [-6.624005, 42.237314], [-6.623673, 42.237094], [-6.623449, 42.236854], [-6.622979, 42.236807], [-6.622335, 42.236961], [-6.621678, 42.23667], [-6.621109, 42.235978], [-6.620892, 42.235325], [-6.62106, 42.234811], [-6.621263, 42.234452], [-6.62147, 42.234301], [-6.621701, 42.234037], [-6.621918, 42.2337], [-6.622548, 42.233595], [-6.623494, 42.233737], [-6.624435, 42.233894], [-6.625225, 42.234039], [-6.62581, 42.233954], [-6.6261, 42.233651], [-6.626226, 42.233379], [-6.62617, 42.23318], [-6.626269, 42.23275], [-6.626508, 42.232155], [-6.626392, 42.231623], [-6.62594, 42.231236], [-6.625987, 42.230802], [-6.626526, 42.230388], [-6.62735, 42.229648], [-6.628332, 42.228697], [-6.628999, 42.227821], [-6.629249, 42.227155], [-6.629643, 42.225547], [-6.63012, 42.223247], [-6.630827, 42.22185], [-6.631655, 42.221573], [-6.632207, 42.221192], [-6.6324, 42.220766], [-6.632174, 42.220504], [-6.631563, 42.220444], [-6.630938, 42.220323], [-6.630392, 42.220159], [-6.630076, 42.219937], [-6.630037, 42.219689], [-6.62989, 42.219525], [-6.629656, 42.219472], [-6.629483, 42.219639], [-6.629398, 42.22], [-6.62919, 42.220223], [-6.628891, 42.220273], [-6.628584, 42.220324], [-6.628316, 42.220369], [-6.628196, 42.220063], [-6.628243, 42.219453], [-6.628339, 42.219011], [-6.628468, 42.218805], [-6.628238, 42.218467], [-6.627684, 42.218051], [-6.627395, 42.217623], [-6.627415, 42.217249], [-6.627522, 42.216968], [-6.627699, 42.216823], [-6.627735, 42.216529], [-6.627623, 42.216131], [-6.627693, 42.215956], [-6.627932, 42.216032], [-6.628317, 42.216018], [-6.628788, 42.215916], [-6.629171, 42.216015], [-6.629407, 42.216299], [-6.629485, 42.216637], [-6.629393, 42.216976], [-6.629585, 42.217358], [-6.630031, 42.217723], [-6.630503, 42.217957], [-6.630928, 42.218025], [-6.631291, 42.218353], [-6.631535, 42.21889], [-6.631749, 42.21893], [-6.6319, 42.218465], [-6.632109, 42.218367], [-6.632345, 42.218652], [-6.632794, 42.218865], [-6.633387, 42.218974], [-6.633813, 42.218928], [-6.634008, 42.218733], [-6.633894, 42.218627], [-6.633488, 42.218625], [-6.633241, 42.218529], [-6.633191, 42.218352], [-6.632946, 42.218142], [-6.632543, 42.217932], [-6.63235, 42.217664], [-6.632394, 42.217379], [-6.632459, 42.217067], [-6.632534, 42.216777], [-6.632482, 42.216472], [-6.632312, 42.2162], [-6.632358, 42.216004], [-6.632614, 42.215915], [-6.632874, 42.21606], [-6.633099, 42.216415], [-6.633335, 42.216652], [-6.633545, 42.216732], [-6.63347, 42.217008], [-6.633122, 42.217436], [-6.633245, 42.217754], [-6.633821, 42.217912], [-6.634466, 42.218042], [-6.635082, 42.218124], [-6.635468, 42.218215], [-6.635564, 42.2183], [-6.635767, 42.218479], [-6.636045, 42.218725], [-6.63643, 42.218969], [-6.636862, 42.219174], [-6.637171, 42.219311], [-6.637309, 42.219357], [-6.637522, 42.219572], [-6.637776, 42.219923], [-6.638026, 42.22027], [-6.638232, 42.220559], [-6.638162, 42.220972], [-6.637827, 42.221444], [-6.6375, 42.221725], [-6.637232, 42.22177], [-6.636825, 42.221888], [-6.636343, 42.222061], [-6.636089, 42.222241], [-6.636103, 42.222401], [-6.636208, 42.222596], [-6.63639, 42.222797], [-6.636421, 42.22291], [-6.636298, 42.222918], [-6.636181, 42.222925], [-6.63609, 42.22293], [-6.635996, 42.223016], [-6.635914, 42.223168], [-6.635826, 42.223396], [-6.635745, 42.223664], [-6.635997, 42.223898], [-6.636542, 42.224061], [-6.63703, 42.224293], [-6.637386, 42.224557], [-6.637589, 42.224695], [-6.637609, 42.224684], [-6.638037, 42.224462], [-6.638807, 42.224063], [-6.639058, 42.223736], [-6.638751, 42.223533], [-6.63859, 42.223259], [-6.638599, 42.222957], [-6.638905, 42.222906], [-6.639463, 42.223113], [-6.640045, 42.223617], [-6.640561, 42.224341], [-6.641244, 42.224665], [-6.64199, 42.22454], [-6.642561, 42.224407], [-6.642871, 42.224286], [-6.64301, 42.224], [-6.642958, 42.223592], [-6.643289, 42.223386], [-6.643952, 42.223414], [-6.644312, 42.223191], [-6.644313, 42.222751], [-6.643992, 42.222328], [-6.643396, 42.221988], [-6.64329, 42.22173], [-6.643689, 42.221594], [-6.643897, 42.221371], [-6.643882, 42.221096], [-6.643736, 42.22082], [-6.643483, 42.220585], [-6.643037, 42.220383], [-6.642468, 42.220247], [-6.642062, 42.220127], [-6.641882, 42.220042], [-6.641871, 42.219881], [-6.64203, 42.219669], [-6.642108, 42.219468], [-6.642095, 42.219308], [-6.642228, 42.219123], [-6.642489, 42.21894], [-6.642793, 42.218877], [-6.643092, 42.218943], [-6.643524, 42.219096], [-6.644023, 42.219313], [-6.644596, 42.219606], [-6.645155, 42.219929], [-6.64568, 42.220292], [-6.64609, 42.22064], [-6.646457, 42.221042], [-6.646724, 42.221437], [-6.647159, 42.22184], [-6.647695, 42.22219], [-6.647965, 42.22207], [-6.647929, 42.221498], [-6.647887, 42.220865], [-6.647844, 42.220271], [-6.647829, 42.219797], [-6.647844, 42.219517], [-6.647869, 42.219205], [-6.647901, 42.21891], [-6.64792, 42.218739], [-6.647922, 42.218716], [-6.647835, 42.218671], [-6.647671, 42.21861], [-6.64741, 42.218567], [-6.647093, 42.218549], [-6.646693, 42.218423], [-6.646272, 42.218208], [-6.645776, 42.217973], [-6.645281, 42.217753], [-6.644654, 42.217607], [-6.643991, 42.217557], [-6.643399, 42.217444], [-6.64297, 42.217284], [-6.642528, 42.217194], [-6.642141, 42.217188], [-6.641543, 42.217191], [-6.640826, 42.217205], [-6.640257, 42.217126], [-6.639924, 42.216968], [-6.63948, 42.216917], [-6.638993, 42.216981], [-6.638551, 42.216939], [-6.638223, 42.216798], [-6.637828, 42.21669], [-6.637427, 42.216632], [-6.637162, 42.216571], [-6.637074, 42.216514], [-6.636885, 42.216488], [-6.636623, 42.216496], [-6.636281, 42.216438], [-6.635911, 42.216321], [-6.635425, 42.216074], [-6.634897, 42.215735], [-6.634603, 42.215292], [-6.634589, 42.214814], [-6.634856, 42.214885], [-6.635364, 42.215495], [-6.635755, 42.215863], [-6.635967, 42.215935], [-6.636459, 42.216017], [-6.637154, 42.216096], [-6.637716, 42.216243], [-6.638059, 42.216435], [-6.638414, 42.21654], [-6.638727, 42.216541], [-6.639333, 42.216613], [-6.64014, 42.216746], [-6.640913, 42.216809], [-6.641534, 42.216794], [-6.642222, 42.216834], [-6.642871, 42.216921], [-6.64366, 42.21704], [-6.644466, 42.217172], [-6.645063, 42.217304], [-6.645359, 42.217414], [-6.645913, 42.217669], [-6.646639, 42.218029], [-6.647282, 42.218238], [-6.647744, 42.218265], [-6.648002, 42.218241], [-6.648017, 42.21817], [-6.648403, 42.21803], [-6.6491, 42.217844], [-6.649513, 42.217726], [-6.649578, 42.217692], [-6.649709, 42.217626], [-6.649884, 42.217538], [-6.650088, 42.217434], [-6.650288, 42.217333], [-6.65041, 42.217269], [-6.650433, 42.217254], [-6.650453, 42.217224], [-6.650467, 42.217186], [-6.650465, 42.217122], [-6.65045, 42.217042], [-6.650418, 42.216939], [-6.650375, 42.216829], [-6.650316, 42.21671], [-6.650252, 42.216598], [-6.650177, 42.216487], [-6.650101, 42.216391], [-6.650106, 42.216274], [-6.65019, 42.216153], [-6.650361, 42.216017], [-6.650592, 42.215889], [-6.650884, 42.215728], [-6.651191, 42.215559], [-6.651541, 42.215369], [-6.651878, 42.215187], [-6.652259, 42.214983], [-6.652626, 42.21479], [-6.653008, 42.214592], [-6.653348, 42.214418], [-6.653724, 42.214249], [-6.65408, 42.214111], [-6.654445, 42.213993], [-6.654762, 42.213913], [-6.655153, 42.213823], [-6.655556, 42.213736], [-6.656005, 42.213645], [-6.656431, 42.213565], [-6.656973, 42.213485], [-6.657546, 42.213418], [-6.658198, 42.213359], [-6.65883, 42.213316], [-6.659555, 42.213271], [-6.660263, 42.213231], [-6.660676, 42.213316], [-6.660732, 42.213515], [-6.661251, 42.213488], [-6.662154, 42.213241], [-6.662756, 42.213101], [-6.662964, 42.213091], [-6.663374, 42.213065], [-6.663923, 42.213029], [-6.664232, 42.213], [-6.664253, 42.212982], [-6.664339, 42.212957], [-6.664476, 42.212928], [-6.664677, 42.212894], [-6.66491, 42.212859], [-6.665418, 42.212816], [-6.666123, 42.212771], [-6.666766, 42.212735], [-6.667249, 42.212714], [-6.667983, 42.212459], [-6.668854, 42.212009], [-6.669972, 42.21142], [-6.671166, 42.21078], [-6.672602, 42.210175], [-6.67406, 42.2097], [-6.675425, 42.20932], [-6.676486, 42.209096], [-6.677367, 42.208622], [-6.677933, 42.207972], [-6.678265, 42.207584], [-6.678311, 42.207517], [-6.678252, 42.207408], [-6.678097, 42.207273], [-6.678253, 42.206781], [-6.678695, 42.206008], [-6.679114, 42.205655], [-6.679446, 42.205778], [-6.67975, 42.205542], [-6.67998, 42.204984], [-6.680191, 42.204472], [-6.680351, 42.204086], [-6.681011, 42.203454], [-6.682071, 42.202675], [-6.683372, 42.20183], [-6.684713, 42.201049], [-6.686408, 42.200163], [-6.688196, 42.199307], [-6.689535, 42.198719], [-6.690219, 42.198488], [-6.690815, 42.197962], [-6.69123, 42.197221], [-6.691674, 42.196395], [-6.692077, 42.19561], [-6.692402, 42.194427], [-6.692601, 42.193028], [-6.692663, 42.19199], [-6.69258, 42.191472], [-6.692838, 42.190827], [-6.693397, 42.190154], [-6.693823, 42.189744], [-6.694048, 42.18966], [-6.69442, 42.189899], [-6.69488, 42.190423], [-6.694966, 42.191148], [-6.694665, 42.191962], [-6.694504, 42.192528], [-6.694506, 42.192759], [-6.694503, 42.193048], [-6.694495, 42.19335], [-6.694194, 42.194441], [-6.693646, 42.196153], [-6.693195, 42.19737], [-6.692908, 42.197904], [-6.692637, 42.198263], [-6.692424, 42.198391], [-6.692189, 42.198518], [-6.691969, 42.198625], [-6.691849, 42.199096], [-6.691846, 42.19986], [-6.691546, 42.200475], [-6.690994, 42.200845], [-6.689744, 42.201569], [-6.687987, 42.202535], [-6.686356, 42.203047], [-6.685101, 42.203026], [-6.684414, 42.203167], [-6.684399, 42.203447], [-6.68446, 42.203699], [-6.684587, 42.203886], [-6.684702, 42.204054], [-6.684788, 42.204179], [-6.685145, 42.204571], [-6.68572, 42.205169], [-6.686332, 42.205542], [-6.686889, 42.205634], [-6.687328, 42.205573], [-6.687583, 42.205368], [-6.688077, 42.205323], [-6.688736, 42.205443], [-6.689404, 42.205594], [-6.68998, 42.205752], [-6.690724, 42.205753], [-6.691522, 42.205596], [-6.691985, 42.205317], [-6.692041, 42.204961], [-6.69215, 42.204629], [-6.692296, 42.204373], [-6.692477, 42.204055], [-6.692664, 42.203722], [-6.692621, 42.203028], [-6.692353, 42.202078], [-6.692216, 42.201544], [-6.69223, 42.201509], [-6.692322, 42.201293], [-6.692475, 42.20093], [-6.692995, 42.200722], [-6.693802, 42.200702], [-6.694253, 42.200708], [-6.694281, 42.200738], [-6.694379, 42.200847], [-6.694533, 42.201018], [-6.694878, 42.201079], [-6.695361, 42.201021], [-6.695809, 42.201109], [-6.696152, 42.201329], [-6.696387, 42.201502], [-6.696478, 42.201603], [-6.696536, 42.201869], [-6.696552, 42.202259], [-6.696728, 42.202581], [-6.697035, 42.202784], [-6.69729, 42.203029], [-6.697454, 42.203279], [-6.697732, 42.203483], [-6.69808, 42.20361], [-6.698441, 42.20375], [-6.698759, 42.203882], [-6.698868, 42.204089], [-6.698751, 42.20434], [-6.698492, 42.204559], [-6.698129, 42.204713], [-6.697855, 42.204837], [-6.69771, 42.204912], [-6.697552, 42.205178], [-6.697406, 42.205594], [-6.697329, 42.205842], [-6.697334, 42.205885], [-6.697586, 42.206192], [-6.698046, 42.206717], [-6.698277, 42.207117], [-6.698244, 42.20733], [-6.698082, 42.207596], [-6.697816, 42.207872], [-6.697876, 42.208025], [-6.698253, 42.208031], [-6.69866, 42.208038], [-6.699037, 42.208044], [-6.699255, 42.208157], [-6.699281, 42.208361], [-6.699305, 42.208746], [-6.699323, 42.209252], [-6.699447, 42.20957], [-6.699657, 42.20965], [-6.700108, 42.20975], [-6.70073, 42.209853], [-6.701937, 42.209814], [-6.703542, 42.209637], [-6.704644, 42.209765], [-6.705073, 42.210179], [-6.705431, 42.210413], [-6.705664, 42.210433], [-6.705796, 42.210491], [-6.705808, 42.210579], [-6.705823, 42.21063], [-6.705837, 42.210635], [-6.705905, 42.210655], [-6.706016, 42.210685], [-6.706086, 42.210694], [-6.706104, 42.210679], [-6.706127, 42.210681], [-6.70615, 42.2107], [-6.706176, 42.210738], [-6.7062, 42.210788], [-6.706269, 42.210859], [-6.70637, 42.21094], [-6.706514, 42.211039], [-6.706678, 42.211139], [-6.706953, 42.211326], [-6.707298, 42.211569], [-6.707742, 42.21189], [-6.708216, 42.212238], [-6.708664, 42.212575], [-6.709017, 42.212847], [-6.709306, 42.213077], [-6.709484, 42.213231], [-6.709711, 42.213424], [-6.709952, 42.213628], [-6.710226, 42.213859], [-6.710491, 42.214081], [-6.710777, 42.214259], [-6.711039, 42.214366], [-6.711299, 42.21441], [-6.711517, 42.214385], [-6.711758, 42.214355], [-6.711986, 42.214326], [-6.712219, 42.214294], [-6.712421, 42.214266], [-6.712655, 42.214231], [-6.712885, 42.214196], [-6.71313, 42.214156], [-6.713352, 42.214119], [-6.713582, 42.214105], [-6.713784, 42.214116], [-6.713976, 42.214153], [-6.714128, 42.214211], [-6.714262, 42.214236], [-6.714358, 42.214225], [-6.714495, 42.214275], [-6.714652, 42.214379], [-6.714884, 42.214449], [-6.715156, 42.214475], [-6.715438, 42.214321], [-6.715687, 42.214012], [-6.715921, 42.213732], [-6.716102, 42.213523], [-6.716265, 42.213177], [-6.716384, 42.212747], [-6.716348, 42.212431], [-6.716164, 42.212276], [-6.716032, 42.21208], [-6.715974, 42.211873], [-6.715919, 42.211625], [-6.715876, 42.211373], [-6.715843, 42.211099], [-6.715824, 42.210847], [-6.715783, 42.210563], [-6.715727, 42.210292], [-6.715651, 42.210011], [-6.715566, 42.209764], [-6.715436, 42.20946], [-6.715282, 42.209145], [-6.715091, 42.208794], [-6.714892, 42.20846], [-6.71471, 42.208106], [-6.714575, 42.207785], [-6.714474, 42.207471], [-6.714424, 42.207213], [-6.71436, 42.206927], [-6.714292, 42.206658], [-6.714215, 42.206384], [-6.71414, 42.206146], [-6.714057, 42.205899], [-6.713979, 42.20568], [-6.713899, 42.205471], [-6.71383, 42.205305], [-6.713742, 42.205153], [-6.71365, 42.205038], [-6.713546, 42.204952], [-6.713446, 42.204907], [-6.713386, 42.20485], [-6.713375, 42.20479], [-6.713414, 42.204721], [-6.713495, 42.204655], [-6.713522, 42.204528], [-6.713491, 42.20436], [-6.7134, 42.204137], [-6.713262, 42.203894], [-6.71311, 42.203663], [-6.712969, 42.203481], [-6.712825, 42.203333], [-6.712702, 42.20324], [-6.712525, 42.203101], [-6.712321, 42.202935], [-6.712072, 42.202729], [-6.711818, 42.202515], [-6.711551, 42.202274], [-6.711313, 42.202041], [-6.711084, 42.201799], [-6.710898, 42.201583], [-6.710727, 42.201361], [-6.710597, 42.201166], [-6.710497, 42.200982], [-6.710442, 42.200837], [-6.710384, 42.200698], [-6.710331, 42.200586], [-6.710278, 42.200492], [-6.710235, 42.200431], [-6.710221, 42.200361], [-6.71024, 42.200295], [-6.710293, 42.200226], [-6.710371, 42.200166], [-6.710413, 42.20001], [-6.710413, 42.199782], [-6.71037, 42.199464], [-6.71029, 42.199104], [-6.710186, 42.198749], [-6.710072, 42.198454], [-6.70994, 42.198194], [-6.709809, 42.198008], [-6.709712, 42.197891], [-6.709664, 42.197859], [-6.70959, 42.197706], [-6.709501, 42.197456], [-6.709301, 42.197201], [-6.709023, 42.196981], [-6.708664, 42.196771], [-6.70828, 42.196604], [-6.707824, 42.196568], [-6.707366, 42.19667], [-6.707072, 42.196723], [-6.706987, 42.196718], [-6.706854, 42.196686], [-6.706694, 42.196632], [-6.706545, 42.196555], [-6.70643, 42.196466], [-6.706259, 42.19631], [-6.706057, 42.196111], [-6.705808, 42.195851], [-6.70555, 42.195571], [-6.705272, 42.195301], [-6.705016, 42.195083], [-6.704763, 42.1949], [-6.704549, 42.194778], [-6.704368, 42.194667], [-6.704248, 42.194584], [-6.704178, 42.194522], [-6.704169, 42.19449], [-6.704183, 42.194436], [-6.704218, 42.194367], [-6.704277, 42.194278], [-6.704351, 42.194183], [-6.704458, 42.194044], [-6.704583, 42.193884], [-6.704735, 42.193689], [-6.704891, 42.193488], [-6.705043, 42.193271], [-6.705168, 42.19307], [-6.705277, 42.192869], [-6.705352, 42.192699], [-6.705453, 42.192519], [-6.705565, 42.192356], [-6.705696, 42.192198], [-6.705827, 42.192068], [-6.705906, 42.191982], [-6.70592, 42.191953], [-6.705928, 42.191937], [-6.705929, 42.191937], [-6.706024, 42.191901], [-6.706198, 42.191837], [-6.70642, 42.191703], [-6.706657, 42.19152], [-6.70659, 42.191395], [-6.70623, 42.191345], [-6.706014, 42.191263], [-6.705976, 42.191162], [-6.705905, 42.191061], [-6.705815, 42.190977], [-6.705685, 42.190832], [-6.705537, 42.190651], [-6.705357, 42.190416], [-6.705175, 42.190165], [-6.704974, 42.189949], [-6.704787, 42.1898], [-6.704597, 42.189708], [-6.704434, 42.189686], [-6.70425, 42.189694], [-6.704073, 42.189733], [-6.703889, 42.189805], [-6.703725, 42.189899], [-6.703593, 42.190006], [-6.703513, 42.190109], [-6.703479, 42.190217], [-6.703495, 42.190314], [-6.703536, 42.190436], [-6.703597, 42.190565], [-6.703631, 42.190637], [-6.703633, 42.19064], [-6.703775, 42.190746], [-6.704034, 42.190939], [-6.704327, 42.191259], [-6.704608, 42.191658], [-6.704549, 42.191774], [-6.704161, 42.191589], [-6.703861, 42.191434], [-6.703696, 42.191332], [-6.703549, 42.191282], [-6.703442, 42.191292], [-6.703318, 42.191277], [-6.703196, 42.191239], [-6.703032, 42.191165], [-6.702852, 42.191065], [-6.702642, 42.190931], [-6.702432, 42.190784], [-6.702196, 42.190595], [-6.70197, 42.190395], [-6.701735, 42.190167], [-6.701527, 42.189945], [-6.701356, 42.189676], [-6.701248, 42.189402], [-6.701195, 42.1891], [-6.701205, 42.188816], [-6.701181, 42.188485], [-6.701127, 42.188156], [-6.701039, 42.187802], [-6.70093, 42.187479], [-6.700843, 42.187208], [-6.700792, 42.187031], [-6.700771, 42.186934], [-6.700783, 42.186931], [-6.700842, 42.186904], [-6.700938, 42.186859], [-6.701079, 42.18679], [-6.701243, 42.186709], [-6.701368, 42.186597], [-6.701434, 42.18647], [-6.701446, 42.186319], [-6.701403, 42.186166], [-6.701351, 42.186029], [-6.701299, 42.185928], [-6.701243, 42.185855], [-6.70119, 42.185821], [-6.701062, 42.185766], [-6.70088, 42.185699], [-6.700627, 42.185613], [-6.700342, 42.185522], [-6.699905, 42.185414], [-6.699384, 42.185305], [-6.698733, 42.185186], [-6.698055, 42.185076], [-6.697365, 42.184936], [-6.69677, 42.184788], [-6.69622, 42.184619], [-6.695799, 42.184455], [-6.69542, 42.18426], [-6.695138, 42.184064], [-6.694933, 42.183852], [-6.694834, 42.183655], [-6.69475, 42.18341], [-6.694693, 42.183154], [-6.694662, 42.182989], [-6.694661, 42.182942], [-6.694735, 42.182846], [-6.694873, 42.182716], [-6.694798, 42.18244], [-6.694522, 42.182058], [-6.694261, 42.181878], [-6.694053, 42.181926], [-6.693697, 42.181891], [-6.693247, 42.181778], [-6.692787, 42.181669], [-6.692388, 42.18158], [-6.692049, 42.181512], [-6.691823, 42.181476], [-6.691471, 42.181422], [-6.691049, 42.18136], [-6.69065, 42.181303], [-6.690337, 42.181259], [-6.690158, 42.181224], [-6.690141, 42.181203], [-6.689896, 42.181095], [-6.689462, 42.180919], [-6.688973, 42.180798], [-6.688503, 42.180752], [-6.688074, 42.180661], [-6.68775, 42.180537], [-6.687393, 42.180423], [-6.687056, 42.180337], [-6.686826, 42.180314], [-6.686738, 42.180357], [-6.68656, 42.180334], [-6.686319, 42.180248], [-6.686033, 42.180147], [-6.685748, 42.180047], [-6.685434, 42.179988], [-6.685142, 42.179981], [-6.684664, 42.179905], [-6.684074, 42.179772], [-6.683848, 42.179654], [-6.684022, 42.179567], [-6.683966, 42.179479], [-6.683687, 42.179404], [-6.683323, 42.179314], [-6.682929, 42.179223], [-6.68269, 42.179187], [-6.682644, 42.17921], [-6.682563, 42.179348], [-6.68246, 42.179579], [-6.682281, 42.179638], [-6.682054, 42.179516], [-6.68194, 42.179342], [-6.681957, 42.179144], [-6.681967, 42.179029], [-6.681969, 42.179017], [-6.68199, 42.178907], [-6.682027, 42.178717], [-6.681905, 42.178619], [-6.681643, 42.178627], [-6.681367, 42.178678], [-6.68112, 42.178765], [-6.680982, 42.178811], [-6.680973, 42.17881], [-6.680685, 42.178761], [-6.68016, 42.178674], [-6.67979, 42.178596], [-6.67963, 42.17854], [-6.679667, 42.178501], [-6.679896, 42.178485], [-6.680147, 42.178426], [-6.680383, 42.178333], [-6.680622, 42.178199], [-6.680829, 42.178043], [-6.68093, 42.177897], [-6.680909, 42.177782], [-6.680766, 42.17769], [-6.680521, 42.177634], [-6.680231, 42.177576], [-6.67994, 42.177524], [-6.679622, 42.177475], [-6.679328, 42.177435], [-6.679042, 42.177393], [-6.678807, 42.177353], [-6.678603, 42.177314], [-6.678463, 42.177281], [-6.678231, 42.177195], [-6.677942, 42.177069], [-6.677572, 42.176892], [-6.677178, 42.176691], [-6.676712, 42.176445], [-6.676246, 42.176191], [-6.67574, 42.175908], [-6.675273, 42.17564], [-6.674953, 42.175444], [-6.674831, 42.17535], [-6.674708, 42.175292], [-6.674604, 42.175278], [-6.674327, 42.175182], [-6.673921, 42.175018], [-6.673876, 42.174844], [-6.674198, 42.174687], [-6.674359, 42.17455], [-6.674332, 42.174454], [-6.674247, 42.174312], [-6.674118, 42.174146], [-6.673935, 42.173948], [-6.673726, 42.173749], [-6.673471, 42.173613], [-6.673209, 42.173561], [-6.672918, 42.173588], [-6.672642, 42.173691], [-6.672376, 42.173787], [-6.672162, 42.173863], [-6.67198, 42.173923], [-6.67186, 42.17396], [-6.671702, 42.173957], [-6.671531, 42.173916], [-6.671333, 42.173832], [-6.671138, 42.17372], [-6.670924, 42.173592], [-6.670725, 42.173468], [-6.670522, 42.173338], [-6.670348, 42.173222], [-6.670066, 42.17306], [-6.66972, 42.172878], [-6.669281, 42.17266], [-6.668816, 42.172439], [-6.668358, 42.172198], [-6.667976, 42.171973], [-6.66764, 42.171747], [-6.6674, 42.171553], [-6.667135, 42.171331], [-6.666886, 42.171115], [-6.666631, 42.170886], [-6.66641, 42.170681], [-6.666188, 42.170479], [-6.665999, 42.170309], [-6.665827, 42.170159], [-6.665699, 42.170052], [-6.665684, 42.169996], [-6.665786, 42.170001], [-6.666012, 42.170066], [-6.666328, 42.170183], [-6.666608, 42.170273], [-6.666811, 42.170322], [-6.666952, 42.170334], [-6.66701, 42.170309], [-6.667037, 42.170245], [-6.667029, 42.170155], [-6.666986, 42.170029], [-6.666914, 42.169888], [-6.666891, 42.169754], [-6.66692, 42.169646], [-6.667006, 42.169557], [-6.667133, 42.169501], [-6.667279, 42.169436], [-6.66742, 42.169372], [-6.667569, 42.169306], [-6.667703, 42.169247], [-6.667799, 42.169214], [-6.667843, 42.169214], [-6.667863, 42.169207], [-6.667857, 42.169193], [-6.668082, 42.169188], [-6.668504, 42.169191], [-6.668856, 42.16926], [-6.669082, 42.169382], [-6.669368, 42.169517], [-6.669668, 42.169645], [-6.669963, 42.169769], [-6.670208, 42.169871], [-6.670586, 42.17001], [-6.671038, 42.170166], [-6.671417, 42.170266], [-6.671666, 42.170296], [-6.672042, 42.170339], [-6.672489, 42.170389], [-6.672896, 42.170494], [-6.673201, 42.170639], [-6.673473, 42.17068], [-6.67367, 42.170611], [-6.67365, 42.170402], [-6.673416, 42.170085], [-6.673444, 42.169907], [-6.673729, 42.169895], [-6.67412, 42.169848], [-6.674555, 42.169775], [-6.674904, 42.169582], [-6.675113, 42.169297], [-6.675152, 42.16902], [-6.675016, 42.168794], [-6.674877, 42.168624], [-6.674757, 42.168537], [-6.674435, 42.168505], [-6.673962, 42.168531], [-6.673521, 42.168489], [-6.673179, 42.168386], [-6.672894, 42.168298], [-6.67271, 42.16824], [-6.672358, 42.168193], [-6.671894, 42.168164], [-6.671448, 42.168152], [-6.67109, 42.168159], [-6.670647, 42.168204], [-6.670188, 42.168281], [-6.669726, 42.168349], [-6.669331, 42.168397], [-6.668931, 42.168455], [-6.668587, 42.168513], [-6.668114, 42.1684], [-6.667586, 42.168135], [-6.667298, 42.16799], [-6.667295, 42.167988], [-6.667182, 42.167871], [-6.666977, 42.167656], [-6.666827, 42.167353], [-6.666754, 42.167009], [-6.666765, 42.166779], [-6.666858, 42.1667], [-6.666857, 42.166474], [-6.666762, 42.166138], [-6.66684, 42.165851], [-6.667079, 42.165657], [-6.667351, 42.165412], [-6.667615, 42.165154], [-6.667856, 42.164901], [-6.668037, 42.164693], [-6.668254, 42.164492], [-6.668473, 42.164331], [-6.668872, 42.164177], [-6.66939, 42.164054], [-6.669817, 42.163906], [-6.670086, 42.163754], [-6.670228, 42.163566], [-6.670222, 42.163371], [-6.670245, 42.163222], [-6.670295, 42.163142], [-6.670443, 42.163021], [-6.670666, 42.162877], [-6.670965, 42.162643], [-6.671293, 42.162357], [-6.671551, 42.16212], [-6.671701, 42.16197], [-6.671898, 42.161792], [-6.672112, 42.161614], [-6.672429, 42.161445], [-6.6728, 42.161312], [-6.673032, 42.161118], [-6.673089, 42.160895], [-6.673261, 42.160673], [-6.673521, 42.160487], [-6.67381, 42.160265], [-6.674083, 42.160041], [-6.674334, 42.159825], [-6.674525, 42.15965], [-6.674705, 42.159456], [-6.674845, 42.159272], [-6.67491, 42.159087], [-6.67489, 42.15893], [-6.674851, 42.158744], [-6.674798, 42.158557], [-6.674853, 42.158335], [-6.675007, 42.158114], [-6.675163, 42.157885], [-6.675299, 42.157684], [-6.675444, 42.157505], [-6.675576, 42.157376], [-6.67579, 42.157214], [-6.676055, 42.157045], [-6.676238, 42.156908], [-6.67631, 42.156825], [-6.676259, 42.156689], [-6.676092, 42.156521], [-6.675958, 42.15637], [-6.675879, 42.156258], [-6.675753, 42.156183], [-6.675601, 42.156155], [-6.675441, 42.156095], [-6.675298, 42.156012], [-6.675142, 42.155874], [-6.674998, 42.155702], [-6.674861, 42.155494], [-6.674753, 42.15528], [-6.674649, 42.155095], [-6.674565, 42.154967], [-6.674305, 42.154875], [-6.673909, 42.154835], [-6.673575, 42.154756], [-6.673353, 42.15465], [-6.673152, 42.154539], [-6.673004, 42.154439], [-6.672881, 42.154325], [-6.672802, 42.154214], [-6.672742, 42.154056], [-6.672713, 42.153876], [-6.67273, 42.153744], [-6.672791, 42.15368], [-6.672838, 42.153636], [-6.672861, 42.153619], [-6.672871, 42.153603], [-6.672865, 42.15359], [-6.672852, 42.153455], [-6.672834, 42.153219], [-6.672822, 42.152979], [-6.672819, 42.15277], [-6.672823, 42.152576], [-6.672835, 42.152427], [-6.672877, 42.152283], [-6.672943, 42.152166], [-6.673039, 42.152067], [-6.673149, 42.152001], [-6.673271, 42.15193], [-6.673387, 42.151865], [-6.673505, 42.151801], [-6.673608, 42.151748], [-6.67378, 42.151672], [-6.673994, 42.151584], [-6.674267, 42.151478], [-6.674559, 42.151369], [-6.674881, 42.151292], [-6.675186, 42.151258], [-6.675497, 42.151265], [-6.675768, 42.151311], [-6.676033, 42.151411], [-6.676252, 42.151549], [-6.676443, 42.151736], [-6.676577, 42.151945], [-6.676714, 42.152151], [-6.676832, 42.152323], [-6.676942, 42.152475], [-6.677026, 42.152585], [-6.677076, 42.152699], [-6.677085, 42.152801], [-6.677052, 42.152899], [-6.676983, 42.152979], [-6.676936, 42.153054], [-6.676917, 42.153113], [-6.676927, 42.153161], [-6.676962, 42.153191], [-6.677028, 42.153251], [-6.677115, 42.153331], [-6.677229, 42.153439], [-6.677353, 42.153557], [-6.677517, 42.153648], [-6.677694, 42.153699], [-6.677899, 42.153712], [-6.678101, 42.153686], [-6.678323, 42.153669], [-6.678531, 42.153664], [-6.678742, 42.153671], [-6.678924, 42.153688], [-6.679092, 42.153717], [-6.679221, 42.153753], [-6.67932, 42.1538], [-6.679376, 42.15385], [-6.679408, 42.153894], [-6.679411, 42.153927], [-6.679387, 42.153951], [-6.679339, 42.153963], [-6.679295, 42.154009], [-6.679263, 42.154083], [-6.679239, 42.154192], [-6.679227, 42.154318], [-6.679247, 42.154463], [-6.679295, 42.154605], [-6.679375, 42.154756], [-6.679475, 42.154893], [-6.679557, 42.155053], [-6.679607, 42.155212], [-6.679631, 42.155383], [-6.679625, 42.155541], [-6.679665, 42.155697], [-6.679745, 42.15583], [-6.679873, 42.155949], [-6.680028, 42.156036], [-6.680218, 42.156148], [-6.680413, 42.156268], [-6.68063, 42.156407], [-6.680835, 42.156542], [-6.681046, 42.156679], [-6.68123, 42.156797], [-6.681403, 42.156905], [-6.681539, 42.156987], [-6.681691, 42.157064], [-6.681835, 42.157122], [-6.681984, 42.157169], [-6.682115, 42.157195], [-6.682247, 42.157207], [-6.68236, 42.157203], [-6.682463, 42.157182], [-6.68254, 42.157147], [-6.682619, 42.157094], [-6.682688, 42.15703], [-6.682751, 42.15695], [-6.6828, 42.156866], [-6.682843, 42.15678], [-6.682873, 42.156703], [-6.682892, 42.156631], [-6.682897, 42.156573], [-6.682927, 42.156498], [-6.682977, 42.156417], [-6.683051, 42.156323], [-6.683137, 42.15623], [-6.683214, 42.156112], [-6.68327, 42.155988], [-6.683308, 42.155846], [-6.683324, 42.155709], [-6.683359, 42.155562], [-6.683408, 42.155428], [-6.683475, 42.155297], [-6.683549, 42.155187], [-6.683639, 42.155065], [-6.683729, 42.154947], [-6.683829, 42.154826], [-6.683922, 42.154718], [-6.684011, 42.154602], [-6.684081, 42.154494], [-6.684138, 42.154386], [-6.684173, 42.154293], [-6.68425, 42.154187], [-6.684357, 42.154083], [-6.684502, 42.153973], [-6.684662, 42.153873], [-6.684843, 42.153787], [-6.685017, 42.153727], [-6.685198, 42.153689], [-6.685358, 42.153678], [-6.685558, 42.153687], [-6.685766, 42.153713], [-6.686, 42.153759], [-6.686223, 42.153819], [-6.686436, 42.153917], [-6.686607, 42.15404], [-6.686748, 42.154198], [-6.686839, 42.154366], [-6.686906, 42.154541], [-6.686938, 42.154698], [-6.686938, 42.154848], [-6.686907, 42.154969], [-6.686855, 42.155113], [-6.68679, 42.155259], [-6.686706, 42.155417], [-6.686617, 42.155564], [-6.686549, 42.155706], [-6.686512, 42.155821], [-6.686505, 42.15592], [-6.686527, 42.155986], [-6.686562, 42.156068], [-6.686603, 42.156153], [-6.686655, 42.156248], [-6.68671, 42.156338], [-6.686744, 42.156453], [-6.686752, 42.156574], [-6.686736, 42.156711], [-6.686697, 42.156844], [-6.686674, 42.156967], [-6.686669, 42.157062], [-6.686682, 42.157135], [-6.686712, 42.157175], [-6.686749, 42.157211], [-6.686787, 42.157237], [-6.686831, 42.157254], [-6.686873, 42.157261], [-6.686916, 42.157246], [-6.686953, 42.157212], [-6.686989, 42.157156], [-6.687016, 42.157087], [-6.687046, 42.156997], [-6.687074, 42.1569], [-6.687102, 42.156789], [-6.687126, 42.15668], [-6.687169, 42.156585], [-6.687225, 42.156519], [-6.687299, 42.156476], [-6.687378, 42.156462], [-6.68747, 42.156463], [-6.687561, 42.156476], [-6.687657, 42.156505], [-6.687744, 42.156544], [-6.687817, 42.156594], [-6.687863, 42.156646], [-6.687887, 42.156705], [-6.687884, 42.156762], [-6.687899, 42.156832], [-6.687927, 42.156904], [-6.687972, 42.156985], [-6.688026, 42.157062], [-6.688094, 42.157135], [-6.688165, 42.157191], [-6.688245, 42.157237], [-6.688322, 42.157265], [-6.688405, 42.157285], [-6.688483, 42.157295], [-6.688561, 42.157296], [-6.688627, 42.157288], [-6.688711, 42.157286], [-6.688799, 42.157292], [-6.688899, 42.157305], [-6.688995, 42.157324], [-6.689093, 42.157334], [-6.689178, 42.157335], [-6.689256, 42.157325], [-6.689316, 42.157307], [-6.689372, 42.157278], [-6.689415, 42.157243], [-6.68945, 42.157199], [-6.689469, 42.157153], [-6.689511, 42.157024], [-6.689569, 42.156832], [-6.689648, 42.156561], [-6.689735, 42.156253], [-6.689805, 42.155984], [-6.689847, 42.155796], [-6.689863, 42.155673], [-6.689852, 42.155635], [-6.689843, 42.155595], [-6.689837, 42.155559], [-6.689834, 42.155526], [-6.689833, 42.155499], [-6.689835, 42.155454], [-6.689839, 42.155398], [-6.689845, 42.155326], [-6.689853, 42.155249], [-6.689847, 42.155158], [-6.689829, 42.155066], [-6.689797, 42.154966], [-6.689757, 42.154874], [-6.6897, 42.154794], [-6.689636, 42.154741], [-6.689559, 42.154709], [-6.689481, 42.154703], [-6.689412, 42.154696], [-6.689361, 42.154688], [-6.689326, 42.154679], [-6.689311, 42.15467], [-6.68929, 42.154646], [-6.689267, 42.154612], [-6.68924, 42.154564], [-6.689213, 42.154509], [-6.689229, 42.154438], [-6.689288, 42.15436], [-6.689392, 42.154271], [-6.689526, 42.154182], [-6.689674, 42.154094], [-6.689813, 42.154018], [-6.689954, 42.15395], [-6.690075, 42.153899], [-6.690159, 42.153832], [-6.690193, 42.15376], [-6.69018, 42.153676], [-6.690122, 42.153594], [-6.690041, 42.153481], [-6.689951, 42.153353], [-6.689844, 42.153202], [-6.689736, 42.153049], [-6.689656, 42.15289], [-6.689618, 42.152748], [-6.689617, 42.152612], [-6.689654, 42.152502], [-6.689684, 42.152409], [-6.689703, 42.152347], [-6.689712, 42.152311], [-6.68971, 42.152306], [-6.689703, 42.152273], [-6.689692, 42.152218], [-6.689676, 42.152136], [-6.689658, 42.15204], [-6.689651, 42.151946], [-6.689654, 42.15187], [-6.689669, 42.151804], [-6.689693, 42.151759], [-6.689728, 42.151715], [-6.689768, 42.151678], [-6.689816, 42.151647], [-6.689865, 42.151625], [-6.689934, 42.1516], [-6.690012, 42.151575], [-6.690106, 42.15155], [-6.690201, 42.151527], [-6.690297, 42.151482], [-6.69038, 42.151422], [-6.690457, 42.151341], [-6.690515, 42.151253], [-6.690563, 42.151145], [-6.690594, 42.151034], [-6.690611, 42.150911], [-6.690611, 42.150795], [-6.690602, 42.150673], [-6.690586, 42.150564], [-6.690563, 42.15046], [-6.690534, 42.150376], [-6.690534, 42.150246], [-6.690563, 42.150091], [-6.690623, 42.149898], [-6.690705, 42.149696], [-6.690821, 42.149521], [-6.690954, 42.1494], [-6.691116, 42.149324], [-6.691281, 42.149303], [-6.691437, 42.149288], [-6.69156, 42.149283], [-6.691661, 42.149285], [-6.691724, 42.149295], [-6.691795, 42.149274], [-6.691864, 42.149225], [-6.691936, 42.149145], [-6.692, 42.149045], [-6.692035, 42.148949], [-6.692035, 42.148871], [-6.692001, 42.148805], [-6.691938, 42.148761], [-6.691923, 42.148684], [-6.691958, 42.148588], [-6.692047, 42.148462], [-6.692175, 42.148328], [-6.692298, 42.148211], [-6.692398, 42.148129], [-6.692482, 42.148076], [-6.692537, 42.14806], [-6.692598, 42.148049], [-6.692654, 42.148045], [-6.692711, 42.148048], [-6.69276, 42.148057], [-6.692825, 42.148089], [-6.692897, 42.14814], [-6.692981, 42.148214], [-6.693065, 42.148299], [-6.693185, 42.148402], [-6.693322, 42.148507], [-6.693487, 42.148623], [-6.693656, 42.148731], [-6.693828, 42.148853], [-6.693975, 42.148969], [-6.694111, 42.149089], [-6.694215, 42.149195], [-6.694309, 42.149308], [-6.694378, 42.149411], [-6.694428, 42.149513], [-6.694452, 42.149598], [-6.69446, 42.149693], [-6.69445, 42.149784], [-6.694423, 42.149877], [-6.694381, 42.14996], [-6.69434, 42.150063], [-6.694305, 42.15017], [-6.694275, 42.150292], [-6.694252, 42.150409], [-6.694251, 42.150521], [-6.694272, 42.150612], [-6.694316, 42.150689], [-6.694376, 42.150741], [-6.694445, 42.150803], [-6.69451, 42.150866], [-6.694578, 42.150936], [-6.694638, 42.151001], [-6.694688, 42.151079], [-6.69472, 42.151159], [-6.694738, 42.151247], [-6.694738, 42.151329], [-6.694727, 42.151414], [-6.694707, 42.15149], [-6.694677, 42.151562], [-6.694641, 42.151619], [-6.694616, 42.15167], [-6.694608, 42.151707], [-6.694615, 42.151734], [-6.694636, 42.151745], [-6.694665, 42.151795], [-6.694697, 42.151876], [-6.694736, 42.151994], [-6.694775, 42.152132], [-6.694923, 42.152306], [-6.695157, 42.15249], [-6.695496, 42.152698], [-6.695889, 42.152899], [-6.696273, 42.153084], [-6.696587, 42.153223], [-6.696858, 42.153329], [-6.697045, 42.153385], [-6.697193, 42.153462], [-6.697277, 42.153547], [-6.697307, 42.153648], [-6.697276, 42.15375], [-6.69728, 42.153851], [-6.697317, 42.153938], [-6.697391, 42.154016], [-6.69749, 42.154073], [-6.69763, 42.154162], [-6.697791, 42.154268], [-6.697986, 42.1544], [-6.698184, 42.154537], [-6.69835, 42.154674], [-6.698459, 42.154788], [-6.69852, 42.15489], [-6.698523, 42.154964], [-6.698569, 42.155023], [-6.698652, 42.155057], [-6.698777, 42.155071], [-6.698926, 42.155061], [-6.699084, 42.15505], [-6.699225, 42.155041], [-6.699362, 42.155031], [-6.699473, 42.155024], [-6.699581, 42.155014], [-6.699668, 42.155003], [-6.699743, 42.15499], [-6.699792, 42.154977], [-6.699839, 42.154967], [-6.699877, 42.15496], [-6.699908, 42.154957], [-6.699928, 42.154957], [-6.699982, 42.154957], [-6.700062, 42.154958], [-6.700175, 42.154959], [-6.700303, 42.15496], [-6.700415, 42.15497], [-6.700494, 42.154987], [-6.700547, 42.155013], [-6.700564, 42.155044], [-6.700581, 42.155072], [-6.700593, 42.155094], [-6.700603, 42.155111], [-6.700608, 42.15512], [-6.700633, 42.15514], [-6.700675, 42.155167], [-6.700735, 42.155203], [-6.700805, 42.155244], [-6.700902, 42.155272], [-6.701011, 42.155282], [-6.70114, 42.155276], [-6.701269, 42.155254], [-6.701385, 42.155219], [-6.701469, 42.155176], [-6.701528, 42.155123], [-6.701553, 42.155066], [-6.701566, 42.154989], [-6.701565, 42.154904], [-6.701549, 42.154804], [-6.70152, 42.154703], [-6.701496, 42.154619], [-6.70148, 42.154562], [-6.701471, 42.154529], [-6.70147, 42.154525], [-6.701472, 42.154496], [-6.701478, 42.154447], [-6.701487, 42.154375], [-6.701498, 42.15429], [-6.701553, 42.154193], [-6.701642, 42.1541], [-6.701772, 42.154003], [-6.701925, 42.153916], [-6.702065, 42.153846], [-6.70217, 42.153804], [-6.702249, 42.153788], [-6.702291, 42.153798], [-6.702334, 42.153797], [-6.702372, 42.153784], [-6.702409, 42.15376], [-6.702437, 42.153727], [-6.702517, 42.153679], [-6.702637, 42.153623], [-6.702805, 42.153556], [-6.702996, 42.153486], [-6.703173, 42.153474], [-6.703308, 42.15352], [-6.703413, 42.15363], [-6.703471, 42.153785], [-6.703527, 42.153933], [-6.703571, 42.15405], [-6.703607, 42.154148], [-6.70363, 42.15421], [-6.703654, 42.154298], [-6.703675, 42.154399], [-6.703694, 42.154521], [-6.703709, 42.154646], [-6.70379, 42.154742], [-6.703925, 42.154796], [-6.704125, 42.154812], [-6.70436, 42.154788], [-6.704577, 42.15477], [-6.704743, 42.154762], [-6.704873, 42.154764], [-6.704946, 42.154774], [-6.705046, 42.154762], [-6.705157, 42.154732], [-6.705289, 42.154679], [-6.705421, 42.154612], [-6.70556, 42.154534], [-6.705685, 42.154456], [-6.705806, 42.154373], [-6.705906, 42.154296], [-6.706024, 42.154233], [-6.706143, 42.154193], [-6.706273, 42.154172], [-6.706395, 42.154174], [-6.706535, 42.154178], [-6.706672, 42.154183], [-6.706819, 42.15419], [-6.706951, 42.154197], [-6.707138, 42.154211], [-6.70735, 42.154228], [-6.707604, 42.15425], [-6.707862, 42.154273], [-6.708122, 42.154305], [-6.708344, 42.154341], [-6.708547, 42.154382], [-6.7087, 42.154424], [-6.708846, 42.154444], [-6.708965, 42.15444], [-6.709066, 42.154412], [-6.709132, 42.154363], [-6.709177, 42.154285], [-6.709194, 42.15419], [-6.709183, 42.154068], [-6.709147, 42.15394], [-6.709093, 42.15382], [-6.709028, 42.153726], [-6.708948, 42.15365], [-6.708865, 42.153604], [-6.708747, 42.153533], [-6.708614, 42.153446], [-6.708509, 42.153376], [-6.708448, 42.153333], [-6.70848, 42.153234], [-6.708602, 42.153095], [-6.708661, 42.152953], [-6.708651, 42.15283], [-6.708754, 42.152735], [-6.708956, 42.152684], [-6.709173, 42.152576], [-6.709372, 42.15243], [-6.709492, 42.152351], [-6.709513, 42.152352], [-6.709751, 42.152343], [-6.710168, 42.152325], [-6.710557, 42.152279], [-6.71086, 42.152212], [-6.711047, 42.152158], [-6.711089, 42.152126], [-6.711098, 42.152057], [-6.711072, 42.151963], [-6.710974, 42.151849], [-6.710821, 42.151732], [-6.710666, 42.151642], [-6.710532, 42.151594], [-6.710312, 42.151505], [-6.710039, 42.151391], [-6.709953, 42.15127], [-6.710067, 42.151162], [-6.710263, 42.151119], [-6.710512, 42.151149], [-6.710883, 42.151221], [-6.711321, 42.151326], [-6.711659, 42.151462], [-6.711844, 42.151608], [-6.711982, 42.151674], [-6.712052, 42.151648], [-6.712153, 42.151607], [-6.71227, 42.151558], [-6.712371, 42.151514], [-6.712439, 42.151481], [-6.712482, 42.151458], [-6.712492, 42.151448], [-6.71252, 42.151419], [-6.712562, 42.151375], [-6.712622, 42.151314], [-6.71269, 42.151244], [-6.712829, 42.151196], [-6.713018, 42.151177], [-6.713273, 42.151185], [-6.713554, 42.15122], [-6.713789, 42.151251], [-6.713943, 42.151273], [-6.714027, 42.151289], [-6.71403, 42.151296], [-6.714044, 42.151333], [-6.714066, 42.151394], [-6.7141, 42.151484], [-6.714139, 42.151589], [-6.714178, 42.151711], [-6.714212, 42.151831], [-6.714242, 42.151958], [-6.714264, 42.152074], [-6.714289, 42.152211], [-6.714311, 42.152348], [-6.714334, 42.152498], [-6.714353, 42.152636], [-6.714394, 42.152769], [-6.714452, 42.152877], [-6.71453, 42.152967], [-6.714617, 42.153027], [-6.714695, 42.153041], [-6.714751, 42.153008], [-6.714789, 42.152924], [-6.714805, 42.152802], [-6.714812, 42.152677], [-6.714809, 42.152568], [-6.714795, 42.152467], [-6.714773, 42.152389], [-6.714762, 42.152309], [-6.714764, 42.15224], [-6.71478, 42.152176], [-6.714806, 42.152127], [-6.714846, 42.152065], [-6.714893, 42.152001], [-6.714952, 42.151928], [-6.715012, 42.151858], [-6.715062, 42.151774], [-6.715092, 42.151688], [-6.715105, 42.151594], [-6.715101, 42.151505], [-6.715068, 42.151424], [-6.715012, 42.151364], [-6.714928, 42.151318], [-6.71483, 42.151295], [-6.714739, 42.151274], [-6.714669, 42.151257], [-6.714615, 42.151244], [-6.714584, 42.151237], [-6.714538, 42.151204], [-6.714485, 42.151149], [-6.714421, 42.151069], [-6.714354, 42.150976], [-6.714321, 42.150894], [-6.714327, 42.150837], [-6.714371, 42.150799], [-6.714448, 42.150786], [-6.714565, 42.150773], [-6.714703, 42.150762], [-6.714875, 42.150751], [-6.715053, 42.150744], [-6.71528, 42.150759], [-6.715519, 42.150796], [-6.71579, 42.150856], [-6.716053, 42.150931], [-6.716298, 42.150996], [-6.716488, 42.151039], [-6.716639, 42.151065], [-6.716728, 42.15107], [-6.716923, 42.151081], [-6.717193, 42.151096], [-6.717563, 42.151116], [-6.717975, 42.151139], [-6.71835, 42.151144], [-6.718631, 42.15113], [-6.718841, 42.151097], [-6.718948, 42.151049], [-6.719042, 42.151004], [-6.719107, 42.150968], [-6.719151, 42.150939], [-6.719166, 42.150921], [-6.719209, 42.150868], [-6.719273, 42.150789], [-6.719365, 42.150676], [-6.71947, 42.150547], [-6.719573, 42.15038], [-6.719659, 42.1502], [-6.719734, 42.149993], [-6.719787, 42.14979], [-6.719853, 42.149593], [-6.719922, 42.149432], [-6.72, 42.149294], [-6.720073, 42.149199], [-6.720153, 42.14912], [-6.720225, 42.149067], [-6.720296, 42.149037], [-6.720356, 42.149035], [-6.720422, 42.149039], [-6.720485, 42.149048], [-6.720549, 42.149065], [-6.720605, 42.149085], [-6.720671, 42.149129], [-6.720738, 42.149191], [-6.720809, 42.149275], [-6.720876, 42.149368], [-6.72097, 42.149487], [-6.721077, 42.149615], [-6.721205, 42.149761], [-6.721336, 42.149903], [-6.721451, 42.150059], [-6.721532, 42.150205], [-6.721588, 42.150353], [-6.721609, 42.15048], [-6.721642, 42.150585], [-6.721683, 42.150652], [-6.721735, 42.150686], [-6.721791, 42.150681], [-6.721843, 42.150715], [-6.721883, 42.150783], [-6.721915, 42.150889], [-6.721934, 42.151018], [-6.721949, 42.151185], [-6.721957, 42.151365], [-6.72196, 42.151571], [-6.721957, 42.151774], [-6.721922, 42.152005], [-6.721859, 42.15223], [-6.721766, 42.152468], [-6.721654, 42.152681], [-6.721527, 42.152893], [-6.721403, 42.153072], [-6.721272, 42.153232], [-6.721153, 42.153349], [-6.721056, 42.153484], [-6.720995, 42.153616], [-6.720965, 42.153755], [-6.72097, 42.153882], [-6.721031, 42.154019], [-6.721138, 42.154147], [-6.7213, 42.154275], [-6.721493, 42.154385], [-6.721693, 42.154483], [-6.721872, 42.154554], [-6.722043, 42.154605], [-6.72218, 42.154626], [-6.722445, 42.154654], [-6.722797, 42.154684], [-6.723266, 42.154718], [-6.723779, 42.154751], [-6.724375, 42.154889], [-6.724961, 42.15511], [-6.725587, 42.155433], [-6.726157, 42.155808], [-6.726689, 42.156177], [-6.727103, 42.156484], [-6.727433, 42.156754], [-6.727629, 42.156945], [-6.727784, 42.15715], [-6.727875, 42.157338], [-6.727909, 42.157522], [-6.727882, 42.157676], [-6.727885, 42.157832], [-6.727917, 42.157964], [-6.72798, 42.158084], [-6.728066, 42.158174], [-6.728173, 42.158259], [-6.728285, 42.158325], [-6.72841, 42.158379], [-6.72853, 42.158411], [-6.728703, 42.158423], [-6.728902, 42.158414], [-6.729145, 42.158382], [-6.729393, 42.158333], [-6.729697, 42.1583], [-6.73001, 42.158287], [-6.730358, 42.158295], [-6.730688, 42.158322], [-6.73103, 42.158337], [-6.731331, 42.158339], [-6.731616, 42.158328], [-6.731841, 42.158305], [-6.732052, 42.15824], [-6.732216, 42.158144], [-6.732346, 42.158008], [-6.732423, 42.157853], [-6.732456, 42.157715], [-6.732439, 42.157617], [-6.732371, 42.157549], [-6.732263, 42.157523], [-6.732118, 42.157494], [-6.731958, 42.157469], [-6.73177, 42.157444], [-6.731582, 42.157423], [-6.731351, 42.157403], [-6.731112, 42.157386], [-6.730844, 42.157372], [-6.73059, 42.157363], [-6.730341, 42.157322], [-6.730137, 42.157255], [-6.729959, 42.157157], [-6.729836, 42.157043], [-6.72968, 42.156852], [-6.729514, 42.156612], [-6.729325, 42.156305], [-6.729142, 42.155977], [-6.728972, 42.155645], [-6.728842, 42.155359], [-6.728772, 42.155202], [-6.728771, 42.155199], [-6.728587, 42.155076], [-6.728249, 42.154851], [-6.728048, 42.154664], [-6.728014, 42.154545], [-6.728097, 42.154425], [-6.728284, 42.154322], [-6.728513, 42.154255], [-6.728747, 42.154233], [-6.728927, 42.154236], [-6.729026, 42.154264], [-6.729119, 42.154256], [-6.729191, 42.154213], [-6.729321, 42.154136], [-6.729489, 42.154035], [-6.72964, 42.153941], [-6.729751, 42.15387], [-6.72985, 42.153779], [-6.729921, 42.153683], [-6.72997, 42.153572], [-6.72999, 42.153464], [-6.730037, 42.153344], [-6.730103, 42.153232], [-6.730195, 42.153117], [-6.730298, 42.153017], [-6.730496, 42.152957], [-6.73076, 42.152945], [-6.731112, 42.15298], [-6.731496, 42.153057], [-6.731836, 42.153125], [-6.732079, 42.153173], [-6.732245, 42.153206], [-6.732309, 42.153217], [-6.73241, 42.153217], [-6.732532, 42.153205], [-6.732685, 42.153179], [-6.732847, 42.153144], [-6.733138, 42.153199], [-6.733515, 42.153334], [-6.734008, 42.153561], [-6.734541, 42.153844], [-6.735023, 42.154115], [-6.735379, 42.15433], [-6.735638, 42.154509], [-6.735761, 42.154622], [-6.735834, 42.154751], [-6.735847, 42.154874], [-6.735801, 42.155003], [-6.735702, 42.155116], [-6.735647, 42.155212], [-6.735644, 42.155275], [-6.735505, 42.155332], [-6.73525, 42.155375], [-6.734987, 42.155419], [-6.734758, 42.155458], [-6.734617, 42.155558], [-6.734587, 42.155706], [-6.734736, 42.155864], [-6.735041, 42.156009], [-6.735347, 42.155986], [-6.735606, 42.1558], [-6.735778, 42.155691], [-6.735836, 42.155676], [-6.73591, 42.155696], [-6.73599, 42.155748], [-6.736085, 42.155783], [-6.73618, 42.155797], [-6.736351, 42.155791], [-6.736573, 42.155766], [-6.736865, 42.155719], [-6.73718, 42.155659], [-6.737481, 42.155593], [-6.73772, 42.155532], [-6.737917, 42.155472], [-6.738042, 42.155422], [-6.738277, 42.155429], [-6.738585, 42.155493], [-6.738883, 42.155534], [-6.739127, 42.155546], [-6.739608, 42.155591], [-6.740252, 42.15566], [-6.740895, 42.155726], [-6.741438, 42.155777], [-6.742077, 42.155872], [-6.742713, 42.155996], [-6.742931, 42.15594], [-6.742698, 42.155712], [-6.742528, 42.155516], [-6.742447, 42.155383], [-6.74241, 42.155285], [-6.742424, 42.155237], [-6.742424, 42.155164], [-6.742409, 42.155077], [-6.742441, 42.154948], [-6.742513, 42.154799], [-6.742632, 42.154615], [-6.74278, 42.154425], [-6.742897, 42.154291], [-6.742965, 42.154233], [-6.743013, 42.154078], [-6.743035, 42.15385], [-6.743147, 42.153758], [-6.743332, 42.153816], [-6.743457, 42.153881], [-6.743504, 42.153943], [-6.743535, 42.153976], [-6.743543, 42.153974], [-6.743566, 42.153978], [-6.743599, 42.153988], [-6.743665, 42.154026], [-6.743753, 42.154088], [-6.743872, 42.154179], [-6.744002, 42.154284], [-6.744129, 42.154404], [-6.744233, 42.15452], [-6.744322, 42.154642], [-6.744383, 42.154751], [-6.744447, 42.154867], [-6.744504, 42.154971], [-6.744558, 42.155072], [-6.744601, 42.155154], [-6.744705, 42.155209], [-6.744852, 42.155229], [-6.745056, 42.155215], [-6.745285, 42.155169], [-6.74546, 42.155095], [-6.745555, 42.155007], [-6.745578, 42.154894], [-6.745524, 42.154776], [-6.745459, 42.154646], [-6.745391, 42.154524], [-6.745317, 42.154399], [-6.745246, 42.154292], [-6.745238, 42.154193], [-6.745293, 42.154119], [-6.745417, 42.154063], [-6.74559, 42.154034], [-6.745749, 42.15402], [-6.745871, 42.154024], [-6.745964, 42.154046], [-6.746014, 42.154082], [-6.746072, 42.154156], [-6.746127, 42.154256], [-6.746186, 42.15439], [-6.746237, 42.154539], [-6.746294, 42.154656], [-6.746346, 42.154724], [-6.746398, 42.154749], [-6.746442, 42.154726], [-6.746484, 42.154685], [-6.746518, 42.154631], [-6.746546, 42.154559], [-6.746564, 42.154481], [-6.746563, 42.154377], [-6.746542, 42.154263], [-6.746499, 42.15413], [-6.746441, 42.153998], [-6.746374, 42.153818], [-6.746307, 42.153619], [-6.746234, 42.153384], [-6.746168, 42.153148], [-6.746107, 42.152913], [-6.746062, 42.152714], [-6.746028, 42.152535], [-6.746011, 42.152403], [-6.746004, 42.152266], [-6.74601, 42.152144], [-6.746027, 42.152027], [-6.746054, 42.151934], [-6.746086, 42.151821], [-6.74612, 42.151706], [-6.746156, 42.15158], [-6.74619, 42.151461], [-6.746226, 42.151284], [-6.746258, 42.151076], [-6.74629, 42.150819], [-6.746315, 42.150553], [-6.74636, 42.150325], [-6.746415, 42.150171], [-6.746488, 42.150078], [-6.746565, 42.15006], [-6.746636, 42.150019], [-6.74669, 42.149961], [-6.74673, 42.149882], [-6.746751, 42.149793], [-6.74675, 42.149696], [-6.746728, 42.149606], [-6.746683, 42.149515], [-6.746621, 42.149438], [-6.746528, 42.149342], [-6.746417, 42.149242], [-6.746278, 42.14913], [-6.746134, 42.149023], [-6.746007, 42.14891], [-6.745917, 42.148808], [-6.745856, 42.148709], [-6.745833, 42.148629], [-6.745759, 42.148447], [-6.745646, 42.148192], [-6.745484, 42.147842], [-6.745298, 42.147451], [-6.745129, 42.147092], [-6.745004, 42.146818], [-6.744912, 42.146608], [-6.744867, 42.146494], [-6.744846, 42.146299], [-6.744852, 42.146054], [-6.744886, 42.145739], [-6.744942, 42.145401], [-6.744982, 42.145143], [-6.745001, 42.145004], [-6.744879, 42.144826], [-6.744635, 42.144637], [-6.74449, 42.144488], [-6.744466, 42.144403], [-6.744643, 42.144199], [-6.744993, 42.143909], [-6.745195, 42.143733], [-6.745217, 42.143698], [-6.745307, 42.143558], [-6.745452, 42.143332], [-6.745465, 42.143115], [-6.745343, 42.14294], [-6.745253, 42.142854], [-6.74521, 42.142871], [-6.744999, 42.142955], [-6.744654, 42.143092], [-6.744582, 42.142974], [-6.744794, 42.142617], [-6.744918, 42.142181], [-6.744935, 42.141733], [-6.744962, 42.141471], [-6.744995, 42.141437], [-6.745115, 42.14131], [-6.745305, 42.141111], [-6.745314, 42.140979], [-6.745142, 42.140935], [-6.744847, 42.140859], [-6.744476, 42.140764], [-6.744362, 42.140562], [-6.744524, 42.140285], [-6.744573, 42.140045], [-6.744502, 42.139879], [-6.744637, 42.13976], [-6.744956, 42.139706], [-6.745115, 42.139589], [-6.745088, 42.139427], [-6.745048, 42.139247], [-6.745, 42.139077], [-6.744959, 42.138875], [-6.744931, 42.138671], [-6.744916, 42.138485], [-6.744914, 42.138347], [-6.74495, 42.138245], [-6.745019, 42.138194], [-6.745063, 42.13805], [-6.745074, 42.137834], [-6.744898, 42.137536], [-6.744563, 42.1372], [-6.744248, 42.137051], [-6.744001, 42.13711], [-6.743763, 42.137054], [-6.743573, 42.13689], [-6.743388, 42.136786], [-6.743236, 42.136758], [-6.743087, 42.136754], [-6.742964, 42.136775], [-6.742827, 42.136798], [-6.742698, 42.13682], [-6.742393, 42.136784], [-6.741961, 42.136697], [-6.741574, 42.136617], [-6.741293, 42.136558], [-6.741145, 42.136448], [-6.741152, 42.136304], [-6.74125, 42.136184], [-6.741422, 42.136107], [-6.741526, 42.13606], [-6.741545, 42.136052], [-6.741662, 42.135962], [-6.741857, 42.135804], [-6.74194, 42.135597], [-6.741896, 42.135372], [-6.741867, 42.135223], [-6.741857, 42.135171], [-6.741896, 42.135059], [-6.74198, 42.134902], [-6.742082, 42.134711], [-6.742187, 42.134515], [-6.742238, 42.134316], [-6.742226, 42.134146], [-6.742205, 42.13384], [-6.742177, 42.133448], [-6.742221, 42.133082], [-6.742328, 42.132801], [-6.742403, 42.132605], [-6.742433, 42.132525], [-6.742574, 42.13246], [-6.742803, 42.132421], [-6.742753, 42.132333], [-6.742429, 42.13221], [-6.742245, 42.132136], [-6.742229, 42.132124], [-6.742033, 42.131983], [-6.741688, 42.131736], [-6.741564, 42.131408], [-6.741679, 42.13105], [-6.741801, 42.130653], [-6.741911, 42.130278], [-6.742122, 42.130059], [-6.742402, 42.130029], [-6.742647, 42.130009], [-6.74282, 42.13], [-6.743063, 42.129988], [-6.743341, 42.129974], [-6.743566, 42.129819], [-6.743705, 42.129546], [-6.743616, 42.129366], [-6.743313, 42.129306], [-6.742996, 42.129243], [-6.742715, 42.129188], [-6.742459, 42.129021], [-6.742267, 42.128768], [-6.742237, 42.128522], [-6.742372, 42.128321], [-6.742611, 42.128155], [-6.742918, 42.12805], [-6.743087, 42.127819], [-6.743092, 42.127498], [-6.743285, 42.127291], [-6.743636, 42.127232], [-6.743935, 42.126865], [-6.744138, 42.126246], [-6.744361, 42.125948], [-6.744573, 42.126016], [-6.744894, 42.126095], [-6.745276, 42.126173], [-6.745554, 42.12628], [-6.745684, 42.126401], [-6.745848, 42.126567], [-6.74602, 42.126751], [-6.746202, 42.126981], [-6.746366, 42.127221], [-6.746592, 42.127424], [-6.746846, 42.127559], [-6.747006, 42.127754], [-6.747045, 42.127979], [-6.747132, 42.128196], [-6.747254, 42.128372], [-6.747459, 42.128637], [-6.747715, 42.12895], [-6.747996, 42.129067], [-6.748256, 42.128969], [-6.748528, 42.12901], [-6.748769, 42.129183], [-6.748941, 42.129376], [-6.749016, 42.12956], [-6.749096, 42.129797], [-6.749168, 42.130052], [-6.749434, 42.130625], [-6.749853, 42.131428], [-6.750205, 42.132073], [-6.750435, 42.132462], [-6.750661, 42.132848], [-6.750849, 42.133173], [-6.751126, 42.133696], [-6.751451, 42.134336], [-6.751664, 42.134812], [-6.751731, 42.13505], [-6.751869, 42.135355], [-6.752057, 42.135679], [-6.752364, 42.135936], [-6.752743, 42.136086], [-6.752994, 42.136102], [-6.75308, 42.135981], [-6.753052, 42.135744], [-6.752915, 42.135428], [-6.752755, 42.135185], [-6.752597, 42.135051], [-6.75261, 42.134866], [-6.752791, 42.134657], [-6.752896, 42.134475], [-6.752908, 42.134349], [-6.752883, 42.134121], [-6.752824, 42.133828], [-6.752942, 42.133557], [-6.75322, 42.13335], [-6.753519, 42.133213], [-6.753795, 42.133166], [-6.753915, 42.13304], [-6.753862, 42.132853], [-6.753544, 42.132694], [-6.75301, 42.132588], [-6.752681, 42.132392], [-6.752609, 42.132137], [-6.752525, 42.131794], [-6.752443, 42.131416], [-6.752463, 42.131027], [-6.752582, 42.130686], [-6.752489, 42.130402], [-6.752198, 42.13022], [-6.752029, 42.130036], [-6.752008, 42.129879], [-6.752121, 42.129773], [-6.752351, 42.129734], [-6.752604, 42.129663], [-6.752841, 42.129569], [-6.752839, 42.129377], [-6.752597, 42.129115], [-6.75244, 42.128929], [-6.752393, 42.128847], [-6.752214, 42.128675], [-6.751931, 42.128438], [-6.751643, 42.128245], [-6.751393, 42.128127], [-6.751033, 42.127956], [-6.750617, 42.127759], [-6.750256, 42.127588], [-6.750007, 42.127469], [-6.749797, 42.127418], [-6.74966, 42.127441], [-6.74946, 42.127378], [-6.749228, 42.127239], [-6.749064, 42.127026], [-6.748992, 42.12677], [-6.748901, 42.126496], [-6.748806, 42.126245], [-6.748822, 42.126069], [-6.748945, 42.125994], [-6.749023, 42.125856], [-6.749043, 42.125674], [-6.749048, 42.125526], [-6.749036, 42.125435], [-6.749063, 42.125398], [-6.749124, 42.12542], [-6.749158, 42.125425], [-6.749159, 42.125412], [-6.749183, 42.125329], [-6.749227, 42.12519], [-6.74936, 42.125059], [-6.749563, 42.124958], [-6.749852, 42.124878], [-6.750183, 42.124831], [-6.750505, 42.124788], [-6.750769, 42.124755], [-6.750931, 42.124755], [-6.750968, 42.124787], [-6.751123, 42.124868], [-6.751372, 42.124986], [-6.751594, 42.125036], [-6.751755, 42.125009], [-6.751943, 42.12489], [-6.752129, 42.124698], [-6.752219, 42.124531], [-6.752201, 42.124414], [-6.752185, 42.12431], [-6.752173, 42.124237], [-6.75223, 42.124099], [-6.752348, 42.123919], [-6.752498, 42.123807], [-6.752658, 42.12378], [-6.752894, 42.12374], [-6.753169, 42.123693], [-6.753426, 42.123713], [-6.753625, 42.123795], [-6.753758, 42.12385], [-6.753803, 42.123869], [-6.753995, 42.123919], [-6.754304, 42.123991], [-6.754625, 42.124024], [-6.75491, 42.124012], [-6.755151, 42.123921], [-6.75531, 42.123767], [-6.755591, 42.123679], [-6.755949, 42.123671], [-6.75633, 42.123637], [-6.756675, 42.123584], [-6.757008, 42.123506], [-6.75728, 42.123416], [-6.757676, 42.123351], [-6.758137, 42.123321], [-6.7587, 42.123323], [-6.75928, 42.123358], [-6.759883, 42.123389], [-6.760417, 42.123414], [-6.760926, 42.123433], [-6.761333, 42.123443], [-6.761854, 42.123478], [-6.762409, 42.123533], [-6.763045, 42.12361], [-6.763663, 42.1237], [-6.764293, 42.123781], [-6.764838, 42.123842], [-6.765342, 42.123887], [-6.765728, 42.12391], [-6.766189, 42.123913], [-6.766653, 42.123897], [-6.76716, 42.123859], [-6.767632, 42.123806], [-6.768178, 42.123756], [-6.768713, 42.123718], [-6.769284, 42.123689], [-6.769801, 42.123672], [-6.770318, 42.123701], [-6.770755, 42.123772], [-6.771148, 42.12389], [-6.771438, 42.124038], [-6.771713, 42.124178], [-6.77193, 42.124289], [-6.772109, 42.12438], [-6.772222, 42.124438], [-6.772429, 42.124513], [-6.772697, 42.124595], [-6.77305, 42.12469], [-6.773432, 42.124784], [-6.773874, 42.124876], [-6.774306, 42.124951], [-6.774766, 42.125015], [-6.775182, 42.125059], [-6.775595, 42.125132], [-6.775942, 42.125221], [-6.776251, 42.125335], [-6.776475, 42.125455], [-6.776696, 42.125576], [-6.776879, 42.125679], [-6.77704, 42.125772], [-6.777155, 42.12584], [-6.777369, 42.125888], [-6.777651, 42.125907], [-6.778024, 42.125899], [-6.77843, 42.125866], [-6.778836, 42.125846], [-6.77918, 42.125843], [-6.77949, 42.125855], [-6.779719, 42.125882], [-6.7799, 42.125931], [-6.780007, 42.125993], [-6.780048, 42.126074], [-6.780017, 42.126161], [-6.780011, 42.126258], [-6.780031, 42.12635], [-6.780079, 42.126443], [-6.780148, 42.126525], [-6.7803, 42.126619], [-6.780511, 42.126712], [-6.780801, 42.126811], [-6.781123, 42.1269], [-6.781493, 42.126978], [-6.781854, 42.127031], [-6.782237, 42.127065], [-6.782582, 42.127075], [-6.782885, 42.1271], [-6.7831, 42.127137], [-6.783243, 42.127189], [-6.783294, 42.127249], [-6.783376, 42.127319], [-6.783476, 42.127389], [-6.783603, 42.127465], [-6.783738, 42.127536], [-6.783934, 42.12761], [-6.784163, 42.127677], [-6.784444, 42.127741], [-6.784733, 42.127794], [-6.784974, 42.127898], [-6.785131, 42.128037], [-6.785216, 42.128222], [-6.785216, 42.128425], [-6.785229, 42.128627], [-6.785253, 42.128798], [-6.785289, 42.12895], [-6.785332, 42.129062], [-6.785424, 42.12914], [-6.785551, 42.129174], [-6.785723, 42.129165], [-6.785915, 42.129116], [-6.786091, 42.129037], [-6.786224, 42.128941], [-6.786327, 42.12882], [-6.786382, 42.128692], [-6.786434, 42.128562], [-6.786477, 42.128449], [-6.786512, 42.128345], [-6.786535, 42.128264], [-6.78656, 42.128194], [-6.786583, 42.128143], [-6.786607, 42.128109], [-6.786627, 42.128095], [-6.786663, 42.128072], [-6.78671, 42.128041], [-6.786772, 42.128], [-6.786838, 42.127956], [-6.78697, 42.127917], [-6.787147, 42.127888], [-6.787383, 42.127867], [-6.787643, 42.127857], [-6.787884, 42.127876], [-6.78807, 42.127923], [-6.788217, 42.128], [-6.788301, 42.128096], [-6.788386, 42.128178], [-6.788457, 42.128235], [-6.788522, 42.128271], [-6.78857, 42.128279], [-6.788698, 42.128302], [-6.788887, 42.128334], [-6.789151, 42.128379], [-6.789451, 42.12843], [-6.789778, 42.128517], [-6.790081, 42.128626], [-6.790328, 42.128734], [-6.790482, 42.128824], [-6.790615, 42.128867], [-6.790707, 42.128858], [-6.790859, 42.128894], [-6.791048, 42.128969], [-6.791296, 42.129062], [-6.791563, 42.129159], [-6.791733, 42.129319], [-6.791777, 42.129518], [-6.791876, 42.129656], [-6.792013, 42.129713], [-6.792324, 42.129813], [-6.79276, 42.129943], [-6.793259, 42.130066], [-6.793744, 42.130163], [-6.794256, 42.130242], [-6.794715, 42.130291], [-6.795139, 42.130348], [-6.795464, 42.130403], [-6.795716, 42.130461], [-6.795857, 42.130514], [-6.796004, 42.13058], [-6.796135, 42.130649], [-6.79626, 42.130728], [-6.796362, 42.130804], [-6.79645, 42.130875], [-6.79651, 42.13093], [-6.796548, 42.130973], [-6.796558, 42.130998], [-6.796591, 42.131021], [-6.796643, 42.131037], [-6.796717, 42.131049], [-6.796802, 42.131054], [-6.796896, 42.13107], [-6.796985, 42.131096], [-6.797075, 42.131132], [-6.797153, 42.131173], [-6.797267, 42.131241], [-6.797397, 42.131323], [-6.797557, 42.131428], [-6.79772, 42.13154], [-6.797915, 42.131675], [-6.798112, 42.131815], [-6.798328, 42.131969], [-6.798528, 42.132115], [-6.798737, 42.132273], [-6.79892, 42.132417], [-6.799095, 42.132561], [-6.799233, 42.132681], [-6.799373, 42.132811], [-6.799493, 42.13293], [-6.799603, 42.133048], [-6.799686, 42.133147], [-6.799781, 42.13329], [-6.799873, 42.133456], [-6.79997, 42.133657], [-6.800056, 42.133864], [-6.800165, 42.134051], [-6.80028, 42.134191], [-6.80041, 42.134294], [-6.800535, 42.134345], [-6.800647, 42.134357], [-6.800729, 42.134329], [-6.800788, 42.134259], [-6.800815, 42.134157], [-6.80084, 42.13403], [-6.800859, 42.133899], [-6.800874, 42.133751], [-6.800882, 42.133611], [-6.800862, 42.133446], [-6.800815, 42.133281], [-6.800738, 42.133103], [-6.800643, 42.132939], [-6.800554, 42.132789], [-6.800484, 42.132675], [-6.800428, 42.132589], [-6.800395, 42.132543], [-6.800356, 42.132461], [-6.800319, 42.132356], [-6.80028, 42.132219], [-6.800245, 42.132071], [-6.800221, 42.131923], [-6.800212, 42.131799], [-6.800217, 42.131689], [-6.800236, 42.131608], [-6.800254, 42.131527], [-6.800268, 42.131457], [-6.800279, 42.131392], [-6.800286, 42.131342], [-6.800322, 42.131303], [-6.800383, 42.131279], [-6.800474, 42.13127], [-6.80058, 42.131276], [-6.800675, 42.131277], [-6.800745, 42.131272], [-6.800795, 42.13126], [-6.800818, 42.131245], [-6.800901, 42.131234], [-6.801032, 42.131231], [-6.80122, 42.131234], [-6.801438, 42.131244], [-6.801632, 42.131258], [-6.801774, 42.131276], [-6.801874, 42.131298], [-6.801917, 42.131321], [-6.802007, 42.131369], [-6.802131, 42.131434], [-6.802298, 42.131522], [-6.802483, 42.13162], [-6.802693, 42.131712], [-6.802896, 42.131784], [-6.803109, 42.131842], [-6.8033, 42.131876], [-6.803523, 42.131896], [-6.803745, 42.131897], [-6.803984, 42.131881], [-6.804203, 42.131849], [-6.80445, 42.131828], [-6.804684, 42.131822], [-6.804927, 42.131829], [-6.805141, 42.13185], [-6.805369, 42.131878], [-6.805577, 42.13191], [-6.805782, 42.131947], [-6.805952, 42.131985], [-6.806157, 42.132029], [-6.806364, 42.132072], [-6.806592, 42.132118], [-6.806804, 42.132159], [-6.807001, 42.13219], [-6.807152, 42.132206], [-6.80727, 42.132209], [-6.807336, 42.132198], [-6.8074, 42.132167], [-6.807451, 42.132122], [-6.807494, 42.132059], [-6.807522, 42.131988], [-6.807519, 42.131905], [-6.807485, 42.131825], [-6.807417, 42.131739], [-6.807326, 42.131662], [-6.807189, 42.131579], [-6.807029, 42.131503], [-6.806831, 42.131428], [-6.806626, 42.131365], [-6.806365, 42.131291], [-6.806089, 42.131218], [-6.805775, 42.13114], [-6.80547, 42.131068], [-6.80521, 42.130994], [-6.805034, 42.130929], [-6.804927, 42.130868], [-6.804907, 42.13082], [-6.804899, 42.130739], [-6.804904, 42.130638], [-6.804923, 42.130508], [-6.804953, 42.130369], [-6.805008, 42.130222], [-6.805079, 42.130091], [-6.805173, 42.129962], [-6.805275, 42.129858], [-6.805474, 42.129783], [-6.805738, 42.129749], [-6.806091, 42.129754], [-6.806477, 42.129797], [-6.806876, 42.129843], [-6.807226, 42.129887], [-6.807557, 42.129932], [-6.807818, 42.12997], [-6.808057, 42.129978], [-6.808238, 42.129956], [-6.808377, 42.129901], [-6.808451, 42.129821], [-6.808545, 42.129721], [-6.808642, 42.129615], [-6.808753, 42.129496], [-6.808858, 42.12938], [-6.808982, 42.129265], [-6.809105, 42.129169], [-6.809237, 42.129084], [-6.809359, 42.129022], [-6.8095, 42.128992], [-6.809641, 42.128999], [-6.809793, 42.129043], [-6.809932, 42.129117], [-6.810008, 42.129157], [-6.810009, 42.129157], [-6.810011, 42.129167], [-6.810015, 42.129185], [-6.810064, 42.129361], [-6.810151, 42.129667], [-6.810275, 42.12983], [-6.810417, 42.129823], [-6.810527, 42.12966], [-6.810588, 42.129364], [-6.810628, 42.12917], [-6.810643, 42.129106], [-6.810655, 42.129056], [-6.810662, 42.129027], [-6.810783, 42.128975], [-6.811001, 42.128909], [-6.811144, 42.128866], [-6.811192, 42.128851], [-6.811224, 42.128831], [-6.811234, 42.128809], [-6.811258, 42.128757], [-6.811293, 42.128682], [-6.811303, 42.128566], [-6.811287, 42.128426], [-6.811236, 42.12829], [-6.811156, 42.128179], [-6.811044, 42.128014], [-6.810918, 42.127822], [-6.81085, 42.127582], [-6.810851, 42.127333], [-6.810924, 42.127176], [-6.811056, 42.127135], [-6.811215, 42.127099], [-6.811376, 42.127072], [-6.811597, 42.127073], [-6.811846, 42.127102], [-6.812005, 42.127166], [-6.81205, 42.127254], [-6.812122, 42.127318], [-6.812209, 42.127348], [-6.812354, 42.127425], [-6.812536, 42.127536], [-6.812708, 42.12767], [-6.812844, 42.127807], [-6.812971, 42.12795], [-6.813072, 42.128078], [-6.813152, 42.128201], [-6.813201, 42.128301], [-6.813244, 42.128434], [-6.813274, 42.128579], [-6.813294, 42.128749], [-6.8133, 42.128918], [-6.813314, 42.129104], [-6.813334, 42.129279], [-6.81336, 42.129457], [-6.81339, 42.129612], [-6.813443, 42.129789], [-6.813511, 42.129961], [-6.813599, 42.130143], [-6.813694, 42.130307], [-6.813813, 42.130475], [-6.813937, 42.130621], [-6.814076, 42.130758], [-6.81421, 42.130864], [-6.814333, 42.130988], [-6.814424, 42.131112], [-6.814492, 42.131245], [-6.814527, 42.131368], [-6.814617, 42.131475], [-6.814747, 42.131551], [-6.814929, 42.131601], [-6.815135, 42.131617], [-6.81536, 42.131634], [-6.815571, 42.131648], [-6.815784, 42.131662], [-6.815967, 42.131672], [-6.81613, 42.131701], [-6.816248, 42.131746], [-6.81633, 42.131808], [-6.816364, 42.131879], [-6.816416, 42.131986], [-6.816478, 42.132112], [-6.816555, 42.132268], [-6.816636, 42.132429], [-6.816742, 42.132574], [-6.816859, 42.132679], [-6.816994, 42.132755], [-6.817129, 42.132789], [-6.817303, 42.132815], [-6.817492, 42.132831], [-6.817709, 42.132836], [-6.817923, 42.132831], [-6.818156, 42.13282], [-6.818374, 42.132806], [-6.818593, 42.132786], [-6.818781, 42.132765], [-6.818978, 42.132754], [-6.819154, 42.132757], [-6.819323, 42.132772], [-6.81946, 42.132797], [-6.819567, 42.13282], [-6.819627, 42.132838], [-6.819646, 42.13285], [-6.819622, 42.132856], [-6.819632, 42.132903], [-6.819674, 42.132983], [-6.819754, 42.133104], [-6.819858, 42.133247], [-6.820057, 42.133447], [-6.820321, 42.133673], [-6.820671, 42.133944], [-6.821054, 42.134218], [-6.821441, 42.1345], [-6.821772, 42.134745], [-6.822075, 42.134975], [-6.822304, 42.135153], [-6.822548, 42.135398], [-6.82277, 42.135671], [-6.822989, 42.135997], [-6.823171, 42.136325], [-6.823384, 42.136682], [-6.823595, 42.137014], [-6.823823, 42.137348], [-6.824031, 42.137633], [-6.824303, 42.137916], [-6.824597, 42.138152], [-6.824938, 42.138362], [-6.825273, 42.138512], [-6.825597, 42.138678], [-6.825862, 42.138832], [-6.826087, 42.138988], [-6.82624, 42.139123], [-6.826449, 42.139285], [-6.826681, 42.13945], [-6.826957, 42.139631], [-6.827234, 42.139801], [-6.82753, 42.139932], [-6.827798, 42.140004], [-6.828062, 42.140023], [-6.82828, 42.139986], [-6.828466, 42.139955], [-6.828591, 42.139933], [-6.828665, 42.139921], [-6.828677, 42.139919], [-6.828743, 42.139919], [-6.828854, 42.13992], [-6.829018, 42.139924], [-6.82921, 42.139929], [-6.829409, 42.139966], [-6.829585, 42.140028], [-6.829753, 42.140121], [-6.829885, 42.14023], [-6.830035, 42.140315], [-6.83018, 42.140362], [-6.83033, 42.140375], [-6.830463, 42.140353], [-6.830603, 42.140329], [-6.830728, 42.140308], [-6.830848, 42.140287], [-6.830945, 42.140271], [-6.831064, 42.140273], [-6.831187, 42.140293], [-6.831324, 42.140333], [-6.831453, 42.140386], [-6.831584, 42.140446], [-6.831697, 42.140504], [-6.831801, 42.140564], [-6.831879, 42.140616], [-6.831977, 42.140694], [-6.832078, 42.140784], [-6.832192, 42.140894], [-6.8323, 42.141008], [-6.832511, 42.141118], [-6.832791, 42.141209], [-6.833165, 42.141286], [-6.833574, 42.14134], [-6.833976, 42.141392], [-6.834309, 42.141434], [-6.8346, 42.141471], [-6.834806, 42.141497], [-6.83503, 42.141518], [-6.835239, 42.141532], [-6.83545, 42.141539], [-6.835631, 42.141539], [-6.835844, 42.141561], [-6.836058, 42.141602], [-6.836289, 42.141665], [-6.836503, 42.141742], [-6.836781, 42.141973], [-6.83708, 42.142325], [-6.837424, 42.142827], [-6.837762, 42.143401], [-6.838045, 42.143901], [-6.83823, 42.144251], [-6.838332, 42.14448], [-6.838335, 42.144553], [-6.838345, 42.144645], [-6.838359, 42.144741], [-6.83838, 42.144849], [-6.838404, 42.144953], [-6.838404, 42.145068], [-6.838382, 42.145178], [-6.838334, 42.14529], [-6.838269, 42.145387], [-6.838218, 42.145489], [-6.83819, 42.145581], [-6.838183, 42.145669], [-6.838198, 42.14574], [-6.838236, 42.145801], [-6.838292, 42.145843], [-6.838371, 42.145869], [-6.83846, 42.145876], [-6.838556, 42.145868], [-6.838645, 42.145849], [-6.838734, 42.145815], [-6.83881, 42.145772], [-6.838875, 42.145698], [-6.838922, 42.145606], [-6.838953, 42.145487], [-6.838963, 42.14536], [-6.839002, 42.145258], [-6.839063, 42.145196], [-6.839152, 42.14517], [-6.839255, 42.145182], [-6.839359, 42.145234], [-6.839449, 42.145317], [-6.839532, 42.145439], [-6.839595, 42.145579], [-6.839667, 42.145741], [-6.839737, 42.145899], [-6.83981, 42.146066], [-6.839875, 42.146217], [-6.839916, 42.146347], [-6.839926, 42.146435], [-6.839905, 42.14649], [-6.839858, 42.146503], [-6.839834, 42.146551], [-6.839835, 42.146627], [-6.839863, 42.146737], [-6.839913, 42.146865], [-6.839943, 42.147022], [-6.839949, 42.147185], [-6.839931, 42.147367], [-6.839892, 42.14754], [-6.839819, 42.147718], [-6.839723, 42.147874], [-6.839597, 42.14802], [-6.839459, 42.148134], [-6.839377, 42.148263], [-6.839364, 42.148385], [-6.839419, 42.148512], [-6.839532, 42.148624], [-6.83961, 42.148744], [-6.839642, 42.148853], [-6.839628, 42.148961], [-6.839572, 42.149052], [-6.839505, 42.149188], [-6.839437, 42.14935], [-6.839362, 42.149551], [-6.839292, 42.149759], [-6.839252, 42.149944], [-6.839249, 42.150075], [-6.839282, 42.150165], [-6.839347, 42.1502], [-6.839416, 42.150223], [-6.839479, 42.150231], [-6.839529, 42.150288], [-6.839557, 42.150386], [-6.839624, 42.150439], [-6.839721, 42.150441], [-6.839849, 42.15039], [-6.83999, 42.150295], [-6.840068, 42.150239], [-6.840071, 42.15023], [-6.840104, 42.150118], [-6.840163, 42.14992], [-6.840182, 42.149767], [-6.840158, 42.149682], [-6.840237, 42.14964], [-6.840407, 42.149646], [-6.840594, 42.149685], [-6.84077, 42.149748], [-6.840894, 42.14978], [-6.840947, 42.149775], [-6.841151, 42.149781], [-6.841475, 42.149797], [-6.841886, 42.149831], [-6.842321, 42.14988], [-6.842615, 42.14996], [-6.842725, 42.150062], [-6.842929, 42.150169], [-6.843197, 42.150266], [-6.843495, 42.150259], [-6.843775, 42.15015], [-6.844016, 42.150102], [-6.84418, 42.150125], [-6.844512, 42.150163], [-6.84496, 42.15021], [-6.845271, 42.150229], [-6.845397, 42.150218], [-6.845603, 42.150192], [-6.845857, 42.150154], [-6.846182, 42.150102], [-6.846526, 42.150044], [-6.846837, 42.149995], [-6.847067, 42.149964], [-6.847237, 42.149948], [-6.847319, 42.149949], [-6.847487, 42.149957], [-6.847715, 42.14997], [-6.848023, 42.14999], [-6.848363, 42.150013], [-6.84875, 42.150064], [-6.849123, 42.150134], [-6.849516, 42.15023], [-6.849866, 42.150337], [-6.850158, 42.150462], [-6.850348, 42.150586], [-6.850451, 42.150718], [-6.850452, 42.150839], [-6.850517, 42.150953], [-6.850638, 42.151042], [-6.850825, 42.151113], [-6.851048, 42.151156], [-6.851295, 42.151202], [-6.851528, 42.151245], [-6.851767, 42.151287], [-6.851974, 42.151322], [-6.852207, 42.151373], [-6.85243, 42.151431], [-6.852661, 42.151501], [-6.852865, 42.151572], [-6.853032, 42.151655], [-6.853137, 42.151737], [-6.853193, 42.151845], [-6.853191, 42.151963], [-6.853241, 42.152115], [-6.853335, 42.152277], [-6.853462, 42.152401], [-6.853601, 42.152466], [-6.85379, 42.152492], [-6.854001, 42.152474], [-6.854201, 42.152489], [-6.854357, 42.152533], [-6.854529, 42.152494], [-6.854688, 42.152378], [-6.854751, 42.152281], [-6.854709, 42.152217], [-6.854559, 42.152146], [-6.854323, 42.152079], [-6.854175, 42.152033], [-6.854137, 42.152015], [-6.854032, 42.151965], [-6.853876, 42.151891], [-6.853793, 42.151812], [-6.853796, 42.15174], [-6.853873, 42.151689], [-6.85401, 42.151665], [-6.854084, 42.151651], [-6.854085, 42.151649], [-6.854094, 42.151614], [-6.854111, 42.151552], [-6.85413, 42.151476], [-6.854151, 42.151399], [-6.854169, 42.151334], [-6.854182, 42.151292], [-6.854192, 42.151269], [-6.854196, 42.151268], [-6.854233, 42.151241], [-6.854298, 42.151191], [-6.854396, 42.151115], [-6.854511, 42.151023], [-6.854677, 42.150911], [-6.854869, 42.150795], [-6.855103, 42.150665], [-6.855343, 42.150542], [-6.855577, 42.150436], [-6.85577, 42.150365], [-6.855938, 42.150321], [-6.856054, 42.150313], [-6.856187, 42.150303], [-6.856317, 42.150292], [-6.856454, 42.150282], [-6.856578, 42.150272], [-6.856717, 42.150275], [-6.85685, 42.150291], [-6.856989, 42.150321], [-6.857111, 42.150361], [-6.857439, 42.150384], [-6.857923, 42.150385], [-6.858601, 42.150366], [-6.85937, 42.150329], [-6.859892, 42.150295], [-6.860088, 42.150269], [-6.860286, 42.150304], [-6.860457, 42.150395], [-6.860701, 42.150428], [-6.860981, 42.150398], [-6.861311, 42.150323], [-6.861641, 42.150213], [-6.86181, 42.15003], [-6.861793, 42.149801], [-6.861772, 42.149515], [-6.861751, 42.149215], [-6.861797, 42.148964], [-6.861904, 42.148802], [-6.862036, 42.148614], [-6.862172, 42.148429], [-6.862321, 42.148239], [-6.862459, 42.148072], [-6.862596, 42.147915], [-6.862709, 42.147791], [-6.862777, 42.147719], [-6.862788, 42.14771], [-6.862962, 42.14772], [-6.863273, 42.147747], [-6.863553, 42.147743], [-6.863759, 42.147708], [-6.863977, 42.147603], [-6.864172, 42.147445], [-6.864286, 42.147308], [-6.864301, 42.147212], [-6.864325, 42.147151], [-6.864356, 42.147136], [-6.864424, 42.147085], [-6.864519, 42.147007], [-6.864619, 42.146924], [-6.86471, 42.146849], [-6.8648, 42.146776], [-6.864873, 42.146715], [-6.864971, 42.146637], [-6.865077, 42.146554], [-6.865201, 42.146459], [-6.865323, 42.146367], [-6.865458, 42.146275], [-6.865584, 42.146196], [-6.865713, 42.146126], [-6.865824, 42.146074], [-6.86606, 42.146003], [-6.866383, 42.145924], [-6.866822, 42.145831], [-6.867307, 42.145737], [-6.867853, 42.145699], [-6.868374, 42.145721], [-6.868914, 42.145805], [-6.86939, 42.145939], [-6.869823, 42.146091], [-6.870147, 42.146239], [-6.870388, 42.146395], [-6.870509, 42.146534], [-6.870617, 42.14667], [-6.870695, 42.146782], [-6.870749, 42.146879], [-6.870771, 42.146946], [-6.870799, 42.147032], [-6.870829, 42.147122], [-6.870863, 42.147225], [-6.870896, 42.147325], [-6.870918, 42.147457], [-6.870925, 42.147602], [-6.870919, 42.147772], [-6.8709, 42.14794], [-6.870907, 42.14813], [-6.870939, 42.148313], [-6.870998, 42.148503], [-6.871076, 42.148672], [-6.871173, 42.148842], [-6.871276, 42.148989], [-6.871391, 42.149124], [-6.871502, 42.149226], [-6.871594, 42.149349], [-6.871653, 42.149473], [-6.871685, 42.149609], [-6.871684, 42.149736], [-6.871683, 42.149856], [-6.871682, 42.149952], [-6.871681, 42.150031], [-6.871681, 42.150081], [-6.871725, 42.150127], [-6.871808, 42.150164], [-6.871936, 42.150193], [-6.87209, 42.150211], [-6.872238, 42.150207], [-6.87236, 42.15018], [-6.872463, 42.15013], [-6.872533, 42.150063], [-6.872597, 42.14998], [-6.872645, 42.149894], [-6.872681, 42.149798], [-6.8727, 42.149707], [-6.872755, 42.149624], [-6.872838, 42.149562], [-6.872955, 42.149516], [-6.87309, 42.149494], [-6.873217, 42.149478], [-6.873316, 42.149472], [-6.873397, 42.149476], [-6.873446, 42.149488], [-6.873465, 42.149503], [-6.873453, 42.14952], [-6.873407, 42.149538], [-6.873335, 42.149556], [-6.873271, 42.149601], [-6.873224, 42.149665], [-6.873189, 42.149756], [-6.873174, 42.149857], [-6.873178, 42.14999], [-6.873201, 42.150133], [-6.873226, 42.150248], [-6.87325, 42.150316], [-6.873231, 42.150399], [-6.873173, 42.150486], [-6.873163, 42.150607], [-6.873202, 42.150743], [-6.873268, 42.150886], [-6.873353, 42.151014], [-6.873514, 42.151122], [-6.873726, 42.151193], [-6.873958, 42.151244], [-6.874174, 42.151268], [-6.874357, 42.151336], [-6.87448, 42.151435], [-6.874628, 42.151587], [-6.87478, 42.151768], [-6.874919, 42.151962], [-6.875024, 42.152141], [-6.875104, 42.152319], [-6.875146, 42.152468], [-6.875223, 42.152598], [-6.875321, 42.152689], [-6.875449, 42.152747], [-6.875587, 42.152765], [-6.875789, 42.152784], [-6.876023, 42.152803], [-6.876309, 42.152821], [-6.876603, 42.152837], [-6.876865, 42.152843], [-6.877056, 42.152837], [-6.877192, 42.15282], [-6.877251, 42.152793], [-6.877312, 42.152767], [-6.877366, 42.152744], [-6.877417, 42.152724], [-6.877457, 42.152709], [-6.877495, 42.152698], [-6.877523, 42.152693], [-6.877546, 42.152694], [-6.877559, 42.1527], [-6.877586, 42.152741], [-6.877624, 42.15281], [-6.877675, 42.152914], [-6.877733, 42.153036], [-6.877789, 42.153159], [-6.877837, 42.153262], [-6.877879, 42.153356], [-6.87791, 42.153425], [-6.877978, 42.15348], [-6.878071, 42.153513], [-6.878199, 42.153527], [-6.878342, 42.153519], [-6.878491, 42.153517], [-6.878625, 42.153521], [-6.878754, 42.153532], [-6.878858, 42.153547], [-6.878978, 42.153571], [-6.879095, 42.153601], [-6.879218, 42.153637], [-6.879329, 42.153676], [-6.879462, 42.153733], [-6.879595, 42.1538], [-6.879741, 42.153882], [-6.879876, 42.153966], [-6.880044, 42.154092], [-6.880219, 42.154241], [-6.880371, 42.15438], [-6.880477, 42.154488], [-6.880674, 42.154571], [-6.880933, 42.154618], [-6.881088, 42.154699], [-6.881117, 42.154801], [-6.881125, 42.15491], [-6.88111, 42.155008], [-6.881101, 42.155068], [-6.881099, 42.155079], [-6.881123, 42.155216], [-6.881167, 42.155458], [-6.881304, 42.155618], [-6.881512, 42.155672], [-6.881688, 42.155642], [-6.881806, 42.155531], [-6.881924, 42.155486], [-6.882022, 42.155512], [-6.882224, 42.155519], [-6.882498, 42.155506], [-6.882802, 42.155506], [-6.88309, 42.155519], [-6.883343, 42.155609], [-6.883522, 42.155762], [-6.883746, 42.155881], [-6.883981, 42.155948], [-6.884477, 42.155999], [-6.885158, 42.156026], [-6.885693, 42.15603], [-6.885999, 42.156011], [-6.886174, 42.156005], [-6.886189, 42.156013], [-6.886228, 42.156104], [-6.886285, 42.156265], [-6.886507, 42.156426], [-6.886858, 42.156562], [-6.887154, 42.156578], [-6.887348, 42.156471], [-6.887513, 42.156424], [-6.887624, 42.156444], [-6.887818, 42.156464], [-6.888063, 42.15648], [-6.888277, 42.156475], [-6.888425, 42.15645], [-6.888592, 42.156419], [-6.888752, 42.156388], [-6.888918, 42.156352], [-6.889064, 42.156319], [-6.889224, 42.1563], [-6.889374, 42.156297], [-6.889525, 42.15631], [-6.889656, 42.156337], [-6.889808, 42.156411], [-6.889959, 42.156519], [-6.890122, 42.156671], [-6.890272, 42.156843], [-6.890439, 42.157021], [-6.890598, 42.157178], [-6.890762, 42.157325], [-6.890906, 42.15744], [-6.891087, 42.157566], [-6.891276, 42.157681], [-6.89149, 42.157796], [-6.891696, 42.157893], [-6.891925, 42.158003], [-6.892142, 42.158109], [-6.892365, 42.15822], [-6.89256, 42.158318], [-6.892713, 42.158434], [-6.8928, 42.158549], [-6.892828, 42.158672], [-6.892793, 42.158785], [-6.89282, 42.15889], [-6.892903, 42.158969], [-6.893049, 42.159031], [-6.893237, 42.159065], [-6.893487, 42.159102], [-6.893762, 42.159135], [-6.894084, 42.159169], [-6.894403, 42.159197], [-6.894697, 42.159213], [-6.894921, 42.159216], [-6.895092, 42.159204], [-6.895186, 42.15918], [-6.895266, 42.159147], [-6.895322, 42.159111], [-6.895358, 42.159068], [-6.895368, 42.159025], [-6.895362, 42.158972], [-6.89534, 42.158918], [-6.895302, 42.158857], [-6.895252, 42.1588], [-6.895179, 42.158735], [-6.895096, 42.158673], [-6.894993, 42.158609], [-6.894888, 42.158553], [-6.894793, 42.158481], [-6.894723, 42.158403], [-6.894672, 42.158314], [-6.894647, 42.158228], [-6.894652, 42.158144], [-6.894687, 42.158075], [-6.894754, 42.158017], [-6.894843, 42.157977], [-6.894957, 42.157949], [-6.89508, 42.157937], [-6.895222, 42.15794], [-6.895361, 42.157958], [-6.895554, 42.157969], [-6.895771, 42.157972], [-6.896032, 42.157967], [-6.896296, 42.157956], [-6.896607, 42.157957], [-6.896918, 42.157971], [-6.897255, 42.157999], [-6.897566, 42.158037], [-6.897854, 42.158068], [-6.898073, 42.158089], [-6.898233, 42.1581], [-6.898309, 42.158101], [-6.898497, 42.158083], [-6.898768, 42.158051], [-6.899095, 42.158071], [-6.899427, 42.158139], [-6.899637, 42.1582], [-6.899693, 42.158246], [-6.899799, 42.158279], [-6.899941, 42.158297], [-6.900157, 42.158332], [-6.900415, 42.158379], [-6.900662, 42.158466], [-6.900861, 42.158579], [-6.901026, 42.158729], [-6.901134, 42.158892], [-6.901202, 42.159068], [-6.901221, 42.159229], [-6.90119, 42.159388], [-6.901116, 42.159522], [-6.901001, 42.159709], [-6.900863, 42.159921], [-6.90069, 42.160175], [-6.900508, 42.160433], [-6.900315, 42.160722], [-6.90014, 42.160997], [-6.899967, 42.161283], [-6.899825, 42.161534], [-6.899683, 42.16181], [-6.899563, 42.162068], [-6.899456, 42.162329], [-6.899377, 42.162554], [-6.89932, 42.162783], [-6.899294, 42.16298], [-6.899295, 42.163162], [-6.899325, 42.163301], [-6.899357, 42.163444], [-6.899387, 42.16357], [-6.899418, 42.163689], [-6.899445, 42.163782], [-6.899446, 42.163922], [-6.899421, 42.164086], [-6.899368, 42.164288], [-6.899295, 42.164497], [-6.89923, 42.16469], [-6.899184, 42.164837], [-6.899152, 42.164951], [-6.899139, 42.165014], [-6.899079, 42.165121], [-6.898979, 42.165257], [-6.898833, 42.165432], [-6.898662, 42.16562], [-6.898454, 42.165797], [-6.898239, 42.165936], [-6.898001, 42.166048], [-6.897776, 42.166117], [-6.89756, 42.166206], [-6.897388, 42.166302], [-6.897076, 42.166376], [-6.896673, 42.166415], [-6.896385, 42.166419], [-6.896256, 42.166388], [-6.89608, 42.166321], [-6.895886, 42.166229], [-6.895731, 42.166188], [-6.895639, 42.166204], [-6.895221, 42.166246], [-6.894542, 42.166308], [-6.893865, 42.166307], [-6.893294, 42.166244], [-6.892832, 42.166178], [-6.892551, 42.166119], [-6.892387, 42.166185], [-6.892367, 42.166367], [-6.892332, 42.166518], [-6.892287, 42.166614], [-6.892072, 42.166728], [-6.89172, 42.166842], [-6.891267, 42.166851], [-6.890783, 42.166755], [-6.890466, 42.166742], [-6.890365, 42.166814], [-6.890067, 42.166857], [-6.889618, 42.166865], [-6.889404, 42.166676], [-6.889459, 42.166319], [-6.889588, 42.165883], [-6.889772, 42.165435], [-6.889765, 42.165142], [-6.889566, 42.165048], [-6.889371, 42.164925], [-6.889207, 42.16479], [-6.889144, 42.164569], [-6.889191, 42.164295], [-6.889429, 42.163853], [-6.889821, 42.163312], [-6.889953, 42.162888], [-6.889806, 42.162647], [-6.889578, 42.162498], [-6.889303, 42.162463], [-6.889037, 42.162628], [-6.888821, 42.162965], [-6.888508, 42.163113], [-6.888146, 42.163047], [-6.887811, 42.16306], [-6.887556, 42.16315], [-6.887301, 42.163325], [-6.887087, 42.163558], [-6.886713, 42.16364], [-6.886237, 42.163559], [-6.885858, 42.163536], [-6.885635, 42.163574], [-6.885754, 42.163873], [-6.886197, 42.164388], [-6.886324, 42.164862], [-6.886114, 42.165222], [-6.886061, 42.165626], [-6.886171, 42.166012], [-6.886057, 42.166414], [-6.885737, 42.16677], [-6.885199, 42.16693], [-6.884527, 42.166871], [-6.883862, 42.166925], [-6.883308, 42.167085], [-6.882981, 42.167161], [-6.88293, 42.167142], [-6.882902, 42.167131], [-6.882897, 42.167136], [-6.882889, 42.167143], [-6.882788, 42.167173], [-6.882609, 42.167222], [-6.88236, 42.167244], [-6.88208, 42.167236], [-6.881883, 42.167231], [-6.8818, 42.167229], [-6.881589, 42.167237], [-6.881281, 42.167254], [-6.88081, 42.167247], [-6.880249, 42.167217], [-6.879761, 42.167194], [-6.87942, 42.167181], [-6.879129, 42.167211], [-6.878933, 42.16728], [-6.87881, 42.167397], [-6.87878, 42.167545], [-6.878727, 42.167679], [-6.87866, 42.16778], [-6.878418, 42.167937], [-6.878039, 42.168126], [-6.877664, 42.168364], [-6.87735, 42.168613], [-6.877237, 42.168824], [-6.877342, 42.168964], [-6.877361, 42.169087], [-6.87729, 42.169174], [-6.87713, 42.169411], [-6.876906, 42.169762], [-6.876769, 42.170094], [-6.876742, 42.170355], [-6.876736, 42.170572], [-6.876752, 42.170712], [-6.876675, 42.170899], [-6.876517, 42.171104], [-6.876343, 42.171238], [-6.876181, 42.171279], [-6.876088, 42.171337], [-6.876078, 42.1714], [-6.876053, 42.171454], [-6.876017, 42.171491], [-6.875955, 42.171516], [-6.875876, 42.171525], [-6.875789, 42.171562], [-6.87571, 42.17162], [-6.875609, 42.171642], [-6.875501, 42.171624], [-6.87532, 42.171614], [-6.875091, 42.171613], [-6.874929, 42.171674], [-6.87486, 42.171788], [-6.874858, 42.17195], [-6.874923, 42.172135], [-6.874958, 42.172236], [-6.874956, 42.172239], [-6.87499, 42.172347], [-6.875055, 42.172542], [-6.875186, 42.172798], [-6.875365, 42.173075], [-6.875429, 42.173403], [-6.875371, 42.173733], [-6.875184, 42.174091], [-6.874897, 42.174422], [-6.874663, 42.174668], [-6.874519, 42.17479], [-6.87433, 42.174857], [-6.874125, 42.174856], [-6.87383, 42.174945], [-6.873493, 42.17511], [-6.873241, 42.175278], [-6.873114, 42.175424], [-6.873052, 42.175618], [-6.873065, 42.17583], [-6.873079, 42.175966], [-6.873093, 42.176006], [-6.873091, 42.17604], [-6.873075, 42.176063], [-6.872986, 42.176302], [-6.87284, 42.17672], [-6.872697, 42.177336], [-6.872579, 42.178055], [-6.872476, 42.178937], [-6.872403, 42.179846], [-6.872294, 42.180707], [-6.872165, 42.181388], [-6.872005, 42.181945], [-6.871839, 42.182293], [-6.871711, 42.182653], [-6.87164, 42.182972], [-6.87162, 42.183274], [-6.871656, 42.183514], [-6.871678, 42.183791], [-6.871684, 42.184063], [-6.871673, 42.184352], [-6.871649, 42.184614], [-6.871566, 42.184923], [-6.871438, 42.185231], [-6.871255, 42.185564], [-6.871044, 42.18587], [-6.870822, 42.186205], [-6.870624, 42.186518], [-6.870433, 42.186835], [-6.870278, 42.187107], [-6.870099, 42.18743], [-6.869921, 42.187753], [-6.869732, 42.188103], [-6.869559, 42.188427], [-6.869394, 42.188785], [-6.869262, 42.189121], [-6.869151, 42.189463], [-6.86908, 42.189759], [-6.868982, 42.190026], [-6.868873, 42.190221], [-6.868744, 42.190362], [-6.868613, 42.190427], [-6.868449, 42.190512], [-6.868276, 42.190604], [-6.86808, 42.19071], [-6.867891, 42.190814], [-6.867713, 42.190883], [-6.867575, 42.190907], [-6.867464, 42.190887], [-6.867399, 42.190826], [-6.867313, 42.190756], [-6.867221, 42.190689], [-6.867116, 42.190618], [-6.867013, 42.190554], [-6.866805, 42.190562], [-6.866524, 42.190639], [-6.866146, 42.190792], [-6.865731, 42.190997], [-6.865326, 42.191216], [-6.864994, 42.191414], [-6.864707, 42.191608], [-6.864509, 42.191767], [-6.864323, 42.191952], [-6.864177, 42.192133], [-6.864059, 42.192325], [-6.863987, 42.1925], [-6.863928, 42.192674], [-6.863891, 42.192822], [-6.863873, 42.192955], [-6.863877, 42.193054], [-6.863916, 42.193175], [-6.863985, 42.1933], [-6.864089, 42.193439], [-6.864211, 42.193572], [-6.864375, 42.193685], [-6.864555, 42.193762], [-6.864766, 42.193809], [-6.864976, 42.193818], [-6.865204, 42.193888], [-6.865416, 42.194009], [-6.86563, 42.194189], [-6.865812, 42.194401], [-6.865974, 42.19464], [-6.866092, 42.194869], [-6.866175, 42.195107], [-6.866211, 42.195317], [-6.866232, 42.195587], [-6.866235, 42.195874], [-6.86622, 42.196203], [-6.86619, 42.196524], [-6.866157, 42.19684], [-6.866127, 42.197104], [-6.866097, 42.197337], [-6.866071, 42.197504], [-6.865988, 42.197825], [-6.865859, 42.198252], [-6.865675, 42.19882], [-6.865463, 42.199442], [-6.865209, 42.200111], [-6.864951, 42.200726], [-6.864668, 42.201336], [-6.864404, 42.201849], [-6.864141, 42.202359], [-6.863921, 42.202786], [-6.863724, 42.203168], [-6.863581, 42.203446], [-6.863421, 42.203734], [-6.863268, 42.20399], [-6.86311, 42.204234], [-6.862971, 42.204429], [-6.862768, 42.204675], [-6.862533, 42.204935], [-6.862245, 42.205229], [-6.861949, 42.205514], [-6.861652, 42.20585], [-6.861398, 42.206186], [-6.861168, 42.206549], [-6.860996, 42.206885], [-6.860829, 42.207233], [-6.860692, 42.20754], [-6.860574, 42.207831], [-6.860493, 42.208062], [-6.860443, 42.208262], [-6.86043, 42.208399], [-6.860455, 42.208486], [-6.860513, 42.208509], [-6.86058, 42.208594], [-6.860647, 42.208729], [-6.860718, 42.208926], [-6.860783, 42.209154], [-6.860815, 42.20942], [-6.86081, 42.209684], [-6.860767, 42.209969], [-6.860693, 42.210229], [-6.86059, 42.210534], [-6.860475, 42.210837], [-6.860339, 42.211162], [-6.860201, 42.211461], [-6.860086, 42.211716], [-6.860012, 42.211888], [-6.859973, 42.211991], [-6.859974, 42.212009], [-6.85991, 42.212062], [-6.859791, 42.21214], [-6.859607, 42.212252], [-6.859385, 42.212378], [-6.859181, 42.212517], [-6.859026, 42.212646], [-6.858906, 42.212777], [-6.858841, 42.212889], [-6.858767, 42.213042], [-6.858697, 42.213211], [-6.858624, 42.213412], [-6.85856, 42.213613], [-6.858461, 42.21379], [-6.858342, 42.213916], [-6.858194, 42.214001], [-6.85804, 42.214032], [-6.857886, 42.214062], [-6.857758, 42.214086], [-6.857643, 42.214107], [-6.85756, 42.214121], [-6.857467, 42.214148], [-6.857376, 42.214183], [-6.857281, 42.214229], [-6.857197, 42.214281], [-6.857016, 42.214333], [-6.856767, 42.214379], [-6.856429, 42.214422], [-6.856054, 42.214456], [-6.855716, 42.214486], [-6.855467, 42.214508], [-6.855287, 42.214524], [-6.855204, 42.214532], [-6.855089, 42.214532], [-6.85496, 42.214526], [-6.854806, 42.214511], [-6.854652, 42.214492], [-6.85439, 42.214492], [-6.854061, 42.214513], [-6.853636, 42.214557], [-6.853183, 42.214615], [-6.852769, 42.214694], [-6.852458, 42.214782], [-6.852225, 42.214885], [-6.852106, 42.214988], [-6.851993, 42.215103], [-6.851903, 42.215212], [-6.85183, 42.215326], [-6.851784, 42.215425], [-6.851831, 42.215502], [-6.851964, 42.215544], [-6.852193, 42.215555], [-6.852484, 42.215533], [-6.852774, 42.215539], [-6.853019, 42.215572], [-6.853237, 42.215635], [-6.853397, 42.215718], [-6.853528, 42.215804], [-6.85361, 42.21588], [-6.85365, 42.215951], [-6.853641, 42.216008], [-6.853645, 42.216093], [-6.85366, 42.216195], [-6.853689, 42.216321], [-6.853727, 42.216453], [-6.853828, 42.216553], [-6.853978, 42.216607], [-6.854188, 42.21662], [-6.854427, 42.216588], [-6.854682, 42.216569], [-6.854916, 42.216564], [-6.855146, 42.216573], [-6.855339, 42.216596], [-6.855502, 42.216663], [-6.855611, 42.216763], [-6.855675, 42.216907], [-6.855685, 42.21707], [-6.855662, 42.217252], [-6.855611, 42.217425], [-6.855526, 42.217603], [-6.855422, 42.217758], [-6.855311, 42.217943], [-6.855209, 42.218129], [-6.85511, 42.218332], [-6.855027, 42.21852], [-6.85492, 42.218733], [-6.854803, 42.218936], [-6.854669, 42.219148], [-6.854536, 42.219336], [-6.85431, 42.219585], [-6.854026, 42.219856], [-6.853658, 42.220174], [-6.853265, 42.220489], [-6.852849, 42.22079], [-6.852476, 42.221032], [-6.852113, 42.221236], [-6.851816, 42.221368], [-6.851535, 42.221488], [-6.851311, 42.221575], [-6.851128, 42.221638], [-6.851012, 42.221667], [-6.850865, 42.221756], [-6.850709, 42.221892], [-6.850532, 42.222086], [-6.850359, 42.222308], [-6.85019, 42.222519], [-6.85005, 42.222686], [-6.849928, 42.222825], [-6.849841, 42.222913], [-6.849703, 42.223033], [-6.849533, 42.223166], [-6.849317, 42.223324], [-6.84909, 42.223482], [-6.84885, 42.223668], [-6.848634, 42.223853], [-6.848425, 42.224054], [-6.848255, 42.224239], [-6.848134, 42.224427], [-6.848079, 42.224591], [-6.848088, 42.224742], [-6.848159, 42.224859], [-6.848253, 42.22499], [-6.848356, 42.225117], [-6.848477, 42.225249], [-6.848597, 42.225366], [-6.848711, 42.225472], [-6.848801, 42.225551], [-6.848874, 42.225609], [-6.84892, 42.225636], [-6.848951, 42.225663], [-6.848963, 42.225683], [-6.848956, 42.225701], [-6.848932, 42.225711], [-6.84895, 42.225765], [-6.849006, 42.225855], [-6.849105, 42.225986], [-6.849232, 42.22614], [-6.849383, 42.226394], [-6.849533, 42.22671], [-6.849696, 42.227113], [-6.849846, 42.227541], [-6.850009, 42.228002], [-6.850159, 42.228423], [-6.850309, 42.228841], [-6.850437, 42.229191], [-6.850593, 42.229584], [-6.850753, 42.229959], [-6.85093, 42.230348], [-6.851097, 42.230691], [-6.851226, 42.231082], [-6.851297, 42.231462], [-6.851314, 42.231861], [-6.851277, 42.232218], [-6.851282, 42.232543], [-6.851329, 42.232787], [-6.851421, 42.232969], [-6.851545, 42.233061], [-6.851754, 42.233136], [-6.852016, 42.233181], [-6.852353, 42.2332], [-6.852712, 42.233191], [-6.8531, 42.233182], [-6.853456, 42.233175], [-6.85381, 42.23317], [-6.854109, 42.233167], [-6.854384, 42.233164], [-6.854595, 42.233162], [-6.854758, 42.23316], [-6.854849, 42.233159], [-6.854994, 42.233186], [-6.855171, 42.233237], [-6.855394, 42.233315], [-6.85563, 42.233409], [-6.855861, 42.233549], [-6.856051, 42.233712], [-6.856216, 42.233913], [-6.856331, 42.23412], [-6.856447, 42.234351], [-6.856547, 42.234569], [-6.856639, 42.234792], [-6.856708, 42.234986], [-6.856792, 42.235239], [-6.856877, 42.235509], [-6.85697, 42.235821], [-6.857057, 42.236126], [-6.857136, 42.236462], [-6.857195, 42.236776], [-6.85724, 42.237095], [-6.857262, 42.237369], [-6.857224, 42.237636], [-6.857131, 42.237855], [-6.856974, 42.238043], [-6.856779, 42.238171], [-6.85663, 42.238278], [-6.856551, 42.238348], [-6.856535, 42.238385], [-6.856584, 42.238384], [-6.856626, 42.238414], [-6.856655, 42.23847], [-6.856672, 42.238557], [-6.856675, 42.238661], [-6.856688, 42.238812], [-6.856708, 42.238986], [-6.856738, 42.239199], [-6.856773, 42.239417], [-6.856785, 42.23964], [-6.856774, 42.239835], [-6.856738, 42.240018], [-6.856682, 42.240159], [-6.856602, 42.240331], [-6.856511, 42.240506], [-6.8564, 42.2407], [-6.856287, 42.240882], [-6.856165, 42.241077], [-6.856052, 42.241256], [-6.85594, 42.241434], [-6.855845, 42.241582], [-6.855771, 42.241726], [-6.85573, 42.241843], [-6.855718, 42.241943], [-6.855738, 42.242011], [-6.8558, 42.242075], [-6.855896, 42.242125], [-6.856034, 42.242165], [-6.856192, 42.242189], [-6.85638, 42.242194], [-6.856569, 42.242178], [-6.856775, 42.242141], [-6.856966, 42.242089], [-6.857273, 42.242023], [-6.857647, 42.241954], [-6.858122, 42.241876], [-6.858622, 42.241801], [-6.859138, 42.241797], [-6.859589, 42.241863], [-6.860012, 42.242007], [-6.860344, 42.242205], [-6.860626, 42.242391], [-6.860816, 42.242535], [-6.86093, 42.24265], [-6.860949, 42.242718], [-6.861038, 42.242789], [-6.861183, 42.242853], [-6.861395, 42.242914], [-6.861643, 42.242964], [-6.862065, 42.243097], [-6.862598, 42.243293], [-6.863284, 42.243569], [-6.86402, 42.243882], [-6.864806, 42.244182], [-6.865523, 42.244425], [-6.866229, 42.244629], [-6.866818, 42.244763], [-6.867477, 42.244915], [-6.868107, 42.245062], [-6.86876, 42.245215], [-6.869335, 42.245352], [-6.86993, 42.245503], [-6.870455, 42.245645], [-6.870952, 42.245791], [-6.871346, 42.245918], [-6.871753, 42.246061], [-6.872113, 42.246198], [-6.872453, 42.246341], [-6.872723, 42.246469], [-6.87303, 42.246591], [-6.873326, 42.246689], [-6.873637, 42.246772], [-6.873913, 42.246827], [-6.874152, 42.246899], [-6.874315, 42.246976], [-6.874417, 42.247065], [-6.874442, 42.247152], [-6.874493, 42.247244], [-6.874561, 42.247326], [-6.874652, 42.247405], [-6.874753, 42.24747], [-6.874899, 42.247569], [-6.875067, 42.24769], [-6.875272, 42.24784], [-6.875482, 42.247998], [-6.875671, 42.248148], [-6.875809, 42.248268], [-6.875909, 42.248367], [-6.875955, 42.248431], [-6.876071, 42.248504], [-6.87624, 42.248574], [-6.876476, 42.248648], [-6.876742, 42.248715], [-6.87697, 42.24877], [-6.877125, 42.248805], [-6.877219, 42.248822], [-6.877239, 42.248819], [-6.877256, 42.248817], [-6.877268, 42.248816], [-6.877277, 42.248817], [-6.877281, 42.248818], [-6.877315, 42.248854], [-6.877374, 42.248918], [-6.877462, 42.249017], [-6.877566, 42.249135], [-6.877689, 42.249246], [-6.877813, 42.249332], [-6.877948, 42.249401], [-6.878072, 42.249443], [-6.878227, 42.249481], [-6.878388, 42.24951], [-6.878569, 42.249533], [-6.878741, 42.249545], [-6.879014, 42.249558], [-6.879346, 42.249569], [-6.879763, 42.249581], [-6.880203, 42.249589], [-6.880664, 42.249608], [-6.881076, 42.249634], [-6.881473, 42.24967], [-6.881794, 42.249709], [-6.882113, 42.249746], [-6.88238, 42.249774], [-6.882619, 42.249796], [-6.882791, 42.249808], [-6.883001, 42.249844], [-6.883214, 42.249898], [-6.883451, 42.249975], [-6.883673, 42.250062], [-6.883864, 42.250156], [-6.883996, 42.250241], [-6.884077, 42.250325], [-6.884097, 42.250394], [-6.884112, 42.250461], [-6.88412, 42.250515], [-6.884121, 42.25056], [-6.884115, 42.250589], [-6.884101, 42.250656], [-6.884082, 42.250749], [-6.884056, 42.250878], [-6.884027, 42.251021], [-6.883942, 42.251188], [-6.883813, 42.251353], [-6.883631, 42.251529], [-6.883423, 42.251689], [-6.88315, 42.251847], [-6.882854, 42.251978], [-6.882509, 42.252093], [-6.88217, 42.252174], [-6.881765, 42.252271], [-6.881358, 42.252368], [-6.880914, 42.252475], [-6.880502, 42.252573], [-6.880041, 42.252608], [-6.879602, 42.252574], [-6.879148, 42.252467], [-6.87875, 42.252306], [-6.87825, 42.252122], [-6.877727, 42.251945], [-6.877135, 42.251761], [-6.876567, 42.251596], [-6.876052, 42.251417], [-6.875668, 42.251251], [-6.875385, 42.251083], [-6.875245, 42.25094], [-6.875051, 42.250836], [-6.874831, 42.250789], [-6.874568, 42.250793], [-6.874302, 42.250849], [-6.874086, 42.250943], [-6.873952, 42.251062], [-6.873889, 42.251215], [-6.873908, 42.251379], [-6.873887, 42.251561], [-6.87383, 42.251735], [-6.873731, 42.251914], [-6.873607, 42.252071], [-6.873469, 42.252226], [-6.873338, 42.252355], [-6.873204, 42.25247], [-6.873086, 42.252553], [-6.872883, 42.252617], [-6.872626, 42.252654], [-6.872293, 42.252665], [-6.871935, 42.25265], [-6.871619, 42.252595], [-6.871394, 42.252507], [-6.871241, 42.252381], [-6.871183, 42.252235], [-6.871131, 42.252077], [-6.871092, 42.25193], [-6.871063, 42.251783], [-6.871049, 42.251658], [-6.870994, 42.251523], [-6.870906, 42.2514], [-6.870779, 42.251278], [-6.870631, 42.251175], [-6.870334, 42.251089], [-6.869934, 42.251032], [-6.869396, 42.250999], [-6.868803, 42.250996], [-6.868246, 42.250984], [-6.867809, 42.250963], [-6.867456, 42.250932], [-6.867242, 42.250897], [-6.866981, 42.250802], [-6.866714, 42.250662], [-6.866418, 42.250465], [-6.866139, 42.250242], [-6.86587, 42.250029], [-6.865653, 42.249858], [-6.865468, 42.249717], [-6.865346, 42.249626], [-6.865183, 42.249573], [-6.865006, 42.249564], [-6.864799, 42.249599], [-6.864595, 42.249674], [-6.8644, 42.249752], [-6.864245, 42.249821], [-6.864117, 42.249888], [-6.864036, 42.249942], [-6.863933, 42.250097], [-6.863825, 42.250331], [-6.863703, 42.250663], [-6.863585, 42.251041], [-6.863481, 42.25137], [-6.863406, 42.251598], [-6.863355, 42.251745], [-6.863335, 42.251788], [-6.863223, 42.251801], [-6.863037, 42.251781], [-6.86276, 42.251726], [-6.862436, 42.251646], [-6.862122, 42.251581], [-6.861867, 42.251543], [-6.861648, 42.251527], [-6.8615, 42.251536], [-6.861336, 42.251546], [-6.861182, 42.251555], [-6.861023, 42.251564], [-6.860885, 42.251571], [-6.860743, 42.25157], [-6.860618, 42.251561], [-6.8605, 42.251543], [-6.860407, 42.251519], [-6.860283, 42.251423], [-6.860146, 42.251269], [-6.859985, 42.251046], [-6.859825, 42.250786], [-6.859679, 42.250539], [-6.859571, 42.250342], [-6.85949, 42.250178], [-6.859449, 42.250074], [-6.859363, 42.249969], [-6.859245, 42.249882], [-6.859084, 42.249803], [-6.858907, 42.249745], [-6.858598, 42.249666], [-6.858206, 42.249578], [-6.857697, 42.249472], [-6.857151, 42.249365], [-6.85662, 42.249238], [-6.856187, 42.249108], [-6.855816, 42.248967], [-6.855563, 42.248834], [-6.855238, 42.248724], [-6.854892, 42.248654], [-6.854495, 42.248617], [-6.854108, 42.248618], [-6.853666, 42.248666], [-6.853236, 42.248752], [-6.852783, 42.248883], [-6.852376, 42.249039], [-6.852005, 42.249192], [-6.851728, 42.249318], [-6.85152, 42.249428], [-6.851414, 42.249504], [-6.851278, 42.249547], [-6.851134, 42.24955], [-6.850968, 42.249514], [-6.850807, 42.249443], [-6.850615, 42.24936], [-6.850422, 42.249277], [-6.850211, 42.249187], [-6.850016, 42.249104], [-6.84978, 42.249], [-6.849541, 42.248891], [-6.849277, 42.24877], [-6.849029, 42.248653], [-6.848767, 42.248537], [-6.84853, 42.248439], [-6.848299, 42.248352], [-6.84811, 42.248289], [-6.847912, 42.248259], [-6.847736, 42.248266], [-6.847567, 42.248311], [-6.847431, 42.248387], [-6.847287, 42.248474], [-6.847157, 42.248559], [-6.847029, 42.248649], [-6.846924, 42.24873], [-6.846851, 42.248836], [-6.846821, 42.24895], [-6.846833, 42.249081], [-6.846884, 42.24921], [-6.846938, 42.249359], [-6.846988, 42.249506], [-6.847036, 42.249661], [-6.847077, 42.249803], [-6.847143, 42.249934], [-6.847226, 42.250034], [-6.847332, 42.250113], [-6.847445, 42.250157], [-6.847601, 42.25019], [-6.847776, 42.250206], [-6.847984, 42.250207], [-6.848194, 42.250193], [-6.848429, 42.250183], [-6.848653, 42.25018], [-6.848883, 42.250182], [-6.849086, 42.25019], [-6.849263, 42.250197], [-6.849387, 42.250203], [-6.84947, 42.250207], [-6.849497, 42.250209], [-6.849505, 42.250225], [-6.849491, 42.250254], [-6.849454, 42.250296], [-6.849401, 42.250347], [-6.849378, 42.250387], [-6.849389, 42.250412], [-6.849436, 42.250423], [-6.849509, 42.250418], [-6.849608, 42.250401], [-6.849717, 42.250374], [-6.849845, 42.250335], [-6.849972, 42.25029], [-6.850105, 42.250247], [-6.850223, 42.250214], [-6.850338, 42.250188], [-6.85043, 42.250172], [-6.850585, 42.25019], [-6.85078, 42.250239], [-6.85103, 42.250323], [-6.851297, 42.250429], [-6.851604, 42.250571], [-6.851905, 42.250727], [-6.852224, 42.25091], [-6.852513, 42.251092], [-6.852816, 42.251276], [-6.853088, 42.251432], [-6.853351, 42.251575], [-6.853564, 42.251682], [-6.853745, 42.251792], [-6.853866, 42.251888], [-6.853936, 42.251978], [-6.853945, 42.252048], [-6.853934, 42.252119], [-6.853905, 42.25218], [-6.853855, 42.252237], [-6.853792, 42.252279], [-6.853662, 42.252332], [-6.853486, 42.252388], [-6.853249, 42.252451], [-6.852986, 42.252511], [-6.852757, 42.252582], [-6.852597, 42.252653], [-6.852491, 42.252728], [-6.852457, 42.252798], [-6.852487, 42.252872], [-6.852576, 42.252938], [-6.852732, 42.253004], [-6.85293, 42.253058], [-6.853171, 42.25309], [-6.853417, 42.253096], [-6.853689, 42.253075], [-6.853946, 42.253032], [-6.85422, 42.253039], [-6.854469, 42.253096], [-6.854714, 42.253208], [-6.854918, 42.253356], [-6.855105, 42.253505], [-6.855246, 42.253632], [-6.855353, 42.253748], [-6.85541, 42.253834], [-6.855587, 42.253972], [-6.855856, 42.254142], [-6.856242, 42.254358], [-6.856683, 42.254585], [-6.857145, 42.254827], [-6.857557, 42.255046], [-6.857954, 42.255261], [-6.858273, 42.255438], [-6.858552, 42.25563], [-6.858749, 42.255808], [-6.858879, 42.255987], [-6.858922, 42.256138], [-6.858941, 42.256273], [-6.858934, 42.256369], [-6.858899, 42.256435], [-6.858842, 42.256461], [-6.858766, 42.256496], [-6.858684, 42.256536], [-6.858589, 42.256583], [-6.858495, 42.256631], [-6.858399, 42.256664], [-6.858316, 42.256679], [-6.858238, 42.256674], [-6.858178, 42.256653], [-6.858087, 42.2566], [-6.857978, 42.256523], [-6.857842, 42.256417], [-6.8577, 42.256298], [-6.857483, 42.256173], [-6.857224, 42.256062], [-6.856902, 42.255955], [-6.856565, 42.255868], [-6.856205, 42.255807], [-6.855877, 42.255781], [-6.855554, 42.255787], [-6.855285, 42.255825], [-6.855038, 42.255897], [-6.85485, 42.255994], [-6.854706, 42.256122], [-6.854627, 42.256263], [-6.854641, 42.256414], [-6.854744, 42.256552], [-6.854946, 42.256688], [-6.855215, 42.256801], [-6.855491, 42.256888], [-6.855731, 42.256933], [-6.855956, 42.256942], [-6.85613, 42.256912], [-6.856328, 42.256893], [-6.856518, 42.256886], [-6.856717, 42.256892], [-6.856894, 42.25691], [-6.857052, 42.256949], [-6.857167, 42.257003], [-6.857247, 42.257076], [-6.857281, 42.257158], [-6.857262, 42.257279], [-6.857191, 42.25742], [-6.857064, 42.257594], [-6.8569, 42.257773], [-6.85672, 42.257958], [-6.856551, 42.25812], [-6.856379, 42.258274], [-6.85623, 42.258394], [-6.85608, 42.258525], [-6.855952, 42.258646], [-6.855834, 42.258767], [-6.855745, 42.25887], [-6.855673, 42.258988], [-6.855631, 42.259103], [-6.855613, 42.259225], [-6.855623, 42.259335], [-6.855736, 42.259497], [-6.855936, 42.259688], [-6.856239, 42.259922], [-6.856598, 42.260163], [-6.856914, 42.260442], [-6.857138, 42.260715], [-6.857288, 42.261004], [-6.857341, 42.261266], [-6.857395, 42.261531], [-6.857443, 42.261761], [-6.857488, 42.261972], [-6.857524, 42.262133], [-6.857524, 42.262308], [-6.857488, 42.262469], [-6.857414, 42.26263], [-6.857313, 42.262767], [-6.857235, 42.262913], [-6.857191, 42.263045], [-6.857179, 42.263175], [-6.857199, 42.263284], [-6.857237, 42.263406], [-6.857288, 42.263525], [-6.857355, 42.26365], [-6.857429, 42.263762], [-6.857463, 42.263858], [-6.857453, 42.263923], [-6.857396, 42.263964], [-6.857303, 42.263974], [-6.85722, 42.264052], [-6.857161, 42.264187], [-6.857121, 42.264389], [-6.857105, 42.264628], [-6.857114, 42.264886], [-6.857146, 42.265123], [-6.857205, 42.26536], [-6.857281, 42.265558], [-6.857379, 42.265809], [-6.857486, 42.266073], [-6.857609, 42.266374], [-6.85773, 42.266663], [-6.85789, 42.267007], [-6.858066, 42.267351], [-6.858272, 42.267725], [-6.858475, 42.268071], [-6.858638, 42.268405], [-6.858736, 42.268674], [-6.858776, 42.268903], [-6.858753, 42.269055], [-6.858677, 42.26921], [-6.858561, 42.269344], [-6.858394, 42.269469], [-6.858202, 42.269565], [-6.857842, 42.269697], [-6.857369, 42.269846], [-6.856743, 42.270024], [-6.856061, 42.270203], [-6.855317, 42.27032], [-6.854627, 42.270357], [-6.853931, 42.270317], [-6.853337, 42.270206], [-6.852767, 42.270107], [-6.852308, 42.270035], [-6.851921, 42.269985], [-6.851667, 42.269963], [-6.85126, 42.269929], [-6.850764, 42.269887], [-6.850135, 42.269835], [-6.849473, 42.269779], [-6.84879, 42.26975], [-6.848193, 42.269752], [-6.847631, 42.269786], [-6.847191, 42.269847], [-6.84665, 42.269904], [-6.84609, 42.269949], [-6.845466, 42.269986], [-6.844873, 42.270009], [-6.844335, 42.270037], [-6.843936, 42.270067], [-6.843642, 42.2701], [-6.843499, 42.270131], [-6.843337, 42.270206], [-6.843182, 42.270312], [-6.84302, 42.270459], [-6.842877, 42.270624], [-6.842747, 42.270932], [-6.84265, 42.271334], [-6.842578, 42.271864], [-6.842543, 42.272441], [-6.842467, 42.272965], [-6.842362, 42.273357], [-6.84222, 42.273649], [-6.842062, 42.273796], [-6.841866, 42.273968], [-6.841662, 42.27414], [-6.841434, 42.274326], [-6.841216, 42.274496], [-6.840968, 42.274665], [-6.84073, 42.274804], [-6.84048, 42.274927], [-6.840257, 42.275014], [-6.839992, 42.275133], [-6.839726, 42.275266], [-6.839436, 42.275424], [-6.839166, 42.275582], [-6.838931, 42.275722], [-6.838765, 42.275823], [-6.838655, 42.275892], [-6.838618, 42.275919], [-6.838563, 42.275941], [-6.838498, 42.275953], [-6.838418, 42.275958], [-6.838335, 42.275954], [-6.838146, 42.275938], [-6.83788, 42.275914], [-6.837514, 42.275878], [-6.837105, 42.275837], [-6.836689, 42.27583], [-6.836329, 42.275858], [-6.835996, 42.275923], [-6.835741, 42.276015], [-6.835516, 42.276137], [-6.835357, 42.27627], [-6.835249, 42.276425], [-6.83521, 42.276579], [-6.835206, 42.276789], [-6.835237, 42.277023], [-6.835305, 42.2773], [-6.835401, 42.277577], [-6.835503, 42.277853], [-6.835596, 42.278082], [-6.835686, 42.278286], [-6.835761, 42.278433], [-6.835846, 42.278598], [-6.835927, 42.278757], [-6.836012, 42.278923], [-6.836086, 42.279069], [-6.836158, 42.279205], [-6.836214, 42.279308], [-6.83626, 42.279388], [-6.836289, 42.279432], [-6.8364, 42.279515], [-6.836575, 42.279625], [-6.836828, 42.27977], [-6.837122, 42.279929], [-6.837499, 42.280097], [-6.8379, 42.280248], [-6.838361, 42.280395], [-6.838809, 42.280515], [-6.839358, 42.280647], [-6.839922, 42.28077], [-6.840549, 42.280896], [-6.841143, 42.281003], [-6.841658, 42.281108], [-6.842014, 42.281194], [-6.842242, 42.281268], [-6.842306, 42.281318], [-6.842389, 42.281449], [-6.842479, 42.281639], [-6.842584, 42.281905], [-6.842686, 42.282207], [-6.842802, 42.282564], [-6.842914, 42.282924], [-6.84303, 42.283315], [-6.843134, 42.283677], [-6.843238, 42.284009], [-6.843328, 42.284259], [-6.843409, 42.284449], [-6.843471, 42.284549], [-6.843557, 42.28467], [-6.843655, 42.284792], [-6.843773, 42.284928], [-6.843892, 42.285055], [-6.843994, 42.285203], [-6.844063, 42.285351], [-6.844105, 42.28551], [-6.844113, 42.285655], [-6.844103, 42.285838], [-6.844075, 42.28603], [-6.844027, 42.286247], [-6.843968, 42.286455], [-6.843917, 42.28663], [-6.843882, 42.286743], [-6.84386, 42.286804], [-6.843856, 42.286804], [-6.843807, 42.286852], [-6.843722, 42.28694], [-6.843594, 42.287076], [-6.843442, 42.287238], [-6.843268, 42.287414], [-6.843099, 42.287575], [-6.842921, 42.287735], [-6.842761, 42.28787], [-6.842586, 42.288067], [-6.842422, 42.288297], [-6.842256, 42.288577], [-6.842113, 42.288865], [-6.84185, 42.289337], [-6.841508, 42.28992], [-6.841057, 42.290663], [-6.840568, 42.29145], [-6.840145, 42.292182], [-6.839855, 42.292746], [-6.839672, 42.293188], [-6.839625, 42.29344], [-6.839602, 42.293709], [-6.839607, 42.293952], [-6.83964, 42.29419], [-6.839696, 42.294386], [-6.83979, 42.294674], [-6.839907, 42.295009], [-6.840057, 42.29542], [-6.840218, 42.295843], [-6.840313, 42.296318], [-6.840328, 42.296772], [-6.840263, 42.297242], [-6.84013, 42.297656], [-6.840004, 42.298072], [-6.839903, 42.298426], [-6.83982, 42.298748], [-6.839768, 42.298988], [-6.83972, 42.299189], [-6.839683, 42.299318], [-6.839655, 42.299387], [-6.839641, 42.299385], [-6.839625, 42.299388], [-6.83961, 42.299395], [-6.839595, 42.299406], [-6.839583, 42.29942], [-6.839525, 42.299501], [-6.83943, 42.299635], [-6.83929, 42.299835], [-6.839127, 42.300069], [-6.838967, 42.3004], [-6.838835, 42.300778], [-6.838719, 42.301233], [-6.838638, 42.301696], [-6.838579, 42.302266], [-6.838552, 42.302856], [-6.838554, 42.303515], [-6.838585, 42.304141], [-6.838652, 42.304789], [-6.838743, 42.305358], [-6.838868, 42.305898], [-6.839006, 42.306324], [-6.83912, 42.306708], [-6.839192, 42.306992], [-6.839228, 42.307199], [-6.839223, 42.307296], [-6.839118, 42.307531], [-6.838929, 42.307865], [-6.838641, 42.308328], [-6.838297, 42.308847], [-6.837957, 42.309554], [-6.837674, 42.310338], [-6.837425, 42.311266], [-6.837246, 42.312195], [-6.837059, 42.313205], [-6.83689, 42.314141], [-6.836727, 42.315081], [-6.836594, 42.31588], [-6.836553, 42.316687], [-6.836609, 42.317376], [-6.836767, 42.318005], [-6.837003, 42.318477], [-6.837153, 42.318875], [-6.837194, 42.319137], [-6.837129, 42.319285], [-6.836969, 42.319296], [-6.836831, 42.319312], [-6.836737, 42.319332], [-6.836679, 42.319355], [-6.836665, 42.31938], [-6.836698, 42.31947], [-6.836771, 42.319612], [-6.836891, 42.319816], [-6.83704, 42.320053], [-6.837173, 42.320354], [-6.837269, 42.320674], [-6.837338, 42.321039], [-6.837369, 42.321392], [-6.837415, 42.321833], [-6.837469, 42.322294], [-6.837538, 42.322812], [-6.837609, 42.323308], [-6.837611, 42.323805], [-6.837545, 42.324225], [-6.837405, 42.324604], [-6.837212, 42.324883], [-6.836993, 42.325227], [-6.836782, 42.325583], [-6.836562, 42.32598], [-6.836367, 42.326357], [-6.836192, 42.326757], [-6.836065, 42.327118], [-6.835976, 42.327471], [-6.835938, 42.327762], [-6.835907, 42.328112], [-6.835888, 42.328467], [-6.835879, 42.328858], [-6.835883, 42.329224], [-6.835883, 42.32953], [-6.835879, 42.329729], [-6.835872, 42.329837], [-6.835863, 42.329839], [-6.835745, 42.329874], [-6.835539, 42.329938], [-6.835226, 42.330034], [-6.834854, 42.330149], [-6.83449, 42.330325], [-6.834188, 42.330534], [-6.833924, 42.330794], [-6.833738, 42.331064], [-6.833577, 42.331338], [-6.833464, 42.331574], [-6.83339, 42.33179], [-6.833368, 42.331954], [-6.833324, 42.332065], [-6.833266, 42.332107], [-6.833189, 42.332083], [-6.833104, 42.331996], [-6.833016, 42.331933], [-6.832937, 42.331904], [-6.832861, 42.331906], [-6.832799, 42.331939], [-6.832704, 42.331997], [-6.832589, 42.332072], [-6.832445, 42.332169], [-6.832294, 42.332273], [-6.832174, 42.332391], [-6.832102, 42.332505], [-6.832075, 42.332625], [-6.832095, 42.332732], [-6.832153, 42.332848], [-6.832242, 42.332957], [-6.832368, 42.333066], [-6.832511, 42.33316], [-6.832651, 42.333274], [-6.832765, 42.333391], [-6.832863, 42.33352], [-6.83293, 42.333643], [-6.832973, 42.333809], [-6.832985, 42.333994], [-6.832969, 42.334214], [-6.832925, 42.334433], [-6.832854, 42.334639], [-6.832767, 42.334798], [-6.832657, 42.334925], [-6.83254, 42.335], [-6.832397, 42.335054], [-6.832248, 42.335079], [-6.832083, 42.335077], [-6.831926, 42.335049], [-6.831695, 42.335026], [-6.831426, 42.335011], [-6.831097, 42.335005], [-6.830757, 42.335007], [-6.830391, 42.335005], [-6.830055, 42.334998], [-6.829721, 42.334986], [-6.82944, 42.33497], [-6.829181, 42.334945], [-6.828982, 42.334915], [-6.828828, 42.334877], [-6.828742, 42.334836], [-6.828647, 42.334733], [-6.828558, 42.334582], [-6.828467, 42.334371], [-6.828388, 42.334133], [-6.82829, 42.333898], [-6.828188, 42.333702], [-6.828074, 42.333529], [-6.827964, 42.333406], [-6.827831, 42.333311], [-6.827695, 42.333257], [-6.827544, 42.333241], [-6.827402, 42.333265], [-6.827248, 42.333282], [-6.827106, 42.333289], [-6.826964, 42.333287], [-6.826844, 42.333275], [-6.826723, 42.333214], [-6.826619, 42.333113], [-6.826524, 42.332962], [-6.826452, 42.332785], [-6.826452, 42.332529], [-6.826522, 42.332232], [-6.82667, 42.331869], [-6.826872, 42.331497], [-6.827081, 42.331119], [-6.827265, 42.330795], [-6.827438, 42.330495], [-6.827575, 42.330268], [-6.82768, 42.330037], [-6.827737, 42.329837], [-6.827751, 42.329653], [-6.827719, 42.329513], [-6.82769, 42.329384], [-6.827667, 42.329285], [-6.82765, 42.32921], [-6.827641, 42.329168], [-6.827614, 42.329121], [-6.827573, 42.329075], [-6.827516, 42.329026], [-6.82745, 42.328982], [-6.827335, 42.328889], [-6.827189, 42.32876], [-6.826999, 42.328586], [-6.826795, 42.328392], [-6.826574, 42.328195], [-6.82637, 42.328025], [-6.826166, 42.327868], [-6.825994, 42.327748], [-6.825785, 42.327608], [-6.825573, 42.327469], [-6.825339, 42.32732], [-6.82512, 42.327185], [-6.824919, 42.326987], [-6.824767, 42.326757], [-6.824651, 42.326476], [-6.82459, 42.326188], [-6.824618, 42.325897], [-6.824732, 42.325648], [-6.824939, 42.32542], [-6.825209, 42.325248], [-6.825528, 42.325062], [-6.825847, 42.324889], [-6.826193, 42.324715], [-6.826512, 42.324566], [-6.826854, 42.324402], [-6.827167, 42.324247], [-6.827476, 42.324088], [-6.827734, 42.32395], [-6.82795, 42.323803], [-6.82809, 42.323668], [-6.828166, 42.323536], [-6.828167, 42.323426], [-6.827972, 42.323305], [-6.827611, 42.323191], [-6.827055, 42.323075], [-6.826389, 42.322976], [-6.825799, 42.322907], [-6.825377, 42.322881], [-6.825087, 42.322894], [-6.824974, 42.322944], [-6.824763, 42.323004], [-6.824486, 42.323064], [-6.824121, 42.323128], [-6.823723, 42.323187], [-6.823324, 42.323239], [-6.822983, 42.323275], [-6.822673, 42.323299], [-6.822441, 42.323307], [-6.822213, 42.323326], [-6.822024, 42.323354], [-6.821859, 42.323393], [-6.821742, 42.323437], [-6.821642, 42.323468], [-6.821574, 42.323481], [-6.821534, 42.323479], [-6.821526, 42.32346], [-6.821399, 42.323444], [-6.821173, 42.323434], [-6.820828, 42.323428], [-6.820417, 42.323427], [-6.819979, 42.323445], [-6.819581, 42.323479], [-6.819191, 42.323532], [-6.818867, 42.323595], [-6.818589, 42.323604], [-6.818398, 42.323556], [-6.818278, 42.323449], [-6.818249, 42.323297], [-6.818174, 42.323189], [-6.818064, 42.323141], [-6.817911, 42.323148], [-6.817738, 42.32321], [-6.817452, 42.323286], [-6.817095, 42.323363], [-6.816639, 42.32345], [-6.816153, 42.323532], [-6.815702, 42.323644], [-6.815356, 42.323768], [-6.815084, 42.323915], [-6.814929, 42.324063], [-6.814677, 42.324178], [-6.814366, 42.324244], [-6.813972, 42.324265], [-6.813554, 42.324239], [-6.813197, 42.324154], [-6.812955, 42.324024], [-6.812809, 42.323837], [-6.812781, 42.323624], [-6.812733, 42.32336], [-6.812673, 42.323087], [-6.812596, 42.322783], [-6.812513, 42.322493], [-6.812401, 42.322184], [-6.812276, 42.321903], [-6.812129, 42.321626], [-6.811981, 42.321396], [-6.811857, 42.3211], [-6.811776, 42.320785], [-6.811731, 42.320424], [-6.81173, 42.320072], [-6.811674, 42.319691], [-6.811574, 42.31934], [-6.811421, 42.318989], [-6.811238, 42.318692], [-6.810986, 42.318418], [-6.810704, 42.318209], [-6.810369, 42.318048], [-6.810031, 42.317959], [-6.809668, 42.317867], [-6.809333, 42.317785], [-6.809, 42.317708], [-6.80872, 42.317646], [-6.808397, 42.317552], [-6.808081, 42.317441], [-6.807745, 42.317303], [-6.807442, 42.31716], [-6.807219, 42.316979], [-6.80711, 42.316787], [-6.807108, 42.316568], [-6.807212, 42.316356], [-6.807347, 42.316164], [-6.807493, 42.316021], [-6.807662, 42.315915], [-6.807828, 42.315863], [-6.808039, 42.315839], [-6.808264, 42.315847], [-6.80852, 42.315888], [-6.808769, 42.315955], [-6.809078, 42.316062], [-6.8094, 42.316192], [-6.80976, 42.316355], [-6.810105, 42.316528], [-6.810457, 42.316693], [-6.810761, 42.316826], [-6.811044, 42.316937], [-6.811262, 42.317009], [-6.811532, 42.317076], [-6.811813, 42.317127], [-6.812129, 42.317167], [-6.812431, 42.317189], [-6.812694, 42.317163], [-6.812879, 42.317092], [-6.812999, 42.316971], [-6.813038, 42.316819], [-6.813054, 42.316634], [-6.813044, 42.316445], [-6.813009, 42.316236], [-6.812953, 42.316039], [-6.812898, 42.31578], [-6.812853, 42.315498], [-6.812815, 42.31517], [-6.812788, 42.314847], [-6.812881, 42.314458], [-6.81308, 42.314062], [-6.8134, 42.313628], [-6.813793, 42.313222], [-6.814178, 42.312827], [-6.814494, 42.312504], [-6.81477, 42.312226], [-6.814962, 42.312035], [-6.815198, 42.311856], [-6.815442, 42.311715], [-6.815715, 42.311601], [-6.815973, 42.311532], [-6.816186, 42.311448], [-6.81632, 42.311363], [-6.816386, 42.311268], [-6.816375, 42.31118], [-6.816468, 42.311105], [-6.81665, 42.311055], [-6.816937, 42.311025], [-6.817285, 42.311021], [-6.817614, 42.311016], [-6.817872, 42.31101], [-6.818082, 42.311004], [-6.81821, 42.310999], [-6.818382, 42.310971], [-6.818569, 42.310927], [-6.818789, 42.310861], [-6.819006, 42.310784], [-6.81922, 42.310704], [-6.819399, 42.310633], [-6.819498, 42.310595], [-6.819504, 42.310596], [-6.819566, 42.310583], [-6.819676, 42.31056], [-6.819676, 42.310425], [-6.819568, 42.310198], [-6.81946, 42.309949], [-6.819369, 42.309715], [-6.819331, 42.30949], [-6.819351, 42.309308], [-6.819331, 42.309099], [-6.819273, 42.308895], [-6.819265, 42.308752], [-6.81931, 42.308691], [-6.819305, 42.308607], [-6.81925, 42.308515], [-6.819112, 42.308392], [-6.81891, 42.308257], [-6.818755, 42.30809], [-6.81867, 42.307917], [-6.818649, 42.307723], [-6.818694, 42.307538], [-6.818728, 42.307347], [-6.818744, 42.307179], [-6.818747, 42.307031], [-6.818735, 42.306926], [-6.818577, 42.306779], [-6.818296, 42.306611], [-6.818031, 42.306491], [-6.817823, 42.306437], [-6.817456, 42.306296], [-6.816988, 42.30609], [-6.816695, 42.306023], [-6.816623, 42.306107], [-6.816499, 42.306176], [-6.816343, 42.30622], [-6.816171, 42.306076], [-6.81601, 42.305764], [-6.815888, 42.305428], [-6.815824, 42.305118], [-6.81586, 42.304832], [-6.81599, 42.304614], [-6.816018, 42.304435], [-6.815938, 42.304324], [-6.815845, 42.304272], [-6.815753, 42.304288], [-6.815569, 42.304377], [-6.815322, 42.304525], [-6.815169, 42.304628], [-6.815133, 42.30467], [-6.815042, 42.304763], [-6.81491, 42.304892], [-6.814814, 42.305014], [-6.81477, 42.305111], [-6.814562, 42.305252], [-6.814223, 42.305416], [-6.814014, 42.305512], [-6.813966, 42.305524], [-6.813905, 42.305566], [-6.813838, 42.305631], [-6.813671, 42.305781], [-6.813429, 42.305992], [-6.813215, 42.306186], [-6.813061, 42.306333], [-6.812972, 42.306423], [-6.812959, 42.306442], [-6.812968, 42.30655], [-6.812997, 42.306732], [-6.812999, 42.306919], [-6.812973, 42.307084], [-6.812826, 42.307253], [-6.812579, 42.307402], [-6.81232, 42.307407], [-6.812087, 42.307268], [-6.811889, 42.307117], [-6.811755, 42.306978], [-6.811667, 42.3069], [-6.811638, 42.306897], [-6.811499, 42.306848], [-6.81127, 42.306759], [-6.810983, 42.306629], [-6.81068, 42.306478], [-6.810444, 42.306359], [-6.810311, 42.306292], [-6.810205, 42.306137], [-6.810142, 42.305917], [-6.809884, 42.305788], [-6.80947, 42.305769], [-6.809245, 42.305759], [-6.809129, 42.30572], [-6.808916, 42.305649], [-6.808793, 42.305593], [-6.808779, 42.305561], [-6.80874, 42.305471], [-6.808683, 42.305337], [-6.8086, 42.305177], [-6.808506, 42.305014], [-6.808157, 42.30489], [-6.807608, 42.304822], [-6.807132, 42.304777], [-6.806802, 42.304761], [-6.806507, 42.304702], [-6.806292, 42.304609], [-6.805976, 42.304423], [-6.805608, 42.304173], [-6.805166, 42.303843], [-6.804717, 42.303481], [-6.804215, 42.303029], [-6.803736, 42.302555], [-6.803242, 42.302021], [-6.802808, 42.301508], [-6.80241, 42.301029], [-6.802109, 42.300659], [-6.801881, 42.300365], [-6.80176, 42.300193], [-6.801691, 42.300096], [-6.801686, 42.300087], [-6.801675, 42.300077], [-6.801658, 42.300067], [-6.801597, 42.29996], [-6.8015, 42.299773], [-6.801413, 42.299604], [-6.801349, 42.29948], [-6.801314, 42.299413], [-6.801313, 42.299412], [-6.801192, 42.299307], [-6.800969, 42.299114], [-6.800802, 42.298987], [-6.800719, 42.298948], [-6.8005, 42.298753], [-6.800179, 42.298432], [-6.799972, 42.298255], [-6.799909, 42.29825], [-6.799791, 42.298224], [-6.799636, 42.298182], [-6.7995, 42.298118], [-6.799406, 42.29804], [-6.799171, 42.297856], [-6.798831, 42.297592], [-6.798516, 42.297356], [-6.798274, 42.297183], [-6.797905, 42.296985], [-6.797464, 42.296792], [-6.797206, 42.296686], [-6.79717, 42.296684], [-6.796957, 42.296671], [-6.796602, 42.296651], [-6.796403, 42.296525], [-6.796391, 42.296313], [-6.79641, 42.296149], [-6.796459, 42.296059], [-6.79651, 42.295964], [-6.796556, 42.295877], [-6.796604, 42.29573], [-6.796648, 42.295545], [-6.796635, 42.295363], [-6.796569, 42.295214], [-6.796442, 42.295091], [-6.796275, 42.295012], [-6.796144, 42.29497], [-6.796069, 42.294972], [-6.795874, 42.294976], [-6.79559, 42.294981], [-6.795438, 42.294897], [-6.79544, 42.294737], [-6.795555, 42.294542], [-6.795764, 42.294345], [-6.795867, 42.294169], [-6.795847, 42.294042], [-6.795844, 42.293846], [-6.795859, 42.293611], [-6.795879, 42.293311], [-6.795899, 42.292993], [-6.795922, 42.29263], [-6.795945, 42.292278], [-6.795926, 42.291965], [-6.795869, 42.291739], [-6.795836, 42.291615], [-6.795833, 42.291614], [-6.795677, 42.29162], [-6.795392, 42.291633], [-6.7951, 42.291663], [-6.794847, 42.291705], [-6.794555, 42.291687], [-6.794269, 42.291611], [-6.794119, 42.291453], [-6.79413, 42.291237], [-6.794405, 42.291056], [-6.7949, 42.290936], [-6.79521, 42.290808], [-6.795285, 42.29069], [-6.795284, 42.290546], [-6.795208, 42.290398], [-6.795164, 42.290277], [-6.79516, 42.290202], [-6.795179, 42.290024], [-6.795218, 42.289771], [-6.79528, 42.289422], [-6.795356, 42.289031], [-6.795368, 42.288661], [-6.795313, 42.288369], [-6.795239, 42.288175], [-6.795158, 42.288108], [-6.795116, 42.288069], [-6.795119, 42.288062], [-6.795027, 42.287958], [-6.794854, 42.287773], [-6.794737, 42.287591], [-6.794693, 42.287438], [-6.79474, 42.287236], [-6.794871, 42.287018], [-6.794977, 42.286701], [-6.795041, 42.286334], [-6.794974, 42.286008], [-6.794786, 42.285772], [-6.79472, 42.285494], [-6.794785, 42.285215], [-6.794866, 42.284902], [-6.794949, 42.284603], [-6.794945, 42.284314], [-6.794855, 42.28408], [-6.794672, 42.28385], [-6.794425, 42.28366], [-6.794313, 42.283496], [-6.794353, 42.283382], [-6.794395, 42.283163], [-6.794432, 42.282871], [-6.794446, 42.282599], [-6.794434, 42.282387], [-6.794458, 42.282151], [-6.794515, 42.281928], [-6.794556, 42.28166], [-6.794576, 42.28139], [-6.794382, 42.281123], [-6.794006, 42.280901], [-6.793592, 42.280695], [-6.793203, 42.280536], [-6.792979, 42.280424], [-6.792954, 42.280377], [-6.792879, 42.280269], [-6.792767, 42.280115], [-6.792698, 42.279929], [-6.792682, 42.279738], [-6.792619, 42.279625], [-6.792517, 42.279607], [-6.792483, 42.279439], [-6.79252, 42.279147], [-6.792482, 42.278874], [-6.792373, 42.278661], [-6.792102, 42.278581], [-6.791712, 42.278647], [-6.791496, 42.27876], [-6.791489, 42.278904], [-6.791467, 42.279101], [-6.791433, 42.279321], [-6.791327, 42.279406], [-6.791165, 42.279344], [-6.790903, 42.279205], [-6.790583, 42.27901], [-6.790263, 42.278938], [-6.789992, 42.279002], [-6.789672, 42.279089], [-6.789351, 42.279186], [-6.789135, 42.279251], [-6.789056, 42.279275], [-6.788768, 42.279204], [-6.788315, 42.279049], [-6.787882, 42.278948], [-6.787536, 42.278917], [-6.787149, 42.278886], [-6.78678, 42.278859], [-6.786386, 42.278848], [-6.786027, 42.278855], [-6.785607, 42.278849], [-6.785193, 42.27883], [-6.784806, 42.278847], [-6.784508, 42.278897], [-6.784079, 42.278902], [-6.783585, 42.27886], [-6.783158, 42.278778], [-6.782861, 42.278668], [-6.782591, 42.278588], [-6.782388, 42.278551], [-6.781999, 42.278607], [-6.781485, 42.278747], [-6.780985, 42.278822], [-6.780575, 42.27882], [-6.780274, 42.278677], [-6.780128, 42.278417], [-6.780042, 42.278209], [-6.780032, 42.278086], [-6.780035, 42.27796], [-6.780052, 42.277851], [-6.780131, 42.27776], [-6.780261, 42.277704], [-6.780407, 42.27753], [-6.780548, 42.277268], [-6.780813, 42.276829], [-6.781162, 42.276282], [-6.781467, 42.275684], [-6.78168, 42.275125], [-6.78182, 42.27456], [-6.781864, 42.274075], [-6.781885, 42.273643], [-6.78188, 42.273329], [-6.781847, 42.273108], [-6.781792, 42.273013], [-6.781654, 42.272843], [-6.781455, 42.272624], [-6.781178, 42.272337], [-6.780866, 42.272027], [-6.780522, 42.271705], [-6.780198, 42.271423], [-6.779869, 42.271155], [-6.779585, 42.270944], [-6.779281, 42.270781], [-6.779006, 42.270693], [-6.778735, 42.270671], [-6.77851, 42.270719], [-6.778383, 42.270871], [-6.778373, 42.271103], [-6.77848, 42.271435], [-6.778686, 42.271815], [-6.778947, 42.272258], [-6.779223, 42.272695], [-6.779537, 42.273162], [-6.77984, 42.273588], [-6.780112, 42.274011], [-6.780312, 42.274365], [-6.780455, 42.27468], [-6.780519, 42.274908], [-6.780576, 42.275149], [-6.780615, 42.275367], [-6.78064, 42.27558], [-6.780648, 42.275756], [-6.780581, 42.275963], [-6.780451, 42.27617], [-6.780344, 42.276312], [-6.780279, 42.276366], [-6.780216, 42.276553], [-6.780165, 42.276842], [-6.779981, 42.277093], [-6.779693, 42.277266], [-6.7794, 42.277383], [-6.779148, 42.277425], [-6.778681, 42.277436], [-6.778073, 42.277414], [-6.777437, 42.277425], [-6.776871, 42.277467], [-6.776268, 42.277501], [-6.77572, 42.277522], [-6.775219, 42.277549], [-6.774842, 42.277577], [-6.774262, 42.277646], [-6.773568, 42.277745], [-6.773014, 42.277743], [-6.772686, 42.277642], [-6.772497, 42.277587], [-6.772478, 42.277588], [-6.772367, 42.277599], [-6.772183, 42.277619], [-6.771989, 42.277645], [-6.771815, 42.277675], [-6.771675, 42.277747], [-6.771591, 42.277851], [-6.771555, 42.277996], [-6.771573, 42.278159], [-6.771659, 42.278379], [-6.7718, 42.278623], [-6.772006, 42.278911], [-6.772247, 42.279199], [-6.772521, 42.279525], [-6.772785, 42.27984], [-6.773062, 42.280171], [-6.773309, 42.280465], [-6.773566, 42.280833], [-6.773794, 42.281218], [-6.774012, 42.281652], [-6.774186, 42.282069], [-6.774391, 42.282495], [-6.774595, 42.282865], [-6.774815, 42.28321], [-6.775017, 42.283477], [-6.775165, 42.283696], [-6.775235, 42.283832], [-6.775292, 42.283922], [-6.775327, 42.283953], [-6.775431, 42.284129], [-6.775587, 42.284423], [-6.775602, 42.284614], [-6.775473, 42.284671], [-6.775251, 42.284713], [-6.77497, 42.284734], [-6.774834, 42.284761], [-6.774865, 42.284791], [-6.775391, 42.28512], [-6.776331, 42.2857], [-6.777083, 42.286128], [-6.777531, 42.28634], [-6.778223, 42.286556], [-6.779052, 42.286744], [-6.779771, 42.286845], [-6.780269, 42.286843], [-6.7808, 42.28702], [-6.781281, 42.287349], [-6.781606, 42.28765], [-6.781726, 42.287876], [-6.781833, 42.288146], [-6.781911, 42.28842], [-6.781671, 42.288949], [-6.781151, 42.289652], [-6.780717, 42.290236], [-6.780508, 42.290515], [-6.780922, 42.291188], [-6.780858, 42.292712]], [[-6.773385, 42.208901], [-6.773386, 42.208901], [-6.773388, 42.208903], [-6.773398, 42.208914], [-6.773412, 42.208928], [-6.77342, 42.208936], [-6.773444, 42.208961], [-6.773462, 42.208979], [-6.773467, 42.208984], [-6.773493, 42.209011], [-6.773505, 42.209023], [-6.773518, 42.209036], [-6.773531, 42.20905], [-6.77355, 42.209057], [-6.773585, 42.20907], [-6.773622, 42.209084], [-6.773654, 42.209096], [-6.77366, 42.209098], [-6.773689, 42.209109], [-6.773711, 42.209117], [-6.773722, 42.209121], [-6.773748, 42.209131], [-6.773759, 42.209135], [-6.773794, 42.209149], [-6.773813, 42.209156], [-6.77384, 42.209161], [-6.773849, 42.209163], [-6.77389, 42.20917], [-6.773918, 42.209176], [-6.773941, 42.20918], [-6.773952, 42.209182], [-6.773987, 42.209189], [-6.774018, 42.209194], [-6.774027, 42.209196], [-6.774037, 42.209198], [-6.774046, 42.2092], [-6.774052, 42.209201], [-6.774054, 42.209201], [-6.774056, 42.209202], [-6.774059, 42.209202], [-6.774065, 42.209203], [-6.774079, 42.209206], [-6.774098, 42.20921], [-6.774135, 42.209217], [-6.774176, 42.209224], [-6.774185, 42.209226], [-6.774212, 42.209231], [-6.774247, 42.209234], [-6.774311, 42.20924], [-6.774378, 42.209245], [-6.774437, 42.20925], [-6.774438, 42.209251], [-6.77447, 42.209253], [-6.774502, 42.209256], [-6.77451, 42.209257], [-6.774562, 42.209261], [-6.774578, 42.209263], [-6.774629, 42.209267], [-6.774657, 42.20927], [-6.774693, 42.209273], [-6.774728, 42.209276], [-6.774755, 42.209266], [-6.774792, 42.209252], [-6.774804, 42.209248], [-6.774856, 42.209229], [-6.774877, 42.209222], [-6.774902, 42.209213], [-6.774911, 42.20921], [-6.774927, 42.209203], [-6.774928, 42.209203], [-6.774929, 42.209203], [-6.77493, 42.209203], [-6.77493, 42.209202], [-6.774931, 42.209202], [-6.774932, 42.209202], [-6.774933, 42.209202], [-6.774933, 42.209201], [-6.774934, 42.209201], [-6.774936, 42.2092], [-6.774939, 42.209199], [-6.774948, 42.209196], [-6.774951, 42.209195], [-6.774963, 42.209191], [-6.774984, 42.209183], [-6.775008, 42.209174], [-6.775036, 42.209164], [-6.775048, 42.20916], [-6.77506, 42.209155], [-6.775098, 42.209142], [-6.775124, 42.209132], [-6.775143, 42.209109], [-6.775178, 42.209068], [-6.775212, 42.209026], [-6.775223, 42.209013], [-6.775242, 42.20899], [-6.77526, 42.208969], [-6.775261, 42.208968], [-6.775261, 42.208967], [-6.775262, 42.208966], [-6.775263, 42.208966], [-6.77528, 42.208945], [-6.775312, 42.208907], [-6.775318, 42.208899], [-6.775347, 42.208864], [-6.775368, 42.20884], [-6.775382, 42.208822], [-6.775401, 42.2088], [-6.775415, 42.208779], [-6.775442, 42.208741], [-6.775459, 42.208717], [-6.775467, 42.208707], [-6.775473, 42.208699], [-6.775484, 42.208682], [-6.775492, 42.208671], [-6.775494, 42.208669], [-6.775494, 42.208668], [-6.775495, 42.208668], [-6.775495, 42.208667], [-6.775495, 42.208666], [-6.775496, 42.208666], [-6.775498, 42.208663], [-6.775502, 42.208658], [-6.775505, 42.208653], [-6.775508, 42.208649], [-6.775515, 42.208639], [-6.775523, 42.208628], [-6.775532, 42.208615], [-6.775548, 42.208593], [-6.775576, 42.208553], [-6.775603, 42.208515], [-6.775618, 42.208494], [-6.775628, 42.208475], [-6.775648, 42.208441], [-6.775678, 42.208388], [-6.775713, 42.208326], [-6.775732, 42.208291], [-6.775734, 42.208289], [-6.775734, 42.208288], [-6.775736, 42.208285], [-6.775745, 42.208269], [-6.775765, 42.208234], [-6.775776, 42.208215], [-6.775782, 42.2082], [-6.775795, 42.208173], [-6.775803, 42.208155], [-6.775808, 42.208144], [-6.77581, 42.208139], [-6.77582, 42.208119], [-6.775832, 42.208091], [-6.775844, 42.208066], [-6.775849, 42.208055], [-6.775857, 42.208038], [-6.775869, 42.20801], [-6.775876, 42.207995], [-6.775879, 42.207984], [-6.775884, 42.207964], [-6.775886, 42.207958], [-6.77589, 42.207943], [-6.775892, 42.207937], [-6.775895, 42.207925], [-6.7759, 42.207905], [-6.775902, 42.207898], [-6.775905, 42.207886], [-6.775922, 42.207858], [-6.775949, 42.207825], [-6.775974, 42.2078], [-6.775994, 42.207788], [-6.776009, 42.207779], [-6.776018, 42.207773], [-6.776021, 42.207771], [-6.776022, 42.20777], [-6.776023, 42.20777], [-6.776024, 42.207769], [-6.776027, 42.207767], [-6.776029, 42.207766], [-6.77603, 42.207766], [-6.776034, 42.207763], [-6.776041, 42.207759], [-6.776077, 42.207746], [-6.776135, 42.207726], [-6.776204, 42.207709], [-6.776272, 42.207698], [-6.776343, 42.207697], [-6.776406, 42.207707], [-6.77644, 42.207712], [-6.776441, 42.207713], [-6.776467, 42.207729], [-6.776514, 42.207758], [-6.776561, 42.207804], [-6.776602, 42.207859], [-6.776638, 42.207927], [-6.776666, 42.207999], [-6.776688, 42.208058], [-6.776703, 42.208097], [-6.776711, 42.208118], [-6.776725, 42.208128], [-6.776727, 42.208129], [-6.776752, 42.208148], [-6.776793, 42.208178], [-6.776843, 42.208214], [-6.776884, 42.208244], [-6.776911, 42.208263], [-6.776925, 42.208274], [-6.776946, 42.208274], [-6.776965, 42.208274], [-6.776985, 42.208274], [-6.777026, 42.208274], [-6.777062, 42.208275], [-6.777092, 42.208275], [-6.777112, 42.208275], [-6.777129, 42.208275], [-6.777142, 42.208275], [-6.777149, 42.208275], [-6.777151, 42.208275], [-6.777152, 42.208275], [-6.777153, 42.208275], [-6.777154, 42.208275], [-6.777155, 42.208275], [-6.777156, 42.208275], [-6.77716, 42.208275], [-6.777177, 42.208275], [-6.777216, 42.208276], [-6.777237, 42.208276], [-6.777255, 42.208268], [-6.777268, 42.208263], [-6.777289, 42.208254], [-6.777306, 42.208247], [-6.777314, 42.208244], [-6.777315, 42.208244], [-6.777324, 42.20824], [-6.777331, 42.208237], [-6.777332, 42.208237], [-6.777333, 42.208236], [-6.777334, 42.208236], [-6.777335, 42.208236], [-6.777345, 42.208232], [-6.777357, 42.208227], [-6.777363, 42.208224], [-6.777379, 42.208218], [-6.77739, 42.208213], [-6.777421, 42.2082], [-6.777457, 42.208186], [-6.777478, 42.208177], [-6.777491, 42.208172], [-6.777509, 42.208164], [-6.777525, 42.208149], [-6.777534, 42.208139], [-6.777554, 42.208121], [-6.777584, 42.208091], [-6.777604, 42.208072], [-6.777611, 42.208065], [-6.777625, 42.208051], [-6.77764, 42.208037], [-6.777646, 42.208031], [-6.777666, 42.208011], [-6.777689, 42.207989], [-6.777697, 42.207982], [-6.777705, 42.207973], [-6.777725, 42.207954], [-6.777741, 42.207938], [-6.777754, 42.20791], [-6.777777, 42.207858], [-6.77779, 42.20783], [-6.77779, 42.207829], [-6.777791, 42.207828], [-6.777791, 42.207827], [-6.777791, 42.207826], [-6.777792, 42.207825], [-6.777792, 42.207824], [-6.777793, 42.207823], [-6.777793, 42.207822], [-6.777794, 42.20782], [-6.777796, 42.207816], [-6.777818, 42.207767], [-6.777857, 42.207679], [-6.77789, 42.207606], [-6.777891, 42.207603], [-6.777892, 42.2076], [-6.777914, 42.207551], [-6.777927, 42.207523], [-6.777936, 42.207482], [-6.777954, 42.207406], [-6.777972, 42.207328], [-6.777988, 42.207258], [-6.777998, 42.207215], [-6.777999, 42.207209], [-6.778, 42.207206], [-6.778004, 42.207188], [-6.778007, 42.207174], [-6.778008, 42.20717], [-6.778009, 42.207167], [-6.778009, 42.207166], [-6.778009, 42.207165], [-6.77801, 42.207164], [-6.77801, 42.207163], [-6.778011, 42.20716], [-6.778011, 42.207156], [-6.778012, 42.207154], [-6.778012, 42.207153], [-6.778013, 42.207151], [-6.778013, 42.20715], [-6.778013, 42.207147], [-6.778014, 42.207146], [-6.778015, 42.207139], [-6.778018, 42.207125], [-6.778026, 42.207093], [-6.77804, 42.207034], [-6.778057, 42.206958], [-6.778066, 42.206917], [-6.778071, 42.206881], [-6.77808, 42.206814], [-6.778083, 42.206786], [-6.778089, 42.206744], [-6.778097, 42.206682], [-6.778099, 42.206663], [-6.778101, 42.206646], [-6.778101, 42.206645], [-6.778102, 42.206643], [-6.778102, 42.206641], [-6.778102, 42.20664], [-6.778102, 42.206639], [-6.778102, 42.206638], [-6.778103, 42.206637], [-6.778103, 42.206636], [-6.778103, 42.206633], [-6.778104, 42.206629], [-6.778105, 42.206618], [-6.778107, 42.206605], [-6.778107, 42.206604], [-6.778107, 42.206601], [-6.77811, 42.206576], [-6.778115, 42.206539], [-6.778119, 42.206509], [-6.778122, 42.206482], [-6.778125, 42.206464], [-6.778131, 42.206415], [-6.778136, 42.206379], [-6.778136, 42.206347], [-6.778136, 42.206288], [-6.778136, 42.206227], [-6.778136, 42.206172], [-6.778136, 42.206127], [-6.778135, 42.206097], [-6.778135, 42.206075], [-6.778135, 42.206065], [-6.778135, 42.206056], [-6.778135, 42.206052], [-6.778135, 42.206049], [-6.778135, 42.206047], [-6.778135, 42.206046], [-6.778135, 42.206045], [-6.778135, 42.206043], [-6.778135, 42.206042], [-6.778135, 42.206039], [-6.778135, 42.206033], [-6.778135, 42.205998], [-6.778135, 42.205939], [-6.778135, 42.205907], [-6.778129, 42.205885], [-6.778117, 42.205843], [-6.778099, 42.20578], [-6.778078, 42.205704], [-6.77806, 42.20564], [-6.778048, 42.205599], [-6.778042, 42.205577], [-6.778029, 42.205564], [-6.778006, 42.205541], [-6.777986, 42.205521], [-6.777982, 42.205516], [-6.777973, 42.205508], [-6.77796, 42.205495], [-6.777954, 42.205488], [-6.777943, 42.205477], [-6.777941, 42.205475], [-6.777933, 42.205467], [-6.777926, 42.20546], [-6.777924, 42.205458], [-6.777923, 42.205457], [-6.777922, 42.205457], [-6.777921, 42.205456], [-6.777921, 42.205455], [-6.77792, 42.205455], [-6.77792, 42.205454], [-6.777919, 42.205453], [-6.777918, 42.205452], [-6.777916, 42.20545], [-6.777915, 42.205449], [-6.777914, 42.205448], [-6.777911, 42.205445], [-6.777906, 42.20544], [-6.777877, 42.205411], [-6.777828, 42.205361], [-6.777775, 42.205307], [-6.777727, 42.205259], [-6.777671, 42.205202], [-6.777617, 42.205146], [-6.77758, 42.205109], [-6.777568, 42.205096], [-6.777557, 42.205085], [-6.777552, 42.20508], [-6.777551, 42.205079], [-6.777546, 42.205074], [-6.777546, 42.205073], [-6.777542, 42.20507], [-6.77754, 42.205068], [-6.777539, 42.205067], [-6.777538, 42.205066], [-6.777537, 42.205065], [-6.777537, 42.205064], [-6.777536, 42.205064], [-6.777536, 42.205063], [-6.777535, 42.205062], [-6.777534, 42.205061], [-6.777533, 42.20506], [-6.777518, 42.205044], [-6.777491, 42.205017], [-6.777461, 42.204987], [-6.777433, 42.204957], [-6.777417, 42.204941], [-6.777397, 42.204933], [-6.77736, 42.204917], [-6.777304, 42.204893], [-6.777236, 42.204864], [-6.777179, 42.20484], [-6.777142, 42.204824], [-6.777122, 42.204816], [-6.777098, 42.204814], [-6.777054, 42.204812], [-6.777053, 42.204812], [-6.777006, 42.20481], [-6.776965, 42.204808], [-6.776957, 42.204808], [-6.77692, 42.204806], [-6.776892, 42.204805], [-6.776878, 42.204805], [-6.776869, 42.204804], [-6.776831, 42.204803], [-6.776786, 42.204801], [-6.776762, 42.204799], [-6.776738, 42.204808], [-6.776695, 42.204823], [-6.776649, 42.20484], [-6.776609, 42.204854], [-6.776581, 42.204864], [-6.776565, 42.20487], [-6.776525, 42.204884], [-6.77648, 42.2049], [-6.77645, 42.204911], [-6.776436, 42.204916], [-6.776412, 42.204924], [-6.776389, 42.204942], [-6.776361, 42.204965], [-6.776347, 42.204975], [-6.77632, 42.204997], [-6.776282, 42.205027], [-6.776204, 42.205088], [-6.776138, 42.205139], [-6.776096, 42.205172], [-6.776073, 42.20519], [-6.776057, 42.205207], [-6.776027, 42.205237], [-6.77598, 42.205284], [-6.775924, 42.20534], [-6.775878, 42.205387], [-6.775848, 42.205418], [-6.775831, 42.205434], [-6.775821, 42.205449], [-6.775803, 42.205477], [-6.775793, 42.205492], [-6.775793, 42.205493], [-6.775793, 42.205494], [-6.775792, 42.205494], [-6.775792, 42.205495], [-6.77579, 42.205497], [-6.775786, 42.205504], [-6.77578, 42.205513], [-6.775775, 42.20552], [-6.775772, 42.205525], [-6.775768, 42.205532], [-6.775762, 42.20554], [-6.775754, 42.205553], [-6.77575, 42.205559], [-6.775733, 42.205585], [-6.775709, 42.205621], [-6.775682, 42.205664], [-6.775666, 42.205687], [-6.775665, 42.205688], [-6.775665, 42.205689], [-6.775664, 42.20569], [-6.775664, 42.205691], [-6.775662, 42.205693], [-6.77566, 42.205696], [-6.775656, 42.205702], [-6.775653, 42.205708], [-6.775651, 42.20571], [-6.775649, 42.205713], [-6.775643, 42.205722], [-6.775634, 42.205736], [-6.775623, 42.205752], [-6.775612, 42.205768], [-6.775605, 42.205778], [-6.775602, 42.205781], [-6.77559, 42.205785], [-6.775571, 42.205788], [-6.775551, 42.205791], [-6.775538, 42.205792], [-6.775535, 42.205792], [-6.775518, 42.205794], [-6.775504, 42.205795], [-6.775496, 42.205796], [-6.775495, 42.205796], [-6.775494, 42.205796], [-6.775493, 42.205796], [-6.775492, 42.205796], [-6.775491, 42.205796], [-6.775462, 42.205798], [-6.77541, 42.205801], [-6.775366, 42.205804], [-6.775365, 42.205804], [-6.775338, 42.205806], [-6.775322, 42.205806], [-6.775321, 42.205806], [-6.77532, 42.205806], [-6.775319, 42.205806], [-6.775318, 42.205807], [-6.775317, 42.205807], [-6.775316, 42.205807], [-6.775315, 42.205807], [-6.775297, 42.205808], [-6.775265, 42.205809], [-6.775229, 42.205811], [-6.775204, 42.205812], [-6.775195, 42.205813], [-6.775176, 42.205814], [-6.775158, 42.205815], [-6.775141, 42.205816], [-6.775124, 42.205817], [-6.775105, 42.205818], [-6.775089, 42.205819], [-6.775058, 42.205821], [-6.775045, 42.205822], [-6.77504, 42.205823], [-6.775037, 42.205823], [-6.775036, 42.205823], [-6.775035, 42.205823], [-6.775034, 42.205823], [-6.775033, 42.205823], [-6.775032, 42.205823], [-6.775031, 42.205823], [-6.775024, 42.205824], [-6.775012, 42.205825], [-6.774998, 42.205825], [-6.774988, 42.205826], [-6.774985, 42.205826], [-6.774982, 42.205827], [-6.774977, 42.205827], [-6.774959, 42.205828], [-6.774942, 42.205829], [-6.774925, 42.20583], [-6.774907, 42.205832], [-6.774889, 42.205833], [-6.774857, 42.205836], [-6.774807, 42.20584], [-6.774747, 42.205845], [-6.77468, 42.205841], [-6.774616, 42.205829], [-6.774551, 42.205806], [-6.774493, 42.205778], [-6.774429, 42.205737], [-6.774368, 42.205688], [-6.774305, 42.205628], [-6.774261, 42.205579], [-6.77425, 42.205567], [-6.774227, 42.205541], [-6.774204, 42.205515], [-6.774175, 42.205482], [-6.774158, 42.205464], [-6.774138, 42.205453], [-6.774101, 42.205433], [-6.774063, 42.205413], [-6.774049, 42.205405], [-6.774029, 42.205395], [-6.774013, 42.205386], [-6.774006, 42.205383], [-6.773999, 42.205379], [-6.773994, 42.205376], [-6.77399, 42.205374], [-6.773987, 42.205372], [-6.773984, 42.205371], [-6.773982, 42.20537], [-6.773981, 42.205369], [-6.77398, 42.205369], [-6.77398, 42.205368], [-6.773979, 42.205368], [-6.773976, 42.205367], [-6.773975, 42.205366], [-6.773972, 42.205365], [-6.773965, 42.205361], [-6.773962, 42.205359], [-6.773947, 42.205351], [-6.773919, 42.205336], [-6.773882, 42.205316], [-6.773862, 42.205305], [-6.773838, 42.205302], [-6.773796, 42.205296], [-6.773793, 42.205296], [-6.773791, 42.205296], [-6.773747, 42.205289], [-6.773715, 42.205285], [-6.773706, 42.205284], [-6.773684, 42.205281], [-6.773662, 42.205277], [-6.773654, 42.205276], [-6.773621, 42.205272], [-6.773575, 42.205265], [-6.773531, 42.205259], [-6.773507, 42.205256], [-6.77348, 42.205254], [-6.773445, 42.205252], [-6.773432, 42.205251], [-6.773425, 42.205251], [-6.773381, 42.205249], [-6.773336, 42.205246], [-6.773297, 42.205244], [-6.77327, 42.205242], [-6.773267, 42.205242], [-6.773254, 42.205241], [-6.773251, 42.205241], [-6.77325, 42.205241], [-6.773247, 42.205241], [-6.773246, 42.205241], [-6.773245, 42.205241], [-6.773244, 42.205241], [-6.773241, 42.205241], [-6.773236, 42.20524], [-6.773229, 42.20524], [-6.773221, 42.20524], [-6.773191, 42.205238], [-6.773142, 42.205235], [-6.773116, 42.205234], [-6.773087, 42.205234], [-6.773045, 42.205235], [-6.773033, 42.205235], [-6.77303, 42.205235], [-6.772978, 42.205236], [-6.772941, 42.205236], [-6.772928, 42.205237], [-6.772921, 42.205237], [-6.772886, 42.205237], [-6.772857, 42.205238], [-6.772836, 42.205238], [-6.772827, 42.205238], [-6.772826, 42.205238], [-6.772821, 42.205238], [-6.77282, 42.205238], [-6.772819, 42.205238], [-6.772816, 42.205238], [-6.77281, 42.205238], [-6.772803, 42.205238], [-6.772783, 42.205239], [-6.77277, 42.205239], [-6.772758, 42.205239], [-6.772717, 42.20524], [-6.772688, 42.20524], [-6.772662, 42.205244], [-6.772616, 42.205252], [-6.772544, 42.205264], [-6.772457, 42.205279], [-6.772385, 42.205291], [-6.772339, 42.205299], [-6.772313, 42.205303], [-6.772291, 42.205311], [-6.772286, 42.205313], [-6.772251, 42.205326], [-6.772228, 42.205335], [-6.772226, 42.205336], [-6.772225, 42.205336], [-6.772224, 42.205337], [-6.772222, 42.205337], [-6.77222, 42.205338], [-6.772212, 42.205341], [-6.772198, 42.205346], [-6.772191, 42.205349], [-6.77219, 42.205349], [-6.77219, 42.20535], [-6.772189, 42.20535], [-6.772185, 42.205351], [-6.772179, 42.205353], [-6.772162, 42.20536], [-6.772138, 42.205369], [-6.772132, 42.205371], [-6.772127, 42.205373], [-6.772095, 42.205385], [-6.772054, 42.2054], [-6.772026, 42.20541], [-6.772013, 42.205415], [-6.771992, 42.205423], [-6.771979, 42.205432], [-6.771954, 42.205448], [-6.771941, 42.205456], [-6.77194, 42.205457], [-6.771939, 42.205458], [-6.771937, 42.205459], [-6.771936, 42.20546], [-6.771935, 42.20546], [-6.771934, 42.205461], [-6.771931, 42.205463], [-6.771925, 42.205467], [-6.771915, 42.205474], [-6.771902, 42.205482], [-6.771885, 42.205493], [-6.771883, 42.205494], [-6.771876, 42.205498], [-6.77186, 42.205509], [-6.771846, 42.205518], [-6.771835, 42.205525], [-6.771823, 42.205533], [-6.771811, 42.205541], [-6.771798, 42.205549], [-6.771793, 42.205558], [-6.771789, 42.205567], [-6.771785, 42.205575], [-6.771781, 42.205584], [-6.77178, 42.205584], [-6.77178, 42.205585], [-6.77178, 42.205586], [-6.771779, 42.205587], [-6.771778, 42.205589], [-6.771774, 42.205597], [-6.771771, 42.205603], [-6.771768, 42.205609], [-6.771761, 42.205624], [-6.771756, 42.205633], [-6.771753, 42.205639], [-6.771744, 42.205656], [-6.771741, 42.205664], [-6.771736, 42.205672], [-6.771732, 42.205681], [-6.771737, 42.205706], [-6.771747, 42.205751], [-6.771762, 42.20582], [-6.771781, 42.205903], [-6.771796, 42.205972], [-6.771806, 42.206017], [-6.771811, 42.206041], [-6.771827, 42.206081], [-6.771855, 42.206154], [-6.771884, 42.206231], [-6.771905, 42.206285], [-6.77191, 42.206298], [-6.771924, 42.206335], [-6.771938, 42.206372], [-6.771943, 42.206385], [-6.771964, 42.206439], [-6.771994, 42.206516], [-6.772022, 42.206589], [-6.772037, 42.206629], [-6.772058, 42.206661], [-6.772073, 42.206684], [-6.772098, 42.206721], [-6.772158, 42.206813], [-6.77223, 42.206924], [-6.772267, 42.20698], [-6.772291, 42.207016], [-6.772315, 42.207053], [-6.77233, 42.207076], [-6.772351, 42.207108], [-6.772378, 42.207133], [-6.772428, 42.20718], [-6.772472, 42.20722], [-6.772503, 42.207249], [-6.772553, 42.207295], [-6.772615, 42.207352], [-6.772692, 42.207433], [-6.772774, 42.207525], [-6.77285, 42.207622], [-6.772908, 42.207707], [-6.772964, 42.207802], [-6.773008, 42.207894], [-6.773045, 42.20799], [-6.773069, 42.208074], [-6.773089, 42.208145], [-6.773102, 42.20819], [-6.773109, 42.208215], [-6.773117, 42.208238], [-6.77313, 42.208279], [-6.773144, 42.208322], [-6.773157, 42.208361], [-6.773163, 42.208381], [-6.773171, 42.208402], [-6.773183, 42.208441], [-6.773193, 42.208472], [-6.773197, 42.208484], [-6.773199, 42.208488], [-6.773211, 42.208526], [-6.773218, 42.208548], [-6.773226, 42.208568], [-6.773236, 42.208595], [-6.77324, 42.208606], [-6.773255, 42.208644], [-6.77326, 42.208656], [-6.773268, 42.208679], [-6.773276, 42.208698], [-6.773283, 42.208716], [-6.773292, 42.208739], [-6.773296, 42.208751], [-6.773311, 42.20879], [-6.773315, 42.2088], [-6.773325, 42.208827], [-6.773333, 42.208847], [-6.773346, 42.208861], [-6.773371, 42.208886], [-6.773384, 42.2089], [-6.773385, 42.2089], [-6.773385, 42.208901]], [[-6.671419, 42.231419], [-6.671426, 42.231427], [-6.671431, 42.231432], [-6.671431, 42.231433], [-6.671432, 42.231434], [-6.671433, 42.231435], [-6.671434, 42.231436], [-6.671435, 42.231437], [-6.671436, 42.231438], [-6.671438, 42.23144], [-6.671439, 42.231442], [-6.671447, 42.23145], [-6.671459, 42.231463], [-6.671473, 42.231478], [-6.67148, 42.231485], [-6.671486, 42.231492], [-6.671493, 42.2315], [-6.671509, 42.2315], [-6.671513, 42.231501], [-6.671537, 42.231502], [-6.671559, 42.231503], [-6.671572, 42.231504], [-6.671581, 42.231504], [-6.671587, 42.231504], [-6.67159, 42.231505], [-6.671591, 42.231505], [-6.671592, 42.231505], [-6.671593, 42.231505], [-6.671594, 42.231505], [-6.671595, 42.231505], [-6.671597, 42.231505], [-6.6716, 42.231505], [-6.671604, 42.231505], [-6.671621, 42.231506], [-6.671647, 42.231508], [-6.671667, 42.231509], [-6.671676, 42.231509], [-6.671704, 42.23151], [-6.67172, 42.231511], [-6.671732, 42.231506], [-6.671754, 42.231497], [-6.671789, 42.231483], [-6.67183, 42.231466], [-6.671865, 42.231451], [-6.671887, 42.231442], [-6.671899, 42.231437], [-6.671921, 42.231421], [-6.671935, 42.23141], [-6.67196, 42.231392], [-6.671995, 42.231365], [-6.672, 42.231362], [-6.672008, 42.231356], [-6.672036, 42.231335], [-6.672075, 42.231305], [-6.672111, 42.231278], [-6.672116, 42.231275], [-6.672152, 42.231248], [-6.672176, 42.23123], [-6.672191, 42.231219], [-6.672212, 42.231203], [-6.672221, 42.231189], [-6.672231, 42.231172], [-6.672236, 42.231164], [-6.672251, 42.231138], [-6.672257, 42.231129], [-6.672265, 42.231115], [-6.672277, 42.231096], [-6.672283, 42.231085], [-6.672287, 42.231079], [-6.672287, 42.231078], [-6.672288, 42.231077], [-6.672288, 42.231076], [-6.672289, 42.231076], [-6.672289, 42.231075], [-6.67229, 42.231074], [-6.672293, 42.231069], [-6.672293, 42.231068], [-6.672299, 42.231059], [-6.672305, 42.231049], [-6.67231, 42.23104], [-6.672315, 42.231032], [-6.672325, 42.231015], [-6.672334, 42.231001], [-6.672337, 42.230976], [-6.672344, 42.230929], [-6.672353, 42.230858], [-6.672365, 42.230772], [-6.67237, 42.230735], [-6.672375, 42.230701], [-6.672381, 42.230654], [-6.672385, 42.230629], [-6.672387, 42.230612], [-6.67239, 42.230582], [-6.672392, 42.230564], [-6.672392, 42.230562], [-6.672394, 42.230547], [-6.672397, 42.23052], [-6.672397, 42.230514], [-6.6724, 42.23049], [-6.672403, 42.230462], [-6.672407, 42.23043], [-6.67241, 42.230399], [-6.672412, 42.230382], [-6.672414, 42.230357], [-6.672418, 42.230311], [-6.672422, 42.230264], [-6.672425, 42.230221], [-6.672427, 42.230196], [-6.672427, 42.230192], [-6.672428, 42.230189], [-6.672428, 42.230188], [-6.672428, 42.230187], [-6.672428, 42.230185], [-6.672428, 42.230182], [-6.672428, 42.23018], [-6.672429, 42.230176], [-6.672429, 42.23017], [-6.67243, 42.230162], [-6.67243, 42.230153], [-6.672432, 42.230139], [-6.672433, 42.230121], [-6.672434, 42.230111], [-6.672434, 42.23011], [-6.672443, 42.230073], [-6.67246, 42.230004], [-6.672475, 42.229955], [-6.672488, 42.229934], [-6.672501, 42.229911], [-6.672507, 42.2299], [-6.672513, 42.22989], [-6.672545, 42.229854], [-6.672594, 42.229809], [-6.672655, 42.229762], [-6.672721, 42.229721], [-6.672775, 42.229686], [-6.672811, 42.229664], [-6.67283, 42.229652], [-6.672842, 42.229641], [-6.672863, 42.229622], [-6.67288, 42.229607], [-6.672889, 42.229598], [-6.672895, 42.229593], [-6.672896, 42.229592], [-6.672897, 42.229591], [-6.672898, 42.22959], [-6.672899, 42.229589], [-6.6729, 42.229588], [-6.672902, 42.229586], [-6.672907, 42.229582], [-6.672913, 42.229577], [-6.672927, 42.229564], [-6.672946, 42.229546], [-6.672969, 42.229526], [-6.672973, 42.229522], [-6.67299, 42.229507], [-6.673002, 42.229496], [-6.673017, 42.229477], [-6.673046, 42.229441], [-6.67307, 42.229412], [-6.673084, 42.229394], [-6.673094, 42.229382], [-6.673098, 42.229377], [-6.673101, 42.229374], [-6.673101, 42.229373], [-6.673102, 42.229372], [-6.673103, 42.229371], [-6.673105, 42.229369], [-6.673108, 42.229364], [-6.673112, 42.22936], [-6.673114, 42.229357], [-6.673132, 42.229335], [-6.673158, 42.229302], [-6.673188, 42.229265], [-6.673217, 42.229229], [-6.673233, 42.22921], [-6.673242, 42.229198], [-6.673243, 42.229195], [-6.673257, 42.229175], [-6.673264, 42.229166], [-6.673274, 42.229151], [-6.673289, 42.229131], [-6.673305, 42.229108], [-6.673319, 42.229087], [-6.673336, 42.229064], [-6.67335, 42.229043], [-6.673352, 42.229041], [-6.67336, 42.229029], [-6.67337, 42.229011], [-6.67338, 42.228995], [-6.673389, 42.228979], [-6.673409, 42.228946], [-6.673426, 42.228917], [-6.673436, 42.228901], [-6.673445, 42.228885], [-6.673446, 42.228883], [-6.673461, 42.228857], [-6.67347, 42.228841], [-6.673471, 42.228841], [-6.673471, 42.22884], [-6.673471, 42.228839], [-6.673472, 42.228839], [-6.67349, 42.228814], [-6.673523, 42.228767], [-6.673555, 42.228727], [-6.673582, 42.2287], [-6.673617, 42.22867], [-6.673656, 42.228643], [-6.673701, 42.228616], [-6.673746, 42.228593], [-6.673784, 42.228574], [-6.673799, 42.228567], [-6.673808, 42.228562], [-6.673821, 42.228555], [-6.673828, 42.228551], [-6.673841, 42.228543], [-6.673854, 42.228536], [-6.673866, 42.228528], [-6.673878, 42.228521], [-6.673883, 42.228518], [-6.67389, 42.228514], [-6.673903, 42.228506], [-6.673916, 42.228498], [-6.673923, 42.228494], [-6.67393, 42.228488], [-6.673944, 42.228478], [-6.673946, 42.228476], [-6.673958, 42.228467], [-6.673969, 42.228459], [-6.673971, 42.228457], [-6.673973, 42.228456], [-6.673981, 42.228449], [-6.673987, 42.228445], [-6.67399, 42.228442], [-6.673991, 42.228442], [-6.673991, 42.228441], [-6.673992, 42.228441], [-6.673993, 42.228441], [-6.673993, 42.22844], [-6.673994, 42.22844], [-6.673996, 42.228438], [-6.674001, 42.228434], [-6.674003, 42.228432], [-6.674004, 42.228432], [-6.674012, 42.228426], [-6.674024, 42.228416], [-6.674025, 42.228415], [-6.674033, 42.22841], [-6.674035, 42.2284], [-6.674035, 42.228399], [-6.674039, 42.228381], [-6.674042, 42.228367], [-6.674043, 42.22836], [-6.674045, 42.228354], [-6.674046, 42.228349], [-6.674047, 42.228346], [-6.674047, 42.228345], [-6.674047, 42.228344], [-6.674047, 42.228343], [-6.674048, 42.228341], [-6.674048, 42.228337], [-6.674051, 42.228328], [-6.674051, 42.228326], [-6.674051, 42.228325], [-6.674055, 42.228309], [-6.674059, 42.22829], [-6.674063, 42.228272], [-6.674063, 42.228271], [-6.674065, 42.228261], [-6.674064, 42.228237], [-6.674063, 42.228192], [-6.674061, 42.228156], [-6.674061, 42.228145], [-6.67406, 42.228103], [-6.674058, 42.228065], [-6.674057, 42.228035], [-6.674057, 42.228021], [-6.674057, 42.228016], [-6.674056, 42.228015], [-6.674056, 42.228009], [-6.674056, 42.228006], [-6.674056, 42.228005], [-6.674056, 42.228004], [-6.674056, 42.228002], [-6.674056, 42.228], [-6.674056, 42.227997], [-6.674055, 42.227969], [-6.674053, 42.227924], [-6.674052, 42.2279], [-6.674049, 42.227889], [-6.674047, 42.227884], [-6.674042, 42.227868], [-6.674037, 42.227853], [-6.674035, 42.227848], [-6.674035, 42.227846], [-6.674033, 42.22784], [-6.674031, 42.227835], [-6.674031, 42.227833], [-6.67403, 42.227833], [-6.67403, 42.227832], [-6.67403, 42.227831], [-6.67403, 42.22783], [-6.674029, 42.227829], [-6.674029, 42.227828], [-6.674028, 42.227825], [-6.674026, 42.22782], [-6.674026, 42.227819], [-6.674022, 42.227806], [-6.67402, 42.227802], [-6.674016, 42.227787], [-6.674008, 42.227765], [-6.674003, 42.227749], [-6.674002, 42.227744], [-6.673998, 42.227733], [-6.673988, 42.227723], [-6.673982, 42.227718], [-6.673969, 42.227706], [-6.673949, 42.227688], [-6.673932, 42.227672], [-6.673924, 42.227664], [-6.673916, 42.227657], [-6.673913, 42.227654], [-6.673904, 42.227646], [-6.673895, 42.227637], [-6.673891, 42.227633], [-6.673888, 42.227631], [-6.673887, 42.22763], [-6.673886, 42.22763], [-6.673876, 42.22762], [-6.673857, 42.227603], [-6.673847, 42.227593], [-6.673835, 42.227589], [-6.673834, 42.227589], [-6.673812, 42.227582], [-6.673778, 42.227571], [-6.673736, 42.227557], [-6.673702, 42.227546], [-6.673679, 42.227539], [-6.673667, 42.227535], [-6.673641, 42.227533], [-6.673594, 42.227529], [-6.673593, 42.227529], [-6.673589, 42.227528], [-6.673518, 42.227522], [-6.673428, 42.227514], [-6.673354, 42.227508], [-6.673305, 42.227503], [-6.673279, 42.227501], [-6.673262, 42.227502], [-6.673231, 42.227503], [-6.673183, 42.227505], [-6.673125, 42.227507], [-6.673077, 42.227508], [-6.673046, 42.227509], [-6.673029, 42.22751], [-6.673004, 42.227514], [-6.672959, 42.227522], [-6.672889, 42.227533], [-6.672806, 42.227547], [-6.672736, 42.227559], [-6.672691, 42.227567], [-6.672667, 42.227571], [-6.67265, 42.227576], [-6.672618, 42.227585], [-6.672569, 42.2276], [-6.672511, 42.227617], [-6.672462, 42.227632], [-6.67243, 42.227641], [-6.672413, 42.227646], [-6.672386, 42.227658], [-6.672374, 42.227663], [-6.672336, 42.227678], [-6.67226, 42.22771], [-6.672168, 42.227748], [-6.672091, 42.22778], [-6.672041, 42.227801], [-6.672014, 42.227812], [-6.672, 42.227824], [-6.671973, 42.227847], [-6.671931, 42.227881], [-6.671881, 42.227923], [-6.671839, 42.227957], [-6.671815, 42.227977], [-6.671812, 42.22798], [-6.671797, 42.227992], [-6.67178, 42.228017], [-6.67176, 42.228048], [-6.671749, 42.228063], [-6.671738, 42.228079], [-6.671728, 42.228094], [-6.671721, 42.228104], [-6.671718, 42.228109], [-6.671717, 42.228111], [-6.671716, 42.228112], [-6.671715, 42.228114], [-6.671714, 42.228114], [-6.671714, 42.228115], [-6.671714, 42.228116], [-6.671713, 42.228116], [-6.671713, 42.228117], [-6.671712, 42.228118], [-6.671712, 42.228119], [-6.67171, 42.228122], [-6.671707, 42.228125], [-6.671681, 42.228164], [-6.671636, 42.228231], [-6.671594, 42.228293], [-6.671563, 42.228339], [-6.671546, 42.228364], [-6.671544, 42.22838], [-6.671542, 42.228403], [-6.671542, 42.22841], [-6.67154, 42.228429], [-6.671539, 42.228442], [-6.671536, 42.228469], [-6.671535, 42.228486], [-6.671535, 42.228489], [-6.671534, 42.228491], [-6.671534, 42.228492], [-6.671534, 42.228493], [-6.671534, 42.228494], [-6.671534, 42.228495], [-6.671534, 42.228497], [-6.671534, 42.228499], [-6.671533, 42.228505], [-6.671532, 42.228514], [-6.671531, 42.228525], [-6.67153, 42.228536], [-6.671528, 42.228558], [-6.671527, 42.228573], [-6.671526, 42.228588], [-6.671524, 42.228605], [-6.671537, 42.228628], [-6.671544, 42.228641], [-6.67156, 42.228672], [-6.671585, 42.228717], [-6.671606, 42.228757], [-6.671626, 42.228793], [-6.671639, 42.228817], [-6.67164, 42.228819], [-6.671647, 42.228833], [-6.671648, 42.228834], [-6.671648, 42.228835], [-6.671653, 42.228843], [-6.671659, 42.228856], [-6.671676, 42.228897], [-6.671699, 42.228961], [-6.671712, 42.229005], [-6.671712, 42.229022], [-6.671713, 42.229032], [-6.671713, 42.229033], [-6.671713, 42.229034], [-6.671713, 42.229035], [-6.671713, 42.229037], [-6.671713, 42.229046], [-6.671713, 42.229065], [-6.671701, 42.229096], [-6.671678, 42.229135], [-6.671655, 42.229165], [-6.671634, 42.229182], [-6.671616, 42.229196], [-6.671603, 42.229206], [-6.671593, 42.229214], [-6.671588, 42.229219], [-6.671587, 42.22922], [-6.671585, 42.229221], [-6.671584, 42.229222], [-6.671583, 42.229222], [-6.671583, 42.229223], [-6.671582, 42.229223], [-6.671581, 42.229224], [-6.671581, 42.229225], [-6.67158, 42.229225], [-6.671558, 42.229242], [-6.671519, 42.229273], [-6.671499, 42.229289], [-6.671498, 42.229289], [-6.671498, 42.22929], [-6.67149, 42.229296], [-6.671475, 42.229307], [-6.67146, 42.229319], [-6.671445, 42.229331], [-6.671415, 42.229354], [-6.671373, 42.229385], [-6.671338, 42.229411], [-6.671315, 42.229428], [-6.671289, 42.229447], [-6.671266, 42.229464], [-6.67124, 42.229483], [-6.671226, 42.229494], [-6.671214, 42.229502], [-6.671201, 42.229512], [-6.671198, 42.229534], [-6.671195, 42.229556], [-6.671193, 42.229575], [-6.671187, 42.229617], [-6.671186, 42.22963], [-6.671182, 42.229655], [-6.671178, 42.229691], [-6.671175, 42.229714], [-6.671174, 42.229719], [-6.671174, 42.229722], [-6.671172, 42.229738], [-6.671171, 42.229744], [-6.67117, 42.229748], [-6.67117, 42.229751], [-6.67117, 42.229752], [-6.67117, 42.229753], [-6.671167, 42.229776], [-6.671164, 42.229799], [-6.671162, 42.229816], [-6.671159, 42.229838], [-6.671164, 42.229894], [-6.671166, 42.22992], [-6.671174, 42.229998], [-6.67118, 42.230069], [-6.671183, 42.230097], [-6.671186, 42.230126], [-6.671186, 42.230127], [-6.671188, 42.230151], [-6.67119, 42.230173], [-6.671192, 42.230187], [-6.671192, 42.23019], [-6.671193, 42.230199], [-6.671193, 42.230207], [-6.671194, 42.230213], [-6.671194, 42.230216], [-6.671194, 42.230217], [-6.671195, 42.23022], [-6.671195, 42.230221], [-6.671195, 42.230223], [-6.671195, 42.230226], [-6.671196, 42.230234], [-6.671197, 42.230245], [-6.671197, 42.230246], [-6.671203, 42.230305], [-6.671205, 42.230326], [-6.671212, 42.2304], [-6.671222, 42.230508], [-6.671229, 42.230586], [-6.671231, 42.230611], [-6.671237, 42.230667], [-6.67124, 42.230694], [-6.671246, 42.230729], [-6.671248, 42.230742], [-6.671255, 42.230792], [-6.671256, 42.230802], [-6.671262, 42.230837], [-6.671265, 42.230861], [-6.671269, 42.230885], [-6.671275, 42.23093], [-6.671276, 42.230937], [-6.671283, 42.23098], [-6.671285, 42.230993], [-6.67129, 42.231028], [-6.671294, 42.231054], [-6.6713, 42.231077], [-6.671312, 42.231118], [-6.671324, 42.231161], [-6.671334, 42.231199], [-6.67134, 42.23122], [-6.67134, 42.231221], [-6.671341, 42.231221], [-6.671341, 42.231222], [-6.671341, 42.231223], [-6.671341, 42.231224], [-6.671342, 42.231226], [-6.671343, 42.231228], [-6.671343, 42.231231], [-6.671345, 42.231235], [-6.671346, 42.231241], [-6.671348, 42.231247], [-6.671351, 42.231256], [-6.671353, 42.231267], [-6.671357, 42.231279], [-6.671361, 42.231292], [-6.671369, 42.231322], [-6.671381, 42.231363], [-6.671387, 42.231385], [-6.671394, 42.231393], [-6.671407, 42.231407], [-6.671419, 42.231419]], [[-6.761429, 42.208231], [-6.761632, 42.208299], [-6.761825, 42.20834], [-6.761976, 42.208349], [-6.762187, 42.208346], [-6.762424, 42.208331], [-6.762635, 42.208328], [-6.762787, 42.208336], [-6.762891, 42.208333], [-6.762933, 42.208317], [-6.763037, 42.208267], [-6.763188, 42.208191], [-6.763285, 42.208161], [-6.763314, 42.208181], [-6.763318, 42.208217], [-6.763297, 42.208264], [-6.763263, 42.208343], [-6.763223, 42.208444], [-6.763277, 42.208504], [-6.763418, 42.208514], [-6.7636, 42.208455], [-6.763797, 42.208337], [-6.763977, 42.208228], [-6.764115, 42.208145], [-6.764261, 42.20807], [-6.764395, 42.208013], [-6.764551, 42.207927], [-6.764705, 42.207824], [-6.764852, 42.207684], [-6.764969, 42.207528], [-6.765069, 42.207355], [-6.765137, 42.20719], [-6.76519, 42.207024], [-6.765219, 42.206883], [-6.765314, 42.206692], [-6.765461, 42.20648], [-6.765568, 42.206286], [-6.765619, 42.206142], [-6.765677, 42.206017], [-6.765733, 42.205931], [-6.765763, 42.205838], [-6.765761, 42.205753], [-6.765759, 42.205633], [-6.765755, 42.205498], [-6.765785, 42.205364], [-6.765845, 42.205251], [-6.76596, 42.205107], [-6.766112, 42.204954], [-6.766231, 42.204805], [-6.7663, 42.204683], [-6.766393, 42.204616], [-6.766497, 42.204616], [-6.766644, 42.204632], [-6.766814, 42.204663], [-6.766958, 42.20469], [-6.767055, 42.204707], [-6.767187, 42.204777], [-6.767334, 42.204889], [-6.767534, 42.205003], [-6.767757, 42.205101], [-6.767951, 42.205105], [-6.768086, 42.205014], [-6.768212, 42.20491], [-6.76831, 42.204809], [-6.7685, 42.204666], [-6.768753, 42.204504], [-6.768957, 42.204345], [-6.76908, 42.204214], [-6.769197, 42.204055], [-6.76929, 42.203895], [-6.769361, 42.203772], [-6.769399, 42.203706], [-6.769418, 42.20362], [-6.769415, 42.203527], [-6.769379, 42.203399], [-6.769315, 42.203257], [-6.769247, 42.203102], [-6.769183, 42.20296], [-6.769156, 42.20284], [-6.769168, 42.202761], [-6.769171, 42.202641], [-6.769165, 42.202497], [-6.769114, 42.202363], [-6.769027, 42.202258], [-6.768926, 42.202187], [-6.768827, 42.202162], [-6.768624, 42.202168], [-6.768347, 42.202206], [-6.767992, 42.202248], [-6.767612, 42.202286], [-6.767275, 42.202348], [-6.767032, 42.202423], [-6.766803, 42.202494], [-6.766623, 42.20255], [-6.766424, 42.202616], [-6.766236, 42.202681], [-6.766064, 42.202821], [-6.765935, 42.203013], [-6.765703, 42.203228], [-6.765405, 42.203431], [-6.7652, 42.203567], [-6.765122, 42.203614], [-6.764987, 42.203711], [-6.764818, 42.203842], [-6.764573, 42.203966], [-6.764291, 42.204065], [-6.763972, 42.204128], [-6.763667, 42.204145], [-6.763386, 42.204142], [-6.763173, 42.204118], [-6.763017, 42.20414], [-6.762943, 42.204203], [-6.762834, 42.2043], [-6.762705, 42.204415], [-6.762588, 42.204527], [-6.762499, 42.204619], [-6.762313, 42.204733], [-6.76206, 42.204853], [-6.761831, 42.204988], [-6.761661, 42.205119], [-6.761427, 42.20526], [-6.761165, 42.205389], [-6.760861, 42.205547], [-6.760562, 42.205708], [-6.760333, 42.205843], [-6.760209, 42.205932], [-6.760113, 42.206078], [-6.76006, 42.206257], [-6.760028, 42.206382], [-6.760019, 42.206435], [-6.760027, 42.206526], [-6.760048, 42.206641], [-6.760113, 42.206741], [-6.760213, 42.206809], [-6.76029, 42.206884], [-6.760333, 42.206953], [-6.760294, 42.207015], [-6.760181, 42.20706], [-6.760054, 42.207095], [-6.759933, 42.207115], [-6.759861, 42.207146], [-6.759848, 42.207182], [-6.759855, 42.20725], [-6.75988, 42.20734], [-6.759888, 42.207431], [-6.759875, 42.207509], [-6.759817, 42.207612], [-6.759722, 42.207721], [-6.759563, 42.207886], [-6.759366, 42.208081], [-6.759175, 42.208243], [-6.75902, 42.208345], [-6.758882, 42.208429], [-6.758782, 42.20848], [-6.758685, 42.208602], [-6.758609, 42.208777], [-6.758577, 42.208971], [-6.758594, 42.209156], [-6.758731, 42.209178], [-6.758967, 42.209037], [-6.759139, 42.208897], [-6.759221, 42.208781], [-6.759324, 42.208662], [-6.759433, 42.208559], [-6.759656, 42.208447], [-6.759961, 42.208345], [-6.760185, 42.208279], [-6.760295, 42.208261], [-6.760484, 42.208206], [-6.760725, 42.208123], [-6.760891, 42.208071], [-6.760957, 42.20806], [-6.761077, 42.208091], [-6.761234, 42.208158], [-6.761429, 42.208231]], [[-6.790533, 42.199316], [-6.79056, 42.199312], [-6.790607, 42.199325], [-6.790667, 42.199353], [-6.790753, 42.199347], [-6.790851, 42.19931], [-6.790955, 42.199248], [-6.791049, 42.199173], [-6.791093, 42.199101], [-6.791083, 42.199043], [-6.79104, 42.198981], [-6.790973, 42.198924], [-6.790893, 42.198885], [-6.790814, 42.198868], [-6.790746, 42.198838], [-6.7907, 42.198799], [-6.790686, 42.198771], [-6.790706, 42.19876], [-6.790743, 42.198749], [-6.790793, 42.19874], [-6.790968, 42.198745], [-6.791243, 42.198763], [-6.791478, 42.198781], [-6.791638, 42.198796], [-6.791858, 42.198817], [-6.792106, 42.198839], [-6.792277, 42.19887], [-6.792344, 42.198905], [-6.792434, 42.198915], [-6.792533, 42.198899], [-6.792599, 42.198869], [-6.792623, 42.198831], [-6.792634, 42.198762], [-6.792632, 42.198673], [-6.792645, 42.198521], [-6.792671, 42.198329], [-6.792661, 42.198195], [-6.792616, 42.198139], [-6.792584, 42.198026], [-6.79257, 42.197875], [-6.792573, 42.197743], [-6.792593, 42.197651], [-6.792629, 42.19758], [-6.792675, 42.197542], [-6.792713, 42.197476], [-6.792735, 42.197392], [-6.792741, 42.197282], [-6.792731, 42.197165], [-6.79271, 42.19706], [-6.792683, 42.196983], [-6.792643, 42.196886], [-6.792596, 42.196784], [-6.792558, 42.19667], [-6.792533, 42.196564], [-6.792531, 42.19649], [-6.792552, 42.196461], [-6.792606, 42.196411], [-6.792685, 42.196346], [-6.792712, 42.196275], [-6.792681, 42.196207], [-6.79262, 42.196146], [-6.792538, 42.196101], [-6.792464, 42.196069], [-6.792409, 42.196057], [-6.792325, 42.196035], [-6.792224, 42.196005], [-6.792122, 42.195964], [-6.792035, 42.195919], [-6.791952, 42.195878], [-6.791885, 42.195847], [-6.791789, 42.195815], [-6.791678, 42.195787], [-6.791566, 42.19581], [-6.791472, 42.195881], [-6.791376, 42.195951], [-6.791295, 42.196007], [-6.791214, 42.19602], [-6.791148, 42.195989], [-6.7911, 42.195928], [-6.791077, 42.195847], [-6.791074, 42.195771], [-6.791092, 42.195713], [-6.7911, 42.195645], [-6.791098, 42.195577], [-6.791072, 42.195517], [-6.791025, 42.195473], [-6.790949, 42.195447], [-6.790856, 42.195442], [-6.790728, 42.195484], [-6.790585, 42.195568], [-6.790422, 42.195639], [-6.790263, 42.195687], [-6.790125, 42.195738], [-6.790029, 42.195784], [-6.789923, 42.195839], [-6.789824, 42.195894], [-6.789684, 42.195973], [-6.789526, 42.196064], [-6.789384, 42.196143], [-6.789279, 42.196199], [-6.789145, 42.196275], [-6.789002, 42.196358], [-6.788893, 42.196414], [-6.788835, 42.196432], [-6.788772, 42.196429], [-6.788714, 42.196405], [-6.788668, 42.196375], [-6.788643, 42.196346], [-6.788578, 42.196315], [-6.788484, 42.196288], [-6.788361, 42.196282], [-6.788227, 42.196296], [-6.788163, 42.196334], [-6.788179, 42.196391], [-6.788216, 42.196445], [-6.788269, 42.196487], [-6.788351, 42.196524], [-6.78845, 42.19655], [-6.788529, 42.196578], [-6.788577, 42.196604], [-6.788621, 42.196638], [-6.788654, 42.196675], [-6.788711, 42.196721], [-6.788782, 42.196768], [-6.788817, 42.196806], [-6.788812, 42.196828], [-6.788803, 42.196873], [-6.788792, 42.196935], [-6.788792, 42.197], [-6.788802, 42.197057], [-6.788813, 42.197127], [-6.788821, 42.197198], [-6.788836, 42.197272], [-6.788855, 42.197337], [-6.788883, 42.197415], [-6.788917, 42.197494], [-6.788941, 42.197566], [-6.78895, 42.19762], [-6.788975, 42.197699], [-6.789013, 42.19779], [-6.789067, 42.197883], [-6.78913, 42.197962], [-6.789184, 42.198033], [-6.789222, 42.198086], [-6.78924, 42.198148], [-6.789234, 42.198209], [-6.78921, 42.198277], [-6.789171, 42.198343], [-6.789135, 42.198414], [-6.789108, 42.198478], [-6.78908, 42.198536], [-6.789058, 42.198578], [-6.789037, 42.198635], [-6.78902, 42.198697], [-6.789021, 42.198766], [-6.789039, 42.198831], [-6.789069, 42.198891], [-6.789104, 42.198936], [-6.789176, 42.198949], [-6.789274, 42.198928], [-6.789411, 42.198907], [-6.789567, 42.19889], [-6.789667, 42.1989], [-6.789695, 42.198938], [-6.789743, 42.19899], [-6.789806, 42.199048], [-6.789852, 42.199111], [-6.789875, 42.199171], [-6.789907, 42.199221], [-6.789945, 42.199253], [-6.789999, 42.199278], [-6.790061, 42.199294], [-6.790102, 42.199363], [-6.790117, 42.199475], [-6.790134, 42.199567], [-6.79015, 42.199624], [-6.790163, 42.199658], [-6.79017, 42.199666], [-6.790197, 42.19967], [-6.790237, 42.199672], [-6.790286, 42.199657], [-6.790335, 42.199627], [-6.79037, 42.199598], [-6.790387, 42.199574], [-6.790406, 42.199534], [-6.790426, 42.199484], [-6.790441, 42.199438], [-6.790449, 42.199402], [-6.790469, 42.199366], [-6.790501, 42.199336], [-6.790533, 42.199316]], [[-6.783943, 42.182209], [-6.783985, 42.182197], [-6.784016, 42.182174], [-6.78403, 42.182142], [-6.784034, 42.182102], [-6.784028, 42.18206], [-6.784051, 42.18201], [-6.7841, 42.181959], [-6.784144, 42.181908], [-6.784178, 42.181864], [-6.7842, 42.18181], [-6.784207, 42.181753], [-6.784209, 42.181707], [-6.784207, 42.181677], [-6.784188, 42.181646], [-6.784157, 42.181617], [-6.784108, 42.181597], [-6.784049, 42.181591], [-6.783986, 42.181555], [-6.783929, 42.181496], [-6.783893, 42.181445], [-6.783882, 42.181408], [-6.783864, 42.181377], [-6.783841, 42.181355], [-6.783794, 42.181324], [-6.783732, 42.181288], [-6.783691, 42.181241], [-6.783677, 42.181193], [-6.783684, 42.181141], [-6.783711, 42.181094], [-6.783717, 42.181037], [-6.783701, 42.18098], [-6.783673, 42.180916], [-6.783639, 42.180854], [-6.78362, 42.180776], [-6.78362, 42.180695], [-6.783616, 42.180606], [-6.78361, 42.180522], [-6.78359, 42.180442], [-6.783561, 42.180379], [-6.783527, 42.180316], [-6.783495, 42.180261], [-6.783447, 42.180214], [-6.783392, 42.180181], [-6.783325, 42.180144], [-6.783258, 42.180108], [-6.78317, 42.180042], [-6.783077, 42.179956], [-6.783003, 42.17986], [-6.78296, 42.179769], [-6.782898, 42.179671], [-6.782827, 42.179581], [-6.782776, 42.179488], [-6.782753, 42.179407], [-6.782745, 42.179302], [-6.782753, 42.17919], [-6.782739, 42.17911], [-6.782706, 42.179073], [-6.782651, 42.179033], [-6.782584, 42.178998], [-6.782518, 42.178963], [-6.782464, 42.178934], [-6.782398, 42.17891], [-6.782331, 42.178896], [-6.782253, 42.178863], [-6.782177, 42.178817], [-6.782118, 42.178753], [-6.782086, 42.178681], [-6.782044, 42.178619], [-6.781997, 42.178576], [-6.781949, 42.178547], [-6.781906, 42.178538], [-6.781807, 42.17854], [-6.781668, 42.178556], [-6.781553, 42.178568], [-6.781481, 42.178576], [-6.781405, 42.178584], [-6.781338, 42.178591], [-6.781253, 42.178608], [-6.781162, 42.178632], [-6.781075, 42.17861], [-6.781005, 42.178545], [-6.780949, 42.178478], [-6.780915, 42.17842], [-6.780853, 42.178366], [-6.780772, 42.178324], [-6.780721, 42.178275], [-6.780707, 42.178226], [-6.780724, 42.178177], [-6.78077, 42.178136], [-6.78078, 42.178074], [-6.780754, 42.178002], [-6.780696, 42.177938], [-6.780614, 42.177892], [-6.780516, 42.177853], [-6.780416, 42.177827], [-6.780277, 42.177839], [-6.780118, 42.177888], [-6.780008, 42.177971], [-6.779963, 42.178076], [-6.779915, 42.178213], [-6.779871, 42.178361], [-6.779825, 42.178475], [-6.779785, 42.178537], [-6.779739, 42.178626], [-6.779693, 42.178727], [-6.77965, 42.178827], [-6.779616, 42.178909], [-6.779549, 42.179036], [-6.77946, 42.179187], [-6.77939, 42.179323], [-6.779349, 42.179424], [-6.779317, 42.179519], [-6.779298, 42.179595], [-6.779286, 42.179671], [-6.779281, 42.179735], [-6.779302, 42.179822], [-6.779346, 42.179916], [-6.779393, 42.179982], [-6.779435, 42.180009], [-6.779514, 42.180058], [-6.779618, 42.180122], [-6.779696, 42.180196], [-6.779734, 42.180271], [-6.779762, 42.180349], [-6.779776, 42.180419], [-6.779759, 42.180489], [-6.779712, 42.180548], [-6.779677, 42.180588], [-6.779659, 42.180604], [-6.77965, 42.180652], [-6.779654, 42.180723], [-6.779645, 42.180803], [-6.779626, 42.180879], [-6.779651, 42.180967], [-6.779716, 42.181054], [-6.779768, 42.181116], [-6.779799, 42.181145], [-6.779888, 42.181186], [-6.780022, 42.181231], [-6.780138, 42.181269], [-6.78022, 42.181294], [-6.780299, 42.181299], [-6.780364, 42.181284], [-6.780421, 42.181267], [-6.780463, 42.181251], [-6.78051, 42.181285], [-6.780555, 42.181363], [-6.780639, 42.18142], [-6.780751, 42.181448], [-6.78084, 42.181467], [-6.780894, 42.181475], [-6.780998, 42.181478], [-6.781135, 42.181477], [-6.781231, 42.181497], [-6.781271, 42.181537], [-6.781314, 42.181601], [-6.781354, 42.18168], [-6.781349, 42.181752], [-6.781302, 42.181807], [-6.781334, 42.181887], [-6.78144, 42.18198], [-6.781578, 42.182037], [-6.781725, 42.182051], [-6.781831, 42.18204], [-6.781879, 42.182006], [-6.781973, 42.182009], [-6.782099, 42.182047], [-6.782169, 42.182074], [-6.782172, 42.182086], [-6.782251, 42.182156], [-6.782393, 42.182273], [-6.782478, 42.182364], [-6.782493, 42.182417], [-6.782528, 42.182494], [-6.782576, 42.182584], [-6.782631, 42.182635], [-6.782684, 42.182639], [-6.782728, 42.182631], [-6.782758, 42.182613], [-6.78277, 42.18257], [-6.782764, 42.182507], [-6.782759, 42.182446], [-6.782756, 42.182395], [-6.782764, 42.182359], [-6.782783, 42.182343], [-6.78282, 42.182341], [-6.782869, 42.182354], [-6.78294, 42.182384], [-6.783021, 42.182426], [-6.78309, 42.182451], [-6.783137, 42.182456], [-6.783185, 42.182459], [-6.783226, 42.182461], [-6.783267, 42.182477], [-6.783304, 42.182505], [-6.783315, 42.182542], [-6.783298, 42.182583], [-6.783277, 42.182619], [-6.783255, 42.182644], [-6.783232, 42.182673], [-6.783212, 42.182702], [-6.783222, 42.182737], [-6.783261, 42.182773], [-6.783349, 42.182789], [-6.783473, 42.18278], [-6.783584, 42.182757], [-6.783666, 42.182722], [-6.783722, 42.182687], [-6.783742, 42.182658], [-6.783749, 42.182606], [-6.783742, 42.182539], [-6.783727, 42.182475], [-6.783706, 42.182423], [-6.783691, 42.182368], [-6.783682, 42.182318], [-6.783703, 42.18228], [-6.783749, 42.18226], [-6.783811, 42.18224], [-6.783881, 42.182224], [-6.783943, 42.182209]], [[-6.797707, 42.184999], [-6.797662, 42.184934], [-6.797623, 42.184863], [-6.797596, 42.184795], [-6.797603, 42.184738], [-6.797644, 42.184702], [-6.797702, 42.184671], [-6.797769, 42.184651], [-6.79783, 42.184614], [-6.797876, 42.184566], [-6.797853, 42.184512], [-6.797764, 42.184461], [-6.797662, 42.18442], [-6.797563, 42.184394], [-6.797476, 42.184395], [-6.797415, 42.184422], [-6.79738, 42.184464], [-6.797377, 42.184513], [-6.797358, 42.184556], [-6.797326, 42.184585], [-6.797257, 42.18459], [-6.797163, 42.184572], [-6.797065, 42.184543], [-6.796977, 42.184507], [-6.796899, 42.184469], [-6.796844, 42.184436], [-6.796788, 42.184409], [-6.796741, 42.184394], [-6.796666, 42.184377], [-6.796575, 42.18436], [-6.796445, 42.184331], [-6.796297, 42.184295], [-6.796161, 42.184266], [-6.796059, 42.184249], [-6.795963, 42.184227], [-6.795887, 42.184204], [-6.795791, 42.184212], [-6.79569, 42.18425], [-6.795599, 42.184295], [-6.795531, 42.184338], [-6.795482, 42.184397], [-6.79546, 42.184462], [-6.795461, 42.184514], [-6.795484, 42.184544], [-6.79554, 42.184565], [-6.795619, 42.184573], [-6.795709, 42.184576], [-6.795795, 42.184574], [-6.795888, 42.184595], [-6.795974, 42.184636], [-6.796056, 42.184673], [-6.796121, 42.1847], [-6.796171, 42.184744], [-6.796197, 42.184797], [-6.796221, 42.184863], [-6.796238, 42.184933], [-6.796255, 42.184989], [-6.79627, 42.185022], [-6.796318, 42.185058], [-6.79639, 42.185091], [-6.796465, 42.18513], [-6.796531, 42.18517], [-6.796582, 42.185208], [-6.796611, 42.18524], [-6.796646, 42.185275], [-6.796682, 42.18531], [-6.796707, 42.185354], [-6.796718, 42.185401], [-6.796733, 42.185454], [-6.79675, 42.185504], [-6.796801, 42.185571], [-6.79688, 42.185645], [-6.797, 42.18569], [-6.797143, 42.185698], [-6.797258, 42.185702], [-6.797327, 42.185703], [-6.797384, 42.185701], [-6.797419, 42.185695], [-6.797494, 42.185657], [-6.797596, 42.185593], [-6.797654, 42.185522], [-6.797658, 42.185455], [-6.797675, 42.18537], [-6.797701, 42.185281], [-6.797724, 42.185204], [-6.797741, 42.185152], [-6.797745, 42.185101], [-6.797736, 42.185058], [-6.797707, 42.184999]], [[-6.730901, 42.176326], [-6.730866, 42.176264], [-6.730833, 42.176203], [-6.730807, 42.176152], [-6.730807, 42.176108], [-6.730833, 42.176078], [-6.730888, 42.176041], [-6.730964, 42.176003], [-6.730997, 42.175935], [-6.730984, 42.175848], [-6.730958, 42.175744], [-6.730923, 42.175639], [-6.730888, 42.17553], [-6.730861, 42.175432], [-6.730842, 42.175332], [-6.730834, 42.175243], [-6.730846, 42.175154], [-6.730876, 42.175076], [-6.73093, 42.175003], [-6.730999, 42.174944], [-6.731076, 42.174876], [-6.731149, 42.174808], [-6.731235, 42.174762], [-6.731322, 42.174743], [-6.731401, 42.174702], [-6.731459, 42.174645], [-6.7315, 42.17456], [-6.731518, 42.174459], [-6.731533, 42.174357], [-6.731543, 42.17427], [-6.731563, 42.174168], [-6.731592, 42.174065], [-6.731645, 42.173945], [-6.731715, 42.173827], [-6.731733, 42.173727], [-6.731697, 42.173661], [-6.731664, 42.173563], [-6.731637, 42.173448], [-6.731638, 42.173342], [-6.731667, 42.173261], [-6.731689, 42.173164], [-6.731702, 42.173069], [-6.731718, 42.172958], [-6.731733, 42.172849], [-6.731663, 42.172754], [-6.731518, 42.172689], [-6.731369, 42.172634], [-6.731237, 42.172596], [-6.731078, 42.172526], [-6.730914, 42.172435], [-6.730771, 42.172348], [-6.730672, 42.17228], [-6.730555, 42.172196], [-6.730438, 42.172109], [-6.73029, 42.172025], [-6.730134, 42.171958], [-6.730006, 42.171915], [-6.729928, 42.171903], [-6.72985, 42.171934], [-6.729784, 42.172005], [-6.729702, 42.17209], [-6.729618, 42.172177], [-6.729505, 42.17223], [-6.729382, 42.172242], [-6.729271, 42.172268], [-6.72919, 42.172303], [-6.729056, 42.172381], [-6.728892, 42.17249], [-6.72866, 42.172584], [-6.728397, 42.172649], [-6.728226, 42.172715], [-6.728173, 42.172771], [-6.728148, 42.172847], [-6.728154, 42.172931], [-6.728136, 42.173042], [-6.728096, 42.173164], [-6.728087, 42.173287], [-6.728112, 42.173394], [-6.728128, 42.173497], [-6.728135, 42.173581], [-6.728132, 42.17367], [-6.728119, 42.173748], [-6.728117, 42.173827], [-6.728124, 42.173894], [-6.728112, 42.173984], [-6.728083, 42.174082], [-6.728052, 42.17417], [-6.728024, 42.174235], [-6.727991, 42.174305], [-6.727958, 42.17437], [-6.727925, 42.17444], [-6.727897, 42.174504], [-6.727869, 42.174583], [-6.727846, 42.174663], [-6.72784, 42.174729], [-6.727851, 42.17477], [-6.727866, 42.174822], [-6.727882, 42.174879], [-6.727908, 42.174972], [-6.72794, 42.175086], [-6.727966, 42.175178], [-6.727983, 42.175235], [-6.728015, 42.175326], [-6.728058, 42.175438], [-6.7281, 42.175544], [-6.728135, 42.175628], [-6.728194, 42.175705], [-6.728269, 42.175765], [-6.728394, 42.175823], [-6.72855, 42.175869], [-6.7287, 42.175924], [-6.728819, 42.175981], [-6.728961, 42.176042], [-6.729103, 42.176099], [-6.729232, 42.17616], [-6.729329, 42.176216], [-6.729394, 42.176284], [-6.729419, 42.176352], [-6.72946, 42.176407], [-6.72951, 42.176441], [-6.729585, 42.176489], [-6.729675, 42.176542], [-6.729753, 42.176586], [-6.729807, 42.176615], [-6.729882, 42.176628], [-6.729966, 42.176622], [-6.730024, 42.176627], [-6.730045, 42.17664], [-6.730065, 42.176669], [-6.730082, 42.176709], [-6.730119, 42.176739], [-6.73017, 42.176756], [-6.730218, 42.176764], [-6.730258, 42.176762], [-6.730303, 42.176754], [-6.730345, 42.176743], [-6.730422, 42.17673], [-6.730522, 42.176717], [-6.730594, 42.176751], [-6.730627, 42.176827], [-6.73066, 42.176877], [-6.730687, 42.176893], [-6.730712, 42.176905], [-6.730731, 42.176911], [-6.730761, 42.176908], [-6.730799, 42.176897], [-6.730849, 42.176877], [-6.730905, 42.176851], [-6.730954, 42.176817], [-6.73099, 42.176781], [-6.73102, 42.176744], [-6.731039, 42.176711], [-6.73104, 42.17666], [-6.731023, 42.176599], [-6.730989, 42.176512], [-6.730944, 42.176414], [-6.730901, 42.176326]], [[-6.725129, 42.189564], [-6.725218, 42.189564], [-6.725313, 42.189564], [-6.725399, 42.189565], [-6.725501, 42.189567], [-6.725603, 42.189571], [-6.725677, 42.189579], [-6.725711, 42.189591], [-6.725749, 42.18962], [-6.725784, 42.189663], [-6.725822, 42.189692], [-6.725857, 42.189704], [-6.725918, 42.189704], [-6.725995, 42.189693], [-6.726086, 42.189668], [-6.726177, 42.189634], [-6.726253, 42.189622], [-6.726302, 42.189635], [-6.726343, 42.189646], [-6.726367, 42.189652], [-6.726393, 42.189634], [-6.726416, 42.189594], [-6.726444, 42.18956], [-6.726473, 42.189539], [-6.726526, 42.189539], [-6.726595, 42.189561], [-6.726671, 42.189555], [-6.726742, 42.189522], [-6.726793, 42.189494], [-6.726817, 42.189475], [-6.726849, 42.189456], [-6.726884, 42.189439], [-6.726945, 42.189408], [-6.727023, 42.189368], [-6.727089, 42.189309], [-6.727133, 42.189242], [-6.727159, 42.189167], [-6.727161, 42.189097], [-6.72714, 42.189015], [-6.727097, 42.188935], [-6.727042, 42.188862], [-6.726984, 42.188808], [-6.726897, 42.188754], [-6.726795, 42.188707], [-6.726668, 42.18865], [-6.726537, 42.188591], [-6.726409, 42.18853], [-6.726305, 42.188475], [-6.726213, 42.188429], [-6.726147, 42.1884], [-6.726067, 42.188359], [-6.725985, 42.188313], [-6.725892, 42.188271], [-6.725803, 42.18824], [-6.725666, 42.188206], [-6.725502, 42.188176], [-6.725354, 42.188152], [-6.725243, 42.188136], [-6.725133, 42.18812], [-6.72504, 42.188106], [-6.724934, 42.188082], [-6.724831, 42.188053], [-6.724746, 42.18804], [-6.724693, 42.188044], [-6.724627, 42.188066], [-6.72456, 42.1881], [-6.72449, 42.18814], [-6.724429, 42.188178], [-6.724355, 42.188256], [-6.724279, 42.188362], [-6.724236, 42.188438], [-6.724234, 42.18847], [-6.724225, 42.188531], [-6.72421, 42.188613], [-6.724202, 42.188688], [-6.724201, 42.188745], [-6.72419, 42.188811], [-6.72417, 42.188874], [-6.72415, 42.188951], [-6.724132, 42.18903], [-6.724115, 42.189113], [-6.724101, 42.189185], [-6.72408, 42.189258], [-6.724054, 42.18932], [-6.724024, 42.189379], [-6.723995, 42.189427], [-6.723985, 42.189481], [-6.723997, 42.189535], [-6.724015, 42.189579], [-6.724034, 42.189608], [-6.724054, 42.189633], [-6.724071, 42.189652], [-6.724086, 42.189673], [-6.724098, 42.189695], [-6.724098, 42.189719], [-6.724088, 42.189742], [-6.724093, 42.189765], [-6.724113, 42.189785], [-6.724174, 42.189789], [-6.724268, 42.189775], [-6.724351, 42.189767], [-6.724411, 42.189765], [-6.724468, 42.189767], [-6.724512, 42.189773], [-6.724563, 42.189765], [-6.724612, 42.189746], [-6.724652, 42.18972], [-6.724675, 42.189691], [-6.724708, 42.189659], [-6.724745, 42.189629], [-6.724805, 42.189603], [-6.724877, 42.189584], [-6.724959, 42.189571], [-6.725038, 42.189567], [-6.725129, 42.189564]], [[-6.793953, 42.135063], [-6.793842, 42.134954], [-6.793721, 42.134813], [-6.793609, 42.134661], [-6.793486, 42.134534], [-6.793371, 42.134452], [-6.793261, 42.134415], [-6.793173, 42.13443], [-6.793106, 42.134455], [-6.793069, 42.134487], [-6.793005, 42.134567], [-6.792923, 42.134683], [-6.792861, 42.134795], [-6.79283, 42.134885], [-6.792769, 42.135002], [-6.79269, 42.135126], [-6.792628, 42.135238], [-6.792594, 42.13532], [-6.792616, 42.135441], [-6.79269, 42.135582], [-6.792777, 42.135733], [-6.792862, 42.135872], [-6.792938, 42.135988], [-6.792994, 42.136064], [-6.793068, 42.136148], [-6.793148, 42.136228], [-6.793232, 42.136329], [-6.793308, 42.136436], [-6.793419, 42.136518], [-6.793547, 42.136565], [-6.793743, 42.136555], [-6.793977, 42.13649], [-6.794188, 42.13638], [-6.794345, 42.136243], [-6.79446, 42.136122], [-6.794516, 42.136036], [-6.794582, 42.135942], [-6.794649, 42.135854], [-6.794679, 42.135761], [-6.794667, 42.135678], [-6.794627, 42.13556], [-6.794566, 42.135426], [-6.794466, 42.135314], [-6.794342, 42.135241], [-6.794207, 42.135181], [-6.794081, 42.135142], [-6.793953, 42.135063]], [[-6.788502, 42.13688], [-6.788409, 42.136751], [-6.788361, 42.136648], [-6.788367, 42.136588], [-6.78837, 42.13649], [-6.788371, 42.136371], [-6.788306, 42.136253], [-6.788186, 42.136154], [-6.78807, 42.136072], [-6.787975, 42.13602], [-6.787856, 42.135994], [-6.787731, 42.135998], [-6.787591, 42.136054], [-6.787458, 42.136153], [-6.78729, 42.136218], [-6.787113, 42.13624], [-6.786999, 42.136254], [-6.786966, 42.13626], [-6.786888, 42.136292], [-6.786777, 42.136344], [-6.786664, 42.136364], [-6.786567, 42.136346], [-6.786383, 42.136289], [-6.786141, 42.136203], [-6.785954, 42.136137], [-6.785853, 42.136103], [-6.785763, 42.136072], [-6.785699, 42.136049], [-6.785594, 42.13603], [-6.785465, 42.136018], [-6.78532, 42.136033], [-6.785182, 42.136073], [-6.785089, 42.13614], [-6.785055, 42.136222], [-6.785053, 42.136324], [-6.785083, 42.13643], [-6.785183, 42.136542], [-6.785338, 42.136643], [-6.785497, 42.1367], [-6.785635, 42.136702], [-6.785736, 42.136772], [-6.785784, 42.136901], [-6.785807, 42.137026], [-6.785801, 42.137129], [-6.785828, 42.137244], [-6.785882, 42.137354], [-6.785975, 42.137463], [-6.786092, 42.137554], [-6.786177, 42.137632], [-6.786215, 42.137685], [-6.786202, 42.13777], [-6.786139, 42.137875], [-6.786104, 42.137968], [-6.7861, 42.138037], [-6.786223, 42.138141], [-6.786453, 42.138264], [-6.786789, 42.138331], [-6.78718, 42.138333], [-6.787479, 42.138315], [-6.787641, 42.138279], [-6.787788, 42.138204], [-6.787896, 42.1381], [-6.787993, 42.138005], [-6.788065, 42.137934], [-6.788165, 42.137848], [-6.788278, 42.13776], [-6.788386, 42.137636], [-6.788472, 42.137494], [-6.78855, 42.137351], [-6.788607, 42.137231], [-6.788616, 42.13711], [-6.788575, 42.137006], [-6.788502, 42.13688]], [[-6.784407, 42.136363], [-6.784405, 42.136278], [-6.78445, 42.136192], [-6.784532, 42.136118], [-6.784592, 42.136044], [-6.784619, 42.135979], [-6.784619, 42.135892], [-6.784592, 42.135794], [-6.784571, 42.135719], [-6.784559, 42.135679], [-6.784471, 42.135588], [-6.78432, 42.13546], [-6.784193, 42.135384], [-6.78411, 42.135373], [-6.784006, 42.135381], [-6.783899, 42.135408], [-6.783792, 42.135426], [-6.783702, 42.135433], [-6.783584, 42.135411], [-6.783456, 42.135365], [-6.783337, 42.135339], [-6.783245, 42.135337], [-6.783172, 42.135363], [-6.783128, 42.135413], [-6.783102, 42.135496], [-6.783097, 42.135599], [-6.783109, 42.135731], [-6.783137, 42.135871], [-6.783132, 42.135982], [-6.783093, 42.136049], [-6.783066, 42.136173], [-6.783055, 42.136337], [-6.783081, 42.136471], [-6.783139, 42.136555], [-6.783267, 42.136611], [-6.783445, 42.136632], [-6.783661, 42.136651], [-6.783883, 42.136665], [-6.784023, 42.136696], [-6.784059, 42.136742], [-6.784094, 42.136823], [-6.784124, 42.136929], [-6.784181, 42.137044], [-6.784257, 42.13715], [-6.784322, 42.137245], [-6.784364, 42.137315], [-6.78438, 42.137413], [-6.784366, 42.137527], [-6.784366, 42.137614], [-6.78438, 42.137663], [-6.784392, 42.137707], [-6.784401, 42.137739], [-6.784416, 42.137792], [-6.784435, 42.137857], [-6.784472, 42.137902], [-6.784523, 42.137919], [-6.784641, 42.137853], [-6.784808, 42.137714], [-6.784911, 42.137595], [-6.784934, 42.137514], [-6.784926, 42.137419], [-6.784887, 42.137323], [-6.784847, 42.137224], [-6.784811, 42.137136], [-6.784769, 42.137056], [-6.784729, 42.136994], [-6.784691, 42.136904], [-6.784661, 42.136798], [-6.784596, 42.13668], [-6.784507, 42.136567], [-6.784445, 42.136481], [-6.784421, 42.136434], [-6.784407, 42.136363]], [[-6.77625, 42.138273], [-6.776216, 42.138194], [-6.776153, 42.138126], [-6.776071, 42.13808], [-6.77594, 42.138033], [-6.775779, 42.137992], [-6.775626, 42.137912], [-6.775503, 42.137805], [-6.775443, 42.1377], [-6.775453, 42.137613], [-6.775436, 42.137533], [-6.775396, 42.137472], [-6.77535, 42.137419], [-6.775306, 42.137384], [-6.775285, 42.137333], [-6.77529, 42.137272], [-6.775347, 42.13723], [-6.775446, 42.137214], [-6.775576, 42.137191], [-6.775718, 42.137167], [-6.775787, 42.137101], [-6.77577, 42.137001], [-6.775734, 42.136897], [-6.775685, 42.136803], [-6.77558, 42.136742], [-6.775437, 42.136724], [-6.775323, 42.136692], [-6.775254, 42.136653], [-6.775188, 42.136595], [-6.775135, 42.136527], [-6.775047, 42.136436], [-6.774938, 42.136335], [-6.774841, 42.136278], [-6.77477, 42.136272], [-6.774719, 42.136309], [-6.774693, 42.136381], [-6.77459, 42.1365], [-6.774425, 42.136647], [-6.774334, 42.136741], [-6.774329, 42.136767], [-6.774299, 42.136837], [-6.774248, 42.136939], [-6.774232, 42.137057], [-6.774253, 42.137173], [-6.774314, 42.137301], [-6.774406, 42.137422], [-6.774471, 42.137586], [-6.774499, 42.137769], [-6.774521, 42.137889], [-6.774533, 42.13793], [-6.774581, 42.138014], [-6.77466, 42.138129], [-6.774737, 42.138249], [-6.774802, 42.138357], [-6.774865, 42.138513], [-6.774916, 42.138692], [-6.774995, 42.138817], [-6.77509, 42.138869], [-6.775244, 42.138907], [-6.775433, 42.138927], [-6.775567, 42.138941], [-6.775626, 42.138948], [-6.775739, 42.13897], [-6.775886, 42.139005], [-6.776013, 42.139034], [-6.776098, 42.139054], [-6.776163, 42.139107], [-6.776197, 42.139187], [-6.77632, 42.139226], [-6.776513, 42.139219], [-6.776644, 42.139197], [-6.776692, 42.139163], [-6.776723, 42.139098], [-6.776733, 42.139011], [-6.776727, 42.138925], [-6.776706, 42.138851], [-6.776684, 42.138772], [-6.776663, 42.138699], [-6.776648, 42.138623], [-6.77664, 42.138556], [-6.776565, 42.138486], [-6.776432, 42.138423], [-6.776336, 42.13837], [-6.776292, 42.138335], [-6.77625, 42.138273]], [[-6.776423, 42.131854], [-6.776407, 42.131797], [-6.776367, 42.131721], [-6.776309, 42.131637], [-6.776263, 42.131562], [-6.776236, 42.131507], [-6.776185, 42.13146], [-6.776119, 42.131428], [-6.775979, 42.131351], [-6.775786, 42.131238], [-6.775635, 42.131144], [-6.775549, 42.131082], [-6.775445, 42.131044], [-6.77534, 42.131036], [-6.775282, 42.131051], [-6.77528, 42.131085], [-6.775271, 42.131142], [-6.775257, 42.131213], [-6.775212, 42.131275], [-6.775145, 42.131321], [-6.77506, 42.131372], [-6.77497, 42.131421], [-6.774882, 42.131482], [-6.774808, 42.131546], [-6.77477, 42.131608], [-6.774773, 42.131658], [-6.774788, 42.131734], [-6.774813, 42.131824], [-6.774843, 42.131929], [-6.774873, 42.132035], [-6.774902, 42.132159], [-6.774925, 42.132283], [-6.774937, 42.132392], [-6.774936, 42.132468], [-6.774929, 42.132553], [-6.774917, 42.132631], [-6.774896, 42.132713], [-6.774871, 42.132786], [-6.774832, 42.132866], [-6.774784, 42.132942], [-6.774748, 42.133013], [-6.774729, 42.133067], [-6.774736, 42.133112], [-6.774767, 42.133141], [-6.774818, 42.133146], [-6.774882, 42.133127], [-6.774961, 42.133077], [-6.775043, 42.133003], [-6.775114, 42.132945], [-6.775162, 42.132911], [-6.775229, 42.132863], [-6.775305, 42.132808], [-6.775393, 42.132747], [-6.77548, 42.132689], [-6.775565, 42.132615], [-6.775634, 42.132535], [-6.775701, 42.132464], [-6.775755, 42.132412], [-6.775849, 42.132304], [-6.775968, 42.132156], [-6.776087, 42.132049], [-6.776187, 42.131998], [-6.776291, 42.131948], [-6.776382, 42.131907], [-6.776423, 42.131854]], [[-6.779119, 42.144122], [-6.77893, 42.144121], [-6.778771, 42.144113], [-6.778666, 42.144098], [-6.778551, 42.144077], [-6.778444, 42.144053], [-6.778333, 42.143999], [-6.778236, 42.143922], [-6.778133, 42.143848], [-6.778041, 42.143789], [-6.777925, 42.143738], [-6.777802, 42.143703], [-6.777676, 42.143691], [-6.777567, 42.143705], [-6.777467, 42.14374], [-6.777394, 42.143789], [-6.777329, 42.143848], [-6.777282, 42.143907], [-6.777203, 42.143999], [-6.777102, 42.144109], [-6.777042, 42.144223], [-6.777033, 42.144323], [-6.777042, 42.144452], [-6.777069, 42.144592], [-6.777088, 42.144695], [-6.777096, 42.144745], [-6.777106, 42.144814], [-6.777115, 42.144892], [-6.777162, 42.144962], [-6.77724, 42.145014], [-6.777357, 42.145068], [-6.777496, 42.145114], [-6.777639, 42.145173], [-6.777763, 42.145236], [-6.777839, 42.145276], [-6.777855, 42.145288], [-6.777993, 42.145318], [-6.778231, 42.145361], [-6.778448, 42.145368], [-6.778608, 42.145336], [-6.778785, 42.145273], [-6.778949, 42.145189], [-6.779134, 42.145072], [-6.77931, 42.14494], [-6.77944, 42.144845], [-6.779503, 42.144801], [-6.779565, 42.14473], [-6.779615, 42.144643], [-6.779628, 42.144532], [-6.779601, 42.144415], [-6.779549, 42.144313], [-6.779478, 42.144241], [-6.779383, 42.144181], [-6.779278, 42.144143], [-6.779119, 42.144122]], [[-6.837736, 42.157491], [-6.837881, 42.157359], [-6.838043, 42.157199], [-6.838198, 42.157038], [-6.838234, 42.156819], [-6.838147, 42.156577], [-6.838074, 42.156355], [-6.838026, 42.156188], [-6.837922, 42.15603], [-6.837778, 42.155905], [-6.837633, 42.155813], [-6.83751, 42.155766], [-6.837447, 42.155821], [-6.837452, 42.155968], [-6.837424, 42.156076], [-6.837365, 42.156126], [-6.837205, 42.156153], [-6.836968, 42.156153], [-6.836754, 42.156028], [-6.836598, 42.155798], [-6.836497, 42.155581], [-6.836466, 42.15541], [-6.836529, 42.155282], [-6.836674, 42.155217], [-6.83687, 42.15514], [-6.837085, 42.155063], [-6.837272, 42.154958], [-6.837403, 42.154841], [-6.837533, 42.154709], [-6.837643, 42.154582], [-6.837725, 42.154385], [-6.837767, 42.154148], [-6.837764, 42.153929], [-6.837717, 42.153762], [-6.837807, 42.153629], [-6.838022, 42.153552], [-6.838239, 42.153515], [-6.838424, 42.153524], [-6.838736, 42.153545], [-6.839127, 42.153573], [-6.839414, 42.153576], [-6.839553, 42.153552], [-6.839749, 42.153548], [-6.839973, 42.153564], [-6.84015, 42.153527], [-6.840253, 42.153442], [-6.840295, 42.153347], [-6.840269, 42.153257], [-6.840326, 42.153108], [-6.840456, 42.152924], [-6.840416, 42.152784], [-6.840213, 42.15271], [-6.839951, 42.152659], [-6.839672, 42.152639], [-6.839357, 42.152678], [-6.839055, 42.15277], [-6.838762, 42.152746], [-6.838523, 42.152611], [-6.838232, 42.152594], [-6.837934, 42.152699], [-6.837639, 42.152807], [-6.837393, 42.152903], [-6.837173, 42.152999], [-6.837014, 42.15308], [-6.836853, 42.153071], [-6.836716, 42.152972], [-6.836441, 42.152909], [-6.836072, 42.152891], [-6.8357, 42.152902], [-6.835383, 42.152943], [-6.835116, 42.152907], [-6.834941, 42.152802], [-6.834669, 42.15268], [-6.834343, 42.152559], [-6.834113, 42.152481], [-6.834015, 42.152457], [-6.833841, 42.152399], [-6.833617, 42.152315], [-6.83341, 42.152247], [-6.833252, 42.152206], [-6.833068, 42.15215], [-6.832886, 42.152086], [-6.832737, 42.152082], [-6.832644, 42.152138], [-6.832613, 42.152239], [-6.83265, 42.152368], [-6.832703, 42.15252], [-6.832764, 42.152672], [-6.832766, 42.152818], [-6.832708, 42.152936], [-6.83255, 42.153073], [-6.832315, 42.153207], [-6.832104, 42.153301], [-6.831952, 42.153341], [-6.831807, 42.153387], [-6.831692, 42.153434], [-6.831641, 42.15353], [-6.83166, 42.153662], [-6.831584, 42.153777], [-6.831425, 42.153859], [-6.831282, 42.153876], [-6.831176, 42.153826], [-6.831094, 42.153884], [-6.831048, 42.15404], [-6.830859, 42.154175], [-6.830557, 42.154267], [-6.830339, 42.154267], [-6.830241, 42.154175], [-6.830166, 42.154086], [-6.830126, 42.154011], [-6.830091, 42.153922], [-6.830065, 42.153832], [-6.829939, 42.153736], [-6.829733, 42.153649], [-6.829548, 42.153556], [-6.829414, 42.15347], [-6.829258, 42.153511], [-6.829104, 42.153673], [-6.828937, 42.153782], [-6.828784, 42.153821], [-6.828637, 42.153861], [-6.828519, 42.153894], [-6.828424, 42.153837], [-6.828366, 42.153698], [-6.828311, 42.153539], [-6.828267, 42.153384], [-6.828264, 42.153268], [-6.828301, 42.153207], [-6.828312, 42.15314], [-6.828294, 42.153075], [-6.828184, 42.153072], [-6.828, 42.15313], [-6.827836, 42.15318], [-6.827718, 42.153213], [-6.827615, 42.153231], [-6.827541, 42.15323], [-6.827531, 42.153297], [-6.827585, 42.153423], [-6.827621, 42.153549], [-6.827633, 42.153655], [-6.827592, 42.153721], [-6.827505, 42.153735], [-6.827401, 42.153716], [-6.827296, 42.153667], [-6.827158, 42.153565], [-6.82701, 42.153428], [-6.826861, 42.153322], [-6.826735, 42.153262], [-6.826635, 42.153257], [-6.826576, 42.153307], [-6.826556, 42.153377], [-6.826578, 42.153454], [-6.826665, 42.153549], [-6.826802, 42.153648], [-6.826902, 42.153755], [-6.826948, 42.153856], [-6.826962, 42.154044], [-6.826941, 42.154291], [-6.826904, 42.154473], [-6.826857, 42.154562], [-6.826784, 42.154655], [-6.826698, 42.154737], [-6.82665, 42.154811], [-6.826647, 42.154865], [-6.82664, 42.155013], [-6.826629, 42.155231], [-6.826588, 42.155399], [-6.826523, 42.155491], [-6.826378, 42.155641], [-6.826174, 42.155824], [-6.825972, 42.155946], [-6.825802, 42.155988], [-6.825631, 42.156046], [-6.825485, 42.156112], [-6.825271, 42.156192], [-6.825021, 42.156275], [-6.824839, 42.156328], [-6.824752, 42.156342], [-6.824742, 42.156447], [-6.824811, 42.156624], [-6.82485, 42.156764], [-6.824855, 42.156844], [-6.824766, 42.156947], [-6.824596, 42.157057], [-6.824372, 42.157066], [-6.824126, 42.156972], [-6.823889, 42.156903], [-6.823697, 42.156867], [-6.82351, 42.156833], [-6.823356, 42.156805], [-6.82321, 42.156779], [-6.823095, 42.156758], [-6.822951, 42.156702], [-6.822799, 42.156619], [-6.822661, 42.156584], [-6.822557, 42.156602], [-6.822505, 42.156662], [-6.822513, 42.156755], [-6.82255, 42.156851], [-6.822611, 42.156935], [-6.822576, 42.157058], [-6.822453, 42.157201], [-6.822265, 42.157306], [-6.822043, 42.157357], [-6.821804, 42.157281], [-6.821585, 42.157088], [-6.821411, 42.156927], [-6.821309, 42.156823], [-6.821148, 42.156674], [-6.820954, 42.156504], [-6.820811, 42.156382], [-6.82074, 42.156326], [-6.820657, 42.156208], [-6.820575, 42.156047], [-6.820506, 42.155875], [-6.820462, 42.15572], [-6.820462, 42.155545], [-6.820505, 42.155375], [-6.820507, 42.155243], [-6.820468, 42.155169], [-6.820381, 42.155073], [-6.820261, 42.154972], [-6.820135, 42.154876], [-6.820023, 42.154801], [-6.819933, 42.154831], [-6.819879, 42.154961], [-6.819816, 42.155053], [-6.819753, 42.15509], [-6.819655, 42.155092], [-6.819536, 42.155058], [-6.819351, 42.154928], [-6.819129, 42.154723], [-6.819002, 42.154554], [-6.81899, 42.154448], [-6.819003, 42.154321], [-6.81904, 42.154193], [-6.819085, 42.154039], [-6.819132, 42.153882], [-6.819155, 42.153754], [-6.81915, 42.153674], [-6.81913, 42.153604], [-6.819098, 42.153555], [-6.819048, 42.153483], [-6.818988, 42.153399], [-6.818946, 42.153289], [-6.818931, 42.153169], [-6.818895, 42.153044], [-6.818845, 42.152931], [-6.818776, 42.152862], [-6.818699, 42.152848], [-6.818592, 42.152785], [-6.818472, 42.152684], [-6.81832, 42.1526], [-6.818159, 42.152546], [-6.817985, 42.152524], [-6.817825, 42.152538], [-6.817707, 42.152506], [-6.817651, 42.152435], [-6.817486, 42.152375], [-6.817238, 42.152336], [-6.817064, 42.152314], [-6.81699, 42.152313], [-6.816948, 42.152371], [-6.816942, 42.15248], [-6.81693, 42.152578], [-6.816914, 42.152648], [-6.817001, 42.152816], [-6.817179, 42.153057], [-6.81727, 42.153239], [-6.817261, 42.153335], [-6.817233, 42.153413], [-6.817192, 42.153461], [-6.817087, 42.153508], [-6.816934, 42.153547], [-6.816766, 42.153546], [-6.816609, 42.153505], [-6.816454, 42.153517], [-6.816326, 42.153579], [-6.816282, 42.153667], [-6.816329, 42.153767], [-6.8164, 42.15388], [-6.816485, 42.153987], [-6.816494, 42.154088], [-6.816425, 42.154167], [-6.816294, 42.154226], [-6.81612, 42.154256], [-6.815911, 42.154284], [-6.815698, 42.154306], [-6.815521, 42.154307], [-6.815406, 42.154286], [-6.815308, 42.154324], [-6.815243, 42.154416], [-6.815195, 42.154527], [-6.815172, 42.154639], [-6.815131, 42.154771], [-6.815077, 42.154901], [-6.815012, 42.155022], [-6.814947, 42.155114], [-6.814926, 42.155213], [-6.814952, 42.155303], [-6.814951, 42.155406], [-6.814925, 42.155505], [-6.814873, 42.155704], [-6.814803, 42.155973], [-6.814699, 42.15613], [-6.814578, 42.15615], [-6.814449, 42.156113], [-6.814332, 42.156025], [-6.814228, 42.156006], [-6.814152, 42.156059], [-6.814022, 42.156089], [-6.813859, 42.156089], [-6.813649, 42.156081], [-6.813426, 42.156065], [-6.813253, 42.156013], [-6.813158, 42.155935], [-6.81301, 42.155901], [-6.812832, 42.155918], [-6.812727, 42.155965], [-6.812711, 42.156035], [-6.812636, 42.156121], [-6.812516, 42.156209], [-6.812387, 42.156172], [-6.81227, 42.156017], [-6.812149, 42.155905], [-6.812044, 42.155855], [-6.811948, 42.155864], [-6.811875, 42.155931], [-6.811824, 42.156027], [-6.811801, 42.156139], [-6.811657, 42.156222], [-6.811413, 42.156263], [-6.811217, 42.156267], [-6.811098, 42.156233], [-6.810954, 42.156214], [-6.810807, 42.156212], [-6.810674, 42.156227], [-6.810573, 42.156258], [-6.810494, 42.156293], [-6.810449, 42.156327], [-6.810431, 42.156404], [-6.810443, 42.15651], [-6.810439, 42.156599], [-6.810419, 42.156656], [-6.810399, 42.156762], [-6.810384, 42.1569], [-6.810502, 42.156968], [-6.810735, 42.156955], [-6.810965, 42.156931], [-6.811157, 42.156898], [-6.81134, 42.156919], [-6.811487, 42.156988], [-6.811658, 42.157033], [-6.811825, 42.157045], [-6.812061, 42.157005], [-6.812328, 42.156919], [-6.812545, 42.156919], [-6.812679, 42.157005], [-6.812794, 42.157132], [-6.812873, 42.15728], [-6.812992, 42.157458], [-6.813134, 42.157637], [-6.813314, 42.157819], [-6.813505, 42.157976], [-6.813706, 42.158095], [-6.813889, 42.158159], [-6.814287, 42.158172], [-6.814841, 42.158132], [-6.815173, 42.15812], [-6.815233, 42.158137], [-6.815324, 42.158217], [-6.815434, 42.158347], [-6.815578, 42.158506], [-6.815734, 42.158668], [-6.81592, 42.158769], [-6.816109, 42.158791], [-6.816313, 42.158815], [-6.816502, 42.158837], [-6.816714, 42.15875], [-6.816917, 42.158567], [-6.817217, 42.15837], [-6.817566, 42.158189], [-6.81788, 42.158077], [-6.81811, 42.158052], [-6.818389, 42.158026], [-6.818675, 42.158005], [-6.818989, 42.15793], [-6.819284, 42.157812], [-6.819431, 42.157707], [-6.819409, 42.157629], [-6.819452, 42.157571], [-6.819553, 42.15754], [-6.819835, 42.157456], [-6.820255, 42.157331], [-6.820502, 42.157259], [-6.820536, 42.157254], [-6.820626, 42.15729], [-6.820756, 42.157362], [-6.82084, 42.157451], [-6.820866, 42.157541], [-6.82086, 42.157659], [-6.820823, 42.157787], [-6.82088, 42.157916], [-6.82102, 42.158028], [-6.821133, 42.158111], [-6.8212, 42.158154], [-6.821387, 42.158291], [-6.821665, 42.158501], [-6.82193, 42.158705], [-6.822142, 42.158872], [-6.822354, 42.159026], [-6.822533, 42.159144], [-6.822793, 42.159225], [-6.823093, 42.159255], [-6.823417, 42.159317], [-6.823715, 42.159402], [-6.823963, 42.159477], [-6.824124, 42.159531], [-6.824347, 42.159552], [-6.824598, 42.159536], [-6.824785, 42.159498], [-6.824878, 42.159441], [-6.824975, 42.159469], [-6.82506, 42.159576], [-6.825211, 42.159587], [-6.825405, 42.1595], [-6.825562, 42.159393], [-6.825658, 42.159282], [-6.825778, 42.159181], [-6.825902, 42.159106], [-6.826016, 42.15916], [-6.826102, 42.159335], [-6.826204, 42.159449], [-6.826306, 42.159486], [-6.826498, 42.159468], [-6.826752, 42.159398], [-6.827085, 42.15932], [-6.827446, 42.159245], [-6.827753, 42.159142], [-6.827957, 42.159026], [-6.82811, 42.159044], [-6.828189, 42.159193], [-6.828259, 42.159335], [-6.828309, 42.159448], [-6.828597, 42.159524], [-6.829079, 42.15955], [-6.829603, 42.159586], [-6.830088, 42.159625], [-6.830415, 42.159665], [-6.830534, 42.159699], [-6.830836, 42.159824], [-6.831275, 42.16002], [-6.831722, 42.160032], [-6.83211, 42.159858], [-6.83239, 42.159693], [-6.832517, 42.159564], [-6.832763, 42.159456], [-6.833089, 42.159387], [-6.833361, 42.159334], [-6.833535, 42.159304], [-6.833772, 42.159271], [-6.834037, 42.15924], [-6.834315, 42.159178], [-6.834565, 42.159095], [-6.834738, 42.159044], [-6.834808, 42.159032], [-6.834893, 42.159018], [-6.83498, 42.159003], [-6.835066, 42.158996], [-6.83514, 42.158997], [-6.835215, 42.159021], [-6.835282, 42.159063], [-6.835357, 42.159117], [-6.835427, 42.159172], [-6.835473, 42.15923], [-6.835488, 42.159282], [-6.835529, 42.159392], [-6.835591, 42.159544], [-6.835772, 42.159521], [-6.836044, 42.159326], [-6.836332, 42.159226], [-6.83659, 42.159236], [-6.836884, 42.159193], [-6.837169, 42.159105], [-6.837326, 42.158997], [-6.837331, 42.158888], [-6.837282, 42.158714], [-6.837185, 42.1585], [-6.837099, 42.158302], [-6.837037, 42.158151], [-6.837133, 42.157966], [-6.837371, 42.157777], [-6.837541, 42.157646], [-6.837617, 42.157592], [-6.837736, 42.157491]], [[-6.752881, 42.311765], [-6.754277, 42.31153], [-6.755216, 42.311701], [-6.75739, 42.312417], [-6.758208, 42.312609], [-6.759438, 42.312684], [-6.760131, 42.311768], [-6.758928, 42.309995], [-6.758018, 42.309254], [-6.75721, 42.308873], [-6.757207, 42.308638], [-6.756645, 42.30845], [-6.755917, 42.308573], [-6.755189, 42.308695], [-6.753665, 42.308481], [-6.753302, 42.307649], [-6.752919, 42.307196], [-6.752686, 42.307047], [-6.751772, 42.306966], [-6.750654, 42.30706], [-6.750347, 42.30777], [-6.750318, 42.308339], [-6.750359, 42.309602], [-6.750445, 42.310576], [-6.751613, 42.311555], [-6.752881, 42.311765]]]}}]}