{"type": "FeatureCollection", "name": "BENUZA", "features": [{"type": "Feature", "properties": {"id": "277944", "FIREDATE": "2025-08-09T01:28:00", "FINALDATE": "2025-08-21T03:15:00", "LASTUPDATE": "2025-08-12 07:50:42.874837", "COUNTRY": "ES", "PROVINCE": "León", "COMMUNE": "Benuza", "AREA_HA": 26241.0, "BROADLEA": 13.3026, "CONIFER": 1.6242, "MIXED": 0.5986, "SCLEROPH": 0.0, "TRANSIT": 9.2573, "OTHERNATLC": 74.39, "AGRIAREAS": 0.8121, "ARTIFSURF": 0.0153, "OTHERLC": 0.0, "PERCNA2K": 30.0996, "CLASS": "FireSeason", "AÑO": 2025, "LATITUD": 42.40322568160723, "LONGITUD": -6.481272208515511}, "geometry": {"type": "Polygon", "coordinates": [[[-6.62983, 42.401932], [-6.629905, 42.402066], [-6.62994, 42.402232], [-6.629926, 42.402448], [-6.629864, 42.402682], [-6.629808, 42.402906], [-6.629765, 42.403085], [-6.629661, 42.403386], [-6.629512, 42.403763], [-6.629343, 42.40408], [-6.629181, 42.404287], [-6.629007, 42.404438], [-6.62885, 42.40451], [-6.628762, 42.404549], [-6.628757, 42.404552], [-6.628647, 42.404601], [-6.628448, 42.404691], [-6.628244, 42.404756], [-6.628067, 42.404786], [-6.627799, 42.404798], [-6.627483, 42.40479], [-6.626996, 42.404741], [-6.626414, 42.404658], [-6.625842, 42.404572], [-6.625367, 42.404496], [-6.625046, 42.404522], [-6.62493, 42.404644], [-6.624778, 42.4048], [-6.624616, 42.404965], [-6.62447, 42.405073], [-6.624364, 42.405108], [-6.624307, 42.405156], [-6.624309, 42.405208], [-6.624304, 42.405338], [-6.624294, 42.405526], [-6.624282, 42.405743], [-6.624271, 42.405957], [-6.624339, 42.406261], [-6.624475, 42.406608], [-6.624583, 42.406952], [-6.624645, 42.40724], [-6.624643, 42.407418], [-6.624576, 42.407458], [-6.624397, 42.407564], [-6.624135, 42.407722], [-6.624004, 42.407882], [-6.624024, 42.408021], [-6.624302, 42.408159], [-6.624797, 42.408275], [-6.625349, 42.408384], [-6.625873, 42.408467], [-6.626336, 42.408444], [-6.626666, 42.408318], [-6.626901, 42.408166], [-6.627005, 42.408013], [-6.627064, 42.407926], [-6.627068, 42.407919], [-6.627195, 42.407764], [-6.627424, 42.407484], [-6.627677, 42.407311], [-6.627916, 42.407271], [-6.628465, 42.407295], [-6.62924, 42.407379], [-6.629848, 42.407501], [-6.630195, 42.407642], [-6.630339, 42.407855], [-6.630257, 42.408107], [-6.630286, 42.408261], [-6.630422, 42.408293], [-6.630511, 42.408316], [-6.630539, 42.408326], [-6.630451, 42.4085], [-6.630262, 42.408812], [-6.629931, 42.409149], [-6.62951, 42.409459], [-6.629214, 42.409736], [-6.629088, 42.409938], [-6.629349, 42.410236], [-6.629956, 42.410585], [-6.630369, 42.41076], [-6.630524, 42.410734], [-6.630843, 42.410616], [-6.631276, 42.410423], [-6.631665, 42.410318], [-6.631949, 42.410316], [-6.632384, 42.410414], [-6.632904, 42.410597], [-6.633163, 42.410774], [-6.633122, 42.410916], [-6.633173, 42.411176], [-6.633309, 42.411513], [-6.633438, 42.411695], [-6.633539, 42.411693], [-6.633623, 42.411679], [-6.633677, 42.411655], [-6.633911, 42.411552], [-6.634288, 42.411384], [-6.634492, 42.411277], [-6.63449, 42.411248], [-6.634533, 42.411138], [-6.634614, 42.410965], [-6.634814, 42.410806], [-6.635104, 42.410686], [-6.635437, 42.410579], [-6.635761, 42.410501], [-6.636057, 42.41043], [-6.636279, 42.410377], [-6.636653, 42.410271], [-6.63712, 42.410129], [-6.637401, 42.410056], [-6.637452, 42.410063], [-6.637707, 42.410098], [-6.638129, 42.410156], [-6.638535, 42.410322], [-6.638865, 42.41057], [-6.639098, 42.410734], [-6.6392, 42.410789], [-6.639366, 42.41096], [-6.639569, 42.411221], [-6.639653, 42.411395], [-6.639605, 42.411455], [-6.639497, 42.41159], [-6.639345, 42.411779], [-6.639179, 42.411955], [-6.639024, 42.412093], [-6.638815, 42.412327], [-6.638585, 42.41262], [-6.638517, 42.412817], [-6.638624, 42.412887], [-6.638895, 42.412894], [-6.639289, 42.412836], [-6.639675, 42.412779], [-6.639994, 42.412731], [-6.640322, 42.412767], [-6.64061, 42.412882], [-6.640844, 42.412984], [-6.640988, 42.413058], [-6.641137, 42.413134], [-6.641266, 42.413201], [-6.641497, 42.413391], [-6.641794, 42.413674], [-6.642092, 42.413898], [-6.642345, 42.414029], [-6.642506, 42.414392], [-6.642551, 42.41493], [-6.642528, 42.415403], [-6.642442, 42.415737], [-6.642241, 42.416005], [-6.641956, 42.416165], [-6.641737, 42.416288], [-6.641618, 42.416355], [-6.641484, 42.416598], [-6.641358, 42.416979], [-6.641408, 42.417274], [-6.641627, 42.417439], [-6.641775, 42.417551], [-6.641831, 42.417593], [-6.641872, 42.417687], [-6.641891, 42.417817], [-6.641909, 42.417951], [-6.641924, 42.418068], [-6.641746, 42.418336], [-6.641402, 42.418713], [-6.641064, 42.419072], [-6.640784, 42.419359], [-6.640495, 42.41958], [-6.640241, 42.419702], [-6.639842, 42.419799], [-6.639358, 42.419856], [-6.639079, 42.419889], [-6.639047, 42.419892], [-6.638875, 42.419913], [-6.638587, 42.419946], [-6.638191, 42.41989], [-6.637747, 42.419752], [-6.63749, 42.419672], [-6.637459, 42.419663], [-6.637236, 42.419584], [-6.636855, 42.419448], [-6.636475, 42.419555], [-6.636154, 42.419888], [-6.635986, 42.420167], [-6.635996, 42.42035], [-6.636006, 42.420522], [-6.636013, 42.420655], [-6.635931, 42.420872], [-6.635772, 42.421138], [-6.635502, 42.421429], [-6.635164, 42.421698], [-6.634965, 42.421872], [-6.634937, 42.421924], [-6.634923, 42.421955], [-6.634925, 42.421959], [-6.634909, 42.422033], [-6.634878, 42.422164], [-6.634806, 42.422332], [-6.634704, 42.422513], [-6.634529, 42.422678], [-6.634309, 42.422803], [-6.634207, 42.422997], [-6.634239, 42.423231], [-6.634492, 42.423441], [-6.634927, 42.423595], [-6.635227, 42.423742], [-6.635346, 42.423861], [-6.635448, 42.423936], [-6.635517, 42.423957], [-6.635708, 42.424013], [-6.635992, 42.424097], [-6.636315, 42.424054], [-6.636626, 42.423889], [-6.637018, 42.423707], [-6.63743, 42.423538], [-6.637755, 42.423399], [-6.637944, 42.423313], [-6.638132, 42.423227], [-6.63829, 42.423155], [-6.638578, 42.423048], [-6.638952, 42.422923], [-6.639332, 42.422853], [-6.639661, 42.422849], [-6.639848, 42.422844], [-6.639865, 42.422841], [-6.639947, 42.422818], [-6.640083, 42.422781], [-6.64021, 42.422741], [-6.640309, 42.422704], [-6.640387, 42.422668], [-6.640434, 42.422638], [-6.640535, 42.422588], [-6.640676, 42.422527], [-6.640867, 42.42245], [-6.641079, 42.422368], [-6.641359, 42.422263], [-6.641661, 42.422153], [-6.641902, 42.422067], [-6.642044, 42.422017], [-6.642223, 42.421752], [-6.642411, 42.421312], [-6.642563, 42.420932], [-6.642656, 42.420671], [-6.6429, 42.420419], [-6.643259, 42.420216], [-6.643483, 42.419945], [-6.643538, 42.419649], [-6.643702, 42.419377], [-6.643949, 42.419172], [-6.644145, 42.418962], [-6.64426, 42.418779], [-6.644282, 42.418486], [-6.644209, 42.418129], [-6.644149, 42.417917], [-6.644112, 42.417883], [-6.643943, 42.417777], [-6.64367, 42.417617], [-6.643407, 42.417536], [-6.643194, 42.417547], [-6.642975, 42.417466], [-6.642782, 42.417305], [-6.642726, 42.417107], [-6.642815, 42.4169], [-6.642892, 42.416761], [-6.642945, 42.416712], [-6.642961, 42.416665], [-6.642938, 42.416627], [-6.642958, 42.416456], [-6.643019, 42.41618], [-6.643125, 42.415918], [-6.643261, 42.415711], [-6.643507, 42.415303], [-6.643824, 42.414758], [-6.644337, 42.414284], [-6.644965, 42.413954], [-6.645773, 42.413674], [-6.646636, 42.413489], [-6.647368, 42.413312], [-6.647855, 42.413169], [-6.648604, 42.413266], [-6.6495, 42.413588], [-6.650124, 42.413828], [-6.650381, 42.413949], [-6.650677, 42.41441], [-6.650967, 42.415141], [-6.651232, 42.415652], [-6.651431, 42.415864], [-6.651736, 42.416091], [-6.652099, 42.416297], [-6.652385, 42.416616], [-6.652549, 42.416998], [-6.652821, 42.41743], [-6.653161, 42.417845], [-6.653359, 42.418146], [-6.653387, 42.418287], [-6.653479, 42.418416], [-6.653621, 42.418513], [-6.653712, 42.418645], [-6.653736, 42.418792], [-6.653697, 42.418937], [-6.6536, 42.419057], [-6.653511, 42.419167], [-6.653444, 42.419251], [-6.653349, 42.41937], [-6.653241, 42.419506], [-6.653166, 42.4196], [-6.653136, 42.419638], [-6.652959, 42.419745], [-6.652662, 42.419904], [-6.652245, 42.420148], [-6.651772, 42.420438], [-6.651444, 42.420608], [-6.651311, 42.42063], [-6.651013, 42.420746], [-6.650596, 42.420939], [-6.650345, 42.421114], [-6.650298, 42.421245], [-6.65088, 42.421468], [-6.652001, 42.42175], [-6.652665, 42.421917], [-6.652769, 42.421943], [-6.652906, 42.422014], [-6.653052, 42.422119], [-6.653148, 42.422177], [-6.653179, 42.42218], [-6.653325, 42.422296], [-6.653564, 42.422509], [-6.653704, 42.422721], [-6.653721, 42.422898], [-6.653607, 42.423054], [-6.653377, 42.423165], [-6.65304, 42.423221], [-6.652647, 42.423214], [-6.652358, 42.423163], [-6.652217, 42.423073], [-6.65198, 42.422924], [-6.651685, 42.422737], [-6.651468, 42.422697], [-6.651364, 42.422811], [-6.651222, 42.422965], [-6.651064, 42.423136], [-6.650848, 42.423387], [-6.650605, 42.42368], [-6.650257, 42.424012], [-6.649859, 42.424331], [-6.649345, 42.424698], [-6.648794, 42.425054], [-6.648403, 42.425256], [-6.648233, 42.425271], [-6.647975, 42.425295], [-6.647668, 42.425323], [-6.647365, 42.425446], [-6.647112, 42.425644], [-6.647023, 42.425841], [-6.647113, 42.426005], [-6.647204, 42.426172], [-6.647283, 42.426317], [-6.647205, 42.426559], [-6.646981, 42.426861], [-6.646706, 42.4272], [-6.646423, 42.427524], [-6.645994, 42.427785], [-6.645484, 42.427942], [-6.645001, 42.427973], [-6.644618, 42.427874], [-6.64439, 42.427854], [-6.644352, 42.427916], [-6.64421, 42.427934], [-6.643985, 42.427906], [-6.643606, 42.427868], [-6.643133, 42.427825], [-6.642717, 42.427868], [-6.642422, 42.42799], [-6.642266, 42.428135], [-6.642274, 42.428279], [-6.642336, 42.428559], [-6.642441, 42.428931], [-6.642431, 42.429275], [-6.642308, 42.429539], [-6.642236, 42.429788], [-6.642226, 42.429984], [-6.642409, 42.430191], [-6.642758, 42.430376], [-6.643122, 42.430526], [-6.643444, 42.430618], [-6.643658, 42.430708], [-6.64373, 42.430781], [-6.643721, 42.430871], [-6.643633, 42.430965], [-6.643429, 42.431129], [-6.643142, 42.431338], [-6.642906, 42.431494], [-6.642759, 42.431571], [-6.642617, 42.431614], [-6.642502, 42.431618], [-6.642411, 42.431653], [-6.642357, 42.431714], [-6.642325, 42.431762], [-6.642319, 42.43179], [-6.642302, 42.431865], [-6.642276, 42.431977], [-6.642223, 42.432053], [-6.64215, 42.43208], [-6.642005, 42.432081], [-6.641812, 42.432055], [-6.641595, 42.432027], [-6.641389, 42.431999], [-6.641148, 42.431913], [-6.640908, 42.431781], [-6.640625, 42.431691], [-6.640342, 42.431656], [-6.640008, 42.431736], [-6.639675, 42.431918], [-6.639411, 42.432108], [-6.639256, 42.432276], [-6.63915, 42.432484], [-6.63911, 42.4327], [-6.638889, 42.432887], [-6.63852, 42.433015], [-6.638183, 42.432987], [-6.637929, 42.432805], [-6.637683, 42.432631], [-6.637481, 42.432493], [-6.637251, 42.432414], [-6.637026, 42.432407], [-6.636769, 42.43245], [-6.636521, 42.432536], [-6.636395, 42.432674], [-6.636413, 42.432843], [-6.636493, 42.432992], [-6.636624, 42.433097], [-6.636609, 42.433257], [-6.636451, 42.433448], [-6.636154, 42.433603], [-6.635766, 42.433698], [-6.635396, 42.433874], [-6.6351, 42.434106], [-6.63493, 42.43424], [-6.63491, 42.434255], [-6.634798, 42.434406], [-6.634609, 42.434669], [-6.634181, 42.434841], [-6.633579, 42.434897], [-6.633041, 42.434923], [-6.63265, 42.434915], [-6.632391, 42.434909], [-6.632304, 42.434907], [-6.631984, 42.434911], [-6.63148, 42.434921], [-6.631046, 42.43488], [-6.630749, 42.434795], [-6.630429, 42.434767], [-6.630135, 42.434801], [-6.629614, 42.434783], [-6.628947, 42.434715], [-6.62845, 42.43445], [-6.628199, 42.434028], [-6.627859, 42.43366], [-6.627482, 42.433401], [-6.627081, 42.433088], [-6.626717, 42.432767], [-6.626397, 42.432586], [-6.62617, 42.432571], [-6.625864, 42.432553], [-6.625525, 42.432535], [-6.625134, 42.432588], [-6.624752, 42.432704], [-6.624529, 42.432867], [-6.6245, 42.433051], [-6.624669, 42.433201], [-6.625009, 42.433294], [-6.625398, 42.433334], [-6.625778, 42.433316], [-6.626186, 42.433401], [-6.62656, 42.433578], [-6.626935, 42.433783], [-6.627255, 42.433984], [-6.627528, 42.43425], [-6.627712, 42.434541], [-6.627842, 42.434826], [-6.627899, 42.435064], [-6.628003, 42.435317], [-6.62814, 42.435549], [-6.628308, 42.435749], [-6.628481, 42.435888], [-6.628574, 42.435964], [-6.62857, 42.435965], [-6.628464, 42.436065], [-6.628271, 42.436248], [-6.627946, 42.4364], [-6.627538, 42.436498], [-6.627022, 42.436519], [-6.626475, 42.43646], [-6.626171, 42.436425], [-6.626158, 42.43642], [-6.625978, 42.436358], [-6.62566, 42.436247], [-6.625207, 42.436261], [-6.624688, 42.436398], [-6.624229, 42.4366], [-6.623899, 42.436837], [-6.623544, 42.437092], [-6.623218, 42.437325], [-6.622798, 42.437525], [-6.622347, 42.437661], [-6.621678, 42.437794], [-6.620893, 42.437905], [-6.620162, 42.437955], [-6.619596, 42.437937], [-6.618964, 42.437917], [-6.618365, 42.437899], [-6.617376, 42.438119], [-6.616151, 42.438544], [-6.615505, 42.43889], [-6.615539, 42.439105], [-6.615659, 42.43927], [-6.615847, 42.439359], [-6.616125, 42.439405], [-6.616451, 42.439401], [-6.616736, 42.439397], [-6.616939, 42.439393], [-6.61711, 42.439398], [-6.617222, 42.439409], [-6.617379, 42.439339], [-6.617557, 42.439199], [-6.617779, 42.439044], [-6.618011, 42.438896], [-6.618174, 42.438793], [-6.618241, 42.43875], [-6.618421, 42.438741], [-6.618687, 42.438767], [-6.618833, 42.438785], [-6.618836, 42.438793], [-6.618888, 42.438898], [-6.61898, 42.439085], [-6.619041, 42.439304], [-6.619062, 42.439522], [-6.619094, 42.439766], [-6.619133, 42.440001], [-6.619195, 42.440219], [-6.61927, 42.440387], [-6.619433, 42.440496], [-6.61966, 42.440528], [-6.619805, 42.440568], [-6.619846, 42.440609], [-6.619938, 42.440702], [-6.620068, 42.440833], [-6.620183, 42.441114], [-6.620266, 42.441502], [-6.620387, 42.441982], [-6.620528, 42.44248], [-6.62067, 42.442984], [-6.620792, 42.443415], [-6.620846, 42.443813], [-6.620823, 42.444118], [-6.620766, 42.444369], [-6.620683, 42.444528], [-6.620647, 42.44473], [-6.620662, 42.444943], [-6.620673, 42.445174], [-6.620677, 42.445388], [-6.620674, 42.445589], [-6.620664, 42.445747], [-6.620646, 42.445895], [-6.620623, 42.44601], [-6.620591, 42.446102], [-6.620557, 42.446157], [-6.620501, 42.446224], [-6.620432, 42.446293], [-6.620345, 42.446369], [-6.620253, 42.446441], [-6.620136, 42.446524], [-6.620012, 42.446605], [-6.619872, 42.446691], [-6.619736, 42.446769], [-6.619596, 42.446858], [-6.619474, 42.446944], [-6.619359, 42.447035], [-6.619269, 42.447116], [-6.619186, 42.447206], [-6.619122, 42.447289], [-6.619071, 42.447373], [-6.619041, 42.447446], [-6.619024, 42.447524], [-6.619022, 42.447595], [-6.619035, 42.447665], [-6.619061, 42.447724], [-6.619105, 42.447784], [-6.61916, 42.447835], [-6.619232, 42.447883], [-6.619309, 42.447919], [-6.619356, 42.447941], [-6.619366, 42.447945], [-6.619572, 42.44796], [-6.619942, 42.447983], [-6.620474, 42.448037], [-6.621088, 42.448113], [-6.621588, 42.448234], [-6.621899, 42.448381], [-6.622222, 42.448596], [-6.622508, 42.448847], [-6.622661, 42.449079], [-6.622658, 42.449258], [-6.622593, 42.449428], [-6.622475, 42.449563], [-6.622416, 42.44965], [-6.622425, 42.449675], [-6.622435, 42.449758], [-6.622444, 42.449886], [-6.622436, 42.450032], [-6.622412, 42.450173], [-6.622369, 42.450321], [-6.622315, 42.450452], [-6.622228, 42.450599], [-6.622123, 42.450737], [-6.621989, 42.450878], [-6.621848, 42.451002], [-6.62167, 42.451133], [-6.621482, 42.451251], [-6.621329, 42.451339], [-6.621234, 42.451383], [-6.621213, 42.451481], [-6.621269, 42.451618], [-6.621214, 42.451749], [-6.621055, 42.451855], [-6.620733, 42.451952], [-6.620296, 42.452024], [-6.619913, 42.451959], [-6.619643, 42.451766], [-6.619365, 42.451554], [-6.61912, 42.451356], [-6.618734, 42.451227], [-6.618265, 42.451186], [-6.617659, 42.451158], [-6.617011, 42.451147], [-6.616282, 42.451096], [-6.615586, 42.451014], [-6.614976, 42.450814], [-6.614545, 42.450528], [-6.614021, 42.450067], [-6.613485, 42.449501], [-6.612846, 42.44879], [-6.612205, 42.448043], [-6.611875, 42.447485], [-6.611907, 42.447203], [-6.611858, 42.447021], [-6.611733, 42.446967], [-6.611603, 42.44688], [-6.611489, 42.446772], [-6.611424, 42.446655], [-6.611418, 42.446545], [-6.611409, 42.446422], [-6.611399, 42.446305], [-6.611387, 42.446183], [-6.611374, 42.446075], [-6.611359, 42.445959], [-6.611343, 42.445852], [-6.611326, 42.445746], [-6.611309, 42.445657], [-6.611239, 42.445555], [-6.611128, 42.445457], [-6.610966, 42.445355], [-6.610778, 42.445263], [-6.610524, 42.445163], [-6.610243, 42.44507], [-6.609912, 42.444976], [-6.609582, 42.444896], [-6.609199, 42.444788], [-6.608823, 42.444667], [-6.608422, 42.444525], [-6.608057, 42.444383], [-6.607653, 42.444211], [-6.60727, 42.444035], [-6.606982, 42.443897], [-6.606835, 42.443819], [-6.606609, 42.443792], [-6.606341, 42.443821], [-6.605986, 42.44385], [-6.605599, 42.443875], [-6.605179, 42.443729], [-6.604791, 42.443436], [-6.604513, 42.443139], [-6.604386, 42.442882], [-6.604247, 42.442697], [-6.604115, 42.442613], [-6.603865, 42.442382], [-6.603536, 42.44204], [-6.603183, 42.441546], [-6.602861, 42.440978], [-6.602564, 42.440484], [-6.602339, 42.440143], [-6.602203, 42.439936], [-6.602177, 42.439896], [-6.60197, 42.439777], [-6.601615, 42.439598], [-6.601242, 42.439517], [-6.600909, 42.439545], [-6.600634, 42.43967], [-6.600457, 42.439872], [-6.600333, 42.440086], [-6.60028, 42.440281], [-6.600194, 42.440357], [-6.600088, 42.440302], [-6.599994, 42.440253], [-6.599925, 42.440218], [-6.599853, 42.440099], [-6.599787, 42.439917], [-6.599776, 42.439637], [-6.59982, 42.439304], [-6.599855, 42.439033], [-6.599877, 42.438866], [-6.59981, 42.438734], [-6.599664, 42.438656], [-6.599218, 42.438587], [-6.598541, 42.438536], [-6.598119, 42.438419], [-6.598017, 42.438253], [-6.597845, 42.438066], [-6.597629, 42.437888], [-6.597261, 42.43775], [-6.596798, 42.437675], [-6.596431, 42.437515], [-6.596217, 42.437296], [-6.59586, 42.437167], [-6.595413, 42.43715], [-6.594883, 42.437045], [-6.59435, 42.436869], [-6.593926, 42.436691], [-6.593676, 42.436539], [-6.593388, 42.436101], [-6.593106, 42.435445], [-6.592727, 42.434923], [-6.592309, 42.434615], [-6.59186, 42.434243], [-6.591449, 42.433863], [-6.591175, 42.433657], [-6.591079, 42.433658], [-6.591025, 42.433626], [-6.591019, 42.433567], [-6.590746, 42.433346], [-6.590246, 42.432997], [-6.589748, 42.432772], [-6.589328, 42.432706], [-6.588496, 42.43255], [-6.58738, 42.432329], [-6.586268, 42.432112], [-6.585332, 42.431935], [-6.584764, 42.431882], [-6.584653, 42.431962], [-6.584435, 42.432119], [-6.584142, 42.432328], [-6.583845, 42.432364], [-6.583587, 42.432222], [-6.583437, 42.431979], [-6.583418, 42.431674], [-6.583349, 42.431399], [-6.583241, 42.431198], [-6.583157, 42.431042], [-6.58311, 42.430954], [-6.583073, 42.430884], [-6.583052, 42.430845], [-6.583022, 42.430819], [-6.582987, 42.430812], [-6.582964, 42.430804], [-6.582956, 42.430797], [-6.582746, 42.430664], [-6.582368, 42.430427], [-6.581837, 42.430152], [-6.581234, 42.429881], [-6.580704, 42.429701], [-6.580328, 42.42964], [-6.579987, 42.429534], [-6.579734, 42.429399], [-6.579484, 42.429202], [-6.579276, 42.428971], [-6.579103, 42.428589], [-6.578993, 42.428113], [-6.578888, 42.427833], [-6.578805, 42.427794], [-6.578608, 42.427645], [-6.578326, 42.427409], [-6.57818, 42.427166], [-6.578191, 42.426952], [-6.57842, 42.426751], [-6.57883, 42.426595], [-6.57958, 42.426451], [-6.580554, 42.426342], [-6.58115, 42.426252], [-6.581278, 42.426196], [-6.581578, 42.425974], [-6.582005, 42.42562], [-6.58213, 42.425236], [-6.581934, 42.42488], [-6.58172, 42.424628], [-6.581522, 42.42452], [-6.581155, 42.424275], [-6.580675, 42.423931], [-6.580308, 42.423638], [-6.580109, 42.423441], [-6.579858, 42.423196], [-6.579595, 42.422939], [-6.579107, 42.422542], [-6.57847, 42.422065], [-6.577913, 42.421651], [-6.577521, 42.421362], [-6.577132, 42.421123], [-6.576806, 42.420969], [-6.576608, 42.420875], [-6.576568, 42.420856], [-6.576431, 42.420791], [-6.576217, 42.420689], [-6.575825, 42.420623], [-6.575317, 42.420601], [-6.575001, 42.420601], [-6.574926, 42.420621], [-6.574536, 42.420376], [-6.573892, 42.419902], [-6.5732, 42.419545], [-6.572568, 42.419359], [-6.572152, 42.419307], [-6.572015, 42.419399], [-6.571936, 42.419653], [-6.571927, 42.420031], [-6.571853, 42.42035], [-6.571727, 42.420559], [-6.571588, 42.420601], [-6.571458, 42.420468], [-6.570949, 42.420358], [-6.570141, 42.420287], [-6.569642, 42.420165], [-6.56953, 42.420013], [-6.569265, 42.419565], [-6.56889, 42.418891], [-6.568492, 42.418104], [-6.568134, 42.417324], [-6.56799, 42.41668], [-6.568084, 42.416271], [-6.568213, 42.415795], [-6.568359, 42.415326], [-6.568558, 42.415005], [-6.568778, 42.414883], [-6.569294, 42.414751], [-6.570025, 42.414629], [-6.570645, 42.414424], [-6.57106, 42.414167], [-6.571229, 42.413786], [-6.571126, 42.413341], [-6.570876, 42.412854], [-6.570516, 42.4124], [-6.569978, 42.41196], [-6.569345, 42.411603], [-6.568847, 42.411176], [-6.568563, 42.410744], [-6.568315, 42.410395], [-6.568139, 42.410185], [-6.56776, 42.409997], [-6.567235, 42.409862], [-6.566515, 42.409666], [-6.565709, 42.409441], [-6.564932, 42.409134], [-6.564303, 42.408793], [-6.563519, 42.408552], [-6.562702, 42.408448], [-6.562064, 42.408545], [-6.561703, 42.408828], [-6.561418, 42.409153], [-6.561252, 42.409472], [-6.560821, 42.410304], [-6.56019, 42.411522], [-6.559614, 42.412332], [-6.559182, 42.412609], [-6.558618, 42.412925], [-6.558009, 42.413232], [-6.557622, 42.413686], [-6.557516, 42.414217], [-6.557486, 42.414732], [-6.557534, 42.415152], [-6.557543, 42.41554], [-6.557511, 42.415837], [-6.557399, 42.416105], [-6.557226, 42.416303], [-6.557021, 42.416391], [-6.556817, 42.416356], [-6.556463, 42.416896], [-6.556013, 42.417928], [-6.555763, 42.418545], [-6.555753, 42.418653], [-6.555365, 42.419096], [-6.55466, 42.419805], [-6.553859, 42.420678], [-6.553085, 42.421581], [-6.552354, 42.422467], [-6.551779, 42.423201], [-6.551256, 42.424036], [-6.550867, 42.424845], [-6.550322, 42.425717], [-6.549704, 42.426518], [-6.549105, 42.426921], [-6.548616, 42.426866], [-6.548168, 42.42666], [-6.54783, 42.426337], [-6.547617, 42.425895], [-6.547561, 42.425403], [-6.547481, 42.424882], [-6.54739, 42.424411], [-6.546863, 42.423767], [-6.545982, 42.423047], [-6.545387, 42.422397], [-6.54517, 42.421917], [-6.544978, 42.421472], [-6.544841, 42.42113], [-6.544577, 42.420746], [-6.544227, 42.420379], [-6.543987, 42.420279], [-6.543895, 42.420461], [-6.543838, 42.420734], [-6.543825, 42.421055], [-6.543627, 42.421499], [-6.543274, 42.421998], [-6.542861, 42.422272], [-6.542452, 42.422279], [-6.54204, 42.422241], [-6.541689, 42.422162], [-6.541338, 42.422023], [-6.541041, 42.421845], [-6.540567, 42.421545], [-6.539988, 42.42117], [-6.539303, 42.420831], [-6.538616, 42.420581], [-6.537853, 42.420444], [-6.537133, 42.420442], [-6.535894, 42.420352], [-6.534326, 42.420186], [-6.533152, 42.420011], [-6.532552, 42.419852], [-6.532213, 42.419834], [-6.532186, 42.41996], [-6.532322, 42.420086], [-6.532598, 42.420192], [-6.533021, 42.420426], [-6.533524, 42.420753], [-6.534129, 42.421006], [-6.534745, 42.421147], [-6.535755, 42.421531], [-6.537004, 42.422098], [-6.538013, 42.422556], [-6.538625, 42.422834], [-6.539079, 42.423178], [-6.539302, 42.423536], [-6.539421, 42.423837], [-6.539415, 42.424035], [-6.53936, 42.424118], [-6.539265, 42.424073], [-6.538813, 42.423852], [-6.538074, 42.423489], [-6.536952, 42.423264], [-6.535621, 42.423211], [-6.53439, 42.42307], [-6.533447, 42.422862], [-6.532328, 42.422801], [-6.531203, 42.422896], [-6.530551, 42.423152], [-6.530472, 42.42353], [-6.530789, 42.424102], [-6.531453, 42.424782], [-6.532035, 42.425228], [-6.532445, 42.425373], [-6.532678, 42.425564], [-6.532695, 42.425774], [-6.532873, 42.42609], [-6.533184, 42.426464], [-6.533593, 42.426848], [-6.534037, 42.427185], [-6.534648, 42.427536], [-6.535332, 42.427848], [-6.536038, 42.428142], [-6.536659, 42.428373], [-6.537245, 42.428638], [-6.537708, 42.428895], [-6.53812, 42.429087], [-6.538418, 42.429186], [-6.538531, 42.429289], [-6.538441, 42.42938], [-6.538683, 42.429596], [-6.539218, 42.429901], [-6.539703, 42.43027], [-6.540061, 42.430646], [-6.540272, 42.431016], [-6.540302, 42.431322], [-6.540007, 42.431629], [-6.539435, 42.43189], [-6.538651, 42.432133], [-6.537776, 42.432319], [-6.536982, 42.432687], [-6.53639, 42.433179], [-6.536074, 42.433681], [-6.536084, 42.434115], [-6.536039, 42.43455], [-6.535945, 42.434918], [-6.535775, 42.435395], [-6.535555, 42.435909], [-6.53556, 42.43647], [-6.535791, 42.436992], [-6.536035, 42.437479], [-6.536254, 42.437858], [-6.536499, 42.438188], [-6.536732, 42.438419], [-6.537309, 42.43847], [-6.538142, 42.438332], [-6.538674, 42.438277], [-6.538825, 42.438314], [-6.539338, 42.438297], [-6.540133, 42.438227], [-6.540802, 42.438116], [-6.541241, 42.437981], [-6.541759, 42.437929], [-6.542276, 42.437967], [-6.542703, 42.438133], [-6.542975, 42.438399], [-6.54317, 42.438715], [-6.543259, 42.439032], [-6.54316, 42.439329], [-6.542888, 42.439561], [-6.542527, 42.439846], [-6.542132, 42.440139], [-6.54173, 42.440442], [-6.541383, 42.440707], [-6.541168, 42.44105], [-6.541118, 42.441418], [-6.540873, 42.441623], [-6.540471, 42.441635], [-6.540137, 42.441615], [-6.539922, 42.441568], [-6.539548, 42.441621], [-6.539072, 42.441766], [-6.538944, 42.442003], [-6.539184, 42.442295], [-6.539595, 42.44246], [-6.540115, 42.442473], [-6.540592, 42.442484], [-6.540953, 42.44249], [-6.541341, 42.442615], [-6.541695, 42.442837], [-6.542026, 42.443151], [-6.542283, 42.443506], [-6.542401, 42.443836], [-6.54236, 42.444092], [-6.542326, 42.444618], [-6.542303, 42.445334], [-6.542191, 42.445757], [-6.542007, 42.445821], [-6.541644, 42.446087], [-6.541159, 42.446516], [-6.540677, 42.446793], [-6.540274, 42.446876], [-6.539881, 42.446861], [-6.539557, 42.446749], [-6.539265, 42.446573], [-6.539048, 42.44636], [-6.538874, 42.446219], [-6.53877, 42.446169], [-6.538395, 42.446088], [-6.537805, 42.445987], [-6.537121, 42.44602], [-6.536448, 42.446181], [-6.535386, 42.446339], [-6.534098, 42.44647], [-6.533084, 42.446539], [-6.5325, 42.446536], [-6.532194, 42.446704], [-6.532215, 42.447015], [-6.532516, 42.447351], [-6.533052, 42.44766], [-6.533527, 42.447967], [-6.533869, 42.448226], [-6.534035, 42.448467], [-6.533998, 42.448656], [-6.534111, 42.448799], [-6.534357, 42.448874], [-6.534861, 42.448808], [-6.535547, 42.448612], [-6.53633, 42.4485], [-6.53709, 42.44849], [-6.537965, 42.448659], [-6.538819, 42.448982], [-6.539654, 42.449355], [-6.54034, 42.449722], [-6.540637, 42.450085], [-6.540499, 42.45039], [-6.540315, 42.45069], [-6.540116, 42.450938], [-6.540193, 42.451168], [-6.540534, 42.451343], [-6.540882, 42.451501], [-6.541184, 42.451617], [-6.54136, 42.451722], [-6.541382, 42.451801], [-6.541533, 42.451947], [-6.541788, 42.452137], [-6.541867, 42.452375], [-6.541758, 42.452625], [-6.541627, 42.452763], [-6.541494, 42.452769], [-6.541011, 42.452651], [-6.540252, 42.452429], [-6.539657, 42.452259], [-6.539316, 42.452166], [-6.538966, 42.452], [-6.538658, 42.451785], [-6.538236, 42.451496], [-6.537765, 42.451177], [-6.537331, 42.45106], [-6.537001, 42.451165], [-6.536849, 42.451315], [-6.536898, 42.45149], [-6.536999, 42.451634], [-6.537138, 42.451727], [-6.537507, 42.451873], [-6.53805, 42.452048], [-6.538483, 42.452245], [-6.538738, 42.452435], [-6.539131, 42.452621], [-6.539601, 42.452775], [-6.539982, 42.452919], [-6.540215, 42.453029], [-6.54034, 42.453215], [-6.540338, 42.453447], [-6.540332, 42.453596], [-6.540324, 42.453638], [-6.540306, 42.453653], [-6.540282, 42.453638], [-6.540167, 42.453724], [-6.53998, 42.453897], [-6.539672, 42.454043], [-6.539291, 42.454138], [-6.538776, 42.454335], [-6.538207, 42.454603], [-6.537776, 42.454932], [-6.53755, 42.455271], [-6.536965, 42.455634], [-6.536114, 42.455966], [-6.535617, 42.456142], [-6.535551, 42.456137], [-6.535497, 42.455906], [-6.535464, 42.455483], [-6.535357, 42.455183], [-6.535191, 42.455052], [-6.535017, 42.455013], [-6.534861, 42.45507], [-6.534638, 42.45527], [-6.534382, 42.455582], [-6.534173, 42.455831], [-6.534043, 42.45598], [-6.533883, 42.455989], [-6.533717, 42.455858], [-6.533557, 42.455661], [-6.533428, 42.455429], [-6.533326, 42.455317], [-6.533269, 42.455343], [-6.532727, 42.455441], [-6.531783, 42.455597], [-6.531039, 42.4556], [-6.53061, 42.45545], [-6.530168, 42.455368], [-6.529782, 42.455369], [-6.529301, 42.455354], [-6.528799, 42.455326], [-6.528369, 42.455329], [-6.528078, 42.455361], [-6.527632, 42.455555], [-6.527101, 42.455881], [-6.526677, 42.456277], [-6.526427, 42.456684], [-6.526236, 42.457013], [-6.526135, 42.457214], [-6.526, 42.457343], [-6.52585, 42.45738], [-6.525465, 42.457335], [-6.524903, 42.457213], [-6.52459, 42.457065], [-6.524574, 42.456912], [-6.524742, 42.456747], [-6.525068, 42.456596], [-6.525323, 42.456444], [-6.525467, 42.456316], [-6.525787, 42.456031], [-6.526233, 42.455634], [-6.526473, 42.455208], [-6.526469, 42.45482], [-6.526337, 42.454452], [-6.526097, 42.45416], [-6.525896, 42.454004], [-6.525765, 42.454006], [-6.525514, 42.454132], [-6.525184, 42.454362], [-6.524908, 42.45445], [-6.524731, 42.454382], [-6.524511, 42.454208], [-6.524281, 42.453954], [-6.524027, 42.453659], [-6.523787, 42.453368], [-6.523549, 42.45308], [-6.52335, 42.452841], [-6.522897, 42.452652], [-6.52226, 42.452544], [-6.521732, 42.452389], [-6.521392, 42.452212], [-6.520977, 42.452006], [-6.520551, 42.451804], [-6.519916, 42.451625], [-6.519168, 42.451496], [-6.518688, 42.451618], [-6.51855, 42.451971], [-6.518324, 42.452388], [-6.518046, 42.452804], [-6.517761, 42.453315], [-6.517514, 42.453842], [-6.517207, 42.454325], [-6.516888, 42.454689], [-6.51647, 42.455085], [-6.51602, 42.455451], [-6.515486, 42.455687], [-6.514952, 42.455756], [-6.51448, 42.455803], [-6.514142, 42.45582], [-6.513775, 42.455786], [-6.513437, 42.455705], [-6.513066, 42.455862], [-6.512722, 42.45623], [-6.512536, 42.45684], [-6.512539, 42.457599], [-6.512359, 42.458229], [-6.512024, 42.458635], [-6.511602, 42.45901], [-6.511155, 42.459298], [-6.510812, 42.459703], [-6.510625, 42.460162], [-6.510233, 42.460596], [-6.509696, 42.460937], [-6.509137, 42.461388], [-6.508642, 42.461879], [-6.50836, 42.462347], [-6.508333, 42.462721], [-6.508129, 42.463113], [-6.507779, 42.463463], [-6.507435, 42.463815], [-6.50715, 42.464115], [-6.507085, 42.464442], [-6.50725, 42.464745], [-6.507283, 42.465119], [-6.507181, 42.465506], [-6.50703, 42.465731], [-6.506854, 42.46576], [-6.506552, 42.465905], [-6.50617, 42.466143], [-6.506008, 42.466381], [-6.506091, 42.466581], [-6.506261, 42.466749], [-6.506491, 42.466858], [-6.506599, 42.466946], [-6.506568, 42.466999], [-6.506743, 42.467079], [-6.507097, 42.467174], [-6.507461, 42.467257], [-6.507778, 42.467316], [-6.508172, 42.467517], [-6.508582, 42.46783], [-6.508906, 42.468154], [-6.509094, 42.468441], [-6.509222, 42.468772], [-6.509271, 42.469097], [-6.509265, 42.469407], [-6.509205, 42.469655], [-6.508949, 42.469903], [-6.508536, 42.470115], [-6.508209, 42.470194], [-6.508019, 42.470131], [-6.507812, 42.469976], [-6.507621, 42.469754], [-6.507376, 42.469545], [-6.507115, 42.469382], [-6.50686, 42.469261], [-6.50665, 42.469201], [-6.506502, 42.469173], [-6.506441, 42.469184], [-6.506194, 42.469259], [-6.5058, 42.469387], [-6.505413, 42.469554], [-6.505091, 42.469733], [-6.504849, 42.469868], [-6.504725, 42.469937], [-6.504488, 42.470157], [-6.504174, 42.470494], [-6.503921, 42.47088], [-6.503769, 42.471254], [-6.503716, 42.471531], [-6.503771, 42.471669], [-6.50381, 42.471765], [-6.503826, 42.471806], [-6.503788, 42.472034], [-6.503701, 42.472413], [-6.503609, 42.472832], [-6.503527, 42.473227], [-6.503323, 42.473578], [-6.503029, 42.473833], [-6.502775, 42.473969], [-6.5026, 42.473966], [-6.502272, 42.47396], [-6.501842, 42.473952], [-6.501415, 42.473963], [-6.501058, 42.47399], [-6.50059, 42.474068], [-6.500085, 42.474183], [-6.499606, 42.474219], [-6.499227, 42.474171], [-6.498516, 42.474168], [-6.497583, 42.474211], [-6.496627, 42.474292], [-6.495797, 42.474397], [-6.495289, 42.474547], [-6.495181, 42.474718], [-6.495114, 42.474825], [-6.495097, 42.474852], [-6.494956, 42.475217], [-6.494712, 42.475865], [-6.494319, 42.476374], [-6.49384, 42.476666], [-6.493467, 42.476861], [-6.493258, 42.476929], [-6.493077, 42.477014], [-6.49295, 42.477102], [-6.492614, 42.477285], [-6.492123, 42.477534], [-6.491561, 42.477669], [-6.491014, 42.47767], [-6.490304, 42.477629], [-6.489539, 42.477554], [-6.488828, 42.477516], [-6.488279, 42.47752], [-6.487977, 42.477517], [-6.487967, 42.477508], [-6.487809, 42.477478], [-6.487526, 42.477433], [-6.486914, 42.477617], [-6.486067, 42.478003], [-6.48548, 42.478116], [-6.485244, 42.477941], [-6.485, 42.477873], [-6.484785, 42.477924], [-6.484653, 42.478095], [-6.484624, 42.47836], [-6.48453, 42.478907], [-6.484386, 42.479651], [-6.484101, 42.480321], [-6.48372, 42.480813], [-6.483095, 42.481273], [-6.482323, 42.481631], [-6.48162, 42.482013], [-6.481094, 42.48236], [-6.480348, 42.482727], [-6.479495, 42.483058], [-6.478984, 42.483257], [-6.478893, 42.483292], [-6.478781, 42.483366], [-6.478666, 42.483467], [-6.478396, 42.483604], [-6.478014, 42.483757], [-6.477556, 42.483972], [-6.477093, 42.484216], [-6.476628, 42.484433], [-6.476231, 42.484588], [-6.475954, 42.484597], [-6.475839, 42.484459], [-6.475801, 42.484175], [-6.475844, 42.483787], [-6.475867, 42.483576], [-6.475867, 42.483575], [-6.475918, 42.483287], [-6.476012, 42.482758], [-6.475975, 42.482372], [-6.475813, 42.482191], [-6.475726, 42.482072], [-6.475726, 42.482035], [-6.475822, 42.481915], [-6.475999, 42.481733], [-6.476512, 42.481515], [-6.477281, 42.481296], [-6.477744, 42.480979], [-6.477828, 42.480613], [-6.478224, 42.480381], [-6.478872, 42.48032], [-6.479393, 42.480293], [-6.479707, 42.480302], [-6.48012, 42.480408], [-6.480567, 42.480595], [-6.480922, 42.480777], [-6.48113, 42.480927], [-6.481662, 42.480897], [-6.482435, 42.480693], [-6.482868, 42.480472], [-6.482894, 42.480268], [-6.482786, 42.480004], [-6.482561, 42.479719], [-6.482373, 42.47941], [-6.482251, 42.479123], [-6.482328, 42.478878], [-6.482593, 42.478712], [-6.482902, 42.478569], [-6.483208, 42.478473], [-6.483331, 42.478311], [-6.483254, 42.47811], [-6.483069, 42.477932], [-6.482805, 42.477807], [-6.482415, 42.477781], [-6.481959, 42.477856], [-6.481402, 42.477956], [-6.48083, 42.478066], [-6.480413, 42.478185], [-6.480215, 42.478294], [-6.479745, 42.478421], [-6.479074, 42.478547], [-6.47851, 42.478582], [-6.47814, 42.478521], [-6.477698, 42.478312], [-6.477254, 42.477986], [-6.476975, 42.477833], [-6.476904, 42.477876], [-6.476608, 42.478024], [-6.476133, 42.478256], [-6.475814, 42.478483], [-6.4757, 42.47867], [-6.475396, 42.478911], [-6.474949, 42.479169], [-6.474603, 42.479259], [-6.474412, 42.479168], [-6.474246, 42.47898], [-6.474133, 42.478723], [-6.473876, 42.478408], [-6.473515, 42.478084], [-6.473112, 42.477811], [-6.472728, 42.477629], [-6.472457, 42.477424], [-6.47234, 42.477229], [-6.472373, 42.477024], [-6.47255, 42.476842], [-6.472999, 42.476677], [-6.47365, 42.476554], [-6.474206, 42.476371], [-6.474582, 42.476155], [-6.475106, 42.475778], [-6.475698, 42.475297], [-6.47588, 42.474902], [-6.475623, 42.474653], [-6.475352, 42.474449], [-6.475108, 42.47432], [-6.474698, 42.474139], [-6.474183, 42.473933], [-6.473843, 42.473788], [-6.473729, 42.473726], [-6.473724, 42.473681], [-6.473829, 42.473658], [-6.47384, 42.473486], [-6.473758, 42.473192], [-6.473693, 42.472896], [-6.473656, 42.472643], [-6.473699, 42.472476], [-6.473817, 42.47242], [-6.474111, 42.472405], [-6.474536, 42.472433], [-6.475014, 42.472334], [-6.475472, 42.472123], [-6.475791, 42.47197], [-6.475921, 42.4719], [-6.476105, 42.471716], [-6.476313, 42.471447], [-6.476364, 42.471146], [-6.47625, 42.470857], [-6.476281, 42.470678], [-6.476453, 42.470637], [-6.476748, 42.470495], [-6.477119, 42.470274], [-6.477314, 42.470002], [-6.477302, 42.46972], [-6.477139, 42.469461], [-6.47685, 42.469262], [-6.476692, 42.469088], [-6.476691, 42.468965], [-6.477179, 42.468738], [-6.47808, 42.468441], [-6.478869, 42.468291], [-6.479425, 42.46831], [-6.479745, 42.46829], [-6.47978, 42.468235], [-6.480012, 42.468064], [-6.480406, 42.467802], [-6.480692, 42.467661], [-6.480826, 42.467664], [-6.481166, 42.467461], [-6.481661, 42.467083], [-6.481934, 42.466831], [-6.481943, 42.466744], [-6.482305, 42.466584], [-6.482964, 42.466377], [-6.483387, 42.466147], [-6.48351, 42.465929], [-6.483487, 42.465686], [-6.483322, 42.465455], [-6.483181, 42.465338], [-6.483085, 42.465354], [-6.482761, 42.465454], [-6.482258, 42.465624], [-6.481752, 42.465721], [-6.481321, 42.46573], [-6.480738, 42.46562], [-6.480094, 42.465406], [-6.479618, 42.465284], [-6.479381, 42.465274], [-6.479152, 42.465359], [-6.478965, 42.465525], [-6.478815, 42.465797], [-6.478725, 42.466132], [-6.478577, 42.466409], [-6.478394, 42.466588], [-6.478233, 42.466787], [-6.47812, 42.466979], [-6.478053, 42.467223], [-6.478042, 42.467483], [-6.477841, 42.467763], [-6.477479, 42.46802], [-6.477108, 42.468148], [-6.476785, 42.468128], [-6.476367, 42.468183], [-6.475918, 42.468307], [-6.475586, 42.468575], [-6.475424, 42.468946], [-6.47514, 42.46916], [-6.474779, 42.469183], [-6.474471, 42.469147], [-6.474263, 42.469058], [-6.474145, 42.469008], [-6.474137, 42.469003], [-6.47416, 42.468985], [-6.474211, 42.468958], [-6.474152, 42.468872], [-6.473992, 42.468743], [-6.473946, 42.468546], [-6.474022, 42.468313], [-6.474243, 42.46791], [-6.474575, 42.467401], [-6.474615, 42.466965], [-6.474356, 42.466669], [-6.474153, 42.466351], [-6.474036, 42.466059], [-6.473791, 42.465698], [-6.473458, 42.465324], [-6.473239, 42.465121], [-6.473168, 42.46512], [-6.472693, 42.465163], [-6.471889, 42.465244], [-6.471106, 42.465345], [-6.470467, 42.46545], [-6.469984, 42.4656], [-6.469733, 42.465772], [-6.469437, 42.46594], [-6.469141, 42.46608], [-6.46884, 42.466298], [-6.46858, 42.466562], [-6.468331, 42.466934], [-6.468133, 42.467357], [-6.467911, 42.467654], [-6.467699, 42.46778], [-6.467351, 42.467999], [-6.466918, 42.468278], [-6.466388, 42.468429], [-6.465842, 42.468428], [-6.465421, 42.468456], [-6.465189, 42.468507], [-6.464961, 42.468615], [-6.464774, 42.468763], [-6.464577, 42.468809], [-6.464401, 42.468747], [-6.464185, 42.468691], [-6.463962, 42.46865], [-6.463776, 42.468667], [-6.463656, 42.468739], [-6.46364, 42.468854], [-6.463732, 42.468995], [-6.463981, 42.4692], [-6.464347, 42.469438], [-6.464755, 42.469737], [-6.465142, 42.47005], [-6.465307, 42.470333], [-6.465225, 42.470541], [-6.465191, 42.470694], [-6.465212, 42.470769], [-6.465131, 42.470923], [-6.464961, 42.471133], [-6.464736, 42.471283], [-6.464491, 42.471349], [-6.46425, 42.471445], [-6.464052, 42.471556], [-6.464059, 42.471681], [-6.464269, 42.471803], [-6.464567, 42.47188], [-6.464908, 42.471902], [-6.465117, 42.471966], [-6.465162, 42.472063], [-6.465137, 42.472179], [-6.465047, 42.472298], [-6.464847, 42.472401], [-6.464568, 42.472474], [-6.464234, 42.472543], [-6.463898, 42.472598], [-6.46362, 42.472595], [-6.463444, 42.472533], [-6.463264, 42.472444], [-6.463106, 42.472343], [-6.463017, 42.472254], [-6.46301, 42.472191], [-6.46294, 42.47206], [-6.462816, 42.471882], [-6.462514, 42.47156], [-6.46208, 42.471145], [-6.461731, 42.47089], [-6.461519, 42.470834], [-6.461317, 42.470916], [-6.461155, 42.471123], [-6.461094, 42.471378], [-6.461143, 42.47164], [-6.461077, 42.471876], [-6.460905, 42.472049], [-6.460546, 42.472088], [-6.460053, 42.471989], [-6.459556, 42.471964], [-6.459131, 42.472016], [-6.458744, 42.472099], [-6.458454, 42.472201], [-6.458304, 42.472421], [-6.458316, 42.472726], [-6.458534, 42.472983], [-6.458924, 42.473154], [-6.459119, 42.473375], [-6.459088, 42.473615], [-6.458878, 42.473718], [-6.458522, 42.473669], [-6.458218, 42.473621], [-6.458011, 42.473583], [-6.457824, 42.473575], [-6.457683, 42.473598], [-6.457549, 42.47364], [-6.457442, 42.473693], [-6.45739, 42.473839], [-6.457401, 42.474053], [-6.457432, 42.474183], [-6.457477, 42.474209], [-6.457543, 42.474335], [-6.45762, 42.474543], [-6.45781, 42.474711], [-6.458083, 42.474813], [-6.458499, 42.475011], [-6.458995, 42.475273], [-6.459297, 42.475534], [-6.459358, 42.475754], [-6.459439, 42.475998], [-6.459526, 42.47623], [-6.459759, 42.476502], [-6.460101, 42.476774], [-6.460283, 42.476992], [-6.460275, 42.477125], [-6.460251, 42.477253], [-6.460214, 42.477357], [-6.460084, 42.477494], [-6.459881, 42.477643], [-6.459542, 42.477894], [-6.459119, 42.47821], [-6.458662, 42.478551], [-6.458239, 42.478867], [-6.457847, 42.479145], [-6.457547, 42.479342], [-6.457197, 42.479639], [-6.456851, 42.479991], [-6.456562, 42.480377], [-6.456374, 42.480736], [-6.456096, 42.481163], [-6.455773, 42.481594], [-6.455359, 42.482052], [-6.454921, 42.482469], [-6.454554, 42.482663], [-6.454315, 42.482604], [-6.454178, 42.482458], [-6.454163, 42.482247], [-6.454108, 42.482007], [-6.454021, 42.481776], [-6.453839, 42.481557], [-6.453591, 42.481385], [-6.453435, 42.481171], [-6.453395, 42.480948], [-6.453432, 42.480693], [-6.45354, 42.480446], [-6.45313, 42.480185], [-6.452264, 42.47995], [-6.451652, 42.479785], [-6.451388, 42.479714], [-6.45042, 42.479394], [-6.448897, 42.478874], [-6.447991, 42.478562], [-6.447841, 42.478504], [-6.447418, 42.478281], [-6.446785, 42.477926], [-6.446392, 42.47768], [-6.446297, 42.477581], [-6.445939, 42.477507], [-6.445373, 42.477469], [-6.444745, 42.477501], [-6.44415, 42.477599], [-6.44365, 42.477664], [-6.443323, 42.477685], [-6.44298, 42.477493], [-6.442675, 42.477117], [-6.442416, 42.476707], [-6.442243, 42.476325], [-6.442022, 42.475793], [-6.441787, 42.475193], [-6.441485, 42.474674], [-6.441163, 42.474317], [-6.440971, 42.474099], [-6.440939, 42.474053], [-6.440984, 42.474003], [-6.441101, 42.473958], [-6.441118, 42.473809], [-6.441031, 42.473578], [-6.440832, 42.473124], [-6.440552, 42.472517], [-6.440411, 42.471973], [-6.440434, 42.471578], [-6.44033, 42.471037], [-6.440118, 42.470435], [-6.439978, 42.469936], [-6.439933, 42.469617], [-6.4402, 42.469157], [-6.440738, 42.468627], [-6.441219, 42.468287], [-6.441569, 42.468188], [-6.441841, 42.46815], [-6.441993, 42.468178], [-6.442332, 42.468327], [-6.442807, 42.468575], [-6.443231, 42.468858], [-6.443537, 42.469133], [-6.444056, 42.469414], [-6.444707, 42.469659], [-6.445195, 42.469832], [-6.445446, 42.469908], [-6.445776, 42.470065], [-6.446136, 42.470279], [-6.446469, 42.470479], [-6.446724, 42.470632], [-6.447033, 42.470779], [-6.447348, 42.470896], [-6.447649, 42.470945], [-6.447888, 42.470919], [-6.447993, 42.470782], [-6.447947, 42.470555], [-6.447521, 42.470089], [-6.446779, 42.469456], [-6.446262, 42.469012], [-6.446051, 42.468825], [-6.445744, 42.46865], [-6.445388, 42.468513], [-6.444946, 42.468367], [-6.444485, 42.468235], [-6.443894, 42.468035], [-6.443263, 42.467799], [-6.442916, 42.467614], [-6.442907, 42.467509], [-6.442762, 42.467378], [-6.442502, 42.467242], [-6.442261, 42.466936], [-6.442075, 42.466509], [-6.441935, 42.466267], [-6.441863, 42.466246], [-6.441624, 42.466206], [-6.441255, 42.466152], [-6.44093, 42.46602], [-6.4407, 42.465829], [-6.440503, 42.465685], [-6.440371, 42.465608], [-6.439896, 42.465625], [-6.439151, 42.465731], [-6.438709, 42.465777], [-6.438636, 42.465757], [-6.438416, 42.46574], [-6.438081, 42.46573], [-6.437786, 42.465875], [-6.437576, 42.466155], [-6.437275, 42.466576], [-6.436927, 42.467075], [-6.436546, 42.467385], [-6.436191, 42.46746], [-6.435939, 42.467502], [-6.435828, 42.467504], [-6.435734, 42.467422], [-6.435669, 42.467269], [-6.435702, 42.467087], [-6.435827, 42.466903], [-6.435991, 42.466716], [-6.436168, 42.466557], [-6.436348, 42.466385], [-6.436503, 42.466229], [-6.436612, 42.466017], [-6.436656, 42.46578], [-6.436639, 42.465589], [-6.436561, 42.465471], [-6.43637, 42.465343], [-6.436093, 42.465225], [-6.435868, 42.465147], [-6.435728, 42.465121], [-6.435608, 42.465123], [-6.435528, 42.465153], [-6.435316, 42.465338], [-6.435005, 42.465651], [-6.434777, 42.465821], [-6.434667, 42.465823], [-6.43437, 42.465704], [-6.433931, 42.465482], [-6.433558, 42.465348], [-6.433308, 42.465324], [-6.433135, 42.465477], [-6.433065, 42.465782], [-6.433075, 42.466117], [-6.433162, 42.466429], [-6.433174, 42.466728], [-6.433108, 42.466968], [-6.433354, 42.467246], [-6.433873, 42.46752], [-6.434354, 42.467697], [-6.434723, 42.467751], [-6.435136, 42.46794], [-6.435528, 42.468234], [-6.435732, 42.468493], [-6.435717, 42.468675], [-6.435715, 42.468923], [-6.435725, 42.469199], [-6.435774, 42.469589], [-6.435854, 42.470034], [-6.435864, 42.470413], [-6.435803, 42.470668], [-6.435793, 42.470891], [-6.435837, 42.471047], [-6.435949, 42.471276], [-6.436112, 42.471543], [-6.43634, 42.471886], [-6.436598, 42.472252], [-6.436665, 42.472666], [-6.436533, 42.473064], [-6.436198, 42.473623], [-6.435712, 42.474259], [-6.435266, 42.474766], [-6.434929, 42.475066], [-6.434582, 42.475327], [-6.434279, 42.475508], [-6.434087, 42.475592], [-6.434035, 42.475568], [-6.433963, 42.475541], [-6.433881, 42.475514], [-6.43387, 42.475487], [-6.433932, 42.475464], [-6.433958, 42.475349], [-6.433945, 42.47516], [-6.43408, 42.474906], [-6.434341, 42.474627], [-6.434297, 42.474275], [-6.433953, 42.473904], [-6.43362, 42.47364], [-6.433347, 42.473523], [-6.43299, 42.473406], [-6.432603, 42.473307], [-6.43203, 42.473154], [-6.431359, 42.47297], [-6.430724, 42.472827], [-6.430223, 42.472747], [-6.42965, 42.472594], [-6.429094, 42.472391], [-6.428688, 42.472178], [-6.428495, 42.471989], [-6.428455, 42.471692], [-6.428575, 42.471333], [-6.428594, 42.471091], [-6.428509, 42.471001], [-6.428392, 42.470933], [-6.428262, 42.470895], [-6.427922, 42.470919], [-6.427426, 42.471001], [-6.426909, 42.470815], [-6.42645, 42.470389], [-6.426193, 42.470088], [-6.426177, 42.469958], [-6.425981, 42.469839], [-6.425636, 42.469748], [-6.425215, 42.469673], [-6.424782, 42.469627], [-6.424326, 42.469582], [-6.423917, 42.469546], [-6.423553, 42.469598], [-6.42329, 42.46973], [-6.423066, 42.469974], [-6.422916, 42.470294], [-6.422941, 42.470537], [-6.423137, 42.470667], [-6.423312, 42.47083], [-6.42344, 42.471001], [-6.423709, 42.471228], [-6.424078, 42.471476], [-6.424351, 42.471759], [-6.424487, 42.472031], [-6.424559, 42.472363], [-6.424554, 42.472703], [-6.424427, 42.472947], [-6.424199, 42.473058], [-6.423928, 42.473135], [-6.423657, 42.473165], [-6.423151, 42.473176], [-6.42249, 42.473167], [-6.421873, 42.473205], [-6.421395, 42.473283], [-6.420844, 42.473438], [-6.420302, 42.473645], [-6.419527, 42.473852], [-6.418637, 42.474028], [-6.417808, 42.474156], [-6.417166, 42.474218], [-6.4164, 42.474304], [-6.415628, 42.474401], [-6.414774, 42.474558], [-6.413969, 42.474749], [-6.413391, 42.474964], [-6.413128, 42.475169], [-6.412733, 42.475266], [-6.412267, 42.47524], [-6.4119, 42.475284], [-6.411691, 42.475392], [-6.411342, 42.475259], [-6.410909, 42.474906], [-6.410704, 42.474707], [-6.410761, 42.474695], [-6.410784, 42.474539], [-6.41077, 42.474261], [-6.410741, 42.473954], [-6.410703, 42.473665], [-6.410726, 42.473341], [-6.410809, 42.473033], [-6.410856, 42.472671], [-6.410861, 42.472313], [-6.410746, 42.471818], [-6.410528, 42.471263], [-6.41033, 42.470883], [-6.410184, 42.470736], [-6.409997, 42.470599], [-6.409799, 42.470491], [-6.409578, 42.470435], [-6.409368, 42.470438], [-6.409182, 42.470343], [-6.409047, 42.470163], [-6.408963, 42.470025], [-6.408942, 42.469951], [-6.408818, 42.469668], [-6.408608, 42.469221], [-6.408421, 42.468957], [-6.408283, 42.468917], [-6.408115, 42.468886], [-6.407941, 42.468868], [-6.407388, 42.468807], [-6.406541, 42.468713], [-6.406031, 42.468688], [-6.405939, 42.468734], [-6.40561, 42.468822], [-6.405095, 42.468937], [-6.40475, 42.468969], [-6.404628, 42.468911], [-6.404437, 42.468799], [-6.404206, 42.468651], [-6.403974, 42.468512], [-6.403775, 42.468405], [-6.40358, 42.468319], [-6.403418, 42.468268], [-6.403192, 42.468111], [-6.402936, 42.467874], [-6.402594, 42.467627], [-6.402217, 42.467409], [-6.401799, 42.467301], [-6.401404, 42.467319], [-6.401004, 42.467259], [-6.400661, 42.467129], [-6.400576, 42.467031], [-6.40076, 42.466982], [-6.400757, 42.466914], [-6.400567, 42.466839], [-6.400422, 42.466785], [-6.400344, 42.466763], [-6.400197, 42.466613], [-6.400006, 42.46636], [-6.399739, 42.466057], [-6.399437, 42.465751], [-6.399131, 42.465638], [-6.398869, 42.465734], [-6.398621, 42.46592], [-6.398424, 42.466165], [-6.398116, 42.46637], [-6.397743, 42.466502], [-6.397406, 42.46651], [-6.397156, 42.466391], [-6.396872, 42.466264], [-6.396599, 42.466149], [-6.396314, 42.466109], [-6.396061, 42.466151], [-6.395797, 42.466233], [-6.395562, 42.466342], [-6.395298, 42.466472], [-6.395046, 42.466603], [-6.394714, 42.466676], [-6.394354, 42.466682], [-6.393907, 42.466669], [-6.39344, 42.466639], [-6.39299, 42.466616], [-6.392626, 42.466605], [-6.392373, 42.466541], [-6.392271, 42.466433], [-6.392342, 42.466267], [-6.392576, 42.466069], [-6.39301, 42.465988], [-6.393578, 42.466037], [-6.394419, 42.465966], [-6.395405, 42.465786], [-6.396066, 42.46563], [-6.3963, 42.46552], [-6.396374, 42.465363], [-6.396276, 42.465184], [-6.396092, 42.464993], [-6.395851, 42.464819], [-6.395461, 42.464449], [-6.394982, 42.463941], [-6.394517, 42.463584], [-6.394137, 42.463433], [-6.393736, 42.463258], [-6.393375, 42.463086], [-6.392981, 42.462843], [-6.392614, 42.462565], [-6.391911, 42.462103], [-6.39098, 42.461527], [-6.390369, 42.461068], [-6.390173, 42.460798], [-6.389961, 42.460457], [-6.389765, 42.460098], [-6.389514, 42.45962], [-6.389247, 42.459094], [-6.389349, 42.458712], [-6.389804, 42.45853], [-6.390051, 42.4582], [-6.390053, 42.457773], [-6.390165, 42.457379], [-6.39037, 42.457079], [-6.390603, 42.456838], [-6.390828, 42.456695], [-6.390978, 42.456343], [-6.391029, 42.455836], [-6.390917, 42.455432], [-6.390659, 42.455192], [-6.390638, 42.455044], [-6.390859, 42.455012], [-6.391073, 42.454893], [-6.391249, 42.454708], [-6.391216, 42.45444], [-6.390978, 42.454132], [-6.390723, 42.453925], [-6.39049, 42.453851], [-6.390057, 42.453771], [-6.389489, 42.453696], [-6.388738, 42.453595], [-6.387917, 42.453483], [-6.387123, 42.453346], [-6.386477, 42.453206], [-6.385797, 42.452862], [-6.385189, 42.452368], [-6.384989, 42.451946], [-6.385229, 42.45166], [-6.385676, 42.451259], [-6.386262, 42.450804], [-6.386834, 42.450376], [-6.387302, 42.450042], [-6.38777, 42.449656], [-6.388165, 42.449277], [-6.38825, 42.448905], [-6.388013, 42.448596], [-6.387608, 42.448384], [-6.387099, 42.448299], [-6.386768, 42.448263], [-6.386667, 42.448279], [-6.386265, 42.448254], [-6.385625, 42.448191], [-6.384833, 42.448091], [-6.38401, 42.447968], [-6.383299, 42.448073], [-6.38281, 42.448388], [-6.38214, 42.448814], [-6.38139, 42.449284], [-6.380938, 42.449558], [-6.380852, 42.449592], [-6.38057, 42.449593], [-6.380135, 42.449562], [-6.379642, 42.449503], [-6.379166, 42.449424], [-6.378582, 42.449259], [-6.37798, 42.449033], [-6.377166, 42.44873], [-6.376265, 42.448396], [-6.375409, 42.448275], [-6.374731, 42.448387], [-6.374235, 42.448372], [-6.373998, 42.448233], [-6.373776, 42.448042], [-6.373603, 42.44783], [-6.373353, 42.447621], [-6.373064, 42.447449], [-6.372758, 42.447204], [-6.372481, 42.446925], [-6.372451, 42.44668], [-6.372673, 42.446507], [-6.372986, 42.446224], [-6.373342, 42.445872], [-6.373483, 42.445561], [-6.373387, 42.445339], [-6.373367, 42.445137], [-6.373426, 42.444986], [-6.373783, 42.44476], [-6.374381, 42.444493], [-6.374668, 42.444241], [-6.3746, 42.444044], [-6.374361, 42.44376], [-6.373987, 42.443434], [-6.373729, 42.443266], [-6.373626, 42.443283], [-6.373363, 42.443229], [-6.372981, 42.443113], [-6.372659, 42.442978], [-6.372447, 42.442844], [-6.372117, 42.442629], [-6.371721, 42.442366], [-6.371497, 42.442085], [-6.37148, 42.441829], [-6.371125, 42.441683], [-6.370489, 42.441668], [-6.369999, 42.441689], [-6.369731, 42.441743], [-6.369386, 42.441784], [-6.369015, 42.441805], [-6.368556, 42.441702], [-6.36808, 42.441492], [-6.367678, 42.441225], [-6.36741, 42.44094], [-6.367075, 42.440678], [-6.366723, 42.440477], [-6.366405, 42.44033], [-6.36617, 42.440259], [-6.365867, 42.440218], [-6.365542, 42.440211], [-6.365299, 42.440176], [-6.365175, 42.440117], [-6.365185, 42.439943], [-6.365327, 42.439681], [-6.365577, 42.439452], [-6.365895, 42.43929], [-6.366508, 42.439184], [-6.367319, 42.439151], [-6.367916, 42.439123], [-6.368207, 42.439105], [-6.368437, 42.43904], [-6.36857, 42.438939], [-6.368654, 42.438742], [-6.368675, 42.43848], [-6.368633, 42.438223], [-6.368534, 42.438011], [-6.368404, 42.437887], [-6.368265, 42.43787], [-6.367983, 42.437905], [-6.367603, 42.437988], [-6.367153, 42.438099], [-6.366703, 42.438223], [-6.365885, 42.438454], [-6.364825, 42.438757], [-6.364138, 42.43901], [-6.363927, 42.439173], [-6.36385, 42.439525], [-6.363918, 42.440011], [-6.363896, 42.4403], [-6.363789, 42.440347], [-6.363295, 42.440406], [-6.362491, 42.440469], [-6.361509, 42.440554], [-6.3605, 42.44065], [-6.359813, 42.440683], [-6.359556, 42.440647], [-6.35929, 42.440609], [-6.359058, 42.440577], [-6.358862, 42.440388], [-6.358734, 42.440071], [-6.35864, 42.4398], [-6.358596, 42.439617], [-6.358522, 42.439485], [-6.35843, 42.439426], [-6.358342, 42.439406], [-6.358272, 42.439428], [-6.357931, 42.439406], [-6.357371, 42.439342], [-6.35684, 42.439171], [-6.356419, 42.438916], [-6.355876, 42.438635], [-6.355295, 42.438368], [-6.353269, 42.437896], [-6.350109, 42.43729], [-6.348258, 42.43697], [-6.348, 42.436987], [-6.347392, 42.437016], [-6.346529, 42.437054], [-6.345315, 42.43705], [-6.343938, 42.437005], [-6.343115, 42.436943], [-6.342974, 42.436876], [-6.342964, 42.436773], [-6.343087, 42.436649], [-6.343359, 42.43657], [-6.343737, 42.436547], [-6.344313, 42.436536], [-6.344996, 42.436541], [-6.345469, 42.436505], [-6.34566, 42.436435], [-6.345911, 42.436352], [-6.346185, 42.436268], [-6.346495, 42.436155], [-6.346792, 42.436028], [-6.346885, 42.435852], [-6.34676, 42.435653], [-6.346255, 42.435337], [-6.345449, 42.434952], [-6.344891, 42.43475], [-6.344666, 42.434761], [-6.344365, 42.434733], [-6.344033, 42.434671], [-6.343574, 42.434488], [-6.34306, 42.43421], [-6.342252, 42.43379], [-6.341274, 42.433291], [-6.340683, 42.43287], [-6.340571, 42.432591], [-6.340565, 42.432298], [-6.340667, 42.432036], [-6.34079, 42.431694], [-6.340915, 42.431325], [-6.34124, 42.431027], [-6.341714, 42.430846], [-6.342114, 42.430683], [-6.342378, 42.430564], [-6.34227, 42.430459], [-6.341807, 42.430387], [-6.34145, 42.43003], [-6.341252, 42.429445], [-6.341105, 42.429055], [-6.341031, 42.428918], [-6.34101, 42.428665], [-6.341046, 42.428334], [-6.341236, 42.427907], [-6.341548, 42.42745], [-6.341877, 42.42681], [-6.34217, 42.426085], [-6.342335, 42.425677], [-6.342345, 42.425648], [-6.342481, 42.425494], [-6.342721, 42.425238], [-6.342801, 42.424917], [-6.342707, 42.424581], [-6.342695, 42.424216], [-6.342767, 42.42388], [-6.342865, 42.423556], [-6.342976, 42.423294], [-6.343074, 42.422897], [-6.343145, 42.422425], [-6.343115, 42.421997], [-6.34299, 42.421679], [-6.342814, 42.421437], [-6.342613, 42.421308], [-6.34245, 42.421206], [-6.342351, 42.421148], [-6.342538, 42.420865], [-6.342983, 42.4204], [-6.343058, 42.420048], [-6.342753, 42.419863], [-6.342422, 42.419727], [-6.342118, 42.419659], [-6.341894, 42.419595], [-6.341784, 42.419542], [-6.341629, 42.419479], [-6.341452, 42.419414], [-6.340889, 42.419493], [-6.340027, 42.419705], [-6.339305, 42.419645], [-6.338835, 42.419323], [-6.338556, 42.419064], [-6.338513, 42.418907], [-6.338492, 42.418771], [-6.338498, 42.418676], [-6.338608, 42.418455], [-6.338807, 42.418141], [-6.338927, 42.417829], [-6.338949, 42.417567], [-6.338852, 42.417341], [-6.338651, 42.417187], [-6.338122, 42.416892], [-6.337347, 42.416503], [-6.336408, 42.415907], [-6.335448, 42.415196], [-6.334804, 42.414794], [-6.334572, 42.414761], [-6.333848, 42.414753], [-6.332741, 42.41477], [-6.331782, 42.414724], [-6.331119, 42.414621], [-6.330631, 42.414536], [-6.330393, 42.414481], [-6.330001, 42.414431], [-6.329515, 42.414393], [-6.329083, 42.414388], [-6.328773, 42.414415], [-6.328325, 42.414412], [-6.327808, 42.414379], [-6.327442, 42.414299], [-6.327283, 42.414185], [-6.326985, 42.413916], [-6.326594, 42.413534], [-6.32614, 42.413202], [-6.325695, 42.41297], [-6.325369, 42.412783], [-6.325213, 42.41267], [-6.325217, 42.412542], [-6.32538, 42.412418], [-6.325313, 42.412082], [-6.325029, 42.411585], [-6.32422, 42.410313], [-6.323013, 42.408461], [-6.322335, 42.407411], [-6.322291, 42.407325], [-6.322372, 42.407043], [-6.322566, 42.406607], [-6.322972, 42.406263], [-6.323526, 42.406064], [-6.323814, 42.405705], [-6.323791, 42.405243], [-6.323787, 42.404983], [-6.323803, 42.404965], [-6.324155, 42.404756], [-6.324788, 42.404388], [-6.325397, 42.404078], [-6.325887, 42.403874], [-6.32637, 42.403483], [-6.326773, 42.402967], [-6.327051, 42.402409], [-6.327161, 42.401894], [-6.327227, 42.401395], [-6.327241, 42.400989], [-6.327156, 42.400526], [-6.326985, 42.400076], [-6.326942, 42.399821], [-6.327033, 42.3998], [-6.32705, 42.399527], [-6.32699, 42.399046], [-6.326798, 42.398715], [-6.326504, 42.398586], [-6.325772, 42.398506], [-6.324715, 42.398488], [-6.323553, 42.398339], [-6.322466, 42.39808], [-6.321538, 42.39787], [-6.320911, 42.39774], [-6.320506, 42.397651], [-6.320386, 42.397616], [-6.320335, 42.397534], [-6.320362, 42.397417], [-6.320435, 42.397102], [-6.320542, 42.396638], [-6.320684, 42.396354], [-6.320838, 42.396295], [-6.321407, 42.396076], [-6.322304, 42.395731], [-6.323026, 42.395528], [-6.32346, 42.395498], [-6.324101, 42.395571], [-6.324848, 42.395735], [-6.325586, 42.39591], [-6.326202, 42.396068], [-6.326606, 42.396046], [-6.326736, 42.395848], [-6.326885, 42.395483], [-6.327031, 42.395009], [-6.32729, 42.394538], [-6.327623, 42.394142], [-6.327801, 42.393699], [-6.327794, 42.393277], [-6.327682, 42.3928], [-6.327481, 42.392342], [-6.327222, 42.391902], [-6.326944, 42.391548], [-6.326774, 42.391332], [-6.326738, 42.391287], [-6.326647, 42.391038], [-6.326514, 42.390623], [-6.326465, 42.390269], [-6.32651, 42.39003], [-6.326626, 42.38987], [-6.326795, 42.389815], [-6.326953, 42.389878], [-6.327074, 42.390049], [-6.327284, 42.390229], [-6.32755, 42.390391], [-6.327757, 42.390521], [-6.327874, 42.390602], [-6.32798, 42.390619], [-6.328058, 42.390571], [-6.328688, 42.390843], [-6.329774, 42.391393], [-6.330653, 42.391838], [-6.33119, 42.392109], [-6.331729, 42.392474], [-6.332187, 42.392876], [-6.332476, 42.393375], [-6.33255, 42.393892], [-6.332628, 42.394221], [-6.3327, 42.394312], [-6.333087, 42.394489], [-6.33373, 42.394725], [-6.334441, 42.39508], [-6.335112, 42.395499], [-6.335514, 42.395868], [-6.335587, 42.396129], [-6.335672, 42.396393], [-6.335758, 42.396618], [-6.335968, 42.396925], [-6.336271, 42.397268], [-6.336607, 42.39762], [-6.336923, 42.397927], [-6.337356, 42.39822], [-6.337839, 42.398454], [-6.338121, 42.398718], [-6.33816, 42.39897], [-6.33821, 42.399291], [-6.338263, 42.399632], [-6.33834, 42.400067], [-6.338429, 42.400531], [-6.338764, 42.400951], [-6.339296, 42.401263], [-6.339769, 42.40152], [-6.340111, 42.401683], [-6.340426, 42.401869], [-6.340665, 42.402049], [-6.340977, 42.402279], [-6.341314, 42.402523], [-6.341641, 42.402647], [-6.341907, 42.402634], [-6.342107, 42.402617], [-6.34221, 42.4026], [-6.342492, 42.402511], [-6.34291, 42.402363], [-6.343228, 42.402062], [-6.343399, 42.401655], [-6.343512, 42.401167], [-6.34355, 42.400672], [-6.343583, 42.400344], [-6.343607, 42.400232], [-6.34375, 42.400173], [-6.343991, 42.400176], [-6.344291, 42.400113], [-6.344604, 42.399994], [-6.345025, 42.399841], [-6.345488, 42.39968], [-6.34586, 42.399351], [-6.346083, 42.398905], [-6.346176, 42.39852], [-6.346126, 42.398255], [-6.346065, 42.397858], [-6.346005, 42.39739], [-6.345925, 42.396922], [-6.345838, 42.396526], [-6.345604, 42.396176], [-6.345257, 42.395926], [-6.345078, 42.395687], [-6.345095, 42.395497], [-6.34522, 42.395273], [-6.345435, 42.39505], [-6.345659, 42.394819], [-6.345857, 42.394616], [-6.345973, 42.394492], [-6.34599, 42.394466], [-6.346392, 42.394516], [-6.347118, 42.394634], [-6.34861, 42.394831], [-6.350637, 42.395078], [-6.351769, 42.395206], [-6.351831, 42.395196], [-6.351946, 42.395313], [-6.352096, 42.395536], [-6.352434, 42.39585], [-6.352908, 42.396204], [-6.353587, 42.396611], [-6.354365, 42.397007], [-6.355186, 42.397483], [-6.355925, 42.397963], [-6.356571, 42.398091], [-6.357025, 42.397847], [-6.357561, 42.397617], [-6.358095, 42.397437], [-6.358717, 42.397435], [-6.35933, 42.397612], [-6.360082, 42.397798], [-6.360859, 42.397964], [-6.361485, 42.398061], [-6.361865, 42.398076], [-6.362245, 42.397939], [-6.362567, 42.39767], [-6.363394, 42.39735], [-6.364599, 42.397029], [-6.365828, 42.396769], [-6.36689, 42.39661], [-6.367672, 42.396741], [-6.368055, 42.397141], [-6.368474, 42.39759], [-6.368865, 42.39802], [-6.369333, 42.398402], [-6.369806, 42.398679], [-6.370342, 42.398817], [-6.370858, 42.398794], [-6.371394, 42.398974], [-6.371868, 42.399328], [-6.372356, 42.399741], [-6.372783, 42.400149], [-6.37334, 42.400525], [-6.373941, 42.400812], [-6.374501, 42.400912], [-6.374932, 42.400811], [-6.375412, 42.400707], [-6.375867, 42.400617], [-6.376254, 42.400587], [-6.376514, 42.400621], [-6.377101, 42.400859], [-6.377923, 42.401264], [-6.378598, 42.401412], [-6.379021, 42.401281], [-6.379293, 42.401161], [-6.379372, 42.401071], [-6.379314, 42.400905], [-6.379129, 42.400688], [-6.378724, 42.400454], [-6.378163, 42.400238], [-6.377558, 42.400095], [-6.377002, 42.400047], [-6.376475, 42.399983], [-6.376059, 42.399913], [-6.375556, 42.39977], [-6.375043, 42.399576], [-6.374529, 42.399235], [-6.374094, 42.398797], [-6.373672, 42.398214], [-6.373328, 42.397577], [-6.373255, 42.397029], [-6.373464, 42.396655], [-6.37362, 42.396404], [-6.3737, 42.396314], [-6.374018, 42.396036], [-6.374527, 42.395613], [-6.37489, 42.395211], [-6.375052, 42.394891], [-6.375104, 42.394632], [-6.375039, 42.394473], [-6.374802, 42.394353], [-6.37443, 42.39429], [-6.374003, 42.394302], [-6.373588, 42.394386], [-6.373076, 42.394453], [-6.372544, 42.394494], [-6.37184, 42.394401], [-6.371071, 42.394188], [-6.370326, 42.393867], [-6.36972, 42.393488], [-6.369245, 42.393123], [-6.368975, 42.392828], [-6.368812, 42.392608], [-6.368781, 42.392496], [-6.368823, 42.392379], [-6.368933, 42.392277], [-6.369211, 42.392003], [-6.369614, 42.391602], [-6.370183, 42.391236], [-6.370829, 42.390962], [-6.371788, 42.390475], [-6.372913, 42.389848], [-6.373652, 42.389372], [-6.373891, 42.389119], [-6.374117, 42.388809], [-6.374297, 42.38849], [-6.374413, 42.388025], [-6.374449, 42.387486], [-6.374506, 42.387006], [-6.374574, 42.38666], [-6.374953, 42.386375], [-6.375583, 42.386195], [-6.376174, 42.38599], [-6.376635, 42.385793], [-6.377202, 42.385543], [-6.377789, 42.385279], [-6.37818, 42.385], [-6.378316, 42.384749], [-6.378375, 42.384599], [-6.378347, 42.384573], [-6.378119, 42.384635], [-6.377725, 42.384776], [-6.37699, 42.384905], [-6.376028, 42.385002], [-6.375342, 42.385065], [-6.375038, 42.385085], [-6.374718, 42.385261], [-6.374432, 42.385567], [-6.373987, 42.386177], [-6.373452, 42.386996], [-6.372934, 42.387585], [-6.372514, 42.387852], [-6.372087, 42.388005], [-6.37172, 42.388019], [-6.371162, 42.38802], [-6.370498, 42.388007], [-6.369741, 42.387975], [-6.369006, 42.387928], [-6.368094, 42.387863], [-6.367146, 42.38779], [-6.366203, 42.387813], [-6.36541, 42.387928], [-6.364576, 42.387858], [-6.363828, 42.387615], [-6.363193, 42.387422], [-6.36277, 42.387309], [-6.362286, 42.387256], [-6.361817, 42.387272], [-6.361231, 42.387376], [-6.36062, 42.387553], [-6.360012, 42.387776], [-6.359501, 42.388013], [-6.359029, 42.388123], [-6.358669, 42.388091], [-6.358219, 42.387999], [-6.357749, 42.387863], [-6.357287, 42.387613], [-6.356904, 42.387288], [-6.356915, 42.386946], [-6.357316, 42.38664], [-6.357578, 42.386368], [-6.357661, 42.386172], [-6.357355, 42.385871], [-6.356706, 42.385511], [-6.35613, 42.385255], [-6.355714, 42.38514], [-6.355449, 42.385041], [-6.355375, 42.384972], [-6.355268, 42.384693], [-6.355144, 42.384247], [-6.355047, 42.383846], [-6.354993, 42.383551], [-6.354896, 42.383094], [-6.354771, 42.382547], [-6.354667, 42.382224], [-6.354598, 42.382174], [-6.354242, 42.382013], [-6.353652, 42.381765], [-6.352614, 42.381398], [-6.351287, 42.380966], [-6.350506, 42.380721], [-6.350391, 42.3807], [-6.350154, 42.38065], [-6.349833, 42.380581], [-6.349485, 42.380452], [-6.349164, 42.380282], [-6.348516, 42.379927], [-6.347641, 42.379442], [-6.34703, 42.379059], [-6.346776, 42.378837], [-6.346567, 42.378618], [-6.346435, 42.378437], [-6.34622, 42.378308], [-6.345957, 42.37825], [-6.345602, 42.378198], [-6.345207, 42.378161], [-6.344788, 42.378043], [-6.344409, 42.377862], [-6.34381, 42.377603], [-6.343083, 42.377305], [-6.342661, 42.376959], [-6.34261, 42.376619], [-6.342416, 42.376444], [-6.34211, 42.376462], [-6.341859, 42.376452], [-6.341702, 42.376415], [-6.341527, 42.376238], [-6.341361, 42.375949], [-6.34122, 42.375703], [-6.341126, 42.375538], [-6.340921, 42.375278], [-6.340639, 42.374963], [-6.340464, 42.374737], [-6.340423, 42.374635], [-6.340549, 42.374493], [-6.340822, 42.37433], [-6.341127, 42.374261], [-6.341417, 42.374295], [-6.341724, 42.374352], [-6.342, 42.374424], [-6.342446, 42.374472], [-6.342993, 42.374487], [-6.343373, 42.374498], [-6.343528, 42.374503], [-6.343809, 42.374449], [-6.34417, 42.374344], [-6.344439, 42.374193], [-6.344574, 42.374017], [-6.34485, 42.373796], [-6.345225, 42.373563], [-6.345905, 42.373485], [-6.346785, 42.373576], [-6.347308, 42.373622], [-6.347392, 42.373617], [-6.347513, 42.373529], [-6.347652, 42.373371], [-6.347388, 42.373253], [-6.346761, 42.373193], [-6.346204, 42.373094], [-6.345803, 42.37297], [-6.345495, 42.372815], [-6.345328, 42.372652], [-6.345138, 42.372497], [-6.344954, 42.372371], [-6.344815, 42.372276], [-6.344743, 42.372227], [-6.344583, 42.372074], [-6.344359, 42.371839], [-6.344076, 42.371534], [-6.343776, 42.371203], [-6.343461, 42.370805], [-6.343178, 42.3704], [-6.343038, 42.370017], [-6.343064, 42.369714], [-6.343148, 42.369539], [-6.343277, 42.369518], [-6.343448, 42.369515], [-6.343635, 42.369529], [-6.343923, 42.369472], [-6.344269, 42.369352], [-6.344506, 42.369421], [-6.344599, 42.369667], [-6.344637, 42.36997], [-6.344613, 42.37028], [-6.344621, 42.370499], [-6.344659, 42.370592], [-6.344945, 42.370766], [-6.345435, 42.370992], [-6.345923, 42.371196], [-6.346332, 42.371345], [-6.346582, 42.371436], [-6.346635, 42.371455], [-6.346804, 42.371472], [-6.347064, 42.371483], [-6.347373, 42.37131], [-6.347684, 42.370979], [-6.34792, 42.370755], [-6.348043, 42.370671], [-6.348112, 42.370624], [-6.348115, 42.370621], [-6.34823, 42.370509], [-6.348438, 42.370306], [-6.348682, 42.37017], [-6.348925, 42.370121], [-6.349075, 42.370095], [-6.349108, 42.370097], [-6.349401, 42.369956], [-6.349909, 42.369694], [-6.350144, 42.369503], [-6.350071, 42.369412], [-6.349907, 42.369201], [-6.349679, 42.368903], [-6.349638, 42.368699], [-6.349791, 42.36862], [-6.349894, 42.368592], [-6.349931, 42.368618], [-6.350136, 42.368731], [-6.350479, 42.368912], [-6.350708, 42.368881], [-6.350787, 42.368641], [-6.350682, 42.368377], [-6.350409, 42.36813], [-6.350161, 42.36789], [-6.349975, 42.367693], [-6.349821, 42.367455], [-6.349725, 42.367211], [-6.349825, 42.367031], [-6.350107, 42.366941], [-6.350295, 42.366934], [-6.35036, 42.36701], [-6.350478, 42.367178], [-6.350631, 42.367412], [-6.350835, 42.367636], [-6.35106, 42.367815], [-6.351341, 42.368027], [-6.351633, 42.368238], [-6.35197, 42.368452], [-6.352298, 42.368636], [-6.352482, 42.3687], [-6.352493, 42.368633], [-6.352487, 42.36847], [-6.352466, 42.368236], [-6.35248, 42.367999], [-6.352526, 42.367797], [-6.35267, 42.367604], [-6.35289, 42.367449], [-6.353134, 42.367415], [-6.353364, 42.367507], [-6.353619, 42.367652], [-6.353858, 42.367829], [-6.353926, 42.367678], [-6.353814, 42.36722], [-6.353656, 42.366848], [-6.353475, 42.366619], [-6.353281, 42.366346], [-6.353102, 42.366073], [-6.353151, 42.365907], [-6.35342, 42.365873], [-6.353664, 42.365927], [-6.353847, 42.366059], [-6.354144, 42.366274], [-6.35451, 42.366538], [-6.35496, 42.366932], [-6.355425, 42.367397], [-6.355962, 42.367736], [-6.356489, 42.367898], [-6.356962, 42.368002], [-6.357306, 42.368032], [-6.357605, 42.367994], [-6.357811, 42.367896], [-6.358149, 42.367717], [-6.358568, 42.367486], [-6.358721, 42.367239], [-6.358585, 42.367013], [-6.358199, 42.366848], [-6.357622, 42.366769], [-6.357207, 42.366674], [-6.357019, 42.366575], [-6.356953, 42.366451], [-6.357019, 42.366321], [-6.357192, 42.366258], [-6.357444, 42.36627], [-6.357774, 42.366292], [-6.358133, 42.36632], [-6.358269, 42.366268], [-6.358162, 42.366145], [-6.357967, 42.366014], [-6.357714, 42.365893], [-6.357277, 42.365689], [-6.356724, 42.365434], [-6.356227, 42.365124], [-6.355861, 42.364806], [-6.35565, 42.364559], [-6.355626, 42.364423], [-6.355712, 42.364274], [-6.355893, 42.364136], [-6.356369, 42.364081], [-6.357066, 42.364118], [-6.357618, 42.364139], [-6.35794, 42.36414], [-6.358158, 42.364128], [-6.358239, 42.364104], [-6.35835, 42.364021], [-6.358476, 42.363892], [-6.358695, 42.363856], [-6.358975, 42.363918], [-6.359119, 42.364035], [-6.359103, 42.364189], [-6.359101, 42.364383], [-6.359114, 42.364586], [-6.359184, 42.364838], [-6.3593, 42.3651], [-6.359472, 42.365376], [-6.359672, 42.365624], [-6.359849, 42.365747], [-6.359975, 42.365727], [-6.360067, 42.365659], [-6.360111, 42.365554], [-6.360334, 42.365418], [-6.360703, 42.365271], [-6.361423, 42.3651], [-6.362385, 42.364932], [-6.363016, 42.364893], [-6.363218, 42.364989], [-6.363281, 42.365219], [-6.363197, 42.365546], [-6.363003, 42.365847], [-6.362731, 42.366075], [-6.362523, 42.366268], [-6.362412, 42.366394], [-6.362528, 42.366527], [-6.362853, 42.366647], [-6.363247, 42.36681], [-6.363648, 42.366993], [-6.364064, 42.367206], [-6.364429, 42.367416], [-6.364722, 42.367473], [-6.364898, 42.367369], [-6.364971, 42.367204], [-6.36493, 42.367006], [-6.364774, 42.366786], [-6.364526, 42.366578], [-6.364315, 42.366302], [-6.364173, 42.366001], [-6.364109, 42.365713], [-6.364133, 42.365482], [-6.364361, 42.365304], [-6.364757, 42.365207], [-6.365175, 42.365314], [-6.365549, 42.365609], [-6.365934, 42.365938], [-6.366269, 42.366251], [-6.366703, 42.366589], [-6.36717, 42.366901], [-6.367671, 42.367194], [-6.368129, 42.367421], [-6.368716, 42.367653], [-6.369341, 42.367853], [-6.369985, 42.368063], [-6.370549, 42.368251], [-6.370957, 42.368407], [-6.371145, 42.368506], [-6.371254, 42.368573], [-6.371267, 42.368598], [-6.371291, 42.368621], [-6.371321, 42.36864], [-6.371542, 42.368729], [-6.371918, 42.368874], [-6.372458, 42.369144], [-6.373079, 42.369498], [-6.373802, 42.36988], [-6.374516, 42.370232], [-6.375168, 42.370469], [-6.375658, 42.370554], [-6.376055, 42.370563], [-6.376297, 42.370496], [-6.376685, 42.370253], [-6.377158, 42.369871], [-6.377443, 42.369481], [-6.377498, 42.36914], [-6.377414, 42.368691], [-6.377203, 42.368201], [-6.377084, 42.367874], [-6.377077, 42.367759], [-6.377057, 42.36747], [-6.377029, 42.367053], [-6.377079, 42.366659], [-6.377198, 42.36635], [-6.377424, 42.365962], [-6.377721, 42.365554], [-6.378011, 42.365215], [-6.378249, 42.364996], [-6.378533, 42.364782], [-6.378821, 42.364604], [-6.378961, 42.364504], [-6.378932, 42.364497], [-6.379004, 42.364417], [-6.379165, 42.364277], [-6.379344, 42.36405], [-6.379513, 42.363772], [-6.37962, 42.363464], [-6.379647, 42.363175], [-6.379786, 42.362893], [-6.380014, 42.362662], [-6.380327, 42.362345], [-6.380675, 42.361992], [-6.380902, 42.361665], [-6.380971, 42.361414], [-6.381015, 42.361123], [-6.381028, 42.360836], [-6.381084, 42.3605], [-6.381176, 42.360166], [-6.38128, 42.359877], [-6.381379, 42.359679], [-6.381535, 42.359493], [-6.381726, 42.359347], [-6.381922, 42.35921], [-6.382092, 42.359103], [-6.382322, 42.359028], [-6.382575, 42.358998], [-6.382837, 42.35901], [-6.383068, 42.359063], [-6.383309, 42.359153], [-6.383526, 42.359266], [-6.383669, 42.359452], [-6.383718, 42.359683], [-6.383588, 42.360327], [-6.3833, 42.361286], [-6.383034, 42.36186], [-6.382831, 42.361962], [-6.382602, 42.362006], [-6.38238, 42.361985], [-6.382024, 42.361964], [-6.381587, 42.361944], [-6.381194, 42.36212], [-6.380904, 42.362464], [-6.38077, 42.362702], [-6.380812, 42.362797], [-6.380974, 42.3629], [-6.381231, 42.362995], [-6.381593, 42.363244], [-6.382002, 42.363609], [-6.382266, 42.363815], [-6.382343, 42.363831], [-6.382408, 42.363763], [-6.382451, 42.363622], [-6.382607, 42.363571], [-6.382852, 42.363616], [-6.383265, 42.36379], [-6.383783, 42.364064], [-6.384392, 42.364406], [-6.384999, 42.364763], [-6.385393, 42.365017], [-6.385512, 42.365128], [-6.385727, 42.365084], [-6.386005, 42.364891], [-6.3862, 42.364647], [-6.386283, 42.364388], [-6.386273, 42.364009], [-6.386173, 42.363569], [-6.386122, 42.363258], [-6.38613, 42.363127], [-6.386159, 42.363016], [-6.386205, 42.362943], [-6.386342, 42.362964], [-6.38655, 42.363077], [-6.386682, 42.363206], [-6.386717, 42.363331], [-6.386853, 42.363477], [-6.387069, 42.363621], [-6.387379, 42.363702], [-6.387734, 42.363709], [-6.388005, 42.363691], [-6.388148, 42.363651], [-6.388498, 42.36362], [-6.389001, 42.363603], [-6.389522, 42.363623], [-6.389979, 42.363679], [-6.390675, 42.363732], [-6.391504, 42.363776], [-6.392139, 42.363733], [-6.39248, 42.363612], [-6.39266, 42.363441], [-6.39265, 42.363246], [-6.392553, 42.362855], [-6.392385, 42.362328], [-6.392234, 42.361831], [-6.392126, 42.361441], [-6.392114, 42.361053], [-6.3922, 42.360729], [-6.392497, 42.360503], [-6.392957, 42.360411], [-6.393478, 42.360308], [-6.393981, 42.360209], [-6.394363, 42.360164], [-6.394566, 42.360179], [-6.394803, 42.360344], [-6.395038, 42.360632], [-6.395234, 42.360909], [-6.395363, 42.361133], [-6.395411, 42.361434], [-6.395371, 42.361767], [-6.395343, 42.362055], [-6.395332, 42.362253], [-6.395376, 42.362582], [-6.395468, 42.362991], [-6.395598, 42.363288], [-6.395747, 42.363427], [-6.395936, 42.363546], [-6.396135, 42.363628], [-6.396326, 42.363711], [-6.396478, 42.363784], [-6.396804, 42.363881], [-6.397253, 42.363987], [-6.397526, 42.363977], [-6.39758, 42.363854], [-6.397608, 42.363611], [-6.397606, 42.363284], [-6.397561, 42.362867], [-6.397482, 42.362423], [-6.397408, 42.362028], [-6.397351, 42.361744], [-6.397333, 42.361419], [-6.397356, 42.361105], [-6.397496, 42.360534], [-6.397731, 42.359793], [-6.397895, 42.359306], [-6.397962, 42.359148], [-6.398043, 42.358666], [-6.398126, 42.357934], [-6.398196, 42.357498], [-6.398242, 42.357425], [-6.398383, 42.357198], [-6.398596, 42.356853], [-6.398652, 42.35641], [-6.398543, 42.355939], [-6.398417, 42.355703], [-6.398295, 42.355739], [-6.398108, 42.355796], [-6.397884, 42.355866], [-6.397645, 42.355781], [-6.397428, 42.355556], [-6.397195, 42.355364], [-6.396983, 42.355236], [-6.396797, 42.355213], [-6.396667, 42.3553], [-6.396574, 42.355439], [-6.396533, 42.355609], [-6.396492, 42.35589], [-6.396456, 42.356239], [-6.396275, 42.356534], [-6.395976, 42.35673], [-6.39553, 42.356804], [-6.395005, 42.356743], [-6.3946, 42.356704], [-6.394376, 42.356692], [-6.394131, 42.356714], [-6.393903, 42.356768], [-6.393795, 42.357025], [-6.393823, 42.357444], [-6.393744, 42.357935], [-6.39357, 42.358421], [-6.393232, 42.358795], [-6.392781, 42.359], [-6.392248, 42.359105], [-6.391715, 42.359095], [-6.391019, 42.359086], [-6.390266, 42.359079], [-6.389748, 42.359111], [-6.389546, 42.359177], [-6.389218, 42.35916], [-6.388816, 42.359063], [-6.388639, 42.358941], [-6.388714, 42.358815], [-6.389042, 42.358619], [-6.389573, 42.358385], [-6.389931, 42.358167], [-6.390061, 42.357999], [-6.390043, 42.357719], [-6.38988, 42.35737], [-6.38964, 42.357109], [-6.38936, 42.356975], [-6.388871, 42.356852], [-6.388249, 42.356758], [-6.387758, 42.356627], [-6.387474, 42.356478], [-6.387313, 42.35639], [-6.387302, 42.356376], [-6.387373, 42.356243], [-6.387516, 42.356009], [-6.387586, 42.355696], [-6.387572, 42.355351], [-6.387658, 42.354984], [-6.387832, 42.354654], [-6.388019, 42.35441], [-6.38819, 42.354291], [-6.388385, 42.354275], [-6.388574, 42.354365], [-6.388743, 42.354378], [-6.388868, 42.354312], [-6.388941, 42.354096], [-6.38895, 42.353762], [-6.38915, 42.353246], [-6.389509, 42.352628], [-6.389782, 42.352174], [-6.389925, 42.351954], [-6.390159, 42.351841], [-6.390449, 42.351854], [-6.39063, 42.351947], [-6.390674, 42.352106], [-6.390765, 42.352312], [-6.390888, 42.352534], [-6.391147, 42.352712], [-6.391504, 42.35282], [-6.39192, 42.352841], [-6.39233, 42.352774], [-6.392718, 42.352776], [-6.393024, 42.352846], [-6.393259, 42.353053], [-6.393386, 42.353365], [-6.393502, 42.353542], [-6.393588, 42.353558], [-6.393827, 42.353543], [-6.394183, 42.3535], [-6.394435, 42.353409], [-6.394543, 42.353286], [-6.394672, 42.35315], [-6.3948, 42.353023], [-6.394997, 42.352974], [-6.395232, 42.353011], [-6.395444, 42.353058], [-6.395601, 42.353108], [-6.395819, 42.353097], [-6.396065, 42.353026], [-6.396255, 42.352913], [-6.39636, 42.352775], [-6.39638, 42.352567], [-6.396311, 42.352321], [-6.396108, 42.352027], [-6.3958, 42.35173], [-6.395438, 42.351503], [-6.395078, 42.351381], [-6.394415, 42.351146], [-6.393551, 42.350835], [-6.392804, 42.350655], [-6.392287, 42.350634], [-6.392036, 42.350528], [-6.39209, 42.350353], [-6.392171, 42.350168], [-6.392268, 42.350001], [-6.39225, 42.349856], [-6.39212, 42.349757], [-6.392027, 42.349663], [-6.391985, 42.34959], [-6.392183, 42.349536], [-6.392591, 42.349511], [-6.392911, 42.349603], [-6.393096, 42.349798], [-6.393759, 42.35002], [-6.394799, 42.350236], [-6.395707, 42.350365], [-6.396345, 42.350389], [-6.396731, 42.350334], [-6.396805, 42.35021], [-6.396763, 42.350059], [-6.396612, 42.349907], [-6.396435, 42.349779], [-6.396259, 42.349696], [-6.395915, 42.349517], [-6.395455, 42.349271], [-6.395026, 42.349001], [-6.394695, 42.34875], [-6.394167, 42.348549], [-6.393525, 42.348429], [-6.392946, 42.348341], [-6.392521, 42.348298], [-6.392232, 42.348163], [-6.392123, 42.347955], [-6.392048, 42.347811], [-6.392017, 42.347752], [-6.391922, 42.347654], [-6.39178, 42.347532], [-6.391535, 42.347415], [-6.391226, 42.347321], [-6.390872, 42.347066], [-6.390528, 42.346688], [-6.390086, 42.346115], [-6.389614, 42.345436], [-6.389298, 42.344808], [-6.389186, 42.344327], [-6.389109, 42.344008], [-6.389079, 42.343901], [-6.389249, 42.343873], [-6.389591, 42.343929], [-6.389905, 42.344043], [-6.390144, 42.344197], [-6.390393, 42.344287], [-6.390614, 42.344299], [-6.390876, 42.344265], [-6.391138, 42.344189], [-6.391397, 42.344103], [-6.391613, 42.344019], [-6.391868, 42.344047], [-6.392123, 42.344182], [-6.392221, 42.344323], [-6.392147, 42.344448], [-6.391938, 42.344543], [-6.391626, 42.344595], [-6.39121, 42.344628], [-6.390756, 42.344638], [-6.390613, 42.344758], [-6.390802, 42.344968], [-6.39113, 42.345132], [-6.391548, 42.345225], [-6.391952, 42.345324], [-6.392282, 42.345414], [-6.392511, 42.345516], [-6.392603, 42.345614], [-6.392781, 42.345829], [-6.393017, 42.346128], [-6.393314, 42.346393], [-6.393628, 42.346583], [-6.393941, 42.346732], [-6.394204, 42.346817], [-6.394435, 42.346928], [-6.394599, 42.347046], [-6.394852, 42.347196], [-6.395158, 42.347355], [-6.395593, 42.347606], [-6.396091, 42.34791], [-6.396368, 42.348099], [-6.39638, 42.348144], [-6.396408, 42.348244], [-6.396447, 42.348384], [-6.396768, 42.34869], [-6.397321, 42.349114], [-6.397878, 42.349336], [-6.398353, 42.349322], [-6.398777, 42.349279], [-6.399085, 42.349212], [-6.39946, 42.34913], [-6.399843, 42.349045], [-6.400095, 42.349071], [-6.400177, 42.349202], [-6.400952, 42.349193], [-6.402301, 42.349043], [-6.403266, 42.349121], [-6.403698, 42.349413], [-6.404272, 42.349533], [-6.404898, 42.349461], [-6.405589, 42.34924], [-6.40624, 42.348904], [-6.406708, 42.34867], [-6.406919, 42.348572], [-6.407274, 42.34848], [-6.407717, 42.348407], [-6.40812, 42.348268], [-6.40842, 42.348083], [-6.408647, 42.347917], [-6.408767, 42.347793], [-6.408973, 42.34763], [-6.409232, 42.347452], [-6.409567, 42.347262], [-6.409927, 42.347088], [-6.41026, 42.346921], [-6.410517, 42.346785], [-6.410887, 42.34669], [-6.411311, 42.346652], [-6.411731, 42.346712], [-6.412082, 42.346862], [-6.41242, 42.347037], [-6.412693, 42.34721], [-6.413082, 42.347405], [-6.413527, 42.347591], [-6.413961, 42.347812], [-6.414318, 42.348034], [-6.414736, 42.34828], [-6.415152, 42.348513], [-6.415621, 42.348694], [-6.416071, 42.348797], [-6.416472, 42.348787], [-6.416761, 42.348667], [-6.417187, 42.348501], [-6.417683, 42.348315], [-6.418283, 42.348121], [-6.418895, 42.347947], [-6.419504, 42.347948], [-6.420016, 42.348123], [-6.42036, 42.348264], [-6.420481, 42.348348], [-6.420588, 42.348431], [-6.420664, 42.348502], [-6.420793, 42.348582], [-6.420955, 42.348659], [-6.421043, 42.348785], [-6.421044, 42.348941], [-6.42107, 42.34906], [-6.421116, 42.349126], [-6.421204, 42.349164], [-6.421319, 42.349169], [-6.421373, 42.349211], [-6.421358, 42.349282], [-6.421555, 42.349334], [-6.421932, 42.349357], [-6.422697, 42.349403], [-6.423732, 42.349463], [-6.424535, 42.349507], [-6.424981, 42.349528], [-6.425325, 42.349527], [-6.425516, 42.349504], [-6.42594, 42.349564], [-6.426533, 42.349697], [-6.427036, 42.349837], [-6.427371, 42.349962], [-6.427658, 42.350067], [-6.427851, 42.350138], [-6.428312, 42.350239], [-6.428969, 42.350353], [-6.42956, 42.350469], [-6.429993, 42.350569], [-6.430285, 42.350604], [-6.430391, 42.350569], [-6.430636, 42.350436], [-6.430982, 42.350225], [-6.431338, 42.349995], [-6.431649, 42.349781], [-6.432125, 42.349577], [-6.432694, 42.349415], [-6.433411, 42.34931], [-6.434167, 42.34928], [-6.434938, 42.349236], [-6.435607, 42.349186], [-6.436159, 42.34896], [-6.436509, 42.348594], [-6.436779, 42.34835], [-6.436929, 42.348265], [-6.437044, 42.348093], [-6.437107, 42.347861], [-6.437161, 42.346952], [-6.437198, 42.345507], [-6.437174, 42.344635], [-6.437093, 42.344468], [-6.436702, 42.344278], [-6.43606, 42.344093], [-6.435602, 42.343936], [-6.4354, 42.343833], [-6.435183, 42.343618], [-6.434986, 42.343325], [-6.434831, 42.343017], [-6.434742, 42.34274], [-6.434608, 42.342468], [-6.434449, 42.342242], [-6.434322, 42.341972], [-6.434246, 42.3417], [-6.434107, 42.341377], [-6.433925, 42.341053], [-6.433657, 42.340667], [-6.433343, 42.34028], [-6.433027, 42.339678], [-6.432757, 42.338954], [-6.432602, 42.338531], [-6.432586, 42.338475], [-6.432524, 42.338229], [-6.432425, 42.337831], [-6.432397, 42.337488], [-6.432446, 42.337252], [-6.432641, 42.337042], [-6.432952, 42.336889], [-6.433278, 42.336684], [-6.433569, 42.336459], [-6.433612, 42.336214], [-6.433401, 42.335987], [-6.432573, 42.335259], [-6.431258, 42.334142], [-6.430269, 42.333367], [-6.42976, 42.333055], [-6.429305, 42.33291], [-6.428976, 42.332956], [-6.428726, 42.33297], [-6.428595, 42.332949], [-6.428462, 42.332852], [-6.42835, 42.332693], [-6.428243, 42.332563], [-6.428159, 42.332483], [-6.428184, 42.332419], [-6.428313, 42.332384], [-6.428207, 42.33213], [-6.427883, 42.331698], [-6.427413, 42.33126], [-6.42687, 42.330885], [-6.426381, 42.330521], [-6.426021, 42.330224], [-6.425584, 42.329822], [-6.425139, 42.329376], [-6.424891, 42.329054], [-6.424879, 42.328905], [-6.425053, 42.328648], [-6.425386, 42.328323], [-6.426227, 42.32805], [-6.427448, 42.32787], [-6.428542, 42.327678], [-6.42934, 42.327503], [-6.430345, 42.32722], [-6.431402, 42.326873], [-6.432262, 42.326667], [-6.432793, 42.326633], [-6.433645, 42.326481], [-6.434686, 42.326234], [-6.435358, 42.326175], [-6.435558, 42.326315], [-6.435839, 42.326644], [-6.436159, 42.327109], [-6.436604, 42.327826], [-6.437105, 42.328683], [-6.437719, 42.329296], [-6.43835, 42.32957], [-6.438967, 42.329767], [-6.439474, 42.329856], [-6.439985, 42.329988], [-6.440423, 42.330143], [-6.440777, 42.330307], [-6.440994, 42.330455], [-6.441627, 42.330713], [-6.442581, 42.331042], [-6.443677, 42.33137], [-6.444748, 42.331648], [-6.445606, 42.331916], [-6.446119, 42.332133], [-6.446727, 42.332322], [-6.447336, 42.332452], [-6.447581, 42.332537], [-6.447426, 42.332564], [-6.447874, 42.332915], [-6.448858, 42.333536], [-6.450362, 42.334325], [-6.452153, 42.335159], [-6.453719, 42.335687], [-6.454819, 42.335829], [-6.455666, 42.335901], [-6.456132, 42.335893], [-6.456471, 42.335837], [-6.456631, 42.335742], [-6.457055, 42.335715], [-6.457676, 42.335763], [-6.458449, 42.335991], [-6.459255, 42.336365], [-6.460097, 42.33672], [-6.460845, 42.337], [-6.46142, 42.337304], [-6.461733, 42.337587], [-6.462096, 42.337858], [-6.462453, 42.338076], [-6.46297, 42.338297], [-6.463569, 42.338486], [-6.463957, 42.338547], [-6.464076, 42.338469], [-6.464244, 42.338285], [-6.464436, 42.338023], [-6.464584, 42.337767], [-6.464666, 42.337558], [-6.464861, 42.337469], [-6.465139, 42.337516], [-6.465656, 42.337674], [-6.466333, 42.33792], [-6.46672, 42.338218], [-6.466758, 42.338523], [-6.466821, 42.338729], [-6.4669, 42.338805], [-6.467004, 42.338907], [-6.467118, 42.339018], [-6.467389, 42.339069], [-6.467774, 42.339051], [-6.468082, 42.339125], [-6.468265, 42.33928], [-6.468383, 42.33946], [-6.468417, 42.339639], [-6.468229, 42.339689], [-6.467846, 42.339602], [-6.467533, 42.33951], [-6.467338, 42.339427], [-6.466979, 42.339411], [-6.466511, 42.339466], [-6.465941, 42.33951], [-6.465356, 42.339537], [-6.464969, 42.339528], [-6.46484, 42.339482], [-6.464711, 42.339665], [-6.464601, 42.340047], [-6.465037, 42.340483], [-6.465951, 42.340907], [-6.466924, 42.341184], [-6.467805, 42.341274], [-6.468503, 42.341382], [-6.468912, 42.341491], [-6.469249, 42.341731], [-6.469461, 42.342064], [-6.469518, 42.342461], [-6.469411, 42.342862], [-6.469152, 42.343287], [-6.468782, 42.343672], [-6.468477, 42.34397], [-6.468284, 42.344134], [-6.468289, 42.344461], [-6.468491, 42.344898], [-6.468463, 42.345262], [-6.468209, 42.345495], [-6.468114, 42.345734], [-6.468192, 42.345942], [-6.4685, 42.346155], [-6.468989, 42.346339], [-6.469351, 42.346399], [-6.469529, 42.346325], [-6.46984, 42.346202], [-6.470235, 42.346048], [-6.470615, 42.346017], [-6.470921, 42.346114], [-6.471409, 42.346201], [-6.472004, 42.346264], [-6.472414, 42.34642], [-6.472576, 42.346643], [-6.472503, 42.346847], [-6.472207, 42.346999], [-6.471954, 42.347096], [-6.471783, 42.347125], [-6.471482, 42.347167], [-6.471097, 42.347215], [-6.470817, 42.347294], [-6.470684, 42.347389], [-6.470752, 42.347553], [-6.471009, 42.347761], [-6.471277, 42.347853], [-6.471514, 42.347813], [-6.471619, 42.347801], [-6.471576, 42.347818], [-6.471541, 42.347905], [-6.471518, 42.348047], [-6.47153, 42.348129], [-6.471574, 42.348137], [-6.471699, 42.348141], [-6.471887, 42.348141], [-6.472359, 42.348013], [-6.473044, 42.347776], [-6.473678, 42.347822], [-6.474164, 42.348142], [-6.474418, 42.348443], [-6.4744, 42.348677], [-6.474347, 42.348853], [-6.474268, 42.348943], [-6.474118, 42.349094], [-6.47392, 42.349281], [-6.473811, 42.349457], [-6.473808, 42.349597], [-6.474102, 42.349757], [-6.474646, 42.349914], [-6.475146, 42.350007], [-6.475526, 42.350021], [-6.475927, 42.350163], [-6.476289, 42.350412], [-6.476516, 42.350659], [-6.476574, 42.350865], [-6.476721, 42.35115], [-6.476935, 42.351469], [-6.477181, 42.351821], [-6.477419, 42.352152], [-6.477577, 42.352435], [-6.477631, 42.352627], [-6.477531, 42.352794], [-6.477292, 42.35291], [-6.47692, 42.352955], [-6.476473, 42.352921], [-6.476198, 42.352908], [-6.476138, 42.352918], [-6.476108, 42.352973], [-6.476113, 42.353065], [-6.476295, 42.353352], [-6.476626, 42.353791], [-6.477014, 42.354128], [-6.477399, 42.354311], [-6.477636, 42.354472], [-6.477689, 42.354587], [-6.477764, 42.354733], [-6.477849, 42.354889], [-6.477926, 42.355002], [-6.477982, 42.355054], [-6.4784, 42.355052], [-6.479114, 42.354995], [-6.479674, 42.354936], [-6.479993, 42.354883], [-6.480295, 42.354833], [-6.480535, 42.354794], [-6.48084, 42.354835], [-6.481164, 42.354951], [-6.481411, 42.354986], [-6.481543, 42.354933], [-6.481901, 42.35484], [-6.482431, 42.354722], [-6.482933, 42.354697], [-6.483329, 42.354771], [-6.483814, 42.354807], [-6.484313, 42.354802], [-6.484737, 42.354824], [-6.485021, 42.354869], [-6.485237, 42.354875], [-6.485353, 42.354841], [-6.485667, 42.354672], [-6.486132, 42.354394], [-6.486552, 42.354199], [-6.486863, 42.354117], [-6.487196, 42.354137], [-6.487501, 42.354256], [-6.487834, 42.354235], [-6.488144, 42.354075], [-6.488427, 42.353878], [-6.488641, 42.353673], [-6.488843, 42.353506], [-6.489002, 42.353403], [-6.489182, 42.353239], [-6.489356, 42.353041], [-6.489447, 42.352842], [-6.489442, 42.352673], [-6.489358, 42.352495], [-6.489209, 42.352334], [-6.488853, 42.352193], [-6.488345, 42.352091], [-6.48782, 42.351911], [-6.487359, 42.351679], [-6.486924, 42.351216], [-6.486583, 42.350594], [-6.48642, 42.350253], [-6.48646, 42.350246], [-6.48679, 42.350133], [-6.487359, 42.349931], [-6.487636, 42.34971], [-6.487579, 42.349503], [-6.487413, 42.349314], [-6.487164, 42.34917], [-6.486992, 42.349039], [-6.486923, 42.348943], [-6.486951, 42.348721], [-6.487072, 42.348408], [-6.487017, 42.348049], [-6.486795, 42.3477], [-6.48662, 42.347479], [-6.486519, 42.347418], [-6.48625, 42.347262], [-6.485852, 42.347035], [-6.485292, 42.346727], [-6.484654, 42.346385], [-6.484176, 42.345929], [-6.483932, 42.34543], [-6.483858, 42.3451], [-6.483965, 42.34499], [-6.484025, 42.344964], [-6.484029, 42.345025], [-6.484281, 42.345115], [-6.484744, 42.345218], [-6.485067, 42.345322], [-6.4852, 42.345411], [-6.485565, 42.345454], [-6.486104, 42.345445], [-6.486607, 42.345378], [-6.486995, 42.345263], [-6.487316, 42.345069], [-6.487519, 42.344825], [-6.487567, 42.344578], [-6.487454, 42.344366], [-6.487384, 42.344171], [-6.48737, 42.344023], [-6.487327, 42.343818], [-6.487263, 42.343588], [-6.487201, 42.343365], [-6.48715, 42.343183], [-6.487181, 42.343031], [-6.487289, 42.342933], [-6.487478, 42.342875], [-6.48772, 42.342865], [-6.488065, 42.34284], [-6.488462, 42.342805], [-6.488781, 42.342763], [-6.488972, 42.342721], [-6.489184, 42.342664], [-6.489383, 42.342601], [-6.489582, 42.342525], [-6.48975, 42.342447], [-6.490129, 42.342357], [-6.49066, 42.342269], [-6.491025, 42.342209], [-6.491168, 42.342185], [-6.491369, 42.342168], [-6.491597, 42.34216], [-6.492028, 42.342284], [-6.492596, 42.342521], [-6.493049, 42.342723], [-6.493318, 42.342859], [-6.493746, 42.343158], [-6.494269, 42.343572], [-6.494681, 42.343705], [-6.494918, 42.343536], [-6.495012, 42.343346], [-6.494948, 42.343166], [-6.494871, 42.342995], [-6.494792, 42.342857], [-6.494805, 42.342774], [-6.494909, 42.342756], [-6.495193, 42.342698], [-6.495616, 42.342608], [-6.495876, 42.342462], [-6.495934, 42.342282], [-6.495923, 42.34211], [-6.495843, 42.341973], [-6.495645, 42.341816], [-6.495358, 42.341662], [-6.495152, 42.341398], [-6.495058, 42.341063], [-6.494796, 42.340807], [-6.494406, 42.340671], [-6.494132, 42.340586], [-6.494018, 42.340565], [-6.493816, 42.340447], [-6.493557, 42.340249], [-6.493223, 42.339869], [-6.492866, 42.339367], [-6.492717, 42.338941], [-6.4928, 42.338656], [-6.492971, 42.338346], [-6.493202, 42.338057], [-6.493473, 42.337952], [-6.493744, 42.338048], [-6.494203, 42.338086], [-6.494779, 42.338061], [-6.495192, 42.337965], [-6.495381, 42.337814], [-6.49557, 42.337598], [-6.495731, 42.33735], [-6.495896, 42.337073], [-6.496039, 42.336809], [-6.496126, 42.336517], [-6.496145, 42.336244], [-6.496186, 42.335971], [-6.496243, 42.33574], [-6.496244, 42.335576], [-6.496187, 42.335503], [-6.496222, 42.335413], [-6.496344, 42.33532], [-6.496418, 42.335171], [-6.496432, 42.334989], [-6.496586, 42.334785], [-6.496856, 42.334589], [-6.497024, 42.334397], [-6.497064, 42.334239], [-6.496902, 42.334102], [-6.496563, 42.334007], [-6.496238, 42.333989], [-6.495979, 42.33405], [-6.495734, 42.334081], [-6.49554, 42.334077], [-6.495329, 42.333996], [-6.495132, 42.333851], [-6.494955, 42.333683], [-6.494824, 42.333518], [-6.494706, 42.333282], [-6.494619, 42.333012], [-6.494542, 42.332693], [-6.494489, 42.332372], [-6.494436, 42.332136], [-6.494391, 42.332018], [-6.494683, 42.331946], [-6.495268, 42.331929], [-6.495727, 42.331848], [-6.49599, 42.331716], [-6.496112, 42.331546], [-6.496074, 42.331366], [-6.495992, 42.331119], [-6.495879, 42.330845], [-6.495773, 42.330607], [-6.495691, 42.330443], [-6.495667, 42.330307], [-6.495703, 42.330221], [-6.495876, 42.330144], [-6.496161, 42.330088], [-6.496453, 42.330107], [-6.496707, 42.330198], [-6.496841, 42.330586], [-6.496835, 42.331209], [-6.496917, 42.331735], [-6.497075, 42.332082], [-6.497294, 42.332402], [-6.497543, 42.332646], [-6.497794, 42.332961], [-6.498008, 42.333299], [-6.498116, 42.333613], [-6.4981, 42.333854], [-6.498094, 42.333983], [-6.4981, 42.333978], [-6.49812, 42.334034], [-6.49815, 42.334143], [-6.498435, 42.334372], [-6.498931, 42.334686], [-6.499262, 42.334979], [-6.499377, 42.335205], [-6.499673, 42.335621], [-6.500105, 42.336163], [-6.500419, 42.336495], [-6.500566, 42.336565], [-6.500916, 42.336655], [-6.501415, 42.336751], [-6.501883, 42.336843], [-6.502248, 42.336914], [-6.50287, 42.33699], [-6.503655, 42.337058], [-6.504341, 42.337211], [-6.504821, 42.337424], [-6.505188, 42.337624], [-6.505385, 42.33778], [-6.505665, 42.337866], [-6.505985, 42.33787], [-6.506291, 42.337727], [-6.506535, 42.33746], [-6.506807, 42.337221], [-6.507064, 42.337046], [-6.507464, 42.336944], [-6.507945, 42.33693], [-6.508321, 42.337062], [-6.508533, 42.33732], [-6.508683, 42.337607], [-6.508746, 42.337879], [-6.508913, 42.33823], [-6.509159, 42.338605], [-6.509378, 42.338895], [-6.509539, 42.339058], [-6.509729, 42.339292], [-6.509919, 42.339562], [-6.509998, 42.339892], [-6.509952, 42.34023], [-6.509856, 42.340553], [-6.509724, 42.34081], [-6.50965, 42.340962], [-6.509648, 42.340983], [-6.509576, 42.341018], [-6.509448, 42.341061], [-6.509161, 42.341124], [-6.508758, 42.341197], [-6.50832, 42.341453], [-6.507915, 42.341852], [-6.507611, 42.342208], [-6.507455, 42.342465], [-6.507405, 42.34265], [-6.507471, 42.342733], [-6.507619, 42.342902], [-6.507827, 42.34313], [-6.507986, 42.343355], [-6.508072, 42.343541], [-6.508238, 42.343758], [-6.508459, 42.343972], [-6.508683, 42.344132], [-6.508875, 42.344212], [-6.508999, 42.344286], [-6.509037, 42.344339], [-6.50916, 42.344516], [-6.509349, 42.344788], [-6.509577, 42.34504], [-6.509809, 42.345233], [-6.509938, 42.345466], [-6.509945, 42.345703], [-6.509813, 42.345884], [-6.509561, 42.345982], [-6.50937, 42.346038], [-6.509269, 42.346042], [-6.509108, 42.346041], [-6.508912, 42.346036], [-6.508722, 42.345979], [-6.508567, 42.34588], [-6.50838, 42.345734], [-6.508188, 42.345566], [-6.508017, 42.345442], [-6.507893, 42.345383], [-6.507739, 42.345442], [-6.50758, 42.345609], [-6.507394, 42.345667], [-6.507211, 42.345607], [-6.506992, 42.345599], [-6.506772, 42.345644], [-6.506538, 42.345776], [-6.506328, 42.345975], [-6.506281, 42.346174], [-6.506406, 42.346342], [-6.506596, 42.346528], [-6.506823, 42.346704], [-6.506908, 42.346943], [-6.506838, 42.347209], [-6.507069, 42.347477], [-6.507566, 42.347707], [-6.507859, 42.347894], [-6.507903, 42.34801], [-6.507916, 42.34823], [-6.507898, 42.34852], [-6.507959, 42.348674], [-6.508091, 42.348669], [-6.508225, 42.348633], [-6.508341, 42.348573], [-6.508468, 42.348445], [-6.508585, 42.34827], [-6.508705, 42.348055], [-6.508809, 42.347832], [-6.508951, 42.347631], [-6.509109, 42.347482], [-6.509407, 42.347365], [-6.5098, 42.3473], [-6.510187, 42.34729], [-6.510511, 42.347334], [-6.510912, 42.347415], [-6.511329, 42.347518], [-6.511722, 42.347546], [-6.512029, 42.347495], [-6.512387, 42.347485], [-6.51274, 42.347516], [-6.51319, 42.347602], [-6.513669, 42.347728], [-6.514091, 42.347818], [-6.514391, 42.347858], [-6.514642, 42.347959], [-6.514805, 42.348104], [-6.51496, 42.348207], [-6.515083, 42.348253], [-6.515397, 42.348236], [-6.515853, 42.34816], [-6.51628, 42.348116], [-6.516611, 42.348111], [-6.516878, 42.348182], [-6.517038, 42.34832], [-6.517311, 42.348412], [-6.517653, 42.348446], [-6.517939, 42.348332], [-6.518126, 42.348087], [-6.518233, 42.347803], [-6.518243, 42.347522], [-6.518301, 42.347215], [-6.518398, 42.346928], [-6.518511, 42.346728], [-6.518621, 42.346645], [-6.518673, 42.346631], [-6.51866, 42.346688], [-6.518699, 42.346716], [-6.518782, 42.346711], [-6.51884, 42.346707], [-6.518863, 42.346703], [-6.519055, 42.346686], [-6.519387, 42.346657], [-6.519804, 42.346579], [-6.520244, 42.346461], [-6.520809, 42.346348], [-6.521414, 42.346256], [-6.521988, 42.346103], [-6.522443, 42.345911], [-6.522894, 42.345647], [-6.523271, 42.345351], [-6.523792, 42.344891], [-6.524376, 42.344337], [-6.5246, 42.343897], [-6.524431, 42.343639], [-6.524355, 42.343389], [-6.524383, 42.343188], [-6.524405, 42.342961], [-6.524416, 42.342744], [-6.52441, 42.34258], [-6.524386, 42.342494], [-6.524382, 42.342364], [-6.524399, 42.342209], [-6.524639, 42.342174], [-6.525064, 42.342264], [-6.52548, 42.342365], [-6.525821, 42.342461], [-6.52601, 42.342454], [-6.526016, 42.342345], [-6.526015, 42.342273], [-6.526008, 42.342247], [-6.525894, 42.342145], [-6.52569, 42.341981], [-6.525549, 42.341867], [-6.52549, 42.341818], [-6.525456, 42.34179], [-6.525451, 42.341786], [-6.525475, 42.341736], [-6.525523, 42.341647], [-6.525632, 42.341474], [-6.525785, 42.341242], [-6.525861, 42.340977], [-6.52585, 42.340719], [-6.525868, 42.340527], [-6.525913, 42.34043], [-6.526163, 42.34036], [-6.526578, 42.340327], [-6.526852, 42.3403], [-6.526945, 42.340285], [-6.527104, 42.340196], [-6.527304, 42.340046], [-6.52753, 42.33994], [-6.527748, 42.339895], [-6.528049, 42.339894], [-6.528388, 42.339936], [-6.528693, 42.340017], [-6.528917, 42.340123], [-6.5293, 42.340181], [-6.529785, 42.340181], [-6.530143, 42.340053], [-6.530319, 42.339818], [-6.53069, 42.339689], [-6.531198, 42.339685], [-6.53161, 42.339752], [-6.531864, 42.33988], [-6.53222, 42.340025], [-6.532623, 42.340165], [-6.532868, 42.340337], [-6.532918, 42.340517], [-6.532872, 42.340656], [-6.532736, 42.340732], [-6.532445, 42.340819], [-6.532045, 42.340904], [-6.531706, 42.341028], [-6.53148, 42.341173], [-6.531377, 42.341438], [-6.531412, 42.341781], [-6.531285, 42.342006], [-6.531014, 42.342078], [-6.530821, 42.342091], [-6.530735, 42.342042], [-6.530709, 42.341949], [-6.530747, 42.341827], [-6.53084, 42.341666], [-6.530973, 42.341491], [-6.530995, 42.341337], [-6.530904, 42.341227], [-6.530544, 42.341068], [-6.529972, 42.340885], [-6.529507, 42.340749], [-6.529221, 42.34068], [-6.529011, 42.340656], [-6.528909, 42.340682], [-6.528857, 42.340822], [-6.528861, 42.341054], [-6.528926, 42.341354], [-6.52904, 42.341676], [-6.529101, 42.341859], [-6.529099, 42.341877], [-6.529244, 42.341888], [-6.529515, 42.341891], [-6.529648, 42.34197], [-6.529624, 42.342113], [-6.529406, 42.342331], [-6.52903, 42.34259], [-6.528744, 42.342789], [-6.528592, 42.342897], [-6.528125, 42.342857], [-6.527414, 42.342674], [-6.526961, 42.342603], [-6.526835, 42.342655], [-6.526674, 42.342704], [-6.526503, 42.342743], [-6.526381, 42.342825], [-6.526329, 42.342938], [-6.526354, 42.343136], [-6.526453, 42.343389], [-6.526505, 42.343656], [-6.526502, 42.343895], [-6.526622, 42.34419], [-6.526848, 42.344494], [-6.527216, 42.344478], [-6.527669, 42.344144], [-6.528159, 42.343911], [-6.528609, 42.343815], [-6.52897, 42.343885], [-6.529187, 42.344108], [-6.529356, 42.344356], [-6.529449, 42.344589], [-6.529681, 42.344685], [-6.530016, 42.34463], [-6.530286, 42.3444], [-6.530449, 42.34403], [-6.530658, 42.343771], [-6.530879, 42.343661], [-6.531176, 42.343663], [-6.531502, 42.343775], [-6.531781, 42.343902], [-6.53197, 42.344027], [-6.532054, 42.344136], [-6.53202, 42.344215], [-6.531932, 42.34428], [-6.531804, 42.344322], [-6.531748, 42.344393], [-6.531773, 42.344482], [-6.531962, 42.344535], [-6.532287, 42.344543], [-6.5327, 42.344554], [-6.533138, 42.344564], [-6.533453, 42.34463], [-6.533596, 42.344741], [-6.533672, 42.344874], [-6.533668, 42.34501], [-6.533644, 42.345143], [-6.533605, 42.345253], [-6.533667, 42.345367], [-6.533821, 42.345466], [-6.533934, 42.345545], [-6.53399, 42.345593], [-6.533868, 42.345943], [-6.533589, 42.346541], [-6.533561, 42.346816], [-6.533789, 42.346726], [-6.534055, 42.346687], [-6.534318, 42.346705], [-6.534635, 42.346521], [-6.534959, 42.346164], [-6.535219, 42.345907], [-6.535374, 42.345789], [-6.535602, 42.345663], [-6.535868, 42.345549], [-6.536303, 42.345464], [-6.53684, 42.345421], [-6.537164, 42.345456], [-6.537226, 42.345561], [-6.537545, 42.34564], [-6.538074, 42.34568], [-6.538459, 42.345597], [-6.53864, 42.345405], [-6.538813, 42.345294], [-6.538951, 42.345283], [-6.539123, 42.345198], [-6.539301, 42.345052], [-6.53929, 42.344922], [-6.539091, 42.344828], [-6.539072, 42.344699], [-6.539236, 42.344556], [-6.539517, 42.344497], [-6.539871, 42.34453], [-6.540215, 42.344574], [-6.540495, 42.34462], [-6.540742, 42.344623], [-6.540919, 42.344582], [-6.541201, 42.344498], [-6.541545, 42.344383], [-6.5418, 42.34429], [-6.541925, 42.344234], [-6.542101, 42.344105], [-6.542301, 42.343921], [-6.542622, 42.343823], [-6.543015, 42.343828], [-6.543514, 42.343971], [-6.544042, 42.344231], [-6.544509, 42.344411], [-6.544843, 42.344484], [-6.545095, 42.344593], [-6.545225, 42.344722], [-6.545337, 42.34491], [-6.545415, 42.34513], [-6.545675, 42.345602], [-6.546077, 42.346254], [-6.546466, 42.346944], [-6.546782, 42.347564], [-6.547045, 42.348149], [-6.547216, 42.348608], [-6.547265, 42.348883], [-6.547185, 42.348932], [-6.547143, 42.349094], [-6.547145, 42.349345], [-6.547141, 42.349618], [-6.54713, 42.349871], [-6.547247, 42.350157], [-6.547474, 42.350431], [-6.547985, 42.350913], [-6.548701, 42.351527], [-6.549167, 42.352109], [-6.549309, 42.352568], [-6.549419, 42.352986], [-6.549479, 42.353297], [-6.549599, 42.353621], [-6.549761, 42.353905], [-6.549864, 42.35409], [-6.549894, 42.354145], [-6.550086, 42.354255], [-6.550413, 42.354402], [-6.550686, 42.354612], [-6.550863, 42.354854], [-6.551233, 42.354967], [-6.55174, 42.354933], [-6.552234, 42.354987], [-6.552639, 42.355121], [-6.552872, 42.355295], [-6.552897, 42.355482], [-6.552965, 42.355775], [-6.553065, 42.356131], [-6.553374, 42.356286], [-6.553844, 42.356218], [-6.554171, 42.356148], [-6.554303, 42.356086], [-6.554502, 42.355982], [-6.554738, 42.355852], [-6.554854, 42.355691], [-6.554835, 42.355523], [-6.554733, 42.355344], [-6.554564, 42.355181], [-6.554509, 42.354956], [-6.554574, 42.354704], [-6.55477, 42.354563], [-6.555066, 42.354553], [-6.555281, 42.35448], [-6.555382, 42.354352], [-6.555563, 42.354186], [-6.555798, 42.354006], [-6.556155, 42.35386], [-6.556578, 42.353769], [-6.556803, 42.35365], [-6.556794, 42.353521], [-6.556778, 42.353388], [-6.556759, 42.35327], [-6.556698, 42.353106], [-6.556605, 42.35292], [-6.55637, 42.352818], [-6.556029, 42.352814], [-6.555741, 42.352862], [-6.555549, 42.352954], [-6.555404, 42.353147], [-6.555329, 42.353411], [-6.55521, 42.35354], [-6.555067, 42.353513], [-6.554818, 42.353495], [-6.554503, 42.353487], [-6.554226, 42.353522], [-6.554029, 42.353595], [-6.553827, 42.353557], [-6.553651, 42.353416], [-6.553545, 42.353194], [-6.553524, 42.352926], [-6.553717, 42.35254], [-6.554095, 42.352095], [-6.554233, 42.351799], [-6.55411, 42.351699], [-6.553946, 42.351536], [-6.553767, 42.351334], [-6.553593, 42.35108], [-6.55345, 42.350812], [-6.553269, 42.350483], [-6.553078, 42.350143], [-6.552921, 42.349768], [-6.552823, 42.349416], [-6.552763, 42.349203], [-6.552751, 42.349161], [-6.552831, 42.34908], [-6.552991, 42.348973], [-6.553482, 42.348962], [-6.554227, 42.349049], [-6.554763, 42.34918], [-6.555008, 42.349334], [-6.555268, 42.349498], [-6.555502, 42.349646], [-6.555744, 42.34974], [-6.555955, 42.349766], [-6.556105, 42.349751], [-6.556173, 42.3497], [-6.556133, 42.349429], [-6.555993, 42.348979], [-6.556022, 42.348637], [-6.556216, 42.348454], [-6.556486, 42.348158], [-6.556793, 42.347796], [-6.556924, 42.347425], [-6.556861, 42.347104], [-6.556743, 42.346895], [-6.556589, 42.34683], [-6.55646, 42.346803], [-6.556374, 42.346817], [-6.556191, 42.346847], [-6.555939, 42.346889], [-6.555805, 42.346819], [-6.555811, 42.346647], [-6.555948, 42.34645], [-6.556193, 42.346258], [-6.55643, 42.346104], [-6.556621, 42.346012], [-6.556826, 42.345929], [-6.557013, 42.345868], [-6.557166, 42.34582], [-6.557262, 42.345791], [-6.557432, 42.345741], [-6.55765, 42.345677], [-6.557745, 42.345559], [-6.557702, 42.345407], [-6.557825, 42.345277], [-6.558095, 42.34519], [-6.558443, 42.345078], [-6.558815, 42.344959], [-6.55907, 42.344878], [-6.55917, 42.344848], [-6.559438, 42.344623], [-6.559834, 42.344238], [-6.560234, 42.343962], [-6.560578, 42.343838], [-6.5609, 42.343771], [-6.561151, 42.343769], [-6.561785, 42.343699], [-6.562704, 42.343573], [-6.563408, 42.34337], [-6.563788, 42.34312], [-6.564304, 42.342912], [-6.564878, 42.342776], [-6.565305, 42.342734], [-6.56552, 42.342792], [-6.565911, 42.3429], [-6.566419, 42.343041], [-6.567029, 42.343236], [-6.567648, 42.343452], [-6.56833, 42.343656], [-6.568969, 42.343816], [-6.569667, 42.34401], [-6.570317, 42.344208], [-6.57086, 42.344406], [-6.571213, 42.344574], [-6.571612, 42.344745], [-6.571996, 42.344895], [-6.57244, 42.345015], [-6.572875, 42.34509], [-6.573238, 42.345166], [-6.573473, 42.345234], [-6.573816, 42.345414], [-6.574215, 42.345681], [-6.574498, 42.345958], [-6.574621, 42.346204], [-6.574678, 42.346476], [-6.57466, 42.346732], [-6.574644, 42.346901], [-6.574632, 42.346958], [-6.574684, 42.346979], [-6.574791, 42.346961], [-6.574882, 42.347011], [-6.574942, 42.347122], [-6.575037, 42.347436], [-6.575151, 42.347907], [-6.575234, 42.348408], [-6.575273, 42.348865], [-6.575403, 42.349258], [-6.575604, 42.349529], [-6.575842, 42.349719], [-6.576079, 42.349798], [-6.576327, 42.349821], [-6.576549, 42.349784], [-6.576841, 42.349686], [-6.577158, 42.34954], [-6.577446, 42.349392], [-6.57766, 42.349264], [-6.578058, 42.349026], [-6.578578, 42.348715], [-6.579064, 42.34834], [-6.57944, 42.34796], [-6.579742, 42.347588], [-6.579923, 42.34728], [-6.58031, 42.34704], [-6.580843, 42.346905], [-6.581422, 42.346759], [-6.581957, 42.346623], [-6.582469, 42.346513], [-6.582879, 42.346445], [-6.583613, 42.346401], [-6.584557, 42.346389], [-6.585436, 42.346587], [-6.586114, 42.346963], [-6.586553, 42.347229], [-6.586684, 42.347344], [-6.586877, 42.347513], [-6.587101, 42.347709], [-6.58821, 42.347987], [-6.590034, 42.348305], [-6.591385, 42.34856], [-6.592054, 42.348713], [-6.592493, 42.348897], [-6.592635, 42.349085], [-6.592802, 42.349265], [-6.592968, 42.349409], [-6.593423, 42.349512], [-6.594098, 42.349559], [-6.594732, 42.349544], [-6.595227, 42.34947], [-6.595528, 42.349452], [-6.595589, 42.349491], [-6.595828, 42.349567], [-6.596208, 42.349669], [-6.596423, 42.349821], [-6.596438, 42.35], [-6.596434, 42.350123], [-6.596412, 42.35017], [-6.596212, 42.350203], [-6.595865, 42.350217], [-6.595443, 42.35025], [-6.59501, 42.350296], [-6.594707, 42.350347], [-6.59458, 42.350394], [-6.593917, 42.350495], [-6.592819, 42.350635], [-6.592072, 42.350754], [-6.591791, 42.350836], [-6.591605, 42.350942], [-6.591543, 42.351056], [-6.591826, 42.351136], [-6.592409, 42.351169], [-6.592846, 42.351321], [-6.593068, 42.35157], [-6.5933, 42.351785], [-6.593505, 42.351932], [-6.593712, 42.352011], [-6.593886, 42.352008], [-6.594208, 42.352001], [-6.594627, 42.351992], [-6.595186, 42.351903], [-6.595799, 42.351749], [-6.596242, 42.35161], [-6.596448, 42.351506], [-6.596531, 42.351375], [-6.59648, 42.351236], [-6.596395, 42.351114], [-6.596289, 42.351028], [-6.596127, 42.350881], [-6.595935, 42.350697], [-6.595892, 42.350568], [-6.596006, 42.350514], [-6.596164, 42.350511], [-6.596341, 42.35056], [-6.596595, 42.350649], [-6.596885, 42.350765], [-6.597114, 42.350901], [-6.597245, 42.351035], [-6.597325, 42.351228], [-6.597341, 42.35145], [-6.597454, 42.351671], [-6.597646, 42.351855], [-6.59779, 42.351958], [-6.597861, 42.351964], [-6.598057, 42.351936], [-6.598345, 42.351879], [-6.598536, 42.351791], [-6.5986, 42.351685], [-6.598901, 42.351513], [-6.599392, 42.351301], [-6.599823, 42.351164], [-6.600127, 42.351122], [-6.600349, 42.351028], [-6.600453, 42.350898], [-6.600477, 42.350805], [-6.600418, 42.350763], [-6.600208, 42.35076], [-6.599879, 42.350798], [-6.599329, 42.350782], [-6.598642, 42.350714], [-6.59819, 42.350621], [-6.598043, 42.350515], [-6.597858, 42.350419], [-6.597662, 42.350348], [-6.597483, 42.350232], [-6.597349, 42.35009], [-6.597361, 42.349952], [-6.597517, 42.349839], [-6.597864, 42.349786], [-6.598348, 42.349801], [-6.598719, 42.349786], [-6.598918, 42.349744], [-6.599175, 42.349676], [-6.59945, 42.349592], [-6.599926, 42.349625], [-6.60053, 42.349768], [-6.601355, 42.35001], [-6.602275, 42.350314], [-6.602811, 42.350494], [-6.602879, 42.350523], [-6.603088, 42.350568], [-6.603404, 42.350621], [-6.603793, 42.350787], [-6.604197, 42.351043], [-6.604426, 42.351188], [-6.604446, 42.351201], [-6.604622, 42.351371], [-6.604927, 42.351672], [-6.605188, 42.352002], [-6.605367, 42.352311], [-6.605657, 42.352813], [-6.606014, 42.35343], [-6.606312, 42.353784], [-6.606505, 42.353819], [-6.606841, 42.353954], [-6.607267, 42.354167], [-6.607738, 42.354463], [-6.608179, 42.354796], [-6.608605, 42.355216], [-6.60895, 42.355659], [-6.609164, 42.355961], [-6.609214, 42.356075], [-6.609428, 42.3562], [-6.609773, 42.356319], [-6.610406, 42.356419], [-6.611231, 42.356484], [-6.611812, 42.356505], [-6.61206, 42.356477], [-6.612352, 42.35656], [-6.612641, 42.356742], [-6.613043, 42.357042], [-6.613496, 42.357413], [-6.613827, 42.357671], [-6.613985, 42.357777], [-6.614136, 42.357943], [-6.614258, 42.358145], [-6.614635, 42.358534], [-6.615211, 42.359051], [-6.615596, 42.359397], [-6.615732, 42.359519], [-6.616248, 42.359694], [-6.617064, 42.359895], [-6.617766, 42.360052], [-6.618246, 42.36014], [-6.618779, 42.360279], [-6.619282, 42.360448], [-6.619971, 42.360849], [-6.62074, 42.361423], [-6.621171, 42.361928], [-6.621197, 42.362289], [-6.620834, 42.362608], [-6.620139, 42.362836], [-6.619436, 42.362893], [-6.618831, 42.362769], [-6.618474, 42.362524], [-6.61842, 42.362197], [-6.618397, 42.361897], [-6.618409, 42.36167], [-6.6183, 42.36143], [-6.618087, 42.361213], [-6.617758, 42.360994], [-6.617364, 42.360807], [-6.617024, 42.360697], [-6.616792, 42.360679], [-6.616454, 42.360759], [-6.616064, 42.360922], [-6.615827, 42.36103], [-6.61578, 42.361066], [-6.615544, 42.361105], [-6.615156, 42.361142], [-6.614802, 42.361163], [-6.614537, 42.361165], [-6.614272, 42.361027], [-6.614047, 42.360769], [-6.613984, 42.360549], [-6.614092, 42.3604], [-6.61421, 42.360236], [-6.614321, 42.360082], [-6.614019, 42.359846], [-6.613351, 42.359565], [-6.612903, 42.359396], [-6.612743, 42.359367], [-6.61252, 42.359343], [-6.612269, 42.359329], [-6.612079, 42.359346], [-6.611977, 42.359391], [-6.611867, 42.359508], [-6.611763, 42.359679], [-6.611685, 42.359805], [-6.611644, 42.359865], [-6.611491, 42.359854], [-6.611249, 42.359775], [-6.611087, 42.359686], [-6.61103, 42.359602], [-6.610882, 42.359393], [-6.610665, 42.35909], [-6.61026, 42.358826], [-6.609728, 42.358641], [-6.60889, 42.358431], [-6.607873, 42.35823], [-6.606665, 42.358091], [-6.60545, 42.358035], [-6.604225, 42.357881], [-6.60318, 42.357653], [-6.602284, 42.357575], [-6.601675, 42.35766], [-6.600992, 42.357748], [-6.600337, 42.357825], [-6.598982, 42.35792], [-6.597134, 42.358018], [-6.596063, 42.358115], [-6.595931, 42.358197], [-6.5957, 42.35834], [-6.595404, 42.358523], [-6.594915, 42.358712], [-6.594308, 42.358878], [-6.593932, 42.358988], [-6.593845, 42.359025], [-6.593582, 42.359139], [-6.593182, 42.359311], [-6.593, 42.359652], [-6.593063, 42.360109], [-6.593135, 42.360447], [-6.593203, 42.360613], [-6.593568, 42.360691], [-6.594173, 42.360671], [-6.59477, 42.360694], [-6.595267, 42.360756], [-6.595711, 42.360822], [-6.596033, 42.360881], [-6.596466, 42.360827], [-6.596945, 42.360666], [-6.597377, 42.36069], [-6.597696, 42.360895], [-6.597848, 42.361141], [-6.597809, 42.361389], [-6.597871, 42.361737], [-6.598026, 42.36213], [-6.598488, 42.362262], [-6.599188, 42.362114], [-6.599673, 42.362006], [-6.599871, 42.361957], [-6.600025, 42.361953], [-6.600112, 42.361997], [-6.60039, 42.361966], [-6.600815, 42.361866], [-6.601267, 42.361783], [-6.601677, 42.361732], [-6.602146, 42.361761], [-6.6026, 42.361867], [-6.603006, 42.362104], [-6.603301, 42.362435], [-6.603517, 42.362945], [-6.603622, 42.363555], [-6.603767, 42.363898], [-6.60393, 42.36392], [-6.604405, 42.363931], [-6.605119, 42.363927], [-6.605649, 42.36409], [-6.605914, 42.364393], [-6.605996, 42.364728], [-6.605884, 42.365044], [-6.605621, 42.365356], [-6.605247, 42.365617], [-6.604856, 42.365803], [-6.604508, 42.365886], [-6.604259, 42.365946], [-6.604146, 42.365972], [-6.603973, 42.366194], [-6.603768, 42.366575], [-6.603472, 42.366901], [-6.603132, 42.367123], [-6.60282, 42.36739], [-6.602584, 42.367661], [-6.602383, 42.368026], [-6.602251, 42.368428], [-6.601932, 42.368758], [-6.601477, 42.368966], [-6.601027, 42.369131], [-6.600651, 42.369226], [-6.600582, 42.369453], [-6.600829, 42.369775], [-6.601311, 42.369981], [-6.601953, 42.37004], [-6.602401, 42.370081], [-6.602585, 42.3701], [-6.602944, 42.370255], [-6.603422, 42.370523], [-6.603703, 42.370834], [-6.603745, 42.371141], [-6.603667, 42.371422], [-6.603481, 42.371635], [-6.603277, 42.371857], [-6.603087, 42.372054], [-6.603139, 42.372412], [-6.603427, 42.372877], [-6.603425, 42.373128], [-6.603134, 42.373126], [-6.602917, 42.373216], [-6.602807, 42.373383], [-6.602971, 42.37349], [-6.603382, 42.373521], [-6.603811, 42.373584], [-6.604193, 42.373669], [-6.6046, 42.373825], [-6.60497, 42.374027], [-6.605292, 42.374224], [-6.605517, 42.374385], [-6.605978, 42.374434], [-6.606607, 42.374362], [-6.607013, 42.374258], [-6.607136, 42.374139], [-6.607107, 42.373992], [-6.60693, 42.373839], [-6.606616, 42.373757], [-6.606214, 42.373758], [-6.606011, 42.37364], [-6.606038, 42.373421], [-6.60608, 42.373206], [-6.60613, 42.373028], [-6.60619, 42.372812], [-6.606252, 42.372591], [-6.606319, 42.372376], [-6.606381, 42.3722], [-6.606618, 42.372072], [-6.606992, 42.372009], [-6.607163, 42.371943], [-6.607105, 42.371883], [-6.606954, 42.371683], [-6.606733, 42.371374], [-6.606614, 42.371188], [-6.606616, 42.371155], [-6.606828, 42.371115], [-6.607219, 42.371074], [-6.607489, 42.371154], [-6.607598, 42.371342], [-6.607858, 42.371473], [-6.608231, 42.371527], [-6.608464, 42.371541], [-6.608524, 42.371515], [-6.608624, 42.3714], [-6.608751, 42.371214], [-6.608854, 42.370982], [-6.60892, 42.37074], [-6.609145, 42.370529], [-6.609493, 42.37038], [-6.60983, 42.37031], [-6.610104, 42.370331], [-6.610339, 42.37034], [-6.610499, 42.370338], [-6.610849, 42.370334], [-6.611333, 42.370327], [-6.611693, 42.370263], [-6.611873, 42.37015], [-6.612038, 42.369962], [-6.612161, 42.369727], [-6.612245, 42.369445], [-6.612276, 42.369159], [-6.612292, 42.368853], [-6.612291, 42.368573], [-6.612263, 42.368321], [-6.61221, 42.368136], [-6.612142, 42.367892], [-6.612067, 42.367628], [-6.611987, 42.367322], [-6.611913, 42.367021], [-6.61201, 42.366826], [-6.612261, 42.366768], [-6.612518, 42.366779], [-6.612741, 42.366857], [-6.613066, 42.366965], [-6.613443, 42.367087], [-6.613662, 42.367157], [-6.61369, 42.367166], [-6.61396, 42.367173], [-6.61443, 42.367177], [-6.614916, 42.367202], [-6.615343, 42.367242], [-6.615685, 42.367275], [-6.615888, 42.367294], [-6.616328, 42.367468], [-6.616938, 42.367771], [-6.61735, 42.367994], [-6.6175, 42.368105], [-6.617714, 42.368261], [-6.617957, 42.36844], [-6.618153, 42.368655], [-6.618271, 42.368875], [-6.618512, 42.369089], [-6.618841, 42.369265], [-6.619064, 42.369388], [-6.619147, 42.369437], [-6.619416, 42.369598], [-6.619829, 42.369845], [-6.620177, 42.370181], [-6.620406, 42.370556], [-6.620561, 42.370849], [-6.62062, 42.371016], [-6.620791, 42.371263], [-6.621046, 42.371553], [-6.621122, 42.37185], [-6.621006, 42.372107], [-6.62095, 42.372383], [-6.620961, 42.372636], [-6.621044, 42.372988], [-6.621186, 42.373385], [-6.621458, 42.373772], [-6.621817, 42.374088], [-6.622261, 42.374398], [-6.622723, 42.374653], [-6.623299, 42.374865], [-6.6239, 42.375001], [-6.62442, 42.375118], [-6.624779, 42.375199], [-6.625081, 42.375392], [-6.625279, 42.37567], [-6.625557, 42.375965], [-6.625873, 42.376234], [-6.62602, 42.376527], [-6.625978, 42.3768], [-6.62576, 42.377094], [-6.625402, 42.377364], [-6.625115, 42.37767], [-6.624943, 42.377965], [-6.624767, 42.378288], [-6.624612, 42.378591], [-6.624348, 42.378893], [-6.624016, 42.379147], [-6.623652, 42.379442], [-6.623314, 42.379731], [-6.62305, 42.380117], [-6.6229, 42.380541], [-6.622689, 42.380828], [-6.622449, 42.380934], [-6.622211, 42.380956], [-6.622013, 42.380889], [-6.621887, 42.380845], [-6.621852, 42.380828], [-6.621785, 42.3807], [-6.621697, 42.380481], [-6.621617, 42.380345], [-6.621557, 42.380314], [-6.621236, 42.380361], [-6.620704, 42.380477], [-6.620194, 42.380718], [-6.619784, 42.381047], [-6.619545, 42.381262], [-6.619515, 42.381332], [-6.619545, 42.381393], [-6.619632, 42.381434], [-6.619783, 42.381462], [-6.619975, 42.381474], [-6.620376, 42.381497], [-6.620926, 42.381529], [-6.62134, 42.381623], [-6.621556, 42.381763], [-6.621576, 42.381931], [-6.621397, 42.3821], [-6.62101, 42.382416], [-6.620474, 42.382831], [-6.620014, 42.383154], [-6.619701, 42.383336], [-6.619312, 42.383456], [-6.618909, 42.383495], [-6.618352, 42.383523], [-6.617727, 42.383534], [-6.616671, 42.383605], [-6.615348, 42.383723], [-6.614442, 42.383769], [-6.614093, 42.383734], [-6.613843, 42.383686], [-6.61373, 42.383633], [-6.613494, 42.383521], [-6.613172, 42.383369], [-6.612782, 42.383317], [-6.612383, 42.383374], [-6.612155, 42.383493], [-6.612132, 42.383656], [-6.612117, 42.383769], [-6.61211, 42.383816], [-6.611995, 42.383854], [-6.611788, 42.38388], [-6.611519, 42.383864], [-6.611227, 42.383811], [-6.611036, 42.383757], [-6.610975, 42.383713], [-6.610795, 42.383582], [-6.610524, 42.383385], [-6.610253, 42.383173], [-6.610022, 42.382979], [-6.609749, 42.382809], [-6.609476, 42.382687], [-6.609188, 42.382654], [-6.608929, 42.382716], [-6.608782, 42.382796], [-6.608768, 42.382882], [-6.608917, 42.382953], [-6.609206, 42.382997], [-6.609443, 42.383064], [-6.60959, 42.383141], [-6.60971, 42.383227], [-6.609783, 42.383307], [-6.609798, 42.383383], [-6.609753, 42.383441], [-6.609708, 42.383498], [-6.60967, 42.383547], [-6.609472, 42.383548], [-6.609144, 42.3835], [-6.608824, 42.383473], [-6.608559, 42.383471], [-6.608301, 42.383519], [-6.608088, 42.38361], [-6.607796, 42.383734], [-6.60747, 42.383872], [-6.607278, 42.384035], [-6.607249, 42.384197], [-6.60711, 42.384381], [-6.606884, 42.384558], [-6.606653, 42.384657], [-6.606453, 42.384663], [-6.606258, 42.384645], [-6.606096, 42.384607], [-6.605804, 42.384552], [-6.605425, 42.384488], [-6.605125, 42.384437], [-6.604949, 42.384408], [-6.60477, 42.384501], [-6.604613, 42.384704], [-6.604584, 42.384915], [-6.604687, 42.385102], [-6.604922, 42.385234], [-6.605252, 42.38529], [-6.605444, 42.385321], [-6.605468, 42.385321], [-6.605542, 42.385369], [-6.605656, 42.385458], [-6.605829, 42.385575], [-6.606033, 42.385702], [-6.606277, 42.385838], [-6.606524, 42.385964], [-6.606795, 42.38609], [-6.607047, 42.386195], [-6.607189, 42.386256], [-6.607199, 42.386262], [-6.607404, 42.386187], [-6.607772, 42.386042], [-6.608026, 42.38588], [-6.608126, 42.385725], [-6.608261, 42.385541], [-6.60841, 42.385357], [-6.608615, 42.385202], [-6.608845, 42.3851], [-6.609245, 42.384999], [-6.609753, 42.384914], [-6.610216, 42.384872], [-6.610563, 42.384878], [-6.610886, 42.384864], [-6.611136, 42.384833], [-6.611322, 42.384802], [-6.611415, 42.384776], [-6.611727, 42.384666], [-6.612209, 42.38449], [-6.612586, 42.384364], [-6.6128, 42.384307], [-6.613032, 42.384303], [-6.613247, 42.384352], [-6.613449, 42.384514], [-6.613606, 42.384764], [-6.61375, 42.384918], [-6.613861, 42.384953], [-6.614037, 42.38497], [-6.614251, 42.384966], [-6.614388, 42.385035], [-6.614425, 42.385167], [-6.614353, 42.385271], [-6.614183, 42.385331], [-6.613724, 42.385442], [-6.613046, 42.385587], [-6.61238, 42.385739], [-6.611829, 42.385873], [-6.611288, 42.386026], [-6.610841, 42.386175], [-6.61033, 42.386404], [-6.609832, 42.386678], [-6.609394, 42.386947], [-6.609083, 42.387169], [-6.608661, 42.387383], [-6.608192, 42.387557], [-6.607673, 42.387695], [-6.607183, 42.387777], [-6.606871, 42.387829], [-6.606784, 42.387843], [-6.606691, 42.387853], [-6.606606, 42.387856], [-6.606285, 42.387795], [-6.605777, 42.387678], [-6.605436, 42.387711], [-6.605314, 42.387891], [-6.605226, 42.38813], [-6.605185, 42.388392], [-6.605209, 42.388641], [-6.605293, 42.388839], [-6.60537, 42.389055], [-6.605426, 42.389254], [-6.605466, 42.389397], [-6.605484, 42.389461], [-6.605391, 42.389547], [-6.605201, 42.38964], [-6.605023, 42.389727], [-6.604885, 42.389795], [-6.604543, 42.389905], [-6.604049, 42.39004], [-6.603647, 42.390217], [-6.603399, 42.390407], [-6.603298, 42.39063], [-6.603361, 42.390854], [-6.603599, 42.391061], [-6.603975, 42.391222], [-6.604313, 42.391344], [-6.604561, 42.391409], [-6.604859, 42.391388], [-6.60516, 42.391285], [-6.605445, 42.391162], [-6.60567, 42.39104], [-6.605834, 42.390961], [-6.605914, 42.390937], [-6.606133, 42.39086], [-6.606459, 42.390742], [-6.606773, 42.39061], [-6.607025, 42.390485], [-6.607182, 42.390407], [-6.60722, 42.390388], [-6.607251, 42.390378], [-6.607271, 42.390378], [-6.607318, 42.390377], [-6.607386, 42.390376], [-6.607755, 42.39037], [-6.608369, 42.390361], [-6.608791, 42.390341], [-6.608955, 42.390314], [-6.609121, 42.390224], [-6.609262, 42.390085], [-6.609353, 42.389995], [-6.609381, 42.389967], [-6.609595, 42.389966], [-6.609961, 42.389989], [-6.610249, 42.390016], [-6.610414, 42.390042], [-6.610643, 42.390027], [-6.610901, 42.389973], [-6.611145, 42.389898], [-6.611336, 42.389813], [-6.611449, 42.389752], [-6.611466, 42.389725], [-6.611592, 42.389719], [-6.611807, 42.389735], [-6.61212, 42.389751], [-6.612482, 42.389765], [-6.612905, 42.389781], [-6.613324, 42.389797], [-6.613794, 42.389895], [-6.614243, 42.39006], [-6.61494, 42.390247], [-6.615779, 42.390426], [-6.616464, 42.390628], [-6.616889, 42.39082], [-6.617424, 42.390848], [-6.617988, 42.390708], [-6.618354, 42.390492], [-6.618466, 42.390234], [-6.618826, 42.390112], [-6.619376, 42.390146], [-6.619769, 42.390142], [-6.619943, 42.390102], [-6.620105, 42.389994], [-6.62023, 42.389837], [-6.620526, 42.389639], [-6.620947, 42.389432], [-6.621189, 42.389317], [-6.621216, 42.389312], [-6.621296, 42.389299], [-6.621417, 42.389279], [-6.621706, 42.389231], [-6.622119, 42.389162], [-6.622481, 42.389169], [-6.622737, 42.389252], [-6.623002, 42.389363], [-6.623237, 42.389483], [-6.623651, 42.389612], [-6.624178, 42.38973], [-6.624672, 42.389846], [-6.625054, 42.389942], [-6.625361, 42.39002], [-6.625545, 42.39007], [-6.625836, 42.390182], [-6.62619, 42.39034], [-6.626376, 42.390495], [-6.626366, 42.390622], [-6.626264, 42.390738], [-6.626088, 42.390824], [-6.625863, 42.390948], [-6.625625, 42.391091], [-6.625424, 42.391209], [-6.625291, 42.391285], [-6.625252, 42.391384], [-6.625316, 42.39149], [-6.625379, 42.39164], [-6.625433, 42.391812], [-6.625455, 42.391976], [-6.625444, 42.392108], [-6.625392, 42.392268], [-6.625308, 42.392431], [-6.625186, 42.39261], [-6.625043, 42.392778], [-6.624849, 42.392972], [-6.624635, 42.39316], [-6.624493, 42.393281], [-6.624444, 42.393316], [-6.624304, 42.393293], [-6.624094, 42.393217], [-6.62384, 42.393037], [-6.62358, 42.39278], [-6.623427, 42.392599], [-6.623405, 42.392522], [-6.623325, 42.392448], [-6.623199, 42.392388], [-6.623038, 42.392327], [-6.622867, 42.392275], [-6.622576, 42.392261], [-6.622208, 42.392288], [-6.621932, 42.392328], [-6.621789, 42.392375], [-6.62144, 42.392427], [-6.620938, 42.392476], [-6.620444, 42.392464], [-6.620034, 42.392394], [-6.619576, 42.392302], [-6.619141, 42.392201], [-6.618733, 42.392282], [-6.618413, 42.392531], [-6.618129, 42.392816], [-6.617926, 42.393092], [-6.61786, 42.39331], [-6.617942, 42.393434], [-6.618131, 42.393503], [-6.618397, 42.393505], [-6.618682, 42.393495], [-6.618942, 42.393475], [-6.619201, 42.393494], [-6.61942, 42.39355], [-6.619643, 42.3935], [-6.619836, 42.393352], [-6.620037, 42.393256], [-6.620216, 42.393226], [-6.620456, 42.393268], [-6.62072, 42.393374], [-6.620882, 42.393497], [-6.620916, 42.393618], [-6.621318, 42.393782], [-6.622025, 42.393964], [-6.622629, 42.394095], [-6.623037, 42.394154], [-6.62332, 42.394239], [-6.623436, 42.394338], [-6.623659, 42.394526], [-6.623953, 42.394774], [-6.624181, 42.395004], [-6.624309, 42.395179], [-6.624475, 42.395407], [-6.624654, 42.395654], [-6.624755, 42.39585], [-6.624764, 42.395963], [-6.624769, 42.396043], [-6.624772, 42.396078], [-6.624301, 42.396163], [-6.62343, 42.396286], [-6.622901, 42.39633], [-6.622795, 42.39629], [-6.622579, 42.396213], [-6.622285, 42.396113], [-6.622077, 42.396035], [-6.621987, 42.395992], [-6.621809, 42.39599], [-6.62157, 42.39603], [-6.621288, 42.396109], [-6.621005, 42.396214], [-6.620787, 42.396281], [-6.620667, 42.396301], [-6.620457, 42.396336], [-6.620189, 42.396381], [-6.619674, 42.396417], [-6.618993, 42.396438], [-6.618183, 42.396448], [-6.61737, 42.396445], [-6.616374, 42.396542], [-6.615347, 42.396725], [-6.61452, 42.39685], [-6.614018, 42.396899], [-6.613526, 42.396925], [-6.613119, 42.396924], [-6.612579, 42.396926], [-6.611987, 42.396933], [-6.611581, 42.397025], [-6.611425, 42.39719], [-6.611289, 42.3974], [-6.611196, 42.397623], [-6.611381, 42.397799], [-6.611816, 42.397899], [-6.612504, 42.397941], [-6.613341, 42.397917], [-6.613819, 42.3979], [-6.613863, 42.397892], [-6.61415, 42.397857], [-6.614633, 42.397799], [-6.615112, 42.397757], [-6.615513, 42.397737], [-6.615936, 42.397647], [-6.616317, 42.397503], [-6.616745, 42.3974], [-6.617154, 42.397355], [-6.617962, 42.39722], [-6.619045, 42.397017], [-6.619903, 42.396818], [-6.620403, 42.396653], [-6.621186, 42.396548], [-6.62213, 42.396517], [-6.622755, 42.396544], [-6.622966, 42.396625], [-6.623141, 42.396708], [-6.623256, 42.396781], [-6.623399, 42.39687], [-6.62355, 42.39696], [-6.623847, 42.397085], [-6.624247, 42.397227], [-6.624632, 42.397244], [-6.624945, 42.397134], [-6.625189, 42.397068], [-6.625326, 42.397057], [-6.625609, 42.397041], [-6.625995, 42.397023], [-6.62629, 42.397024], [-6.626451, 42.397045], [-6.626661, 42.397072], [-6.62689, 42.397102], [-6.627068, 42.397278], [-6.627167, 42.397573], [-6.627145, 42.397795], [-6.627006, 42.397911], [-6.626882, 42.397982], [-6.626793, 42.397996], [-6.626742, 42.398011], [-6.626738, 42.398022], [-6.626713, 42.398081], [-6.626672, 42.398178], [-6.626643, 42.398246], [-6.62663, 42.398277], [-6.626416, 42.398319], [-6.626035, 42.398368], [-6.625475, 42.398458], [-6.624821, 42.398578], [-6.624438, 42.398734], [-6.624385, 42.398901], [-6.623892, 42.399104], [-6.623034, 42.39931], [-6.622578, 42.399346], [-6.622596, 42.399206], [-6.622439, 42.399117], [-6.622132, 42.399094], [-6.621328, 42.399378], [-6.62015, 42.399923], [-6.619093, 42.400329], [-6.61832, 42.400532], [-6.617773, 42.4006], [-6.617536, 42.400523], [-6.61712, 42.40026], [-6.61659, 42.399851], [-6.615974, 42.399621], [-6.615368, 42.399606], [-6.614966, 42.399719], [-6.614829, 42.399943], [-6.614553, 42.400287], [-6.614182, 42.400698], [-6.613631, 42.401133], [-6.612983, 42.401527], [-6.612435, 42.401922], [-6.612071, 42.402258], [-6.611739, 42.402537], [-6.611489, 42.402716], [-6.611359, 42.402835], [-6.611371, 42.402875], [-6.611386, 42.40293], [-6.611403, 42.40299], [-6.61148, 42.403069], [-6.611604, 42.403154], [-6.611736, 42.403293], [-6.611856, 42.403463], [-6.612085, 42.403614], [-6.612387, 42.403723], [-6.612647, 42.403737], [-6.612825, 42.403654], [-6.612937, 42.403475], [-6.612967, 42.403227], [-6.612964, 42.40305], [-6.612927, 42.402971], [-6.612807, 42.402848], [-6.612622, 42.402699], [-6.612592, 42.402595], [-6.612724, 42.402552], [-6.6131, 42.402512], [-6.613664, 42.402481], [-6.614072, 42.402442], [-6.614261, 42.4024], [-6.614499, 42.402309], [-6.61475, 42.402182], [-6.615131, 42.40205], [-6.615585, 42.401932], [-6.616069, 42.401863], [-6.61651, 42.401853], [-6.616842, 42.401792], [-6.617014, 42.401689], [-6.617317, 42.401581], [-6.617705, 42.401485], [-6.61819, 42.401415], [-6.618696, 42.401384], [-6.61922, 42.401205], [-6.61968, 42.400906], [-6.620315, 42.400628], [-6.621028, 42.400414], [-6.621545, 42.400351], [-6.621787, 42.400448], [-6.622189, 42.400496], [-6.622687, 42.400486], [-6.623083, 42.400541], [-6.623314, 42.40065], [-6.623413, 42.400806], [-6.623363, 42.400984], [-6.623345, 42.40117], [-6.623364, 42.401336], [-6.623311, 42.401505], [-6.623194, 42.401652], [-6.622941, 42.401717], [-6.62259, 42.401691], [-6.62228, 42.401662], [-6.622057, 42.401636], [-6.621885, 42.401659], [-6.62179, 42.401728], [-6.621817, 42.401821], [-6.62196, 42.401924], [-6.622317, 42.402116], [-6.622832, 42.402369], [-6.623322, 42.402373], [-6.623712, 42.402128], [-6.624207, 42.40196], [-6.624732, 42.401893], [-6.625043, 42.401756], [-6.62509, 42.401568], [-6.625078, 42.401278], [-6.625008, 42.40093], [-6.624918, 42.400612], [-6.624822, 42.400374], [-6.624775, 42.400096], [-6.624783, 42.399819], [-6.624769, 42.399661], [-6.624736, 42.399645], [-6.624885, 42.399598], [-6.625194, 42.399525], [-6.625461, 42.399514], [-6.625644, 42.399566], [-6.625743, 42.399565], [-6.625741, 42.399511], [-6.625767, 42.399421], [-6.625817, 42.399309], [-6.625997, 42.399202], [-6.626279, 42.399115], [-6.62644, 42.399066], [-6.626453, 42.399062], [-6.626532, 42.399037], [-6.626664, 42.398997], [-6.626781, 42.399], [-6.626864, 42.399046], [-6.626916, 42.39921], [-6.62693, 42.399465], [-6.62694, 42.39962], [-6.626945, 42.399651], [-6.626951, 42.399697], [-6.626959, 42.39975], [-6.626936, 42.399862], [-6.626887, 42.400016], [-6.626812, 42.400154], [-6.626724, 42.400255], [-6.626701, 42.400352], [-6.626747, 42.40043], [-6.626804, 42.4005], [-6.626865, 42.40055], [-6.627049, 42.400598], [-6.627327, 42.400638], [-6.627634, 42.400694], [-6.62792, 42.40076], [-6.628109, 42.400803], [-6.62817, 42.400817], [-6.628341, 42.400909], [-6.628594, 42.401064], [-6.628755, 42.401163], [-6.628798, 42.401191], [-6.628929, 42.401277], [-6.629128, 42.401406], [-6.629348, 42.401562], [-6.629556, 42.401722], [-6.629726, 42.401852], [-6.62983, 42.401932]], [[-6.504039, 42.363512], [-6.504924, 42.364263], [-6.505471, 42.364771], [-6.506077, 42.36477], [-6.506277, 42.364039], [-6.505819, 42.363367], [-6.506035, 42.362933], [-6.505846, 42.362017], [-6.504508, 42.361092], [-6.504281, 42.360282], [-6.504081, 42.359568], [-6.503352, 42.358891], [-6.502172, 42.358289], [-6.501723, 42.358612], [-6.502144, 42.35939], [-6.501841, 42.360238], [-6.501146, 42.360403], [-6.501157, 42.361647], [-6.504039, 42.363512]], [[-6.498628, 42.35743], [-6.499908, 42.357667], [-6.500546, 42.356814], [-6.500432, 42.355686], [-6.499997, 42.354611], [-6.498259, 42.353703], [-6.496553, 42.353387], [-6.496509, 42.352747], [-6.497566, 42.352671], [-6.49841, 42.351834], [-6.498932, 42.351049], [-6.499477, 42.349863], [-6.498826, 42.349223], [-6.498039, 42.349303], [-6.497468, 42.348949], [-6.497217, 42.348293], [-6.496571, 42.346705], [-6.495956, 42.34571], [-6.493606, 42.345501], [-6.493701, 42.346084], [-6.494583, 42.346586], [-6.495298, 42.347215], [-6.495214, 42.347877], [-6.496356, 42.348585], [-6.496233, 42.349353], [-6.495103, 42.349889], [-6.494063, 42.35051], [-6.493963, 42.350875], [-6.494136, 42.351495], [-6.494232, 42.352077], [-6.493859, 42.352188], [-6.492886, 42.351602], [-6.492501, 42.350469], [-6.491981, 42.350057], [-6.491222, 42.350232], [-6.491071, 42.350656], [-6.491213, 42.352128], [-6.491093, 42.35459], [-6.492399, 42.354922], [-6.494016, 42.355402], [-6.494547, 42.355614], [-6.4961, 42.356104], [-6.496707, 42.356103], [-6.497544, 42.355965], [-6.498042, 42.355334], [-6.498815, 42.355206], [-6.498962, 42.35573], [-6.498297, 42.356488], [-6.498628, 42.35743]], [[-6.449773, 42.350787], [-6.450334, 42.351054], [-6.451045, 42.350697], [-6.450835, 42.349653], [-6.450258, 42.349328], [-6.449494, 42.348915], [-6.448404, 42.348495], [-6.447753, 42.348483], [-6.447258, 42.348745], [-6.448326, 42.350247], [-6.449773, 42.350787]], [[-6.419343, 42.35736], [-6.419929, 42.357639], [-6.421108, 42.358081], [-6.421948, 42.35829], [-6.422207, 42.357814], [-6.422654, 42.357595], [-6.423037, 42.357706], [-6.424044, 42.35725], [-6.424267, 42.357069], [-6.423735, 42.356], [-6.423348, 42.355312], [-6.422768, 42.354916], [-6.421521, 42.355353], [-6.420781, 42.355504], [-6.420666, 42.355089], [-6.421248, 42.354935], [-6.421454, 42.35441], [-6.421118, 42.354465], [-6.420782, 42.354665], [-6.420242, 42.354552], [-6.420059, 42.354032], [-6.420329, 42.353178], [-6.419636, 42.352656], [-6.418216, 42.351907], [-6.41676, 42.351453], [-6.415979, 42.351177], [-6.41541, 42.351241], [-6.414778, 42.351779], [-6.414841, 42.352145], [-6.416512, 42.353373], [-6.416889, 42.353745], [-6.417612, 42.354233], [-6.417949, 42.354322], [-6.418471, 42.353947], [-6.418738, 42.353643], [-6.41903, 42.35371], [-6.419101, 42.354103], [-6.419006, 42.354466], [-6.419127, 42.35462], [-6.419363, 42.355043], [-6.419418, 42.355381], [-6.41933, 42.355627], [-6.41895, 42.35595], [-6.418748, 42.355925], [-6.418499, 42.355735], [-6.418285, 42.355105], [-6.417887, 42.35494], [-6.417529, 42.355201], [-6.417221, 42.355078], [-6.417083, 42.35458], [-6.41658, 42.354461], [-6.416252, 42.354544], [-6.415836, 42.354034], [-6.41544, 42.353174], [-6.414659, 42.352898], [-6.413361, 42.352447], [-6.4127, 42.352179], [-6.412249, 42.351965], [-6.41132, 42.351857], [-6.411046, 42.352278], [-6.411042, 42.352684], [-6.410587, 42.353019], [-6.410114, 42.352721], [-6.409601, 42.352285], [-6.409694, 42.351634], [-6.40985, 42.350509], [-6.409749, 42.350005], [-6.409454, 42.349649], [-6.408653, 42.349579], [-6.408252, 42.350107], [-6.408076, 42.350599], [-6.407687, 42.350605], [-6.406848, 42.350541], [-6.406626, 42.350866], [-6.406718, 42.352181], [-6.406984, 42.352716], [-6.407778, 42.352759], [-6.409014, 42.352844], [-6.40981, 42.353176], [-6.411319, 42.353679], [-6.413774, 42.354634], [-6.415455, 42.355196], [-6.415833, 42.355567], [-6.418121, 42.357185], [-6.419343, 42.35736]], [[-6.400444, 42.35492], [-6.40132, 42.35547], [-6.401985, 42.355836], [-6.402475, 42.356251], [-6.403443, 42.356646], [-6.40405, 42.356229], [-6.4042, 42.355709], [-6.404731, 42.355305], [-6.405284, 42.3545], [-6.405364, 42.35411], [-6.405408, 42.353885], [-6.404744, 42.353519], [-6.404281, 42.353397], [-6.403588, 42.353313], [-6.40311, 42.353233], [-6.403502, 42.352911], [-6.403954, 42.352896], [-6.405472, 42.352864], [-6.405662, 42.352773], [-6.405411, 42.352161], [-6.404696, 42.351902], [-6.403746, 42.35186], [-6.403149, 42.352315], [-6.40278, 42.35301], [-6.402266, 42.352896], [-6.402089, 42.353223], [-6.402141, 42.353412], [-6.400415, 42.354529], [-6.400444, 42.35492]], [[-6.346378, 42.419441], [-6.346784, 42.419974], [-6.347788, 42.420136], [-6.348425, 42.420304], [-6.349049, 42.420692], [-6.349962, 42.420924], [-6.351091, 42.420739], [-6.350715, 42.420447], [-6.349927, 42.419867], [-6.350022, 42.41928], [-6.350655, 42.418903], [-6.350558, 42.418156], [-6.350419, 42.417389], [-6.349896, 42.417365], [-6.349437, 42.417441], [-6.34882, 42.417078], [-6.348956, 42.416239], [-6.349216, 42.415978], [-6.348977, 42.415118], [-6.34798, 42.414982], [-6.347611, 42.414715], [-6.346811, 42.414492], [-6.346557, 42.414506], [-6.346097, 42.414309], [-6.345626, 42.414741], [-6.345176, 42.414978], [-6.344726, 42.415351], [-6.34345, 42.41567], [-6.343277, 42.416243], [-6.343422, 42.416764], [-6.344201, 42.417181], [-6.34464, 42.4173], [-6.345737, 42.417665], [-6.345966, 42.418091], [-6.345302, 42.418091], [-6.345125, 42.417984], [-6.344942, 42.418123], [-6.344994, 42.418441], [-6.345023, 42.418546], [-6.345732, 42.418974], [-6.346378, 42.419441]], [[-6.37402, 42.427939], [-6.374429, 42.427275], [-6.37393, 42.426839], [-6.372811, 42.426306], [-6.372364, 42.425861], [-6.37195, 42.42573], [-6.371501, 42.425087], [-6.371664, 42.424702], [-6.371714, 42.424494], [-6.371135, 42.42435], [-6.369832, 42.424126], [-6.369697, 42.424029], [-6.370264, 42.423936], [-6.37051, 42.423656], [-6.370404, 42.423275], [-6.369157, 42.423639], [-6.368816, 42.423576], [-6.369051, 42.423258], [-6.369552, 42.422539], [-6.369495, 42.421752], [-6.370296, 42.421142], [-6.371219, 42.420194], [-6.371821, 42.419259], [-6.372129, 42.419009], [-6.371661, 42.418489], [-6.370936, 42.418209], [-6.370982, 42.417405], [-6.369988, 42.416931], [-6.368746, 42.416538], [-6.367071, 42.416135], [-6.366378, 42.41597], [-6.365852, 42.416017], [-6.365101, 42.416419], [-6.364344, 42.416025], [-6.365176, 42.415331], [-6.365305, 42.414633], [-6.36437, 42.413791], [-6.364266, 42.413609], [-6.363885, 42.41379], [-6.363581, 42.414637], [-6.363023, 42.414569], [-6.36265, 42.414391], [-6.361318, 42.414252], [-6.360823, 42.414412], [-6.360051, 42.414738], [-6.359468, 42.415551], [-6.359915, 42.415995], [-6.361271, 42.41641], [-6.361851, 42.416753], [-6.362092, 42.417231], [-6.361981, 42.417608], [-6.361409, 42.418458], [-6.36152, 42.419635], [-6.362302, 42.420702], [-6.364383, 42.421595], [-6.364707, 42.422179], [-6.364907, 42.422704], [-6.365357, 42.423546], [-6.365319, 42.42399], [-6.366295, 42.424786], [-6.366657, 42.424926], [-6.369082, 42.426081], [-6.370408, 42.42678], [-6.371268, 42.427156], [-6.373938, 42.428032], [-6.37402, 42.427939]], [[-6.395812, 42.455741], [-6.397561, 42.456529], [-6.399021, 42.457848], [-6.3994, 42.458162], [-6.401036, 42.458807], [-6.401413, 42.458853], [-6.403435, 42.458789], [-6.404233, 42.459303], [-6.404821, 42.459583], [-6.405057, 42.459383], [-6.404618, 42.458595], [-6.403539, 42.457858], [-6.402191, 42.456682], [-6.400932, 42.456083], [-6.399461, 42.455249], [-6.398677, 42.454787], [-6.397137, 42.453965], [-6.396272, 42.453999], [-6.395883, 42.454171], [-6.395599, 42.455239], [-6.395812, 42.455741]], [[-6.396517, 42.462183], [-6.396787, 42.462639], [-6.397367, 42.462675], [-6.397896, 42.462141], [-6.3982, 42.461828], [-6.399365, 42.461531], [-6.399526, 42.461084], [-6.399686, 42.460636], [-6.399568, 42.46034], [-6.398931, 42.460102], [-6.398327, 42.460491], [-6.398198, 42.46067], [-6.397543, 42.46062], [-6.397045, 42.460754], [-6.396491, 42.460556], [-6.395793, 42.460355], [-6.395467, 42.460593], [-6.395492, 42.462088], [-6.396517, 42.462183]], [[-6.394161, 42.460255], [-6.394366, 42.460221], [-6.394638, 42.460176], [-6.395011, 42.459852], [-6.394953, 42.459388], [-6.393469, 42.459052], [-6.393079, 42.458932], [-6.392729, 42.4587], [-6.392245, 42.458754], [-6.392077, 42.459044], [-6.392502, 42.460185], [-6.394161, 42.460255]], [[-6.458913, 42.450394], [-6.459242, 42.449589], [-6.458583, 42.449049], [-6.458406, 42.449079], [-6.458046, 42.449445], [-6.457525, 42.449565], [-6.457248, 42.449236], [-6.456951, 42.44867], [-6.455811, 42.447902], [-6.455334, 42.448015], [-6.455239, 42.448256], [-6.455141, 42.448238], [-6.453739, 42.448148], [-6.452824, 42.448245], [-6.452633, 42.448598], [-6.452542, 42.449308], [-6.455049, 42.450499], [-6.454578, 42.450631], [-6.453886, 42.450745], [-6.453527, 42.451018], [-6.453622, 42.451212], [-6.452866, 42.451255], [-6.451937, 42.451408], [-6.45153, 42.451441], [-6.45134, 42.450927], [-6.451122, 42.450314], [-6.45076, 42.45034], [-6.450469, 42.450456], [-6.450214, 42.450703], [-6.449362, 42.451458], [-6.449217, 42.452096], [-6.449529, 42.452386], [-6.450971, 42.452251], [-6.452391, 42.452699], [-6.453275, 42.452553], [-6.453662, 42.452285], [-6.454284, 42.452259], [-6.456006, 42.453658], [-6.456423, 42.453857], [-6.456607, 42.454254], [-6.456485, 42.454596], [-6.45526, 42.454102], [-6.454725, 42.454779], [-6.455221, 42.456034], [-6.455236, 42.456086], [-6.456943, 42.457783], [-6.455908, 42.458489], [-6.455065, 42.458842], [-6.455027, 42.459223], [-6.45537, 42.46045], [-6.455927, 42.460626], [-6.456414, 42.460813], [-6.457417, 42.461289], [-6.458236, 42.461368], [-6.459276, 42.461197], [-6.459214, 42.460458], [-6.458612, 42.459862], [-6.459436, 42.458923], [-6.461304, 42.458348], [-6.463017, 42.457477], [-6.463488, 42.457346], [-6.464018, 42.457686], [-6.464715, 42.458106], [-6.466619, 42.458434], [-6.467572, 42.457955], [-6.467622, 42.457359], [-6.467675, 42.457029], [-6.467825, 42.45679], [-6.467224, 42.456194], [-6.467635, 42.455591], [-6.468315, 42.455693], [-6.470121, 42.45593], [-6.470329, 42.455896], [-6.470537, 42.455861], [-6.471036, 42.455832], [-6.471236, 42.456548], [-6.471325, 42.457122], [-6.471908, 42.457133], [-6.472822, 42.457035], [-6.473028, 42.456734], [-6.472775, 42.456348], [-6.472603, 42.455734], [-6.471072, 42.455184], [-6.470038, 42.454339], [-6.468953, 42.45409], [-6.464912, 42.453633], [-6.463964, 42.453094], [-6.462447, 42.452596], [-6.460226, 42.452427], [-6.459849, 42.452115], [-6.458942, 42.451462], [-6.458695, 42.450583], [-6.458913, 42.450394]], [[-6.50373, 42.443786], [-6.505003, 42.4441], [-6.505225, 42.444553], [-6.505285, 42.445103], [-6.505515, 42.445415], [-6.506415, 42.445582], [-6.506821, 42.445339], [-6.506591, 42.444012], [-6.507197, 42.443807], [-6.507694, 42.444565], [-6.507851, 42.444784], [-6.508384, 42.445501], [-6.509621, 42.445856], [-6.510029, 42.445789], [-6.510571, 42.445524], [-6.510301, 42.444728], [-6.509667, 42.443993], [-6.507689, 42.443025], [-6.506976, 42.442513], [-6.505829, 42.442143], [-6.504202, 42.441922], [-6.503467, 42.441834], [-6.502651, 42.441969], [-6.501589, 42.4419], [-6.500124, 42.441582], [-6.499811, 42.441984], [-6.499897, 42.442459], [-6.500219, 42.442931], [-6.500736, 42.442916], [-6.501253, 42.4429], [-6.501408, 42.442945], [-6.502477, 42.443713], [-6.50373, 42.443786]], [[-6.483954, 42.44884], [-6.484371, 42.448806], [-6.484432, 42.447501], [-6.485545, 42.447072], [-6.48669, 42.447268], [-6.487281, 42.447346], [-6.487629, 42.446728], [-6.488784, 42.445942], [-6.488313, 42.44511], [-6.488316, 42.444444], [-6.488485, 42.444031], [-6.487755, 42.443627], [-6.486958, 42.442814], [-6.485033, 42.442712], [-6.485449, 42.443518], [-6.485115, 42.443678], [-6.484397, 42.443657], [-6.484477, 42.443434], [-6.484201, 42.442954], [-6.483501, 42.442825], [-6.482049, 42.44289], [-6.481698, 42.443158], [-6.48154, 42.442764], [-6.481327, 42.442344], [-6.480501, 42.44227], [-6.480571, 42.443029], [-6.480587, 42.443761], [-6.481618, 42.444396], [-6.481716, 42.445255], [-6.482231, 42.445905], [-6.482707, 42.446421], [-6.483229, 42.44693], [-6.483562, 42.44761], [-6.483635, 42.447703], [-6.483137, 42.447785], [-6.483221, 42.448086], [-6.483367, 42.448097], [-6.483495, 42.448216], [-6.483806, 42.44848], [-6.483899, 42.448811], [-6.483954, 42.44884]], [[-6.500253, 42.449318], [-6.500966, 42.449656], [-6.501206, 42.45004], [-6.501406, 42.450755], [-6.50184, 42.451042], [-6.502881, 42.450511], [-6.503711, 42.450797], [-6.504213, 42.45117], [-6.5053, 42.450958], [-6.506083, 42.450763], [-6.507667, 42.450436], [-6.508285, 42.450594], [-6.509029, 42.450731], [-6.509535, 42.450647], [-6.509872, 42.450592], [-6.510269, 42.450591], [-6.510241, 42.450335], [-6.508936, 42.44977], [-6.507272, 42.449655], [-6.506092, 42.44985], [-6.503939, 42.448936], [-6.502804, 42.448506], [-6.501819, 42.447985], [-6.501241, 42.447494], [-6.500965, 42.447377], [-6.500881, 42.447391], [-6.500566, 42.447525], [-6.500437, 42.447774], [-6.500354, 42.447869], [-6.499903, 42.447911], [-6.499848, 42.447953], [-6.499157, 42.448555], [-6.500253, 42.449318]]]}}]}