{"type": "FeatureCollection", "name": "LAMIERLA", "features": [{"type": "Feature", "properties": {"id": "561620", "FIREDATE": "2026-07-16T12:08:00", "FINALDATE": "2026-07-27T02:19:00", "LASTUPDATE": "2026-07-17 07:22:54.535", "COUNTRY": "ES", "PROVINCE": "Guadalajara", "COMMUNE": "Mierla, La", "AREA_HA": 33022.0, "BROADLEA": 1.7472, "CONIFER": 25.0484, "MIXED": 2.8282, "SCLEROPH": 33.2546, "TRANSIT": 2.9312, "OTHERNATLC": 29.7481, "AGRIAREAS": 4.421, "ARTIFSURF": 0.0, "OTHERLC": 0.0212, "PERCNA2K": 51.3823, "CLASS": "30DAYS", "AÑO": 2026, "LATITUD": 41.10229192743681, "LONGITUD": -3.070663549554847}, "geometry": {"type": "Polygon", "coordinates": [[[-3.154434, 41.064665], [-3.15439, 41.064738], [-3.154291, 41.064863], [-3.154097, 41.064984], [-3.153808, 41.065102], [-3.153498, 41.065167], [-3.153165, 41.06518], [-3.15293, 41.065156], [-3.152791, 41.065095], [-3.152701, 41.065067], [-3.152661, 41.065073], [-3.152526, 41.06513], [-3.152298, 41.06524], [-3.152086, 41.065324], [-3.151889, 41.065382], [-3.151726, 41.065452], [-3.151596, 41.065533], [-3.151364, 41.065619], [-3.151027, 41.065712], [-3.150664, 41.065776], [-3.150274, 41.065813], [-3.149997, 41.065842], [-3.149835, 41.065863], [-3.149648, 41.065872], [-3.149438, 41.065869], [-3.149199, 41.065829], [-3.148932, 41.065754], [-3.148762, 41.065691], [-3.148691, 41.06564], [-3.148643, 41.065613], [-3.148619, 41.06561], [-3.148587, 41.065651], [-3.148545, 41.065736], [-3.148368, 41.065788], [-3.148057, 41.065807], [-3.147907, 41.065872], [-3.147916, 41.065985], [-3.147913, 41.066076], [-3.147897, 41.066146], [-3.147755, 41.066217], [-3.147485, 41.066287], [-3.147355, 41.066486], [-3.147365, 41.066815], [-3.14723, 41.067026], [-3.14695, 41.06712], [-3.146676, 41.067203], [-3.146406, 41.067273], [-3.146131, 41.067321], [-3.145852, 41.067347], [-3.145716, 41.067308], [-3.145724, 41.067205], [-3.145822, 41.067066], [-3.14601, 41.066893], [-3.14604, 41.066753], [-3.145912, 41.066645], [-3.145726, 41.066619], [-3.145483, 41.066674], [-3.145336, 41.066722], [-3.145285, 41.066763], [-3.145313, 41.066861], [-3.145422, 41.067018], [-3.145468, 41.067165], [-3.145452, 41.067304], [-3.145347, 41.067409], [-3.145153, 41.06748], [-3.14501, 41.06755], [-3.14492, 41.067619], [-3.144839, 41.067664], [-3.144769, 41.067685], [-3.144474, 41.067673], [-3.143955, 41.067629], [-3.143763, 41.067643], [-3.143898, 41.067716], [-3.144026, 41.067824], [-3.144147, 41.067967], [-3.144234, 41.068058], [-3.144287, 41.068096], [-3.144388, 41.068151], [-3.144538, 41.068222], [-3.1446, 41.068299], [-3.144573, 41.068382], [-3.144521, 41.068457], [-3.144445, 41.068524], [-3.144391, 41.068623], [-3.144359, 41.068752], [-3.144257, 41.068732], [-3.144086, 41.068561], [-3.143892, 41.068428], [-3.143677, 41.068331], [-3.14352, 41.068227], [-3.143421, 41.068115], [-3.143355, 41.067982], [-3.143322, 41.067827], [-3.143287, 41.067695], [-3.143249, 41.067587], [-3.143154, 41.067531], [-3.143004, 41.067528], [-3.142906, 41.067456], [-3.142861, 41.067314], [-3.142742, 41.06725], [-3.14255, 41.067265], [-3.142535, 41.067335], [-3.142697, 41.067461], [-3.142782, 41.067615], [-3.142791, 41.067796], [-3.142692, 41.067894], [-3.142485, 41.06791], [-3.142238, 41.067909], [-3.141949, 41.067891], [-3.141631, 41.067842], [-3.141284, 41.067764], [-3.141083, 41.067768], [-3.141027, 41.067855], [-3.140964, 41.068057], [-3.140897, 41.068373], [-3.140921, 41.068557], [-3.141037, 41.06861], [-3.141093, 41.068693], [-3.141087, 41.068808], [-3.141159, 41.068935], [-3.141309, 41.069074], [-3.141358, 41.069164], [-3.141307, 41.069205], [-3.141029, 41.069168], [-3.140525, 41.069054], [-3.140123, 41.068965], [-3.139825, 41.068903], [-3.139666, 41.068929], [-3.139646, 41.069046], [-3.139646, 41.06912], [-3.139668, 41.069151], [-3.139898, 41.069314], [-3.140335, 41.069608], [-3.140681, 41.069858], [-3.140934, 41.070063], [-3.141121, 41.070237], [-3.141242, 41.07038], [-3.141333, 41.070955], [-3.141395, 41.071963], [-3.141434, 41.072606], [-3.141451, 41.072884], [-3.141326, 41.073133], [-3.141057, 41.073351], [-3.140932, 41.073504], [-3.140951, 41.073592], [-3.141047, 41.073585], [-3.14122, 41.073482], [-3.141361, 41.073475], [-3.14147, 41.073563], [-3.141599, 41.073642], [-3.141749, 41.073713], [-3.141718, 41.073814], [-3.141506, 41.073945], [-3.141312, 41.074056], [-3.141137, 41.074148], [-3.141073, 41.074304], [-3.14112, 41.074525], [-3.141091, 41.074705], [-3.140985, 41.074845], [-3.140925, 41.074931], [-3.140911, 41.074964], [-3.140937, 41.075017], [-3.141005, 41.075091], [-3.140988, 41.075174], [-3.140888, 41.075267], [-3.1408, 41.075415], [-3.140723, 41.075619], [-3.140678, 41.075796], [-3.140665, 41.075945], [-3.140638, 41.076137], [-3.140598, 41.076369], [-3.140631, 41.07649], [-3.140738, 41.076499], [-3.140826, 41.076419], [-3.140895, 41.07625], [-3.140965, 41.076229], [-3.141037, 41.076356], [-3.141194, 41.076421], [-3.141434, 41.076423], [-3.141566, 41.076513], [-3.141589, 41.076692], [-3.141479, 41.076809], [-3.141236, 41.076864], [-3.141175, 41.076969], [-3.141298, 41.077123], [-3.141356, 41.077326], [-3.14135, 41.077577], [-3.14127, 41.077764], [-3.141116, 41.077887], [-3.141101, 41.077957], [-3.141225, 41.077975], [-3.141304, 41.078033], [-3.14134, 41.07813], [-3.141298, 41.078249], [-3.141178, 41.078391], [-3.141048, 41.078448], [-3.140907, 41.078421], [-3.140773, 41.078388], [-3.140644, 41.078348], [-3.140494, 41.078277], [-3.140322, 41.078175], [-3.140224, 41.078139], [-3.1402, 41.07817], [-3.140164, 41.078214], [-3.140118, 41.078273], [-3.140053, 41.078353], [-3.13997, 41.078455], [-3.139984, 41.078514], [-3.140095, 41.078529], [-3.14018, 41.07854], [-3.140238, 41.078548], [-3.140377, 41.078572], [-3.140595, 41.078611], [-3.140943, 41.078763], [-3.141419, 41.07903], [-3.141592, 41.079206], [-3.14146, 41.079291], [-3.141295, 41.079325], [-3.141096, 41.079306], [-3.140992, 41.079451], [-3.140982, 41.079759], [-3.140834, 41.079944], [-3.140547, 41.080005], [-3.140388, 41.079963], [-3.140358, 41.07982], [-3.140134, 41.079827], [-3.139718, 41.079985], [-3.139516, 41.080125], [-3.139527, 41.080249], [-3.13942, 41.080383], [-3.139196, 41.080526], [-3.138974, 41.080647], [-3.138755, 41.080745], [-3.138497, 41.080802], [-3.138201, 41.080819], [-3.137961, 41.080782], [-3.137777, 41.080693], [-3.137617, 41.080612], [-3.137482, 41.080539], [-3.137279, 41.080538], [-3.137009, 41.080608], [-3.136769, 41.080646], [-3.13656, 41.080651], [-3.136191, 41.080711], [-3.135661, 41.080828], [-3.13529, 41.080883], [-3.135079, 41.080877], [-3.1349, 41.080776], [-3.134753, 41.080579], [-3.134582, 41.080551], [-3.134387, 41.080691], [-3.134293, 41.080675], [-3.134302, 41.080503], [-3.134247, 41.080419], [-3.134128, 41.080424], [-3.134067, 41.080419], [-3.134066, 41.080405], [-3.134052, 41.08027], [-3.134026, 41.080015], [-3.133872, 41.079929], [-3.13359, 41.080012], [-3.13354, 41.080145], [-3.133722, 41.080329], [-3.133837, 41.080445], [-3.133884, 41.080492], [-3.13393, 41.080621], [-3.133974, 41.080831], [-3.13388, 41.080917], [-3.133647, 41.08088], [-3.133457, 41.080832], [-3.133309, 41.080772], [-3.133135, 41.080761], [-3.132933, 41.080799], [-3.132849, 41.08074], [-3.132882, 41.080582], [-3.132909, 41.080459], [-3.132928, 41.080371], [-3.132865, 41.080377], [-3.132721, 41.080476], [-3.13263, 41.08054], [-3.132591, 41.080567], [-3.132545, 41.080571], [-3.132493, 41.080552], [-3.132355, 41.080502], [-3.132131, 41.080421], [-3.131949, 41.080438], [-3.131809, 41.080552], [-3.131701, 41.08064], [-3.131623, 41.080703], [-3.131788, 41.080742], [-3.132196, 41.080755], [-3.132432, 41.080809], [-3.132497, 41.080903], [-3.132622, 41.080994], [-3.132806, 41.081084], [-3.132975, 41.081243], [-3.133129, 41.081473], [-3.133095, 41.081597], [-3.132874, 41.081615], [-3.132653, 41.08153], [-3.132434, 41.081344], [-3.132238, 41.081307], [-3.132068, 41.081421], [-3.131854, 41.081546], [-3.131599, 41.081683], [-3.131305, 41.08175], [-3.130975, 41.081749], [-3.130789, 41.081683], [-3.130746, 41.081552], [-3.130637, 41.081498], [-3.130462, 41.081521], [-3.130355, 41.081581], [-3.130315, 41.081677], [-3.130175, 41.08169], [-3.129936, 41.08162], [-3.129771, 41.081551], [-3.129681, 41.081483], [-3.129545, 41.081439], [-3.12936, 41.081418], [-3.129297, 41.081296], [-3.129354, 41.081072], [-3.129305, 41.080933], [-3.129149, 41.080877], [-3.128963, 41.080811], [-3.128745, 41.080734], [-3.128669, 41.080741], [-3.128734, 41.080832], [-3.128809, 41.080936], [-3.128893, 41.081052], [-3.12899, 41.081195], [-3.129101, 41.081362], [-3.129113, 41.081559], [-3.129026, 41.081787], [-3.128914, 41.081927], [-3.128775, 41.08198], [-3.128653, 41.082007], [-3.128549, 41.08201], [-3.1285, 41.082062], [-3.128506, 41.082163], [-3.128292, 41.082425], [-3.127857, 41.082847], [-3.127717, 41.083105], [-3.127872, 41.083198], [-3.127993, 41.083415], [-3.12808, 41.083756], [-3.128169, 41.083994], [-3.128258, 41.08413], [-3.12838, 41.084319], [-3.128536, 41.084559], [-3.12849, 41.084657], [-3.12824, 41.08461], [-3.127983, 41.084497], [-3.12772, 41.084316], [-3.127538, 41.084169], [-3.12744, 41.084057], [-3.127379, 41.084088], [-3.127356, 41.084262], [-3.127312, 41.084478], [-3.127247, 41.084737], [-3.127162, 41.084902], [-3.127057, 41.084973], [-3.126982, 41.084869], [-3.126938, 41.084591], [-3.126905, 41.084362], [-3.126881, 41.084183], [-3.126926, 41.084006], [-3.127039, 41.083832], [-3.127014, 41.083676], [-3.126849, 41.083539], [-3.126775, 41.083543], [-3.126791, 41.083689], [-3.126759, 41.083784], [-3.126679, 41.083829], [-3.126594, 41.083749], [-3.126506, 41.083545], [-3.126394, 41.083338], [-3.12626, 41.083128], [-3.126126, 41.082959], [-3.125993, 41.082828], [-3.125834, 41.082679], [-3.125648, 41.08251], [-3.125483, 41.082368], [-3.125338, 41.08225], [-3.125118, 41.082166], [-3.124822, 41.082114], [-3.124569, 41.082017], [-3.124358, 41.081875], [-3.124102, 41.081727], [-3.123799, 41.081574], [-3.123563, 41.081452], [-3.123394, 41.081361], [-3.123223, 41.081264], [-3.123052, 41.081162], [-3.122856, 41.081097], [-3.122635, 41.08107], [-3.122512, 41.081066], [-3.122487, 41.081087], [-3.122468, 41.081095], [-3.122457, 41.08109], [-3.122262, 41.081079], [-3.121883, 41.081062], [-3.121552, 41.081055], [-3.121268, 41.081058], [-3.120999, 41.081032], [-3.120747, 41.080974], [-3.120517, 41.080914], [-3.120309, 41.080851], [-3.120107, 41.080713], [-3.119912, 41.0805], [-3.119771, 41.080331], [-3.119684, 41.080206], [-3.119608, 41.080097], [-3.119543, 41.080003], [-3.119545, 41.079906], [-3.119614, 41.079806], [-3.119657, 41.079726], [-3.119675, 41.079667], [-3.119733, 41.079517], [-3.119831, 41.079276], [-3.119954, 41.079112], [-3.1201, 41.079024], [-3.119964, 41.078843], [-3.119546, 41.078569], [-3.11928, 41.078446], [-3.119166, 41.078472], [-3.119084, 41.078546], [-3.119034, 41.078666], [-3.118974, 41.078771], [-3.118903, 41.07886], [-3.118824, 41.078876], [-3.118737, 41.078819], [-3.118658, 41.078836], [-3.118587, 41.078925], [-3.118452, 41.078994], [-3.118252, 41.079043], [-3.118107, 41.079029], [-3.118015, 41.07895], [-3.117944, 41.078828], [-3.117894, 41.078664], [-3.117903, 41.078493], [-3.11797, 41.078313], [-3.117944, 41.078123], [-3.117827, 41.077923], [-3.117748, 41.077802], [-3.11771, 41.077762], [-3.117592, 41.077738], [-3.117396, 41.07773], [-3.117176, 41.077754], [-3.116933, 41.077809], [-3.116777, 41.077886], [-3.116708, 41.077987], [-3.116745, 41.07809], [-3.116887, 41.078196], [-3.116975, 41.078292], [-3.117009, 41.078379], [-3.117122, 41.078489], [-3.117315, 41.078622], [-3.11733, 41.078728], [-3.117167, 41.078807], [-3.117081, 41.078932], [-3.117073, 41.079104], [-3.117179, 41.079146], [-3.117401, 41.07906], [-3.117627, 41.079064], [-3.117857, 41.079159], [-3.11793, 41.079257], [-3.117847, 41.079359], [-3.117681, 41.079426], [-3.117433, 41.07946], [-3.117291, 41.07953], [-3.117254, 41.079637], [-3.117249, 41.079757], [-3.117277, 41.07989], [-3.117312, 41.08005], [-3.117352, 41.080238], [-3.117392, 41.080426], [-3.117431, 41.080614], [-3.117473, 41.080808], [-3.117515, 41.081007], [-3.117479, 41.081154], [-3.117364, 41.081249], [-3.117329, 41.081367], [-3.117374, 41.081509], [-3.117387, 41.081638], [-3.117367, 41.081755], [-3.117332, 41.081873], [-3.117282, 41.081993], [-3.117328, 41.082067], [-3.117469, 41.082094], [-3.117505, 41.082157], [-3.117436, 41.082257], [-3.11731, 41.082337], [-3.117128, 41.082395], [-3.117015, 41.082501], [-3.116973, 41.082655], [-3.11688, 41.082781], [-3.116736, 41.08288], [-3.116609, 41.082953], [-3.116499, 41.083002], [-3.116533, 41.083054], [-3.11671, 41.08311], [-3.116777, 41.083181], [-3.116736, 41.083266], [-3.116709, 41.083423], [-3.116698, 41.083652], [-3.116674, 41.08386], [-3.116639, 41.084047], [-3.116636, 41.084207], [-3.116664, 41.084339], [-3.116695, 41.084423], [-3.116728, 41.084459], [-3.116743, 41.084477], [-3.11674, 41.084478], [-3.116792, 41.084537], [-3.116899, 41.084653], [-3.116208, 41.085054], [-3.11472, 41.085742], [-3.113954, 41.085986], [-3.113912, 41.085787], [-3.113927, 41.085655], [-3.113998, 41.08559], [-3.114042, 41.08555], [-3.114058, 41.085535], [-3.114105, 41.085501], [-3.114182, 41.085449], [-3.114508, 41.085292], [-3.115085, 41.085029], [-3.115464, 41.084869], [-3.115647, 41.08481], [-3.115839, 41.084728], [-3.116041, 41.084621], [-3.116202, 41.084532], [-3.116322, 41.084459], [-3.116347, 41.084365], [-3.116277, 41.084249], [-3.116229, 41.084164], [-3.116203, 41.084111], [-3.11611, 41.084134], [-3.115952, 41.084235], [-3.115885, 41.08417], [-3.115911, 41.083939], [-3.115864, 41.083786], [-3.115743, 41.083711], [-3.115642, 41.08373], [-3.115561, 41.083844], [-3.115534, 41.083961], [-3.115559, 41.084083], [-3.115574, 41.084223], [-3.115578, 41.084382], [-3.115547, 41.084517], [-3.11548, 41.084628], [-3.115394, 41.084611], [-3.115288, 41.084466], [-3.115207, 41.08426], [-3.115151, 41.083995], [-3.115097, 41.083849], [-3.115046, 41.083821], [-3.114914, 41.083799], [-3.114701, 41.083782], [-3.114543, 41.083814], [-3.11444, 41.083896], [-3.114305, 41.083931], [-3.114137, 41.08392], [-3.114003, 41.083818], [-3.113903, 41.083627], [-3.11381, 41.083508], [-3.113725, 41.083463], [-3.113667, 41.083436], [-3.113636, 41.083429], [-3.113595, 41.08352], [-3.113545, 41.083708], [-3.113492, 41.083812], [-3.113436, 41.083831], [-3.113324, 41.083869], [-3.113156, 41.083925], [-3.113059, 41.083995], [-3.113031, 41.084078], [-3.11304, 41.084225], [-3.113085, 41.084435], [-3.113109, 41.084585], [-3.113113, 41.084676], [-3.113012, 41.084763], [-3.112805, 41.084848], [-3.112703, 41.084969], [-3.112707, 41.085128], [-3.112733, 41.085318], [-3.11278, 41.085539], [-3.112761, 41.085701], [-3.112678, 41.085803], [-3.112616, 41.085863], [-3.112574, 41.085879], [-3.112437, 41.085795], [-3.112202, 41.085611], [-3.112145, 41.085413], [-3.112266, 41.085204], [-3.112335, 41.084967], [-3.112354, 41.084703], [-3.112275, 41.084577], [-3.112098, 41.084589], [-3.111912, 41.084705], [-3.111719, 41.084924], [-3.111572, 41.08508], [-3.111472, 41.085173], [-3.111252, 41.085339], [-3.110913, 41.085578], [-3.110622, 41.085798], [-3.110381, 41.086001], [-3.11025, 41.086124], [-3.11023, 41.086166], [-3.110148, 41.086205], [-3.110005, 41.086242], [-3.10986, 41.086304], [-3.109714, 41.086391], [-3.109719, 41.086521], [-3.109875, 41.086694], [-3.109906, 41.086838], [-3.10981, 41.086953], [-3.109856, 41.087026], [-3.110043, 41.087058], [-3.110104, 41.087136], [-3.11004, 41.087258], [-3.110083, 41.087389], [-3.110233, 41.087528], [-3.110304, 41.087615], [-3.110296, 41.08765], [-3.110244, 41.087686], [-3.110146, 41.087721], [-3.110099, 41.087819], [-3.110103, 41.087977], [-3.110074, 41.08805], [-3.11001, 41.088035], [-3.109938, 41.087977], [-3.109856, 41.087874], [-3.109742, 41.087832], [-3.109596, 41.087851], [-3.109517, 41.087794], [-3.109503, 41.087659], [-3.109497, 41.087524], [-3.109498, 41.087387], [-3.109462, 41.087289], [-3.10939, 41.087231], [-3.109319, 41.087251], [-3.10925, 41.087352], [-3.109169, 41.087533], [-3.109075, 41.087796], [-3.108975, 41.087997], [-3.10887, 41.088136], [-3.108851, 41.088298], [-3.108921, 41.088482], [-3.108888, 41.088577], [-3.108755, 41.088583], [-3.108638, 41.088667], [-3.108537, 41.088829], [-3.10851, 41.088986], [-3.108558, 41.089139], [-3.108446, 41.08925], [-3.108176, 41.08932], [-3.108012, 41.089393], [-3.107953, 41.089469], [-3.108108, 41.089528], [-3.108477, 41.08957], [-3.108596, 41.089708], [-3.108466, 41.089941], [-3.108355, 41.090053], [-3.108262, 41.090042], [-3.108204, 41.089982], [-3.108181, 41.089871], [-3.108106, 41.089802], [-3.10798, 41.089773], [-3.107866, 41.089765], [-3.107764, 41.089779], [-3.10769, 41.089891], [-3.107645, 41.090102], [-3.107542, 41.090286], [-3.10738, 41.090444], [-3.107244, 41.09065], [-3.107133, 41.090904], [-3.107029, 41.090946], [-3.106933, 41.090777], [-3.106806, 41.090777], [-3.106647, 41.090946], [-3.106613, 41.091138], [-3.106704, 41.091353], [-3.1068, 41.091665], [-3.106901, 41.092072], [-3.106914, 41.092377], [-3.106837, 41.092581], [-3.106807, 41.092756], [-3.106822, 41.092901], [-3.107001, 41.092929], [-3.107341, 41.092838], [-3.107541, 41.092857], [-3.107598, 41.092986], [-3.107677, 41.093082], [-3.107779, 41.093147], [-3.107831, 41.093179], [-3.107833, 41.093181], [-3.107847, 41.093277], [-3.107873, 41.093467], [-3.107947, 41.093605], [-3.10807, 41.093691], [-3.108144, 41.093789], [-3.108167, 41.0939], [-3.108115, 41.094009], [-3.107988, 41.094117], [-3.107963, 41.094211], [-3.10804, 41.094292], [-3.108158, 41.094384], [-3.108315, 41.094488], [-3.108375, 41.094594], [-3.108338, 41.094702], [-3.108368, 41.094811], [-3.108467, 41.094923], [-3.108443, 41.095023], [-3.108297, 41.095111], [-3.108282, 41.095357], [-3.108398, 41.095763], [-3.108423, 41.096055], [-3.108356, 41.096235], [-3.108342, 41.096418], [-3.108382, 41.096606], [-3.108405, 41.096854], [-3.10841, 41.09716], [-3.10846, 41.097358], [-3.108554, 41.097448], [-3.108662, 41.097746], [-3.108785, 41.098253], [-3.108851, 41.098531], [-3.108862, 41.09858], [-3.108883, 41.098679], [-3.108915, 41.09883], [-3.1089, 41.098937], [-3.108839, 41.099002], [-3.10887, 41.099078], [-3.108994, 41.099164], [-3.109151, 41.0992], [-3.109343, 41.099186], [-3.109456, 41.099149], [-3.109491, 41.099091], [-3.109524, 41.099073], [-3.109555, 41.099095], [-3.109604, 41.099047], [-3.10967, 41.098929], [-3.109777, 41.098826], [-3.109923, 41.098739], [-3.110075, 41.098713], [-3.110233, 41.098749], [-3.110343, 41.098808], [-3.110406, 41.098891], [-3.110339, 41.098968], [-3.110145, 41.099039], [-3.110092, 41.099143], [-3.110181, 41.099279], [-3.110198, 41.099384], [-3.110144, 41.09946], [-3.110104, 41.099516], [-3.110077, 41.099554], [-3.110104, 41.099659], [-3.110185, 41.09983], [-3.110239, 41.099918], [-3.110266, 41.099923], [-3.11032, 41.099932], [-3.110403, 41.099947], [-3.110579, 41.099954], [-3.110849, 41.099952], [-3.111076, 41.099961], [-3.11126, 41.099982], [-3.11135, 41.100124], [-3.111346, 41.100386], [-3.111529, 41.100646], [-3.111899, 41.100904], [-3.112174, 41.101282], [-3.112355, 41.101782], [-3.112415, 41.102098], [-3.112353, 41.102231], [-3.112121, 41.102268], [-3.111718, 41.102208], [-3.111523, 41.102205], [-3.111535, 41.102261], [-3.111675, 41.102321], [-3.111944, 41.102388], [-3.112042, 41.10246], [-3.111969, 41.102538], [-3.111802, 41.1026], [-3.111542, 41.102646], [-3.111388, 41.102739], [-3.111341, 41.102879], [-3.111295, 41.103016], [-3.11125, 41.10315], [-3.1112, 41.103334], [-3.111145, 41.103569], [-3.111147, 41.103717], [-3.111205, 41.103777], [-3.111316, 41.103842], [-3.111481, 41.103911], [-3.111577, 41.104012], [-3.111605, 41.104145], [-3.111656, 41.104206], [-3.11173, 41.104196], [-3.111927, 41.10417], [-3.112247, 41.104128], [-3.112659, 41.104164], [-3.113164, 41.104279], [-3.113322, 41.104388], [-3.113134, 41.104493], [-3.113098, 41.104606], [-3.113214, 41.104727], [-3.113268, 41.104981], [-3.113261, 41.105369], [-3.113223, 41.105687], [-3.113156, 41.105935], [-3.113169, 41.106138], [-3.113263, 41.106296], [-3.113217, 41.106433], [-3.113032, 41.106548], [-3.112892, 41.106669], [-3.112799, 41.106795], [-3.11276, 41.106894], [-3.112775, 41.106964], [-3.1128, 41.10708], [-3.112834, 41.107242], [-3.112863, 41.107321], [-3.112886, 41.107318], [-3.113034, 41.107299], [-3.113308, 41.107262], [-3.11356, 41.107268], [-3.11379, 41.107317], [-3.114118, 41.107319], [-3.114544, 41.107274], [-3.114759, 41.10725], [-3.114764, 41.107248], [-3.114865, 41.107263], [-3.115061, 41.107295], [-3.115523, 41.107365], [-3.116251, 41.107473], [-3.11658, 41.107606], [-3.116508, 41.107763], [-3.116365, 41.108009], [-3.116152, 41.108345], [-3.115999, 41.108542], [-3.115906, 41.1086], [-3.115864, 41.108685], [-3.115873, 41.108797], [-3.115739, 41.108906], [-3.115461, 41.109011], [-3.115324, 41.109143], [-3.115328, 41.109302], [-3.115262, 41.109419], [-3.115128, 41.109494], [-3.115145, 41.109571], [-3.115312, 41.109651], [-3.11531, 41.109714], [-3.11514, 41.109759], [-3.114956, 41.109778], [-3.11476, 41.10977], [-3.114614, 41.109755], [-3.114519, 41.109734], [-3.114374, 41.109651], [-3.114178, 41.109506], [-3.113967, 41.10941], [-3.113741, 41.109361], [-3.113513, 41.109311], [-3.113283, 41.109262], [-3.112973, 41.109235], [-3.112582, 41.10923], [-3.112212, 41.109291], [-3.111864, 41.109417], [-3.111746, 41.109535], [-3.11186, 41.109645], [-3.112084, 41.109711], [-3.112419, 41.109735], [-3.112588, 41.109826], [-3.112592, 41.109985], [-3.112496, 41.110134], [-3.112301, 41.110274], [-3.112147, 41.110397], [-3.112035, 41.110503], [-3.111852, 41.110527], [-3.1116, 41.11047], [-3.111569, 41.110502], [-3.111761, 41.110625], [-3.111904, 41.110736], [-3.112001, 41.110837], [-3.111953, 41.111003], [-3.111762, 41.111233], [-3.111479, 41.111345], [-3.111102, 41.111338], [-3.110747, 41.111328], [-3.110415, 41.111316], [-3.110094, 41.111324], [-3.109785, 41.111354], [-3.109549, 41.111374], [-3.109386, 41.111384], [-3.109325, 41.111449], [-3.109366, 41.111569], [-3.109379, 41.111738], [-3.109365, 41.111956], [-3.109437, 41.112117], [-3.109594, 41.112221], [-3.109594, 41.112323], [-3.109435, 41.112424], [-3.109285, 41.112495], [-3.109144, 41.112537], [-3.109096, 41.112594], [-3.109142, 41.112668], [-3.109244, 41.112723], [-3.109401, 41.112759], [-3.109393, 41.112862], [-3.109219, 41.113033], [-3.109097, 41.113163], [-3.109026, 41.113252], [-3.109002, 41.11342], [-3.109024, 41.113668], [-3.109149, 41.113803], [-3.109376, 41.113827], [-3.10951, 41.113895], [-3.109552, 41.114005], [-3.109671, 41.114133], [-3.109867, 41.114278], [-3.110028, 41.114398], [-3.110153, 41.114495], [-3.110345, 41.114623], [-3.110604, 41.114782], [-3.110755, 41.114961], [-3.110797, 41.11516], [-3.110776, 41.115271], [-3.110691, 41.115294], [-3.110607, 41.115254], [-3.110525, 41.115151], [-3.11044, 41.11514], [-3.110352, 41.11522], [-3.110353, 41.115293], [-3.110442, 41.115361], [-3.110521, 41.115447], [-3.110588, 41.115552], [-3.110579, 41.11565], [-3.110493, 41.115741], [-3.110492, 41.115844], [-3.110577, 41.115957], [-3.110686, 41.115977], [-3.11082, 41.115902], [-3.110928, 41.115808], [-3.111009, 41.115695], [-3.111241, 41.115693], [-3.111624, 41.115801], [-3.111796, 41.116011], [-3.111757, 41.116323], [-3.111802, 41.116602], [-3.111929, 41.116847], [-3.111955, 41.117042], [-3.111881, 41.117188], [-3.111882, 41.117296], [-3.111957, 41.117366], [-3.112035, 41.117521], [-3.112116, 41.11776], [-3.112269, 41.117916], [-3.112494, 41.117988], [-3.112621, 41.118159], [-3.112648, 41.118429], [-3.112607, 41.118588], [-3.112497, 41.118636], [-3.112366, 41.11862], [-3.112213, 41.118538], [-3.112064, 41.118506], [-3.111918, 41.118526], [-3.111885, 41.118615], [-3.111964, 41.118776], [-3.111919, 41.118884], [-3.111751, 41.11894], [-3.111679, 41.119092], [-3.111701, 41.119339], [-3.111643, 41.119455], [-3.111505, 41.119439], [-3.111468, 41.119513], [-3.111532, 41.119675], [-3.111546, 41.119809], [-3.111509, 41.119917], [-3.111562, 41.1202], [-3.111704, 41.120658], [-3.111664, 41.120891], [-3.11144, 41.120898], [-3.111352, 41.120944], [-3.1114, 41.121029], [-3.111519, 41.121093], [-3.111708, 41.121136], [-3.1118, 41.121283], [-3.111793, 41.121534], [-3.111758, 41.12172], [-3.111694, 41.121843], [-3.111723, 41.121947], [-3.111847, 41.122033], [-3.111812, 41.122151], [-3.111619, 41.122302], [-3.111523, 41.122417], [-3.111525, 41.122496], [-3.111529, 41.122655], [-3.111534, 41.122893], [-3.111492, 41.123013], [-3.111402, 41.123013], [-3.111318, 41.122968], [-3.111238, 41.122876], [-3.111143, 41.122991], [-3.111031, 41.123313], [-3.110856, 41.123655], [-3.110618, 41.124016], [-3.110568, 41.124205], [-3.110706, 41.124221], [-3.110826, 41.12429], [-3.110927, 41.124413], [-3.111077, 41.12452], [-3.111274, 41.124612], [-3.111407, 41.124674], [-3.111476, 41.124706], [-3.111478, 41.124778], [-3.111411, 41.124889], [-3.111345, 41.124955], [-3.11128, 41.124977], [-3.111049, 41.125053], [-3.110651, 41.125184], [-3.110333, 41.125254], [-3.110095, 41.125263], [-3.11004, 41.125356], [-3.110168, 41.125532], [-3.11034, 41.125708], [-3.110558, 41.125884], [-3.110468, 41.126027], [-3.110071, 41.126136], [-3.109676, 41.126536], [-3.109282, 41.127225], [-3.108943, 41.127572], [-3.108659, 41.127575], [-3.108651, 41.127753], [-3.108921, 41.128104], [-3.1091, 41.128415], [-3.109188, 41.128688], [-3.109249, 41.128902], [-3.109282, 41.129056], [-3.109377, 41.129152], [-3.109535, 41.129188], [-3.109669, 41.129191], [-3.10978, 41.129161], [-3.109843, 41.129168], [-3.109859, 41.129212], [-3.109857, 41.129408], [-3.109837, 41.129754], [-3.109736, 41.129991], [-3.109552, 41.130118], [-3.109519, 41.130242], [-3.109635, 41.130363], [-3.109739, 41.130429], [-3.109831, 41.130439], [-3.109817, 41.130549], [-3.109696, 41.130759], [-3.109634, 41.13096], [-3.10963, 41.131154], [-3.109614, 41.131361], [-3.109586, 41.131581], [-3.109616, 41.131759], [-3.109705, 41.131895], [-3.109654, 41.132004], [-3.109461, 41.132086], [-3.109447, 41.132196], [-3.109611, 41.132334], [-3.109814, 41.132477], [-3.110056, 41.132627], [-3.110217, 41.13264], [-3.110295, 41.132516], [-3.110387, 41.132384], [-3.110493, 41.132245], [-3.110618, 41.132112], [-3.110764, 41.131986], [-3.110903, 41.131865], [-3.111036, 41.131749], [-3.11119, 41.13164], [-3.111363, 41.131538], [-3.111515, 41.131546], [-3.111645, 41.131665], [-3.111723, 41.131785], [-3.111749, 41.131907], [-3.111664, 41.13214], [-3.111467, 41.132485], [-3.111362, 41.132823], [-3.111348, 41.133154], [-3.111341, 41.133331], [-3.11134, 41.133355], [-3.111373, 41.133447], [-3.111441, 41.133609], [-3.111563, 41.1339], [-3.111739, 41.13432], [-3.111934, 41.134646], [-3.112149, 41.134879], [-3.112346, 41.135171], [-3.112526, 41.135523], [-3.112759, 41.135736], [-3.113046, 41.135812], [-3.113287, 41.13603], [-3.113484, 41.136391], [-3.113849, 41.136837], [-3.114383, 41.137369], [-3.114978, 41.137909], [-3.115635, 41.138459], [-3.115897, 41.138771], [-3.115763, 41.138845], [-3.115603, 41.138906], [-3.115418, 41.138954], [-3.115282, 41.139091], [-3.115196, 41.139319], [-3.115029, 41.139489], [-3.114783, 41.139601], [-3.114608, 41.139733], [-3.114505, 41.139883], [-3.114527, 41.139948], [-3.114673, 41.139929], [-3.114763, 41.140002], [-3.114799, 41.140168], [-3.114923, 41.140225], [-3.115138, 41.140174], [-3.1153, 41.140198], [-3.115411, 41.140297], [-3.115498, 41.140422], [-3.11556, 41.140573], [-3.115697, 41.14072], [-3.115907, 41.140862], [-3.116075, 41.140874], [-3.1162, 41.140755], [-3.116426, 41.140833], [-3.116755, 41.141107], [-3.116996, 41.14136], [-3.11715, 41.141589], [-3.117163, 41.141753], [-3.117033, 41.14185], [-3.116987, 41.141986], [-3.117025, 41.142163], [-3.117202, 41.142185], [-3.117519, 41.142052], [-3.117919, 41.142238], [-3.118402, 41.142742], [-3.118612, 41.143061], [-3.11855, 41.143194], [-3.118571, 41.143254], [-3.118673, 41.143241], [-3.118828, 41.143192], [-3.119035, 41.143107], [-3.119212, 41.143095], [-3.11936, 41.143155], [-3.119432, 41.143248], [-3.119429, 41.143373], [-3.119416, 41.143489], [-3.119394, 41.143594], [-3.119374, 41.143647], [-3.119358, 41.143648], [-3.119374, 41.143686], [-3.119421, 41.14376], [-3.119439, 41.143878], [-3.119428, 41.144039], [-3.119516, 41.144169], [-3.119703, 41.144269], [-3.119908, 41.144424], [-3.120133, 41.144633], [-3.120361, 41.144893], [-3.120592, 41.145203], [-3.120843, 41.145357], [-3.121113, 41.145355], [-3.12125, 41.145297], [-3.121256, 41.145183], [-3.12136, 41.145141], [-3.121561, 41.145171], [-3.121738, 41.145261], [-3.12189, 41.145411], [-3.121997, 41.145488], [-3.122057, 41.145491], [-3.122151, 41.145439], [-3.122278, 41.145331], [-3.122361, 41.145365], [-3.122398, 41.145542], [-3.122491, 41.145661], [-3.122639, 41.145721], [-3.1228, 41.145876], [-3.122973, 41.146126], [-3.123127, 41.146247], [-3.12326, 41.146241], [-3.12339, 41.146252], [-3.123517, 41.146281], [-3.123633, 41.146299], [-3.12374, 41.146308], [-3.123877, 41.146386], [-3.124044, 41.146535], [-3.124166, 41.146649], [-3.124243, 41.14673], [-3.124366, 41.146782], [-3.124537, 41.146804], [-3.124736, 41.146966], [-3.124965, 41.147265], [-3.125041, 41.147559], [-3.124965, 41.147848], [-3.124903, 41.148084], [-3.124854, 41.148266], [-3.124918, 41.148278], [-3.125094, 41.148118], [-3.125252, 41.148012], [-3.125391, 41.147959], [-3.125563, 41.147959], [-3.125769, 41.148011], [-3.125911, 41.147901], [-3.125988, 41.147629], [-3.126028, 41.14749], [-3.12603, 41.147485], [-3.126052, 41.147473], [-3.126092, 41.147454], [-3.126181, 41.147536], [-3.12632, 41.147718], [-3.12644, 41.14781], [-3.126543, 41.147812], [-3.126725, 41.147803], [-3.126987, 41.147784], [-3.127304, 41.14778], [-3.127675, 41.147793], [-3.127851, 41.147847], [-3.12783, 41.147943], [-3.127848, 41.148072], [-3.127903, 41.148236], [-3.128, 41.148355], [-3.128139, 41.148429], [-3.128218, 41.148465], [-3.128238, 41.148462], [-3.128216, 41.148357], [-3.128151, 41.148148], [-3.128196, 41.148026], [-3.128352, 41.14799], [-3.128479, 41.148058], [-3.128578, 41.148231], [-3.128693, 41.148386], [-3.128825, 41.148524], [-3.128925, 41.148565], [-3.128995, 41.148509], [-3.129147, 41.14845], [-3.129379, 41.148388], [-3.129452, 41.14844], [-3.129365, 41.148607], [-3.129382, 41.148737], [-3.129504, 41.148829], [-3.129719, 41.148878], [-3.130028, 41.148883], [-3.130243, 41.148839], [-3.130367, 41.148745], [-3.130569, 41.148687], [-3.130851, 41.148665], [-3.131122, 41.148637], [-3.131381, 41.148602], [-3.131628, 41.148608], [-3.131863, 41.148654], [-3.132025, 41.148741], [-3.132113, 41.148869], [-3.132228, 41.149024], [-3.13237, 41.149207], [-3.132586, 41.149357], [-3.132877, 41.149473], [-3.133082, 41.149617], [-3.1332, 41.149787], [-3.133338, 41.149955], [-3.133496, 41.15012], [-3.133699, 41.150302], [-3.133947, 41.150502], [-3.133985, 41.150683], [-3.133815, 41.150845], [-3.13376, 41.151163], [-3.13382, 41.151636], [-3.133907, 41.15195], [-3.134022, 41.152106], [-3.134147, 41.152306], [-3.134281, 41.152552], [-3.134491, 41.152718], [-3.134776, 41.152804], [-3.135042, 41.152807], [-3.135292, 41.152728], [-3.13547, 41.15265], [-3.135576, 41.152573], [-3.13571, 41.152478], [-3.135869, 41.152363], [-3.136102, 41.152255], [-3.136408, 41.152152], [-3.136645, 41.152159], [-3.136813, 41.152276], [-3.136969, 41.152287], [-3.137112, 41.15219], [-3.13724, 41.152165], [-3.137353, 41.152212], [-3.137555, 41.152201], [-3.137847, 41.152131], [-3.138065, 41.152047], [-3.138208, 41.151951], [-3.138352, 41.151869], [-3.138497, 41.151801], [-3.138637, 41.151736], [-3.138771, 41.151673], [-3.138911, 41.151694], [-3.139057, 41.151799], [-3.139083, 41.151934], [-3.13899, 41.152098], [-3.138938, 41.15219], [-3.138927, 41.15221], [-3.138901, 41.152316], [-3.13886, 41.152508], [-3.138877, 41.152637], [-3.138953, 41.152705], [-3.138999, 41.152823], [-3.139014, 41.152991], [-3.138978, 41.153159], [-3.138891, 41.153326], [-3.138897, 41.153496], [-3.138995, 41.153669], [-3.13916, 41.153771], [-3.139392, 41.153802], [-3.139615, 41.153935], [-3.139829, 41.154171], [-3.139777, 41.154309], [-3.139458, 41.154352], [-3.139289, 41.154421], [-3.139268, 41.154517], [-3.139417, 41.15459], [-3.139735, 41.154641], [-3.140033, 41.154648], [-3.140312, 41.15461], [-3.140509, 41.154623], [-3.140625, 41.154685], [-3.140709, 41.154744], [-3.140762, 41.154799], [-3.140866, 41.154808], [-3.141022, 41.154772], [-3.141188, 41.154827], [-3.141363, 41.154974], [-3.141418, 41.155184], [-3.141353, 41.155457], [-3.141294, 41.155806], [-3.141242, 41.156232], [-3.141348, 41.156443], [-3.141614, 41.156438], [-3.141708, 41.156542], [-3.14163, 41.156754], [-3.141565, 41.15698], [-3.141514, 41.157219], [-3.1416, 41.157619], [-3.141822, 41.158179], [-3.141846, 41.158533], [-3.141672, 41.15868], [-3.141557, 41.158812], [-3.1415, 41.158928], [-3.141509, 41.15916], [-3.141583, 41.159507], [-3.141637, 41.15981], [-3.141672, 41.160069], [-3.141662, 41.160357], [-3.141607, 41.160675], [-3.141482, 41.160909], [-3.141289, 41.161058], [-3.141055, 41.16116], [-3.140779, 41.161212], [-3.140505, 41.161318], [-3.140232, 41.161479], [-3.140049, 41.161728], [-3.139958, 41.162066], [-3.139902, 41.162236], [-3.139882, 41.162239], [-3.13969, 41.162249], [-3.139325, 41.162267], [-3.139141, 41.162415], [-3.139139, 41.162695], [-3.139151, 41.162942], [-3.139176, 41.163156], [-3.13907, 41.163379], [-3.138833, 41.163612], [-3.138643, 41.163824], [-3.138499, 41.164014], [-3.138384, 41.164146], [-3.138297, 41.164219], [-3.138151, 41.164254], [-3.137945, 41.164251], [-3.137946, 41.164351], [-3.138154, 41.164556], [-3.138267, 41.164751], [-3.138286, 41.164934], [-3.138302, 41.165175], [-3.138316, 41.165473], [-3.138285, 41.165636], [-3.138207, 41.165663], [-3.138292, 41.16575], [-3.138538, 41.165897], [-3.138636, 41.166144], [-3.138588, 41.166492], [-3.138538, 41.166739], [-3.138487, 41.166886], [-3.138402, 41.16706], [-3.138281, 41.167262], [-3.138141, 41.167421], [-3.137981, 41.167535], [-3.137912, 41.167692], [-3.137934, 41.16789], [-3.137954, 41.168082], [-3.137973, 41.168265], [-3.137881, 41.16841], [-3.137678, 41.168514], [-3.137455, 41.168575], [-3.137213, 41.168592], [-3.13702, 41.168602], [-3.136878, 41.168605], [-3.136839, 41.168424], [-3.136904, 41.168059], [-3.136902, 41.16771], [-3.136831, 41.167378], [-3.136707, 41.167231], [-3.136531, 41.167269], [-3.136345, 41.16731], [-3.136149, 41.167352], [-3.135925, 41.167359], [-3.135673, 41.167331], [-3.13546, 41.167289], [-3.135284, 41.167235], [-3.135255, 41.167146], [-3.135372, 41.167022], [-3.135564, 41.166864], [-3.13583, 41.166674], [-3.135849, 41.16657], [-3.13562, 41.166554], [-3.135373, 41.166548], [-3.135108, 41.166553], [-3.134808, 41.166538], [-3.134473, 41.166506], [-3.134238, 41.166607], [-3.134104, 41.166842], [-3.134009, 41.167017], [-3.133951, 41.167134], [-3.13381, 41.167145], [-3.133585, 41.16705], [-3.1334, 41.166951], [-3.133255, 41.166846], [-3.132846, 41.166753], [-3.132173, 41.166672], [-3.131942, 41.166742], [-3.132153, 41.166962], [-3.132351, 41.167168], [-3.132535, 41.167361], [-3.132672, 41.167475], [-3.132762, 41.167509], [-3.13295, 41.167577], [-3.133238, 41.167679], [-3.133306, 41.167755], [-3.133153, 41.167806], [-3.133068, 41.167887], [-3.13305, 41.167998], [-3.133116, 41.16816], [-3.133263, 41.168373], [-3.13337, 41.168584], [-3.133435, 41.168793], [-3.133515, 41.168976], [-3.13361, 41.169134], [-3.133619, 41.169272], [-3.133542, 41.169391], [-3.133431, 41.169592], [-3.133287, 41.169875], [-3.133156, 41.170079], [-3.133039, 41.170203], [-3.132877, 41.170356], [-3.132671, 41.170539], [-3.132578, 41.170776], [-3.132599, 41.171068], [-3.132583, 41.171327], [-3.132528, 41.171551], [-3.132426, 41.17189], [-3.132277, 41.172345], [-3.132203, 41.172573], [-3.132203, 41.172574], [-3.132202, 41.172667], [-3.132201, 41.172852], [-3.132205, 41.17306], [-3.132213, 41.173292], [-3.132355, 41.173475], [-3.132629, 41.173609], [-3.132883, 41.173645], [-3.133115, 41.173583], [-3.133403, 41.173777], [-3.133745, 41.174228], [-3.133855, 41.174555], [-3.133735, 41.174757], [-3.133495, 41.174882], [-3.133136, 41.17493], [-3.132866, 41.174912], [-3.132684, 41.174827], [-3.132499, 41.174968], [-3.132311, 41.175335], [-3.132141, 41.175691], [-3.13199, 41.176037], [-3.131897, 41.176321], [-3.131862, 41.176543], [-3.131846, 41.176801], [-3.131847, 41.177095], [-3.131759, 41.177402], [-3.131581, 41.17772], [-3.131359, 41.177835], [-3.131095, 41.177746], [-3.13091, 41.177794], [-3.130806, 41.177979], [-3.130913, 41.178337], [-3.131232, 41.178868], [-3.131272, 41.179104], [-3.131033, 41.179042], [-3.13089, 41.179092], [-3.130843, 41.179254], [-3.13083, 41.179434], [-3.130852, 41.179633], [-3.130798, 41.179811], [-3.130667, 41.179968], [-3.130695, 41.180096], [-3.13088, 41.180195], [-3.130985, 41.180305], [-3.131011, 41.180426], [-3.130869, 41.180577], [-3.130559, 41.180758], [-3.130478, 41.181001], [-3.130625, 41.181307], [-3.130526, 41.181515], [-3.13018, 41.181623], [-3.129914, 41.181767], [-3.129727, 41.181947], [-3.129569, 41.182069], [-3.129439, 41.182133], [-3.129346, 41.182323], [-3.129291, 41.182641], [-3.12916, 41.182891], [-3.128953, 41.183074], [-3.128753, 41.183244], [-3.12856, 41.183402], [-3.128486, 41.183536], [-3.128532, 41.183646], [-3.128515, 41.183854], [-3.128437, 41.184159], [-3.128482, 41.18437], [-3.12865, 41.184487], [-3.128694, 41.184691], [-3.128612, 41.184981], [-3.128483, 41.185285], [-3.128305, 41.185604], [-3.128134, 41.185859], [-3.12797, 41.186052], [-3.127811, 41.18622], [-3.127658, 41.186365], [-3.127517, 41.186523], [-3.12739, 41.186695], [-3.127233, 41.186871], [-3.127046, 41.187051], [-3.126848, 41.187179], [-3.126638, 41.187253], [-3.126413, 41.187252], [-3.126171, 41.187176], [-3.126002, 41.187059], [-3.125907, 41.186901], [-3.125837, 41.186716], [-3.125792, 41.186505], [-3.125803, 41.186317], [-3.125871, 41.186153], [-3.125974, 41.186015], [-3.126115, 41.185903], [-3.126256, 41.185799], [-3.1264, 41.185702], [-3.126432, 41.185566], [-3.126353, 41.185391], [-3.12626, 41.185287], [-3.12615, 41.185255], [-3.126016, 41.185296], [-3.125856, 41.18541], [-3.125747, 41.185479], [-3.125691, 41.185502], [-3.12563, 41.185603], [-3.125566, 41.185782], [-3.125511, 41.185906], [-3.125464, 41.185974], [-3.125445, 41.186031], [-3.125455, 41.186077], [-3.125351, 41.185974], [-3.125134, 41.185724], [-3.1249, 41.185638], [-3.124651, 41.185718], [-3.124487, 41.185911], [-3.124409, 41.186216], [-3.124336, 41.186163], [-3.124269, 41.185753], [-3.12423, 41.185425], [-3.124218, 41.185178], [-3.124231, 41.184952], [-3.124269, 41.184745], [-3.124368, 41.184631], [-3.124527, 41.18461], [-3.124649, 41.184508], [-3.124733, 41.184326], [-3.124787, 41.184149], [-3.124812, 41.183975], [-3.124748, 41.18382], [-3.124596, 41.183685], [-3.124488, 41.18356], [-3.124422, 41.183445], [-3.124315, 41.183327], [-3.124166, 41.183207], [-3.12404, 41.183193], [-3.123937, 41.183284], [-3.123832, 41.183415], [-3.123724, 41.183584], [-3.123622, 41.183489], [-3.123525, 41.18313], [-3.123299, 41.182935], [-3.122944, 41.182905], [-3.122707, 41.182897], [-3.122587, 41.182913], [-3.122558, 41.183018], [-3.12262, 41.183211], [-3.122699, 41.183341], [-3.122795, 41.183405], [-3.122872, 41.18348], [-3.122931, 41.183566], [-3.123075, 41.183663], [-3.123303, 41.183772], [-3.123457, 41.183868], [-3.123536, 41.183951], [-3.123511, 41.184024], [-3.123381, 41.184088], [-3.123329, 41.184226], [-3.123354, 41.18444], [-3.12333, 41.184568], [-3.123256, 41.184608], [-3.12314, 41.184593], [-3.122982, 41.184521], [-3.122831, 41.184487], [-3.122688, 41.18449], [-3.122558, 41.184601], [-3.12244, 41.184818], [-3.122378, 41.184958], [-3.122371, 41.185021], [-3.12234, 41.185258], [-3.122284, 41.185669], [-3.122262, 41.185904], [-3.122275, 41.185965], [-3.122274, 41.186151], [-3.122259, 41.186463], [-3.122222, 41.186724], [-3.122164, 41.186934], [-3.12207, 41.187117], [-3.12194, 41.187274], [-3.121844, 41.187403], [-3.121784, 41.187504], [-3.1215, 41.187565], [-3.120992, 41.187586], [-3.120844, 41.18742], [-3.121055, 41.187066], [-3.121223, 41.186795], [-3.121347, 41.186608], [-3.121376, 41.18641], [-3.121311, 41.186202], [-3.121119, 41.186212], [-3.120799, 41.18644], [-3.1206, 41.186374], [-3.120523, 41.186012], [-3.120518, 41.185749], [-3.120586, 41.185585], [-3.120676, 41.185433], [-3.12079, 41.185294], [-3.12099, 41.185127], [-3.121277, 41.184934], [-3.121495, 41.184758], [-3.121646, 41.184598], [-3.121736, 41.184446], [-3.121767, 41.184302], [-3.121757, 41.18411], [-3.121705, 41.183869], [-3.121698, 41.183644], [-3.121736, 41.183438], [-3.121751, 41.183265], [-3.121742, 41.183127], [-3.121598, 41.182983], [-3.12132, 41.182834], [-3.121157, 41.182693], [-3.121108, 41.182559], [-3.121211, 41.182367], [-3.121465, 41.182116], [-3.121657, 41.181912], [-3.121787, 41.181755], [-3.121946, 41.181587], [-3.122133, 41.181407], [-3.122304, 41.181249], [-3.122459, 41.181115], [-3.122554, 41.181032], [-3.122589, 41.181002], [-3.122672, 41.180908], [-3.122802, 41.180751], [-3.122818, 41.180586], [-3.12272, 41.180413], [-3.122585, 41.180261], [-3.122413, 41.180128], [-3.122394, 41.179991], [-3.122528, 41.179849], [-3.122663, 41.179715], [-3.1228, 41.179588], [-3.122761, 41.1795], [-3.122546, 41.179451], [-3.122399, 41.179339], [-3.12232, 41.179163], [-3.122135, 41.179258], [-3.121844, 41.179622], [-3.121638, 41.179712], [-3.121517, 41.179526], [-3.121374, 41.179576], [-3.121209, 41.179862], [-3.121008, 41.179928], [-3.12077, 41.179773], [-3.12067, 41.179592], [-3.120708, 41.179386], [-3.120834, 41.17916], [-3.121048, 41.178914], [-3.121202, 41.178676], [-3.121297, 41.178446], [-3.121514, 41.17841], [-3.121855, 41.178566], [-3.122065, 41.178592], [-3.122146, 41.178488], [-3.122205, 41.178333], [-3.122242, 41.178126], [-3.122396, 41.177982], [-3.122665, 41.177899], [-3.122905, 41.177774], [-3.123115, 41.177607], [-3.123251, 41.177426], [-3.123312, 41.177232], [-3.123279, 41.17698], [-3.123151, 41.176671], [-3.123045, 41.17646], [-3.122959, 41.176348], [-3.122903, 41.176084], [-3.122876, 41.175668], [-3.122855, 41.17533], [-3.12284, 41.175068], [-3.122818, 41.174823], [-3.12279, 41.174594], [-3.122841, 41.174354], [-3.122972, 41.174104], [-3.123145, 41.173856], [-3.123359, 41.17361], [-3.123518, 41.173349], [-3.123623, 41.173071], [-3.12374, 41.172854], [-3.123871, 41.172697], [-3.123968, 41.172575], [-3.124031, 41.172489], [-3.123929, 41.172441], [-3.12366, 41.17243], [-3.123377, 41.172305], [-3.12308, 41.172065], [-3.12277, 41.171905], [-3.122445, 41.171824], [-3.12215, 41.171785], [-3.121885, 41.17179], [-3.121628, 41.171785], [-3.121379, 41.171772], [-3.121168, 41.171839], [-3.120994, 41.171986], [-3.120712, 41.172008], [-3.120322, 41.171905], [-3.120059, 41.171924], [-3.119926, 41.172066], [-3.11966, 41.172117], [-3.119262, 41.172077], [-3.11901, 41.172095], [-3.118903, 41.172171], [-3.118922, 41.172308], [-3.119067, 41.172506], [-3.119096, 41.172689], [-3.119008, 41.172855], [-3.118868, 41.173014], [-3.118674, 41.173164], [-3.11835, 41.173323], [-3.117894, 41.173492], [-3.118004, 41.173672], [-3.11868, 41.173861], [-3.119307, 41.174065], [-3.119886, 41.174282], [-3.120071, 41.174475], [-3.11986, 41.174643], [-3.119479, 41.174872], [-3.118926, 41.175162], [-3.118457, 41.175365], [-3.118072, 41.175478], [-3.117673, 41.175531], [-3.117262, 41.175524], [-3.116908, 41.175594], [-3.116612, 41.175742], [-3.116419, 41.175892], [-3.116328, 41.176044], [-3.116165, 41.176143], [-3.115929, 41.17619], [-3.115757, 41.176345], [-3.115649, 41.176607], [-3.115593, 41.177065], [-3.115589, 41.177717], [-3.115591, 41.178269], [-3.115599, 41.178721], [-3.11448, 41.179695], [-3.112234, 41.181189], [-3.108355, 41.18317], [-3.102844, 41.185639], [-3.099739, 41.186817], [-3.099042, 41.186706], [-3.098605, 41.18667], [-3.098429, 41.186709], [-3.098186, 41.186772], [-3.097877, 41.18686], [-3.09756, 41.186909], [-3.097234, 41.186922], [-3.096924, 41.186955], [-3.096628, 41.18701], [-3.096329, 41.187096], [-3.096026, 41.187214], [-3.09573, 41.187409], [-3.095439, 41.18768], [-3.094976, 41.187865], [-3.094342, 41.187965], [-3.093859, 41.188006], [-3.093527, 41.187988], [-3.093145, 41.187923], [-3.092711, 41.18781], [-3.092371, 41.187707], [-3.092126, 41.187616], [-3.091847, 41.187459], [-3.091533, 41.187237], [-3.091228, 41.187006], [-3.090931, 41.186766], [-3.090658, 41.186639], [-3.09041, 41.186626], [-3.090189, 41.186601], [-3.089997, 41.186564], [-3.089821, 41.186603], [-3.089661, 41.186718], [-3.089552, 41.186926], [-3.089493, 41.187229], [-3.089334, 41.187397], [-3.089075, 41.187431], [-3.088921, 41.187475], [-3.08887, 41.187528], [-3.08889, 41.187619], [-3.088978, 41.187747], [-3.089002, 41.187907], [-3.088961, 41.188098], [-3.088853, 41.188268], [-3.08868, 41.188415], [-3.088674, 41.188532], [-3.088836, 41.188619], [-3.089118, 41.188597], [-3.089521, 41.188466], [-3.089786, 41.188508], [-3.089914, 41.188724], [-3.090063, 41.188945], [-3.090234, 41.18917], [-3.090278, 41.189475], [-3.090196, 41.189858], [-3.090082, 41.190191], [-3.089938, 41.190474], [-3.089857, 41.190645], [-3.08984, 41.190706], [-3.089815, 41.190732], [-3.089782, 41.190725], [-3.089632, 41.190724], [-3.089367, 41.190728], [-3.089079, 41.190774], [-3.08877, 41.190862], [-3.088453, 41.190958], [-3.088127, 41.191063], [-3.087847, 41.191147], [-3.087615, 41.191209], [-3.08743, 41.191303], [-3.087293, 41.19143], [-3.087086, 41.191613], [-3.086809, 41.191851], [-3.086556, 41.19211], [-3.086329, 41.192388], [-3.086154, 41.192628], [-3.086034, 41.192831], [-3.085889, 41.193067], [-3.085721, 41.193337], [-3.08567, 41.193577], [-3.085735, 41.193786], [-3.085878, 41.193883], [-3.086101, 41.193869], [-3.086357, 41.193819], [-3.086646, 41.193734], [-3.086935, 41.193696], [-3.087224, 41.193704], [-3.087494, 41.193723], [-3.087746, 41.193751], [-3.087947, 41.1938], [-3.088097, 41.19387], [-3.088188, 41.193912], [-3.08822, 41.193927], [-3.088277, 41.193983], [-3.088359, 41.194081], [-3.088456, 41.194165], [-3.088568, 41.194234], [-3.088651, 41.194285], [-3.088704, 41.194318], [-3.088815, 41.194346], [-3.088984, 41.19437], [-3.089133, 41.194338], [-3.089263, 41.19425], [-3.089436, 41.194196], [-3.089652, 41.194176], [-3.089786, 41.194287], [-3.089838, 41.194528], [-3.089989, 41.194757], [-3.090239, 41.194972], [-3.090504, 41.195061], [-3.090783, 41.195023], [-3.091038, 41.195067], [-3.09127, 41.195192], [-3.091565, 41.19535], [-3.091923, 41.195543], [-3.092125, 41.195625], [-3.09217, 41.195596], [-3.092413, 41.195459], [-3.092852, 41.195214], [-3.093284, 41.195126], [-3.093709, 41.195193], [-3.094017, 41.195292], [-3.094208, 41.195422], [-3.094161, 41.195583], [-3.093874, 41.195776], [-3.0936, 41.195942], [-3.093338, 41.196079], [-3.093181, 41.196302], [-3.093127, 41.19661], [-3.092866, 41.197012], [-3.092398, 41.197508], [-3.092028, 41.197782], [-3.091755, 41.197834], [-3.091608, 41.197915], [-3.091588, 41.198027], [-3.091385, 41.198139], [-3.090999, 41.198253], [-3.090554, 41.198374], [-3.090048, 41.198503], [-3.089547, 41.198554], [-3.089049, 41.198527], [-3.088629, 41.198513], [-3.088285, 41.198511], [-3.088013, 41.198578], [-3.087811, 41.198714], [-3.087529, 41.198993], [-3.087168, 41.199413], [-3.086914, 41.199571], [-3.086769, 41.199466], [-3.086547, 41.199387], [-3.086249, 41.199333], [-3.086246, 41.199706], [-3.086539, 41.200505], [-3.086755, 41.201035], [-3.086892, 41.201296], [-3.087213, 41.201455], [-3.087717, 41.201512], [-3.088104, 41.201693], [-3.088374, 41.201999], [-3.088471, 41.202358], [-3.088395, 41.202772], [-3.088219, 41.203198], [-3.087944, 41.203638], [-3.087795, 41.204092], [-3.087772, 41.204561], [-3.0877, 41.204896], [-3.087579, 41.205098], [-3.087374, 41.205389], [-3.087086, 41.205769], [-3.087164, 41.205944], [-3.087609, 41.205916], [-3.087831, 41.205996], [-3.08783, 41.206182], [-3.087855, 41.206396], [-3.087906, 41.206637], [-3.087977, 41.206969], [-3.088067, 41.207392], [-3.087972, 41.207621], [-3.087693, 41.207658], [-3.08748, 41.207718], [-3.087334, 41.207799], [-3.087312, 41.207988], [-3.087417, 41.208285], [-3.087315, 41.208577], [-3.087007, 41.208866], [-3.087059, 41.209108], [-3.087469, 41.209301], [-3.087787, 41.209445], [-3.088012, 41.20954], [-3.088167, 41.20969], [-3.088252, 41.209896], [-3.088456, 41.210086], [-3.08878, 41.21026], [-3.089127, 41.210447], [-3.089498, 41.210646], [-3.089838, 41.210895], [-3.090148, 41.211195], [-3.090146, 41.211382], [-3.089834, 41.211454], [-3.089401, 41.211636], [-3.088848, 41.211926], [-3.088358, 41.212131], [-3.087933, 41.212249], [-3.087418, 41.21224], [-3.086815, 41.212103], [-3.086242, 41.212009], [-3.085698, 41.211957], [-3.085357, 41.2118], [-3.085219, 41.211539], [-3.084938, 41.211468], [-3.084512, 41.211587], [-3.084013, 41.211746], [-3.083441, 41.211946], [-3.082988, 41.212037], [-3.082657, 41.212019], [-3.082365, 41.211981], [-3.082114, 41.211924], [-3.081855, 41.211865], [-3.08159, 41.211805], [-3.081235, 41.211696], [-3.080791, 41.211537], [-3.080357, 41.211424], [-3.079933, 41.211356], [-3.079618, 41.211321], [-3.079412, 41.211317], [-3.07914, 41.211291], [-3.078802, 41.211243], [-3.07839, 41.211235], [-3.077906, 41.211269], [-3.077551, 41.211238], [-3.077326, 41.211144], [-3.076967, 41.211098], [-3.076476, 41.211101], [-3.076125, 41.210993], [-3.075914, 41.210772], [-3.07552, 41.210654], [-3.074943, 41.210638], [-3.074562, 41.210486], [-3.074378, 41.2102], [-3.073884, 41.210188], [-3.073079, 41.21045], [-3.071979, 41.210581], [-3.070585, 41.210579], [-3.069792, 41.210514], [-3.069601, 41.210384], [-3.069176, 41.210316], [-3.068519, 41.21031], [-3.068034, 41.210343], [-3.067722, 41.210416], [-3.06729, 41.210411], [-3.06674, 41.210329], [-3.066294, 41.210062], [-3.065952, 41.209611], [-3.065567, 41.209538], [-3.06514, 41.209843], [-3.064941, 41.21035], [-3.064969, 41.21106], [-3.064817, 41.211406], [-3.064485, 41.211388], [-3.064176, 41.211382], [-3.063891, 41.211389], [-3.063076, 41.211512], [-3.061734, 41.211752], [-3.060534, 41.211989], [-3.059476, 41.212222], [-3.058409, 41.21241], [-3.057333, 41.212552], [-3.056561, 41.212779], [-3.056094, 41.213089], [-3.055964, 41.213633], [-3.05617, 41.214413], [-3.056126, 41.214977], [-3.055831, 41.215326], [-3.055474, 41.215668], [-3.055053, 41.216003], [-3.054492, 41.216357], [-3.053792, 41.216729], [-3.053229, 41.217067], [-3.052802, 41.217372], [-3.052509, 41.217577], [-3.052351, 41.217683], [-3.052064, 41.217876], [-3.051648, 41.218156], [-3.051133, 41.218492], [-3.050519, 41.218884], [-3.049981, 41.219343], [-3.049519, 41.219869], [-3.049235, 41.220157], [-3.049128, 41.220207], [-3.049041, 41.22028], [-3.048974, 41.220378], [-3.048711, 41.220503], [-3.048252, 41.220657], [-3.047587, 41.220807], [-3.046716, 41.220954], [-3.046072, 41.220915], [-3.045655, 41.220691], [-3.045429, 41.22057], [-3.045392, 41.220554], [-3.045209, 41.220564], [-3.044879, 41.220601], [-3.044615, 41.220733], [-3.044415, 41.220961], [-3.044163, 41.221209], [-3.043859, 41.221476], [-3.043514, 41.221693], [-3.043128, 41.221857], [-3.042855, 41.221984], [-3.042694, 41.222074], [-3.04234, 41.222109], [-3.041795, 41.22209], [-3.041253, 41.222014], [-3.040714, 41.221881], [-3.040262, 41.221736], [-3.039899, 41.221579], [-3.039594, 41.221347], [-3.039348, 41.221038], [-3.039074, 41.220881], [-3.038772, 41.220875], [-3.038238, 41.220764], [-3.037471, 41.220547], [-3.036779, 41.220332], [-3.036162, 41.220117], [-3.03566, 41.219945], [-3.035271, 41.219814], [-3.034739, 41.219714], [-3.034063, 41.219644], [-3.033594, 41.219558], [-3.033332, 41.219457], [-3.033071, 41.219502], [-3.032812, 41.219696], [-3.032258, 41.219849], [-3.03141, 41.219961], [-3.03084, 41.220036], [-3.030548, 41.220075], [-3.030209, 41.220176], [-3.029823, 41.220341], [-3.02842, 41.220811], [-3.025999, 41.221585], [-3.02424, 41.222147], [-3.023142, 41.222497], [-3.022544, 41.222724], [-3.022446, 41.222828], [-3.022433, 41.223193], [-3.022506, 41.223821], [-3.022543, 41.22435], [-3.022544, 41.224782], [-3.022465, 41.225191], [-3.022307, 41.225575], [-3.022339, 41.226083], [-3.022563, 41.226713], [-3.02249, 41.227223], [-3.022122, 41.227613], [-3.021485, 41.227867], [-3.020578, 41.227987], [-3.019852, 41.228106], [-3.019306, 41.228223], [-3.018836, 41.228274], [-3.018442, 41.228258], [-3.017998, 41.228362], [-3.017504, 41.228586], [-3.016994, 41.228733], [-3.016468, 41.228802], [-3.016253, 41.228922], [-3.016349, 41.229091], [-3.016681, 41.229241], [-3.01725, 41.22937], [-3.017212, 41.229477], [-3.016569, 41.229562], [-3.016052, 41.229608], [-3.015663, 41.229614], [-3.015369, 41.229505], [-3.015172, 41.229281], [-3.014687, 41.229049], [-3.013915, 41.22881], [-3.01348, 41.228674], [-3.013383, 41.228641], [-3.013241, 41.228751], [-3.013054, 41.229003], [-3.013039, 41.229289], [-3.013197, 41.229609], [-3.013149, 41.229809], [-3.012896, 41.229888], [-3.012677, 41.22978], [-3.012495, 41.229486], [-3.012248, 41.229314], [-3.011937, 41.229264], [-3.011773, 41.229411], [-3.011755, 41.229754], [-3.011617, 41.230022], [-3.011357, 41.230216], [-3.011022, 41.23034], [-3.010613, 41.230394], [-3.010259, 41.230497], [-3.009961, 41.23065], [-3.009614, 41.230855], [-3.009217, 41.231112], [-3.008668, 41.231355], [-3.007965, 41.231584], [-3.00716, 41.231759], [-3.006253, 41.231878], [-3.005889, 41.23179], [-3.006067, 41.231494], [-3.006311, 41.23137], [-3.006622, 41.23142], [-3.006956, 41.231365], [-3.007313, 41.231204], [-3.00729, 41.231094], [-3.006886, 41.231033], [-3.006718, 41.230805], [-3.006784, 41.23041], [-3.00699, 41.230246], [-3.007335, 41.230314], [-3.007637, 41.23032], [-3.007895, 41.230263], [-3.00813, 41.230164], [-3.00834, 41.230023], [-3.008421, 41.229693], [-3.008372, 41.229177], [-3.008302, 41.228777], [-3.008212, 41.228493], [-3.007984, 41.228341], [-3.007619, 41.228321], [-3.007349, 41.228322], [-3.007174, 41.228346], [-3.006988, 41.228393], [-3.006793, 41.228464], [-3.00656, 41.228427], [-3.006288, 41.22828], [-3.00608, 41.228217], [-3.005933, 41.228236], [-3.005782, 41.228302], [-3.005625, 41.228413], [-3.005012, 41.228426], [-3.003942, 41.22834], [-3.003395, 41.228173], [-3.003373, 41.227926], [-3.003181, 41.227871], [-3.00282, 41.22801], [-3.002562, 41.228283], [-3.002408, 41.22869], [-3.002155, 41.228916], [-3.001804, 41.228963], [-3.001642, 41.22912], [-3.001669, 41.22939], [-3.001585, 41.22956], [-3.00139, 41.229631], [-3.001384, 41.229962], [-3.001569, 41.230551], [-3.001524, 41.230762], [-3.001248, 41.230594], [-3.000886, 41.230448], [-3.000439, 41.230325], [-3.000143, 41.230205], [-2.999998, 41.230088], [-2.99989, 41.229931], [-2.999819, 41.229736], [-2.999647, 41.229565], [-2.999376, 41.229419], [-2.999067, 41.22938], [-2.998721, 41.229449], [-2.998445, 41.229565], [-2.998239, 41.229728], [-2.998233, 41.229911], [-2.998426, 41.230113], [-2.998619, 41.230247], [-2.998813, 41.230312], [-2.999117, 41.230397], [-2.99953, 41.230502], [-2.999753, 41.230563], [-2.999787, 41.230582], [-2.999474, 41.230805], [-2.998813, 41.231233], [-2.998453, 41.231519], [-2.998393, 41.231664], [-2.998258, 41.231807], [-2.998047, 41.231948], [-2.997897, 41.232161], [-2.997807, 41.232446], [-2.997663, 41.232545], [-2.997464, 41.232457], [-2.997353, 41.232074], [-2.997329, 41.231394], [-2.99712, 41.231115], [-2.996724, 41.231235], [-2.9964, 41.231267], [-2.996148, 41.231209], [-2.99569, 41.231247], [-2.995027, 41.231379], [-2.994827, 41.231713], [-2.99509, 41.232247], [-2.995667, 41.232557], [-2.996557, 41.232645], [-2.996852, 41.232833], [-2.996553, 41.233123], [-2.996205, 41.233328], [-2.99581, 41.233448], [-2.995406, 41.233456], [-2.994993, 41.233351], [-2.99456, 41.233294], [-2.994107, 41.233286], [-2.993701, 41.233283], [-2.993341, 41.233285], [-2.993105, 41.233236], [-2.992994, 41.233137], [-2.992934, 41.23307], [-2.992926, 41.233034], [-2.992817, 41.233015], [-2.992606, 41.233011], [-2.992432, 41.23304], [-2.992295, 41.233104], [-2.992088, 41.233188], [-2.991809, 41.233293], [-2.991749, 41.233574], [-2.991905, 41.234031], [-2.991855, 41.234219], [-2.991598, 41.234139], [-2.991258, 41.233957], [-2.990837, 41.233671], [-2.990558, 41.23356], [-2.990422, 41.233623], [-2.990164, 41.233612], [-2.989785, 41.233525], [-2.989572, 41.233656], [-2.989525, 41.234003], [-2.989748, 41.234133], [-2.99024, 41.234045], [-2.990498, 41.234341], [-2.990521, 41.23502], [-2.990679, 41.235409], [-2.99097, 41.235507], [-2.991336, 41.235675], [-2.991777, 41.235912], [-2.991913, 41.236201], [-2.991745, 41.236542], [-2.991506, 41.236619], [-2.991196, 41.236432], [-2.99102, 41.23624], [-2.990978, 41.23604], [-2.990726, 41.235846], [-2.990265, 41.235657], [-2.989941, 41.235472], [-2.989752, 41.235292], [-2.989501, 41.23503], [-2.989188, 41.234684], [-2.988868, 41.234522], [-2.988542, 41.234542], [-2.98844, 41.234703], [-2.988564, 41.235005], [-2.988339, 41.235217], [-2.987763, 41.235338], [-2.987531, 41.235448], [-2.987642, 41.235547], [-2.98805, 41.23563], [-2.988756, 41.235696], [-2.9891, 41.235833], [-2.989084, 41.23604], [-2.988878, 41.236203], [-2.988482, 41.236324], [-2.988145, 41.236504], [-2.987865, 41.236746], [-2.987293, 41.237026], [-2.986429, 41.237344], [-2.986227, 41.237314], [-2.986688, 41.236935], [-2.986712, 41.236693], [-2.986299, 41.236588], [-2.986235, 41.236426], [-2.986519, 41.236207], [-2.986434, 41.236161], [-2.98598, 41.236289], [-2.985517, 41.236373], [-2.985044, 41.236412], [-2.984501, 41.236472], [-2.983887, 41.236553], [-2.983504, 41.236592], [-2.983354, 41.236589], [-2.98308, 41.236364], [-2.982685, 41.235916], [-2.982396, 41.235613], [-2.982212, 41.235455], [-2.982054, 41.235419], [-2.981922, 41.235504], [-2.981854, 41.235752], [-2.98185, 41.236162], [-2.981959, 41.236534], [-2.98218, 41.236869], [-2.982319, 41.237101], [-2.982377, 41.23723], [-2.98247, 41.237388], [-2.9826, 41.237575], [-2.982866, 41.237768], [-2.983269, 41.237965], [-2.983308, 41.238221], [-2.982984, 41.238537], [-2.982484, 41.238591], [-2.981809, 41.238385], [-2.981307, 41.238144], [-2.980979, 41.237868], [-2.980655, 41.237547], [-2.980337, 41.23718], [-2.980027, 41.236993], [-2.979725, 41.236987], [-2.979503, 41.236857], [-2.979359, 41.236603], [-2.979463, 41.236385], [-2.979815, 41.236202], [-2.980096, 41.236108], [-2.980305, 41.236104], [-2.980546, 41.236174], [-2.980817, 41.236321], [-2.981039, 41.236303], [-2.981211, 41.236121], [-2.981305, 41.235927], [-2.981321, 41.23572], [-2.981332, 41.235559], [-2.981338, 41.235445], [-2.981172, 41.235296], [-2.980832, 41.235113], [-2.980761, 41.234918], [-2.980958, 41.23471], [-2.981217, 41.234517], [-2.98154, 41.234338], [-2.981833, 41.234299], [-2.982095, 41.234401], [-2.98243, 41.234425], [-2.98284, 41.234371], [-2.98331, 41.234321], [-2.983841, 41.234274], [-2.984467, 41.234248], [-2.985187, 41.234244], [-2.985449, 41.23413], [-2.985251, 41.233906], [-2.984962, 41.233819], [-2.984582, 41.233869], [-2.984164, 41.233811], [-2.983708, 41.233643], [-2.983107, 41.233574], [-2.982362, 41.233604], [-2.981705, 41.233623], [-2.981135, 41.233629], [-2.980653, 41.233693], [-2.980257, 41.233813], [-2.97983, 41.233926], [-2.979372, 41.234032], [-2.979169, 41.234138], [-2.979221, 41.234245], [-2.979081, 41.234366], [-2.978749, 41.2345], [-2.978494, 41.2345], [-2.978315, 41.234364], [-2.977955, 41.234298], [-2.977415, 41.234301], [-2.977026, 41.234238], [-2.976788, 41.23411], [-2.976551, 41.233982], [-2.976313, 41.233854], [-2.976095, 41.233747], [-2.975896, 41.233659], [-2.975443, 41.233434], [-2.974736, 41.233073], [-2.974232, 41.232821], [-2.973931, 41.232678], [-2.973635, 41.232626], [-2.973342, 41.232665], [-2.973075, 41.232609], [-2.972833, 41.232459], [-2.972681, 41.232308], [-2.972619, 41.232157], [-2.972446, 41.232123], [-2.972163, 41.232206], [-2.971953, 41.232347], [-2.971815, 41.232547], [-2.971593, 41.232781], [-2.971289, 41.233048], [-2.971324, 41.233214], [-2.971698, 41.233279], [-2.972046, 41.23329], [-2.972368, 41.233248], [-2.972786, 41.233306], [-2.973301, 41.233466], [-2.973782, 41.233608], [-2.974228, 41.233731], [-2.97468, 41.233876], [-2.975136, 41.234043], [-2.9755, 41.234132], [-2.975773, 41.234142], [-2.975792, 41.23423], [-2.975556, 41.234397], [-2.975235, 41.23444], [-2.974827, 41.234357], [-2.974387, 41.234267], [-2.973915, 41.23417], [-2.973531, 41.234129], [-2.973234, 41.234146], [-2.973143, 41.234283], [-2.973257, 41.234541], [-2.973515, 41.234621], [-2.973915, 41.234522], [-2.974466, 41.234643], [-2.975169, 41.234983], [-2.975838, 41.235304], [-2.976473, 41.235607], [-2.976904, 41.235869], [-2.977131, 41.236089], [-2.977309, 41.236361], [-2.977437, 41.236686], [-2.977286, 41.236967], [-2.976856, 41.237206], [-2.97644, 41.237442], [-2.976039, 41.237677], [-2.975761, 41.237714], [-2.975606, 41.237552], [-2.975621, 41.237334], [-2.975803, 41.23706], [-2.975608, 41.236847], [-2.975035, 41.236695], [-2.974759, 41.236742], [-2.974781, 41.23699], [-2.97448, 41.236984], [-2.973854, 41.236725], [-2.973303, 41.236536], [-2.972827, 41.236417], [-2.972457, 41.236374], [-2.972194, 41.236409], [-2.971892, 41.236403], [-2.971552, 41.236357], [-2.97121, 41.236231], [-2.970866, 41.236026], [-2.970682, 41.235869], [-2.970659, 41.235758], [-2.970879, 41.235661], [-2.971342, 41.235577], [-2.971419, 41.235442], [-2.971109, 41.235255], [-2.970767, 41.23513], [-2.970392, 41.235065], [-2.969874, 41.235031], [-2.969212, 41.235027], [-2.968723, 41.235057], [-2.968406, 41.235122], [-2.968165, 41.235051], [-2.968002, 41.234845], [-2.968042, 41.234681], [-2.968287, 41.234558], [-2.968541, 41.23441], [-2.968805, 41.234239], [-2.969008, 41.234133], [-2.96915, 41.234092], [-2.969659, 41.234081], [-2.970535, 41.234103], [-2.970869, 41.233979], [-2.970663, 41.233711], [-2.970427, 41.233594], [-2.970164, 41.233628], [-2.969949, 41.233532], [-2.96978, 41.233304], [-2.96956, 41.233117], [-2.969289, 41.23297], [-2.969191, 41.232722], [-2.969268, 41.23237], [-2.969216, 41.232195], [-2.969035, 41.232196], [-2.968944, 41.232117], [-2.96894, 41.231959], [-2.968854, 41.231834], [-2.968684, 41.231742], [-2.968533, 41.231523], [-2.9684, 41.231177], [-2.967907, 41.23098], [-2.967056, 41.230933], [-2.966183, 41.230786], [-2.96529, 41.23054], [-2.964687, 41.230391], [-2.964376, 41.230341], [-2.964013, 41.230116], [-2.963598, 41.229716], [-2.963097, 41.229475], [-2.962508, 41.229393], [-2.962194, 41.229468], [-2.962153, 41.229701], [-2.962479, 41.229965], [-2.963172, 41.230261], [-2.963603, 41.230523], [-2.963771, 41.230751], [-2.963721, 41.230939], [-2.963452, 41.231088], [-2.963241, 41.231298], [-2.963087, 41.231568], [-2.962865, 41.231654], [-2.962574, 41.231556], [-2.96227, 41.231471], [-2.961955, 41.231399], [-2.96163, 41.231282], [-2.961295, 41.231122], [-2.960968, 41.230926], [-2.960649, 41.230695], [-2.960269, 41.23046], [-2.959828, 41.230223], [-2.959385, 41.229974], [-2.95894, 41.229714], [-2.958765, 41.229385], [-2.958861, 41.228985], [-2.958951, 41.228769], [-2.959034, 41.228735], [-2.95922, 41.228836], [-2.95951, 41.229071], [-2.959805, 41.229259], [-2.960106, 41.229402], [-2.960391, 41.229398], [-2.96066, 41.229249], [-2.960845, 41.229202], [-2.960947, 41.229257], [-2.961112, 41.229326], [-2.96134, 41.22941], [-2.961455, 41.229315], [-2.961458, 41.229042], [-2.961323, 41.228832], [-2.961052, 41.228686], [-2.960808, 41.228525], [-2.96059, 41.228349], [-2.960287, 41.228195], [-2.959899, 41.228064], [-2.959497, 41.227867], [-2.959081, 41.227603], [-2.958642, 41.227377], [-2.958181, 41.227187], [-2.957694, 41.227012], [-2.957179, 41.226853], [-2.957075, 41.226571], [-2.95738, 41.226167], [-2.95762, 41.225737], [-2.957795, 41.225282], [-2.958091, 41.224334], [-2.958508, 41.222892], [-2.959091, 41.222235], [-2.959839, 41.222364], [-2.960457, 41.222442], [-2.960943, 41.222469], [-2.961369, 41.222493], [-2.961734, 41.222513], [-2.962158, 41.222458], [-2.962641, 41.222326], [-2.962859, 41.222149], [-2.962812, 41.221928], [-2.962955, 41.22175], [-2.963287, 41.221616], [-2.963547, 41.221422], [-2.963734, 41.22117], [-2.963855, 41.220961], [-2.96391, 41.220795], [-2.963836, 41.220657], [-2.963633, 41.220547], [-2.963692, 41.220403], [-2.964015, 41.220224], [-2.964284, 41.220075], [-2.9645, 41.219955], [-2.964613, 41.219781], [-2.964625, 41.219552], [-2.964849, 41.219477], [-2.965287, 41.219556], [-2.965875, 41.219638], [-2.966614, 41.219723], [-2.966936, 41.219897], [-2.966841, 41.220159], [-2.96698, 41.220391], [-2.967353, 41.220592], [-2.96764, 41.2206], [-2.967842, 41.220414], [-2.968075, 41.220167], [-2.968341, 41.21986], [-2.968258, 41.219609], [-2.967826, 41.219416], [-2.967402, 41.219255], [-2.966984, 41.219128], [-2.966552, 41.219072], [-2.966104, 41.219085], [-2.965613, 41.218967], [-2.96508, 41.218719], [-2.964928, 41.218353], [-2.965156, 41.217868], [-2.965249, 41.217526], [-2.965207, 41.217327], [-2.965326, 41.217106], [-2.965606, 41.216865], [-2.965802, 41.216725], [-2.965914, 41.216688], [-2.966257, 41.216677], [-2.966831, 41.216692], [-2.96718, 41.216635], [-2.967303, 41.216505], [-2.967435, 41.21642], [-2.967576, 41.216378], [-2.967668, 41.216457], [-2.96771, 41.216656], [-2.967902, 41.216711], [-2.968243, 41.21662], [-2.968516, 41.21663], [-2.968719, 41.21674], [-2.968606, 41.216846], [-2.968177, 41.216948], [-2.968079, 41.217051], [-2.968311, 41.217157], [-2.968637, 41.217274], [-2.969054, 41.217401], [-2.96928, 41.217405], [-2.969315, 41.217287], [-2.96945, 41.217212], [-2.969684, 41.217182], [-2.969962, 41.217145], [-2.970283, 41.217103], [-2.970461, 41.217022], [-2.970497, 41.216904], [-2.970631, 41.21683], [-2.970865, 41.216799], [-2.971109, 41.216717], [-2.971363, 41.216584], [-2.971566, 41.216478], [-2.971718, 41.216398], [-2.971975, 41.216221], [-2.972338, 41.215946], [-2.972395, 41.21579], [-2.972147, 41.215755], [-2.971778, 41.215712], [-2.971286, 41.215663], [-2.970948, 41.215696], [-2.970762, 41.215812], [-2.970627, 41.215955], [-2.970543, 41.216125], [-2.970318, 41.2162], [-2.969953, 41.21618], [-2.969779, 41.216066], [-2.969795, 41.215859], [-2.970001, 41.215696], [-2.970397, 41.215575], [-2.97068, 41.215424], [-2.970852, 41.215243], [-2.970852, 41.215027], [-2.970679, 41.214777], [-2.970308, 41.214655], [-2.969738, 41.214661], [-2.969377, 41.214516], [-2.969224, 41.214217], [-2.969129, 41.213911], [-2.969093, 41.213598], [-2.968874, 41.213342], [-2.968472, 41.213145], [-2.96806, 41.212972], [-2.967638, 41.212823], [-2.967335, 41.212669], [-2.967151, 41.212511], [-2.96707, 41.21234], [-2.967091, 41.212156], [-2.967185, 41.211961], [-2.967353, 41.211757], [-2.967482, 41.211513], [-2.967572, 41.211228], [-2.967371, 41.21113], [-2.966878, 41.211217], [-2.966469, 41.211271], [-2.966143, 41.211291], [-2.965928, 41.211342], [-2.965825, 41.211424], [-2.965671, 41.211478], [-2.965467, 41.211505], [-2.965258, 41.211441], [-2.965045, 41.211287], [-2.964916, 41.211384], [-2.964869, 41.211731], [-2.964733, 41.211874], [-2.96451, 41.211813], [-2.964299, 41.211806], [-2.964099, 41.211855], [-2.963936, 41.211797], [-2.963811, 41.211632], [-2.963503, 41.211524], [-2.963012, 41.211475], [-2.962628, 41.211366], [-2.962353, 41.211198], [-2.962142, 41.211055], [-2.961997, 41.210938], [-2.961833, 41.2108], [-2.96165, 41.210642], [-2.961186, 41.21051], [-2.960442, 41.210403], [-2.959864, 41.210297], [-2.959452, 41.210192], [-2.959114, 41.210089], [-2.958852, 41.209987], [-2.95865, 41.209808], [-2.958506, 41.209554], [-2.958328, 41.20935], [-2.958115, 41.209197], [-2.957902, 41.209043], [-2.95769, 41.208889], [-2.957528, 41.208757], [-2.957416, 41.208647], [-2.957432, 41.208509], [-2.957575, 41.208341], [-2.957757, 41.208209], [-2.957977, 41.208112], [-2.958236, 41.207987], [-2.958534, 41.207834], [-2.958686, 41.2077], [-2.958692, 41.207586], [-2.958596, 41.207416], [-2.958399, 41.207192], [-2.958291, 41.206967], [-2.958274, 41.206742], [-2.958377, 41.206661], [-2.9586, 41.206722], [-2.95877, 41.206745], [-2.958887, 41.20673], [-2.959051, 41.206652], [-2.959262, 41.20651], [-2.959383, 41.206301], [-2.959414, 41.206024], [-2.959561, 41.205936], [-2.959823, 41.206038], [-2.959998, 41.206084], [-2.960085, 41.206072], [-2.960185, 41.206116], [-2.960296, 41.206215], [-2.96053, 41.206184], [-2.960886, 41.206024], [-2.96117, 41.206089], [-2.961382, 41.206379], [-2.961516, 41.206657], [-2.961572, 41.206923], [-2.961453, 41.207075], [-2.961161, 41.207113], [-2.961045, 41.207276], [-2.961106, 41.207564], [-2.961167, 41.207783], [-2.961229, 41.207934], [-2.961125, 41.208153], [-2.960855, 41.208439], [-2.960743, 41.208624], [-2.960791, 41.208708], [-2.960987, 41.208637], [-2.961329, 41.20841], [-2.961708, 41.208213], [-2.962123, 41.208044], [-2.962588, 41.208108], [-2.963101, 41.208405], [-2.963455, 41.208517], [-2.96365, 41.208446], [-2.964103, 41.208455], [-2.964812, 41.208544], [-2.965391, 41.20865], [-2.965837, 41.208773], [-2.96616, 41.20881], [-2.96636, 41.208761], [-2.966475, 41.208734], [-2.966504, 41.208731], [-2.966759, 41.208799], [-2.96724, 41.208941], [-2.967272, 41.209096], [-2.966857, 41.209264], [-2.966362, 41.209409], [-2.965786, 41.20953], [-2.965491, 41.209694], [-2.965474, 41.209901], [-2.965584, 41.210136], [-2.96582, 41.210401], [-2.966137, 41.210553], [-2.966536, 41.210591], [-2.966976, 41.210613], [-2.967458, 41.210618], [-2.967812, 41.210514], [-2.968038, 41.210303], [-2.968207, 41.21011], [-2.968321, 41.209936], [-2.968374, 41.20969], [-2.968367, 41.209372], [-2.968345, 41.209125], [-2.968308, 41.208948], [-2.968246, 41.208797], [-2.968159, 41.208672], [-2.968207, 41.208541], [-2.968388, 41.208403], [-2.968482, 41.208209], [-2.968489, 41.207958], [-2.968412, 41.207661], [-2.968249, 41.207318], [-2.968149, 41.207127], [-2.96811, 41.207087], [-2.967969, 41.207128], [-2.967724, 41.207251], [-2.967444, 41.207277], [-2.967129, 41.207204], [-2.967096, 41.207049], [-2.967346, 41.206812], [-2.967451, 41.206593], [-2.967409, 41.206394], [-2.967194, 41.206229], [-2.966805, 41.206098], [-2.966454, 41.205997], [-2.966138, 41.205925], [-2.965788, 41.205834], [-2.965405, 41.205725], [-2.964866, 41.205592], [-2.964172, 41.205433], [-2.963838, 41.205204], [-2.963865, 41.204905], [-2.963722, 41.204798], [-2.96341, 41.204885], [-2.963238, 41.205067], [-2.963206, 41.205344], [-2.963082, 41.205394], [-2.962865, 41.205218], [-2.962696, 41.205058], [-2.962575, 41.204915], [-2.962353, 41.205001], [-2.962029, 41.205316], [-2.961837, 41.205262], [-2.961778, 41.204838], [-2.962078, 41.204548], [-2.962736, 41.204393], [-2.96301, 41.204198], [-2.9629, 41.203963], [-2.962686, 41.203729], [-2.962367, 41.203498], [-2.962003, 41.203341], [-2.961595, 41.203259], [-2.9613, 41.20307], [-2.961118, 41.202775], [-2.961074, 41.202565], [-2.961167, 41.202439], [-2.96116, 41.20219], [-2.961051, 41.201818], [-2.96082, 41.201575], [-2.960466, 41.201463], [-2.960105, 41.201248], [-2.959738, 41.200933], [-2.959378, 41.200719], [-2.959024, 41.200606], [-2.958669, 41.200562], [-2.958314, 41.200586], [-2.958004, 41.200615], [-2.957741, 41.20065], [-2.957542, 41.200846], [-2.957408, 41.201205], [-2.957288, 41.201494], [-2.957184, 41.201712], [-2.957345, 41.201907], [-2.957772, 41.202078], [-2.958097, 41.202126], [-2.958322, 41.202051], [-2.958562, 41.20219], [-2.958816, 41.202544], [-2.958707, 41.20274], [-2.958235, 41.202779], [-2.957951, 41.202714], [-2.957855, 41.202545], [-2.957503, 41.202443], [-2.956895, 41.202409], [-2.956542, 41.202228], [-2.956443, 41.2019], [-2.956324, 41.20162], [-2.956185, 41.201388], [-2.955988, 41.201312], [-2.955735, 41.201391], [-2.955546, 41.201495], [-2.955423, 41.201625], [-2.955095, 41.201634], [-2.954561, 41.201522], [-2.954206, 41.201478], [-2.954031, 41.201501], [-2.953934, 41.2014], [-2.953917, 41.201175], [-2.953692, 41.201034], [-2.953259, 41.200977], [-2.953035, 41.200768], [-2.953019, 41.200406], [-2.953012, 41.200157], [-2.953013, 41.20002], [-2.952897, 41.199899], [-2.952665, 41.199793], [-2.952549, 41.199672], [-2.95255, 41.199535], [-2.952352, 41.199379], [-2.951955, 41.199204], [-2.951733, 41.199006], [-2.951686, 41.198784], [-2.951376, 41.198666], [-2.950802, 41.19865], [-2.950328, 41.19861], [-2.949954, 41.198546], [-2.949809, 41.198713], [-2.949893, 41.199111], [-2.949787, 41.19925], [-2.949491, 41.19913], [-2.94926, 41.199103], [-2.949094, 41.19917], [-2.949002, 41.199376], [-2.948984, 41.199719], [-2.949223, 41.199927], [-2.949719, 41.199998], [-2.95001, 41.200312], [-2.950098, 41.200869], [-2.950022, 41.201152], [-2.949784, 41.201161], [-2.94955, 41.201123], [-2.949322, 41.201039], [-2.949094, 41.201024], [-2.948865, 41.201077], [-2.948455, 41.201199], [-2.947864, 41.20139], [-2.947478, 41.201623], [-2.947295, 41.201897], [-2.946906, 41.201902], [-2.94631, 41.201639], [-2.94596, 41.201617], [-2.945855, 41.201836], [-2.945989, 41.202114], [-2.94636, 41.202451], [-2.946525, 41.202805], [-2.946483, 41.203174], [-2.946357, 41.203362], [-2.946148, 41.203366], [-2.945892, 41.203366], [-2.94559, 41.20336], [-2.945363, 41.203492], [-2.94521, 41.203762], [-2.945249, 41.20395], [-2.945482, 41.204056], [-2.94573, 41.204024], [-2.945995, 41.203853], [-2.946303, 41.20396], [-2.946654, 41.204346], [-2.946664, 41.204606], [-2.946332, 41.204741], [-2.946075, 41.205093], [-2.945895, 41.205662], [-2.945619, 41.205994], [-2.945248, 41.206088], [-2.944892, 41.206249], [-2.944549, 41.206476], [-2.944298, 41.206497], [-2.944139, 41.206313], [-2.943636, 41.206493], [-2.942789, 41.207036], [-2.94212, 41.207568], [-2.941629, 41.208087], [-2.941093, 41.20868], [-2.940512, 41.209348], [-2.94018, 41.209698], [-2.940097, 41.209732], [-2.940007, 41.210017], [-2.939909, 41.210552], [-2.939894, 41.210907], [-2.93996, 41.21108], [-2.940075, 41.211338], [-2.940237, 41.211681], [-2.940342, 41.211894], [-2.94039, 41.211979], [-2.940362, 41.21213], [-2.940257, 41.212349], [-2.940447, 41.212392], [-2.94093, 41.21226], [-2.941238, 41.2123], [-2.941373, 41.212509], [-2.941564, 41.212632], [-2.941812, 41.212668], [-2.94203, 41.212776], [-2.942218, 41.212956], [-2.94226, 41.213155], [-2.942155, 41.213373], [-2.942132, 41.213831], [-2.942188, 41.214529], [-2.942033, 41.215004], [-2.941666, 41.215257], [-2.941372, 41.215432], [-2.941152, 41.215529], [-2.941004, 41.215684], [-2.940929, 41.215899], [-2.940865, 41.216237], [-2.940812, 41.216699], [-2.940707, 41.217054], [-2.940549, 41.217302], [-2.940678, 41.217558], [-2.941094, 41.217822], [-2.940994, 41.21813], [-2.940377, 41.218484], [-2.940287, 41.218701], [-2.940725, 41.21878], [-2.940992, 41.218792], [-2.94109, 41.218738], [-2.941203, 41.218632], [-2.941331, 41.218475], [-2.941517, 41.218403], [-2.94176, 41.218416], [-2.941881, 41.218439], [-2.941881, 41.218472], [-2.941971, 41.218471], [-2.942151, 41.218438], [-2.942294, 41.218528], [-2.942399, 41.218742], [-2.942538, 41.218974], [-2.942711, 41.219224], [-2.942835, 41.219526], [-2.942909, 41.21988], [-2.94296, 41.220157], [-2.942988, 41.220358], [-2.9429, 41.220465], [-2.942696, 41.220478], [-2.942549, 41.220532], [-2.94246, 41.220626], [-2.942353, 41.220806], [-2.942229, 41.221072], [-2.942141, 41.2213], [-2.942091, 41.221488], [-2.941934, 41.221668], [-2.941669, 41.221839], [-2.941518, 41.221905], [-2.941479, 41.221864], [-2.941272, 41.22188], [-2.940897, 41.221952], [-2.940567, 41.222029], [-2.940284, 41.222112], [-2.940062, 41.222198], [-2.9399, 41.222288], [-2.939871, 41.22236], [-2.939972, 41.222415], [-2.940093, 41.22249], [-2.940234, 41.222585], [-2.940198, 41.222772], [-2.939986, 41.223049], [-2.93978, 41.223213], [-2.93958, 41.223262], [-2.939309, 41.223332], [-2.938967, 41.223422], [-2.938884, 41.223524], [-2.939058, 41.223637], [-2.939242, 41.223727], [-2.939436, 41.223792], [-2.939483, 41.224014], [-2.939382, 41.224391], [-2.939223, 41.224707], [-2.939006, 41.224963], [-2.938795, 41.225173], [-2.938589, 41.225336], [-2.938389, 41.225385], [-2.938195, 41.22532], [-2.937994, 41.225221], [-2.937786, 41.225089], [-2.937593, 41.224887], [-2.937415, 41.224615], [-2.93731, 41.224401], [-2.937278, 41.224246], [-2.937218, 41.224106], [-2.937132, 41.223981], [-2.936716, 41.224001], [-2.935969, 41.224168], [-2.935481, 41.224277], [-2.935252, 41.22433], [-2.935054, 41.22439], [-2.934888, 41.224457], [-2.934785, 41.224539], [-2.934745, 41.224635], [-2.934629, 41.224582], [-2.934436, 41.22438], [-2.934106, 41.22431], [-2.933638, 41.224371], [-2.933243, 41.224423], [-2.932922, 41.224465], [-2.932642, 41.22449], [-2.932403, 41.224499], [-2.932298, 41.224569], [-2.932326, 41.224702], [-2.932023, 41.224765], [-2.931391, 41.224757], [-2.930947, 41.224792], [-2.930693, 41.224871], [-2.930388, 41.22499], [-2.930031, 41.225151], [-2.929692, 41.225252], [-2.92937, 41.225294], [-2.929147, 41.225449], [-2.929023, 41.225715], [-2.928902, 41.225813], [-2.928784, 41.225742], [-2.928686, 41.225778], [-2.928609, 41.22592], [-2.928683, 41.226101], [-2.92891, 41.226321], [-2.929317, 41.227041], [-2.929904, 41.22826], [-2.930182, 41.229008], [-2.93015, 41.229285], [-2.930129, 41.229686], [-2.930119, 41.23021], [-2.930164, 41.230568], [-2.930265, 41.23076], [-2.93033, 41.231069], [-2.93036, 41.231498], [-2.930311, 41.231697], [-2.930185, 41.231668], [-2.93001, 41.231623], [-2.929787, 41.231561], [-2.929595, 41.231575], [-2.929433, 41.231665], [-2.929429, 41.23179], [-2.929584, 41.231952], [-2.929682, 41.232132], [-2.929724, 41.232331], [-2.929676, 41.232463], [-2.929539, 41.232526], [-2.929448, 41.232663], [-2.929402, 41.232874], [-2.929247, 41.233065], [-2.928982, 41.233236], [-2.928849, 41.233458], [-2.928846, 41.233731], [-2.928602, 41.233786], [-2.928117, 41.233622], [-2.927983, 41.233412], [-2.928199, 41.233156], [-2.928421, 41.232923], [-2.928647, 41.232711], [-2.928867, 41.232546], [-2.929083, 41.232427], [-2.928996, 41.232302], [-2.928608, 41.232171], [-2.928588, 41.232003], [-2.928935, 41.231798], [-2.929127, 41.231636], [-2.929162, 41.231518], [-2.9291, 41.231367], [-2.928941, 41.231183], [-2.928877, 41.231021], [-2.928908, 41.230881], [-2.929003, 41.230618], [-2.929162, 41.230233], [-2.929077, 41.229972], [-2.928747, 41.229833], [-2.928344, 41.229704], [-2.927869, 41.229584], [-2.927509, 41.229518], [-2.927266, 41.229504], [-2.927115, 41.229501], [-2.927056, 41.229509], [-2.926831, 41.229436], [-2.926438, 41.229283], [-2.926168, 41.229284], [-2.92602, 41.22944], [-2.925997, 41.229614], [-2.926097, 41.229805], [-2.92612, 41.229984], [-2.926064, 41.23015], [-2.925931, 41.230304], [-2.925721, 41.230446], [-2.925548, 41.230411], [-2.925414, 41.230202], [-2.925334, 41.229962], [-2.925307, 41.229693], [-2.925283, 41.229434], [-2.925261, 41.229187], [-2.924991, 41.22912], [-2.924474, 41.229233], [-2.924055, 41.229243], [-2.923735, 41.229148], [-2.923499, 41.228883], [-2.923348, 41.228448], [-2.923379, 41.22824], [-2.923593, 41.228257], [-2.923821, 41.228273], [-2.924065, 41.228286], [-2.924239, 41.228184], [-2.924343, 41.227966], [-2.924534, 41.227804], [-2.924813, 41.227699], [-2.924915, 41.227402], [-2.924842, 41.226911], [-2.924865, 41.226374], [-2.924982, 41.22579], [-2.925177, 41.225571], [-2.925448, 41.225717], [-2.925721, 41.225875], [-2.925997, 41.226043], [-2.926305, 41.226151], [-2.926645, 41.226197], [-2.926982, 41.226153], [-2.927314, 41.226019], [-2.927673, 41.225869], [-2.928059, 41.225705], [-2.92829, 41.225596], [-2.928364, 41.225541], [-2.928393, 41.225509], [-2.928376, 41.225499], [-2.928344, 41.22548], [-2.928297, 41.225452], [-2.928279, 41.225423], [-2.928289, 41.225393], [-2.92825, 41.225308], [-2.928161, 41.225167], [-2.927956, 41.224888], [-2.927635, 41.224471], [-2.927528, 41.223963], [-2.927636, 41.223366], [-2.927833, 41.222969], [-2.928119, 41.222773], [-2.928194, 41.222577], [-2.92806, 41.222383], [-2.928085, 41.222167], [-2.928269, 41.221931], [-2.928228, 41.221795], [-2.927964, 41.221759], [-2.927801, 41.221816], [-2.927739, 41.221965], [-2.927585, 41.222012], [-2.92734, 41.221956], [-2.926931, 41.222009], [-2.926358, 41.222173], [-2.925939, 41.222069], [-2.925674, 41.221697], [-2.925769, 41.221428], [-2.926225, 41.221262], [-2.926406, 41.221124], [-2.926312, 41.221012], [-2.926126, 41.220904], [-2.925847, 41.220799], [-2.925807, 41.220663], [-2.926005, 41.220496], [-2.926004, 41.220213], [-2.925804, 41.219815], [-2.925535, 41.219815], [-2.925198, 41.220213], [-2.924873, 41.220388], [-2.92456, 41.22034], [-2.924578, 41.219985], [-2.924929, 41.21932], [-2.925252, 41.219021], [-2.925546, 41.219089], [-2.926017, 41.219222], [-2.926666, 41.219419], [-2.927133, 41.21942], [-2.927419, 41.219223], [-2.927505, 41.218912], [-2.927392, 41.218485], [-2.927163, 41.218338], [-2.926817, 41.218472], [-2.926649, 41.218449], [-2.926658, 41.218272], [-2.92682, 41.217985], [-2.927134, 41.217591], [-2.927418, 41.217385], [-2.927671, 41.21737], [-2.927867, 41.217247], [-2.928006, 41.217017], [-2.928122, 41.21679], [-2.928215, 41.216565], [-2.928276, 41.21645], [-2.928307, 41.216445], [-2.928498, 41.216411], [-2.92885, 41.216349], [-2.929075, 41.216214], [-2.929171, 41.216007], [-2.929131, 41.215818], [-2.928955, 41.215646], [-2.92873, 41.215517], [-2.928454, 41.215429], [-2.928296, 41.215229], [-2.928253, 41.214916], [-2.928263, 41.214632], [-2.928326, 41.214377], [-2.92856, 41.214266], [-2.928965, 41.214302], [-2.929344, 41.214385], [-2.929698, 41.214515], [-2.930125, 41.214547], [-2.930625, 41.214482], [-2.930914, 41.214577], [-2.930991, 41.214832], [-2.931268, 41.214875], [-2.931747, 41.214706], [-2.931979, 41.214366], [-2.931965, 41.213855], [-2.931969, 41.213546], [-2.931993, 41.213436], [-2.932142, 41.213311], [-2.932416, 41.213169], [-2.932699, 41.213185], [-2.932993, 41.213358], [-2.93323, 41.213433], [-2.933412, 41.213409], [-2.933531, 41.213199], [-2.933588, 41.212803], [-2.933619, 41.21256], [-2.933623, 41.212471], [-2.933713, 41.212345], [-2.933889, 41.21218], [-2.934017, 41.212066], [-2.934097, 41.212003], [-2.934223, 41.211827], [-2.934396, 41.211539], [-2.934664, 41.211204], [-2.935027, 41.21082], [-2.934903, 41.210563], [-2.934292, 41.210431], [-2.933866, 41.21046], [-2.933626, 41.210651], [-2.933487, 41.21066], [-2.933451, 41.210488], [-2.93319, 41.210354], [-2.932703, 41.210259], [-2.932388, 41.209929], [-2.932246, 41.209365], [-2.932101, 41.209119], [-2.931953, 41.209191], [-2.931779, 41.209143], [-2.93158, 41.208975], [-2.931584, 41.208771], [-2.931791, 41.208532], [-2.931838, 41.208314], [-2.931727, 41.208116], [-2.931578, 41.208074], [-2.931391, 41.208187], [-2.931206, 41.208193], [-2.931021, 41.208094], [-2.930861, 41.208053], [-2.930725, 41.208071], [-2.93045, 41.208098], [-2.930038, 41.208134], [-2.929704, 41.208169], [-2.92945, 41.208202], [-2.929245, 41.208229], [-2.929091, 41.20825], [-2.928864, 41.20827], [-2.928565, 41.208292], [-2.928306, 41.208229], [-2.928088, 41.208081], [-2.927753, 41.20793], [-2.927301, 41.207777], [-2.926964, 41.20745], [-2.926742, 41.206949], [-2.92644, 41.206679], [-2.926058, 41.206641], [-2.925761, 41.206671], [-2.925548, 41.20677], [-2.925262, 41.206798], [-2.924903, 41.206757], [-2.924488, 41.20667], [-2.924017, 41.206537], [-2.923747, 41.206529], [-2.923677, 41.206644], [-2.923719, 41.206789], [-2.923873, 41.206963], [-2.923784, 41.207151], [-2.923453, 41.207354], [-2.923155, 41.20749], [-2.922889, 41.20756], [-2.922712, 41.207548], [-2.922622, 41.207454], [-2.922597, 41.207227], [-2.922639, 41.206868], [-2.922785, 41.20684], [-2.923035, 41.207143], [-2.923237, 41.207214], [-2.92339, 41.207053], [-2.923416, 41.206899], [-2.923315, 41.206753], [-2.923334, 41.206588], [-2.923474, 41.206404], [-2.923456, 41.206265], [-2.923282, 41.206171], [-2.923131, 41.206044], [-2.923004, 41.205884], [-2.922917, 41.205692], [-2.92287, 41.205468], [-2.922919, 41.205091], [-2.923064, 41.204559], [-2.922836, 41.204527], [-2.922234, 41.204995], [-2.921699, 41.205339], [-2.921231, 41.205559], [-2.920959, 41.205542], [-2.920882, 41.205287], [-2.920783, 41.20515], [-2.920663, 41.20513], [-2.920565, 41.205055], [-2.920491, 41.204923], [-2.92062, 41.204818], [-2.920954, 41.204738], [-2.921248, 41.204638], [-2.921503, 41.204516], [-2.921498, 41.204437], [-2.921233, 41.204401], [-2.920993, 41.204371], [-2.920778, 41.204346], [-2.920684, 41.204288], [-2.920712, 41.204196], [-2.920705, 41.204055], [-2.920666, 41.203866], [-2.920551, 41.203766], [-2.920362, 41.203756], [-2.920162, 41.203693], [-2.919952, 41.20358], [-2.919877, 41.203501], [-2.919938, 41.203458], [-2.92005, 41.203434], [-2.920212, 41.203431], [-2.920437, 41.203445], [-2.920724, 41.203478], [-2.920899, 41.203588], [-2.920961, 41.203774], [-2.921108, 41.203914], [-2.921337, 41.204008], [-2.921558, 41.204058], [-2.92177, 41.204066], [-2.922026, 41.204006], [-2.922326, 41.203878], [-2.922667, 41.20378], [-2.92305, 41.203713], [-2.92331, 41.203617], [-2.923447, 41.203493], [-2.923025, 41.203097], [-2.922045, 41.20243], [-2.921635, 41.202033], [-2.921795, 41.201906], [-2.921944, 41.201781], [-2.922081, 41.201657], [-2.922163, 41.201381], [-2.92219, 41.200953], [-2.922333, 41.200802], [-2.922593, 41.200927], [-2.922651, 41.201149], [-2.922508, 41.201468], [-2.922453, 41.201652], [-2.922487, 41.201701], [-2.922581, 41.201706], [-2.922737, 41.201668], [-2.922889, 41.20156], [-2.923038, 41.201381], [-2.923294, 41.201321], [-2.923657, 41.20138], [-2.92402, 41.201345], [-2.924384, 41.201216], [-2.924623, 41.201132], [-2.924737, 41.201092], [-2.924855, 41.201028], [-2.924977, 41.200941], [-2.924975, 41.200882], [-2.924849, 41.200849], [-2.924713, 41.200814], [-2.924568, 41.200776], [-2.924378, 41.200755], [-2.924143, 41.20075], [-2.923964, 41.200677], [-2.923841, 41.200534], [-2.923664, 41.200469], [-2.923433, 41.200481], [-2.923223, 41.200314], [-2.923033, 41.199968], [-2.922971, 41.199729], [-2.923037, 41.199596], [-2.923291, 41.199528], [-2.923734, 41.199523], [-2.924135, 41.199656], [-2.924495, 41.199926], [-2.924861, 41.200055], [-2.925232, 41.200042], [-2.925467, 41.199983], [-2.925566, 41.199878], [-2.925473, 41.199767], [-2.925186, 41.199649], [-2.924672, 41.199435], [-2.92393, 41.199126], [-2.923779, 41.198907], [-2.924219, 41.198779], [-2.924528, 41.198526], [-2.924706, 41.198149], [-2.924996, 41.197864], [-2.925399, 41.19767], [-2.925542, 41.197465], [-2.925427, 41.19725], [-2.925511, 41.197036], [-2.925793, 41.196823], [-2.926089, 41.196678], [-2.9264, 41.196602], [-2.926671, 41.196557], [-2.926901, 41.196545], [-2.927022, 41.196617], [-2.927031, 41.196775], [-2.927129, 41.196851], [-2.927314, 41.196844], [-2.927498, 41.196776], [-2.927681, 41.196646], [-2.927884, 41.19661], [-2.928106, 41.196669], [-2.928226, 41.196795], [-2.928243, 41.196987], [-2.928247, 41.197172], [-2.928238, 41.19735], [-2.928358, 41.19744], [-2.928607, 41.197442], [-2.928736, 41.197442], [-2.928744, 41.197443], [-2.928853, 41.197446], [-2.929065, 41.197454], [-2.929218, 41.197513], [-2.929311, 41.197625], [-2.929528, 41.197658], [-2.929869, 41.197614], [-2.930132, 41.197535], [-2.930319, 41.197422], [-2.930463, 41.197218], [-2.930564, 41.196922], [-2.930621, 41.196693], [-2.930634, 41.196532], [-2.930518, 41.196371], [-2.930274, 41.196208], [-2.929875, 41.196031], [-2.929321, 41.195839], [-2.929067, 41.195686], [-2.929113, 41.195574], [-2.92932, 41.195503], [-2.929687, 41.195472], [-2.930134, 41.195599], [-2.930661, 41.195884], [-2.930983, 41.195974], [-2.931102, 41.19587], [-2.931226, 41.195686], [-2.931357, 41.195421], [-2.931475, 41.195203], [-2.931579, 41.19503], [-2.931767, 41.194873], [-2.932041, 41.194731], [-2.932245, 41.194757], [-2.932379, 41.194951], [-2.932542, 41.195063], [-2.932735, 41.19509], [-2.932802, 41.194967], [-2.932745, 41.194691], [-2.932709, 41.194466], [-2.932695, 41.194291], [-2.932777, 41.194122], [-2.932952, 41.193957], [-2.93308, 41.19379], [-2.933161, 41.19362], [-2.933336, 41.193509], [-2.933605, 41.193456], [-2.933735, 41.193351], [-2.933725, 41.193193], [-2.933614, 41.19311], [-2.933403, 41.193103], [-2.933145, 41.193154], [-2.932842, 41.193265], [-2.932589, 41.193395], [-2.932387, 41.193545], [-2.932154, 41.19377], [-2.93189, 41.19407], [-2.931737, 41.194117], [-2.931693, 41.19391], [-2.931724, 41.193668], [-2.931829, 41.193389], [-2.932059, 41.19304], [-2.932415, 41.192623], [-2.93253, 41.19228], [-2.932404, 41.192014], [-2.932241, 41.192018], [-2.932042, 41.192291], [-2.931838, 41.192601], [-2.931631, 41.192946], [-2.931419, 41.19316], [-2.931203, 41.193241], [-2.931196, 41.192986], [-2.931398, 41.192394], [-2.931576, 41.191964], [-2.93173, 41.191696], [-2.93179, 41.191485], [-2.931758, 41.19133], [-2.931614, 41.191199], [-2.931358, 41.191091], [-2.931128, 41.190997], [-2.930924, 41.190918], [-2.930729, 41.19082], [-2.930541, 41.190703], [-2.930372, 41.190566], [-2.930222, 41.190409], [-2.929997, 41.19028], [-2.929695, 41.190178], [-2.929615, 41.190073], [-2.929756, 41.189967], [-2.92991, 41.189814], [-2.930079, 41.189615], [-2.930064, 41.189546], [-2.929867, 41.189607], [-2.929652, 41.189697], [-2.929421, 41.189816], [-2.929232, 41.189973], [-2.929086, 41.190169], [-2.928896, 41.190318], [-2.928661, 41.19042], [-2.928427, 41.19053], [-2.928195, 41.190648], [-2.927879, 41.190699], [-2.927478, 41.190681], [-2.927192, 41.190594], [-2.927019, 41.19044], [-2.927036, 41.190297], [-2.927241, 41.190164], [-2.927314, 41.190066], [-2.927254, 41.190003], [-2.927098, 41.189979], [-2.926844, 41.189995], [-2.926561, 41.189979], [-2.926247, 41.189932], [-2.925882, 41.189918], [-2.925466, 41.189937], [-2.925103, 41.189985], [-2.924792, 41.190061], [-2.924469, 41.190077], [-2.924133, 41.190032], [-2.92384, 41.189973], [-2.923591, 41.1899], [-2.92338, 41.189892], [-2.923205, 41.189951], [-2.923025, 41.189983], [-2.92284, 41.18999], [-2.922602, 41.189968], [-2.922311, 41.189918], [-2.921947, 41.18985], [-2.921509, 41.189766], [-2.92121, 41.18962], [-2.92105, 41.189411], [-2.920932, 41.189409], [-2.920858, 41.189613], [-2.920696, 41.189727], [-2.920446, 41.189752], [-2.920112, 41.189716], [-2.919693, 41.18962], [-2.919236, 41.189499], [-2.918738, 41.189352], [-2.918347, 41.18927], [-2.918064, 41.189255], [-2.917767, 41.189232], [-2.917458, 41.189201], [-2.917193, 41.189165], [-2.916975, 41.189123], [-2.916613, 41.189012], [-2.916108, 41.18883], [-2.915737, 41.188676], [-2.9155, 41.188548], [-2.915458, 41.18835], [-2.915612, 41.188082], [-2.915632, 41.187841], [-2.915517, 41.187627], [-2.9153, 41.187593], [-2.91498, 41.187741], [-2.914903, 41.187928], [-2.915067, 41.188154], [-2.914983, 41.188253], [-2.914651, 41.188226], [-2.914247, 41.188084], [-2.913773, 41.187828], [-2.913517, 41.187385], [-2.913478, 41.186754], [-2.913423, 41.186381], [-2.913352, 41.186266], [-2.913329, 41.186101], [-2.913354, 41.185886], [-2.913352, 41.185542], [-2.913323, 41.185068], [-2.913491, 41.184534], [-2.913856, 41.183938], [-2.913997, 41.183557], [-2.913916, 41.183391], [-2.913723, 41.183363], [-2.91342, 41.183474], [-2.91327, 41.18337], [-2.913273, 41.183051], [-2.91324, 41.182782], [-2.91317, 41.182561], [-2.91296, 41.182394], [-2.912609, 41.182281], [-2.912353, 41.182173], [-2.912192, 41.182071], [-2.912131, 41.181946], [-2.91217, 41.181799], [-2.91234, 41.181662], [-2.91264, 41.181535], [-2.912965, 41.181474], [-2.913317, 41.181481], [-2.913606, 41.18147], [-2.913833, 41.18144], [-2.914039, 41.181475], [-2.914223, 41.181575], [-2.914342, 41.181753], [-2.914397, 41.182011], [-2.914464, 41.182109], [-2.914544, 41.182045], [-2.914819, 41.181965], [-2.915288, 41.181868], [-2.915504, 41.182008], [-2.915467, 41.182384], [-2.915542, 41.182577], [-2.915731, 41.182588], [-2.915988, 41.182643], [-2.916312, 41.182741], [-2.916592, 41.182855], [-2.916829, 41.182983], [-2.916907, 41.183185], [-2.916825, 41.183461], [-2.916891, 41.183611], [-2.917106, 41.183636], [-2.917245, 41.183406], [-2.917306, 41.182921], [-2.917478, 41.182518], [-2.917761, 41.182198], [-2.918449, 41.181861], [-2.919541, 41.181505], [-2.920356, 41.18116], [-2.920892, 41.180825], [-2.921354, 41.180578], [-2.921741, 41.180422], [-2.922242, 41.18025], [-2.922856, 41.180063], [-2.923445, 41.179924], [-2.924009, 41.179833], [-2.924439, 41.179767], [-2.924734, 41.179729], [-2.925135, 41.179747], [-2.925641, 41.179822], [-2.926126, 41.179909], [-2.92659, 41.180007], [-2.926918, 41.18007], [-2.927111, 41.180098], [-2.927253, 41.18022], [-2.927345, 41.180438], [-2.927569, 41.180612], [-2.927923, 41.180742], [-2.928221, 41.180774], [-2.928464, 41.180707], [-2.928656, 41.180567], [-2.928798, 41.180354], [-2.928936, 41.180123], [-2.929071, 41.179876], [-2.929243, 41.179641], [-2.929454, 41.179419], [-2.929623, 41.179282], [-2.929752, 41.17923], [-2.929977, 41.179245], [-2.930298, 41.179326], [-2.930588, 41.17943], [-2.930847, 41.179555], [-2.931118, 41.179731], [-2.931399, 41.179959], [-2.931548, 41.18017], [-2.931565, 41.180362], [-2.931569, 41.1806], [-2.931558, 41.180884], [-2.931549, 41.181068], [-2.931542, 41.181153], [-2.931531, 41.181269], [-2.931518, 41.181417], [-2.931512, 41.181606], [-2.931513, 41.181836], [-2.931569, 41.182102], [-2.93168, 41.182406], [-2.931628, 41.182492], [-2.931414, 41.182361], [-2.931273, 41.182415], [-2.931207, 41.182653], [-2.931178, 41.182852], [-2.931188, 41.183009], [-2.931253, 41.183151], [-2.931373, 41.183277], [-2.931538, 41.183397], [-2.931748, 41.18351], [-2.931964, 41.183703], [-2.932184, 41.183975], [-2.932337, 41.184255], [-2.932421, 41.184544], [-2.932564, 41.184782], [-2.932766, 41.184967], [-2.932979, 41.18509], [-2.933201, 41.185149], [-2.933449, 41.185161], [-2.933722, 41.185125], [-2.93384, 41.184968], [-2.933805, 41.18469], [-2.933805, 41.184522], [-2.933839, 41.184464], [-2.933968, 41.184412], [-2.934192, 41.184365], [-2.934378, 41.184305], [-2.934526, 41.184233], [-2.934626, 41.184096], [-2.934677, 41.183895], [-2.934731, 41.183764], [-2.934788, 41.183704], [-2.934936, 41.183684], [-2.935174, 41.183706], [-2.93532, 41.183625], [-2.935375, 41.183441], [-2.935411, 41.183224], [-2.935428, 41.182974], [-2.935462, 41.182802], [-2.935512, 41.182707], [-2.935604, 41.182589], [-2.935738, 41.182448], [-2.935823, 41.182242], [-2.93586, 41.181972], [-2.935956, 41.181818], [-2.936111, 41.18178], [-2.936253, 41.181735], [-2.936382, 41.181683], [-2.93643, 41.181579], [-2.936398, 41.181424], [-2.936283, 41.18121], [-2.936085, 41.180935], [-2.936049, 41.180763], [-2.936174, 41.180694], [-2.936369, 41.180677], [-2.936634, 41.180713], [-2.936812, 41.180787], [-2.936906, 41.180898], [-2.936938, 41.181106], [-2.936908, 41.18141], [-2.936966, 41.181571], [-2.937109, 41.181587], [-2.937265, 41.181496], [-2.937433, 41.181297], [-2.937515, 41.181075], [-2.93751, 41.180828], [-2.93757, 41.18067], [-2.937695, 41.1806], [-2.937715, 41.180306], [-2.937629, 41.179787], [-2.937634, 41.179477], [-2.937729, 41.179376], [-2.937861, 41.179226], [-2.93803, 41.179027], [-2.938217, 41.178976], [-2.938424, 41.179073], [-2.938599, 41.179183], [-2.938741, 41.179305], [-2.938937, 41.179403], [-2.939186, 41.179477], [-2.939329, 41.179378], [-2.939365, 41.179108], [-2.939429, 41.178914], [-2.939521, 41.178796], [-2.939632, 41.178658], [-2.939762, 41.1785], [-2.939569, 41.178402], [-2.939052, 41.178366], [-2.938744, 41.178345], [-2.938645, 41.178338], [-2.938758, 41.178216], [-2.939081, 41.177979], [-2.939109, 41.177834], [-2.938841, 41.177781], [-2.938719, 41.177647], [-2.938744, 41.177431], [-2.938784, 41.177179], [-2.93884, 41.176888], [-2.939032, 41.176748], [-2.939361, 41.176758], [-2.939556, 41.176574], [-2.939616, 41.176195], [-2.939771, 41.175989], [-2.940021, 41.175956], [-2.940203, 41.175879], [-2.940318, 41.175758], [-2.94026, 41.175704], [-2.940029, 41.175716], [-2.939679, 41.175771], [-2.939209, 41.175868], [-2.938987, 41.175809], [-2.939011, 41.175593], [-2.939132, 41.175445], [-2.939348, 41.175364], [-2.939598, 41.175278], [-2.939883, 41.175187], [-2.940241, 41.175114], [-2.940672, 41.175057], [-2.941162, 41.175002], [-2.941711, 41.174947], [-2.942044, 41.174921], [-2.942161, 41.174924], [-2.942321, 41.174964], [-2.942525, 41.175044], [-2.942798, 41.17507], [-2.943143, 41.175042], [-2.943491, 41.174979], [-2.943844, 41.174879], [-2.944089, 41.174768], [-2.944226, 41.174644], [-2.94438, 41.174544], [-2.944551, 41.174468], [-2.944751, 41.174477], [-2.944981, 41.174571], [-2.945243, 41.174598], [-2.945538, 41.17456], [-2.945749, 41.174452], [-2.945876, 41.174277], [-2.945962, 41.17408], [-2.94601, 41.173861], [-2.946014, 41.173658], [-2.945974, 41.173468], [-2.946045, 41.173309], [-2.946228, 41.173179], [-2.946414, 41.173119], [-2.946603, 41.17313], [-2.946817, 41.173207], [-2.947058, 41.173353], [-2.947256, 41.173406], [-2.947411, 41.173368], [-2.947607, 41.173298], [-2.947842, 41.173197], [-2.948152, 41.173174], [-2.948537, 41.173229], [-2.94873, 41.173257], [-2.948731, 41.173257], [-2.948869, 41.173247], [-2.949144, 41.173229], [-2.949502, 41.173155], [-2.949942, 41.173027], [-2.950366, 41.172936], [-2.950775, 41.172882], [-2.950874, 41.172577], [-2.950664, 41.172022], [-2.950748, 41.171701], [-2.951127, 41.171616], [-2.95134, 41.171464], [-2.951387, 41.171246], [-2.951224, 41.171135], [-2.95085, 41.171131], [-2.950548, 41.17125], [-2.950319, 41.171493], [-2.950171, 41.171512], [-2.950105, 41.171308], [-2.950023, 41.171196], [-2.949925, 41.171173], [-2.949835, 41.1713], [-2.949753, 41.171576], [-2.949614, 41.171638], [-2.949419, 41.171487], [-2.949176, 41.171272], [-2.948883, 41.170992], [-2.948691, 41.170796], [-2.948597, 41.170685], [-2.948545, 41.170771], [-2.948535, 41.171055], [-2.948359, 41.171153], [-2.948017, 41.171064], [-2.947845, 41.171015], [-2.947841, 41.171005], [-2.947904, 41.170869], [-2.948033, 41.170607], [-2.948144, 41.170417], [-2.948236, 41.170299], [-2.948391, 41.170261], [-2.94861, 41.170303], [-2.948841, 41.170458], [-2.949084, 41.170727], [-2.949308, 41.170848], [-2.949512, 41.170821], [-2.949678, 41.170768], [-2.949804, 41.17069], [-2.949941, 41.170619], [-2.950088, 41.170555], [-2.950187, 41.170476], [-2.950237, 41.170381], [-2.950208, 41.170243], [-2.9501, 41.170063], [-2.949999, 41.169915], [-2.949905, 41.169801], [-2.949845, 41.169685], [-2.949821, 41.169568], [-2.949843, 41.169452], [-2.949912, 41.169337], [-2.950068, 41.169192], [-2.950312, 41.169019], [-2.950491, 41.168872], [-2.950605, 41.168751], [-2.950736, 41.168539], [-2.950882, 41.168237], [-2.95085, 41.168082], [-2.950638, 41.168075], [-2.950339, 41.168096], [-2.949953, 41.168147], [-2.949623, 41.168128], [-2.949348, 41.168041], [-2.949409, 41.167944], [-2.949807, 41.167839], [-2.949967, 41.167712], [-2.949889, 41.167563], [-2.949766, 41.16742], [-2.949597, 41.167283], [-2.949417, 41.167148], [-2.949225, 41.167014], [-2.949098, 41.166907], [-2.949034, 41.166827], [-2.948878, 41.166803], [-2.948628, 41.166836], [-2.94841, 41.166909], [-2.948223, 41.167022], [-2.948005, 41.167148], [-2.947754, 41.167287], [-2.947543, 41.167447], [-2.947371, 41.167629], [-2.947158, 41.167728], [-2.946905, 41.167743], [-2.946758, 41.167656], [-2.946719, 41.167467], [-2.946618, 41.167419], [-2.946456, 41.167513], [-2.946366, 41.16764], [-2.946348, 41.167799], [-2.946237, 41.167864], [-2.946033, 41.167832], [-2.945925, 41.16782], [-2.945914, 41.167827], [-2.945928, 41.167924], [-2.945968, 41.168114], [-2.945867, 41.168357], [-2.945626, 41.168653], [-2.945322, 41.16887], [-2.944954, 41.169007], [-2.944611, 41.169149], [-2.944292, 41.169297], [-2.94396, 41.169385], [-2.943616, 41.169412], [-2.943437, 41.169428], [-2.943425, 41.169432], [-2.943172, 41.169509], [-2.942681, 41.16966], [-2.942292, 41.169719], [-2.942005, 41.169686], [-2.941721, 41.169566], [-2.941441, 41.169358], [-2.941289, 41.169246], [-2.941265, 41.169228], [-2.94125, 41.169226], [-2.941243, 41.16924], [-2.941129, 41.169476], [-2.940909, 41.169934], [-2.940749, 41.170204], [-2.94065, 41.170288], [-2.940463, 41.170401], [-2.94019, 41.170543], [-2.94006, 41.170533], [-2.940072, 41.170373], [-2.940003, 41.17032], [-2.939851, 41.170375], [-2.939618, 41.170485], [-2.939302, 41.17065], [-2.939239, 41.170791], [-2.939427, 41.170908], [-2.939463, 41.171027], [-2.939349, 41.171148], [-2.939174, 41.171259], [-2.938938, 41.171361], [-2.938947, 41.171457], [-2.939199, 41.171548], [-2.939456, 41.171602], [-2.939717, 41.171621], [-2.939947, 41.171662], [-2.940146, 41.171724], [-2.940206, 41.171787], [-2.940126, 41.17185], [-2.940025, 41.171978], [-2.939902, 41.172171], [-2.939927, 41.172345], [-2.940099, 41.172499], [-2.940155, 41.172651], [-2.940093, 41.1728], [-2.939863, 41.172928], [-2.939465, 41.173033], [-2.93911, 41.173177], [-2.938798, 41.173359], [-2.938484, 41.173418], [-2.938167, 41.173353], [-2.937985, 41.173263], [-2.937937, 41.173145], [-2.938001, 41.172951], [-2.938177, 41.17268], [-2.938232, 41.172497], [-2.938165, 41.172399], [-2.938037, 41.172513], [-2.937849, 41.172838], [-2.93765, 41.173112], [-2.93744, 41.173334], [-2.9373, 41.173503], [-2.937231, 41.173618], [-2.937054, 41.173774], [-2.936768, 41.17397], [-2.936467, 41.174089], [-2.936149, 41.174131], [-2.935771, 41.174057], [-2.935335, 41.173867], [-2.935028, 41.173518], [-2.934851, 41.173011], [-2.934854, 41.172525], [-2.935036, 41.172059], [-2.935139, 41.171656], [-2.935161, 41.171318], [-2.935241, 41.171033], [-2.935379, 41.170803], [-2.935634, 41.170628], [-2.936006, 41.170509], [-2.936227, 41.170064], [-2.936299, 41.169295], [-2.93644, 41.16902], [-2.936649, 41.16924], [-2.93674, 41.169449], [-2.936712, 41.169647], [-2.936672, 41.169847], [-2.936621, 41.170048], [-2.936696, 41.170127], [-2.936896, 41.170082], [-2.937186, 41.170018], [-2.937565, 41.169933], [-2.937827, 41.16996], [-2.937973, 41.1701], [-2.938293, 41.170067], [-2.938787, 41.169861], [-2.939066, 41.169692], [-2.939132, 41.169559], [-2.939205, 41.169408], [-2.939286, 41.169239], [-2.939329, 41.169118], [-2.939335, 41.169048], [-2.939341, 41.168968], [-2.939348, 41.168877], [-2.939492, 41.168778], [-2.939773, 41.168671], [-2.93985, 41.168537], [-2.939723, 41.168377], [-2.939747, 41.168268], [-2.939921, 41.16821], [-2.940066, 41.168067], [-2.940182, 41.16784], [-2.9401, 41.167727], [-2.93982, 41.167728], [-2.939647, 41.16768], [-2.939579, 41.167583], [-2.939585, 41.167441], [-2.939662, 41.167254], [-2.939567, 41.167134], [-2.939299, 41.167081], [-2.938705, 41.16692], [-2.937785, 41.166652], [-2.937282, 41.166532], [-2.937195, 41.166561], [-2.937011, 41.166577], [-2.936732, 41.166578], [-2.936332, 41.166454], [-2.935813, 41.166204], [-2.935537, 41.166001], [-2.935505, 41.165846], [-2.935518, 41.165686], [-2.935576, 41.165519], [-2.935517, 41.16535], [-2.935341, 41.165179], [-2.935113, 41.165094], [-2.934833, 41.165095], [-2.934499, 41.165059], [-2.934111, 41.164987], [-2.933808, 41.164991], [-2.933592, 41.165072], [-2.933345, 41.165228], [-2.933067, 41.165459], [-2.932774, 41.165675], [-2.932466, 41.165874], [-2.93229, 41.166038], [-2.932247, 41.166168], [-2.932136, 41.166306], [-2.931957, 41.166453], [-2.931767, 41.166602], [-2.931565, 41.166752], [-2.931484, 41.166869], [-2.931525, 41.166952], [-2.931708, 41.167043], [-2.932032, 41.167142], [-2.932347, 41.167198], [-2.932653, 41.16721], [-2.932777, 41.1673], [-2.932718, 41.167467], [-2.932504, 41.167557], [-2.932133, 41.16757], [-2.931784, 41.167572], [-2.931455, 41.167562], [-2.931089, 41.167539], [-2.930685, 41.167504], [-2.930289, 41.167512], [-2.929903, 41.167562], [-2.929439, 41.167629], [-2.928897, 41.167713], [-2.928512, 41.167772], [-2.928286, 41.167807], [-2.92816, 41.167805], [-2.928133, 41.167766], [-2.927949, 41.167499], [-2.927607, 41.167003], [-2.927374, 41.166683], [-2.927251, 41.166541], [-2.927113, 41.166449], [-2.926961, 41.166408], [-2.92685, 41.166379], [-2.926779, 41.16636], [-2.92672, 41.166292], [-2.926672, 41.166175], [-2.926572, 41.166029], [-2.926418, 41.165854], [-2.926309, 41.165649], [-2.926245, 41.165414], [-2.926195, 41.165235], [-2.926161, 41.165112], [-2.926219, 41.164961], [-2.926368, 41.164783], [-2.926592, 41.164683], [-2.926891, 41.164661], [-2.927049, 41.164526], [-2.927067, 41.164276], [-2.927102, 41.163997], [-2.927154, 41.16369], [-2.927184, 41.163332], [-2.927192, 41.162925], [-2.927163, 41.162513], [-2.927099, 41.162097], [-2.927046, 41.161618], [-2.927002, 41.161076], [-2.926777, 41.160726], [-2.92637, 41.160567], [-2.926114, 41.160627], [-2.926009, 41.160906], [-2.92592, 41.161147], [-2.925846, 41.161352], [-2.92572, 41.161527], [-2.925541, 41.161674], [-2.925288, 41.161858], [-2.924961, 41.162078], [-2.9247, 41.16228], [-2.924505, 41.162464], [-2.924286, 41.162643], [-2.924042, 41.162817], [-2.923841, 41.162967], [-2.923681, 41.163094], [-2.923491, 41.163189], [-2.923271, 41.163254], [-2.923017, 41.163349], [-2.922728, 41.163475], [-2.922528, 41.163511], [-2.922417, 41.163457], [-2.922338, 41.163441], [-2.922291, 41.163463], [-2.922092, 41.163585], [-2.921742, 41.163807], [-2.921348, 41.16393], [-2.920909, 41.163952], [-2.920379, 41.163924], [-2.919756, 41.163847], [-2.919193, 41.163665], [-2.918689, 41.163377], [-2.918514, 41.163435], [-2.918669, 41.163839], [-2.918611, 41.164006], [-2.918339, 41.163935], [-2.917965, 41.163764], [-2.917488, 41.16349], [-2.917445, 41.163231], [-2.917837, 41.162985], [-2.917838, 41.162711], [-2.917448, 41.162409], [-2.917205, 41.162087], [-2.91711, 41.161746], [-2.917011, 41.161662], [-2.916907, 41.161834], [-2.916688, 41.161845], [-2.916353, 41.161695], [-2.91598, 41.161585], [-2.915569, 41.161515], [-2.915433, 41.161259], [-2.915574, 41.160816], [-2.915737, 41.160591], [-2.915922, 41.160585], [-2.916102, 41.160552], [-2.916276, 41.160494], [-2.916344, 41.160317], [-2.916305, 41.160022], [-2.916489, 41.159565], [-2.916896, 41.158946], [-2.917215, 41.158577], [-2.917447, 41.158458], [-2.917482, 41.158348], [-2.917321, 41.158245], [-2.917223, 41.158002], [-2.917189, 41.157617], [-2.916951, 41.15726], [-2.916508, 41.156929], [-2.916196, 41.156554], [-2.916015, 41.156136], [-2.915949, 41.155818], [-2.915996, 41.1556], [-2.91616, 41.155437], [-2.916441, 41.155329], [-2.916724, 41.155177], [-2.917009, 41.154981], [-2.917304, 41.154774], [-2.917609, 41.154558], [-2.917698, 41.154369], [-2.917571, 41.154209], [-2.917346, 41.154194], [-2.917024, 41.154325], [-2.916756, 41.154272], [-2.916543, 41.154035], [-2.916229, 41.15404], [-2.915815, 41.154289], [-2.915403, 41.154272], [-2.914994, 41.15399], [-2.914716, 41.153664], [-2.914568, 41.153295], [-2.914345, 41.152953], [-2.914046, 41.152639], [-2.914097, 41.152437], [-2.914498, 41.15235], [-2.9147, 41.152199], [-2.914702, 41.151987], [-2.914414, 41.151892], [-2.913836, 41.151915], [-2.913388, 41.151505], [-2.913072, 41.150663], [-2.913074, 41.150283], [-2.913394, 41.150364], [-2.913542, 41.150292], [-2.913518, 41.150065], [-2.91341, 41.149885], [-2.913219, 41.149751], [-2.913193, 41.149516], [-2.913332, 41.14918], [-2.91343, 41.148645], [-2.913487, 41.147913], [-2.913657, 41.147502], [-2.913941, 41.147412], [-2.914199, 41.147307], [-2.914431, 41.147189], [-2.914808, 41.147042], [-2.915332, 41.146867], [-2.91572, 41.146772], [-2.915973, 41.146757], [-2.916176, 41.146836], [-2.91633, 41.14701], [-2.916558, 41.147042], [-2.916861, 41.146932], [-2.917098, 41.146839], [-2.917269, 41.146763], [-2.91753, 41.146729], [-2.917881, 41.146736], [-2.918375, 41.146698], [-2.919011, 41.146615], [-2.919356, 41.146649], [-2.919411, 41.146801], [-2.919526, 41.146848], [-2.9197, 41.146789], [-2.919906, 41.146779], [-2.920144, 41.146815], [-2.920361, 41.146849], [-2.920557, 41.146879], [-2.920805, 41.146883], [-2.921103, 41.146862], [-2.921466, 41.146814], [-2.921894, 41.14674], [-2.922336, 41.146567], [-2.922792, 41.146296], [-2.923153, 41.146292], [-2.923419, 41.146558], [-2.923538, 41.146516], [-2.923511, 41.146166], [-2.923433, 41.145734], [-2.923302, 41.145221], [-2.923248, 41.14491], [-2.923272, 41.144801], [-2.923437, 41.1447], [-2.923744, 41.144606], [-2.923982, 41.144553], [-2.924152, 41.144539], [-2.924335, 41.144524], [-2.924533, 41.144507], [-2.924671, 41.144498], [-2.924751, 41.144497], [-2.924851, 41.144422], [-2.924974, 41.144273], [-2.925233, 41.144146], [-2.925631, 41.144041], [-2.926169, 41.143882], [-2.926848, 41.143669], [-2.927095, 41.14346], [-2.926912, 41.143254], [-2.92719, 41.143076], [-2.927928, 41.142926], [-2.928775, 41.142683], [-2.92973, 41.142345], [-2.930496, 41.142103], [-2.931072, 41.141957], [-2.931602, 41.141817], [-2.932087, 41.141682], [-2.932719, 41.141414], [-2.933497, 41.141011], [-2.934161, 41.14073], [-2.93471, 41.140569], [-2.935198, 41.14039], [-2.935623, 41.140193], [-2.935916, 41.140146], [-2.936077, 41.140248], [-2.936154, 41.140336], [-2.936146, 41.140407], [-2.936061, 41.14056], [-2.9359, 41.140793], [-2.935773, 41.141022], [-2.93568, 41.141246], [-2.935569, 41.141437], [-2.935439, 41.141596], [-2.935362, 41.14173], [-2.935338, 41.141839], [-2.935348, 41.141997], [-2.935392, 41.142203], [-2.935399, 41.142405], [-2.935371, 41.142604], [-2.935219, 41.142827], [-2.934945, 41.143075], [-2.93451, 41.143335], [-2.933914, 41.143608], [-2.933384, 41.143863], [-2.932921, 41.144101], [-2.932695, 41.144237], [-2.932707, 41.144271], [-2.932657, 41.144366], [-2.932545, 41.144521], [-2.932486, 41.144697], [-2.932481, 41.144892], [-2.932544, 41.145025], [-2.932675, 41.145096], [-2.932768, 41.14504], [-2.932823, 41.144856], [-2.932879, 41.144721], [-2.932937, 41.144634], [-2.933137, 41.14459], [-2.933481, 41.144589], [-2.933833, 41.144502], [-2.934194, 41.144331], [-2.934526, 41.144137], [-2.934831, 41.143921], [-2.935107, 41.143734], [-2.935354, 41.143578], [-2.935708, 41.143434], [-2.936171, 41.143303], [-2.936499, 41.143145], [-2.936693, 41.14296], [-2.93692, 41.142816], [-2.937177, 41.142711], [-2.937498, 41.142625], [-2.93788, 41.142557], [-2.938127, 41.142401], [-2.938239, 41.142156], [-2.938392, 41.141942], [-2.938587, 41.141757], [-2.938982, 41.141696], [-2.939578, 41.141759], [-2.940001, 41.14166], [-2.940249, 41.141397], [-2.940515, 41.141168], [-2.940801, 41.140971], [-2.941176, 41.140816], [-2.941642, 41.140702], [-2.942076, 41.140495], [-2.94248, 41.140194], [-2.942779, 41.139898], [-2.942975, 41.139608], [-2.943199, 41.139454], [-2.943452, 41.139439], [-2.943753, 41.139426], [-2.944101, 41.139416], [-2.944455, 41.139272], [-2.944817, 41.138994], [-2.945148, 41.138686], [-2.94545, 41.138346], [-2.945672, 41.138069], [-2.945814, 41.137856], [-2.946088, 41.137608], [-2.946495, 41.137325], [-2.946902, 41.137041], [-2.947309, 41.136758], [-2.947677, 41.136568], [-2.948007, 41.136472], [-2.948269, 41.136331], [-2.948463, 41.136147], [-2.948784, 41.135786], [-2.949231, 41.13525], [-2.949738, 41.13483], [-2.950303, 41.134526], [-2.95073, 41.134391], [-2.951016, 41.134424], [-2.951408, 41.134399], [-2.951903, 41.134316], [-2.952282, 41.134178], [-2.952545, 41.133984], [-2.952895, 41.133761], [-2.953331, 41.133509], [-2.953494, 41.133338], [-2.953381, 41.133247], [-2.953155, 41.13317], [-2.952816, 41.133109], [-2.9527, 41.133], [-2.952807, 41.132845], [-2.953006, 41.132739], [-2.953298, 41.132683], [-2.953615, 41.132641], [-2.953959, 41.132614], [-2.954265, 41.132627], [-2.954533, 41.13268], [-2.954986, 41.132726], [-2.955624, 41.132766], [-2.956085, 41.132741], [-2.956369, 41.13265], [-2.956417, 41.132547], [-2.95623, 41.13243], [-2.955915, 41.132374], [-2.955473, 41.132379], [-2.955184, 41.132338], [-2.955049, 41.13225], [-2.95504, 41.132153], [-2.955158, 41.132049], [-2.955365, 41.131978], [-2.95566, 41.131939], [-2.955793, 41.131851], [-2.955764, 41.131714], [-2.955773, 41.131601], [-2.955818, 41.131514], [-2.955843, 41.131467], [-2.955848, 41.131459], [-2.955958, 41.131414], [-2.956174, 41.131333], [-2.956346, 41.131266], [-2.956475, 41.131213], [-2.956646, 41.131138], [-2.956858, 41.131039], [-2.957078, 41.130975], [-2.957305, 41.130945], [-2.957564, 41.130955], [-2.957855, 41.131005], [-2.958223, 41.130921], [-2.958666, 41.130704], [-2.959263, 41.13044], [-2.960014, 41.130129], [-2.96041, 41.129923], [-2.960452, 41.12982], [-2.96044, 41.129707], [-2.960374, 41.129583], [-2.960408, 41.129397], [-2.960542, 41.129149], [-2.960672, 41.128978], [-2.960797, 41.128883], [-2.960889, 41.128765], [-2.960947, 41.128624], [-2.961131, 41.128347], [-2.961441, 41.127935], [-2.961602, 41.127723], [-2.961612, 41.12771], [-2.961706, 41.127601], [-2.961882, 41.127394], [-2.961998, 41.126978], [-2.962053, 41.126352], [-2.962088, 41.1258], [-2.962104, 41.12532], [-2.962136, 41.124918], [-2.962184, 41.124594], [-2.962267, 41.124265], [-2.962383, 41.123931], [-2.962564, 41.123793], [-2.962809, 41.123849], [-2.962987, 41.123976], [-2.963099, 41.124173], [-2.963043, 41.124295], [-2.962819, 41.124342], [-2.962679, 41.124449], [-2.96262, 41.124616], [-2.962622, 41.124899], [-2.962682, 41.125297], [-2.963176, 41.125427], [-2.964102, 41.125287], [-2.964604, 41.125009], [-2.964679, 41.124593], [-2.964758, 41.124246], [-2.96484, 41.12397], [-2.965155, 41.123584], [-2.965704, 41.123088], [-2.966068, 41.122713], [-2.966248, 41.122459], [-2.966359, 41.122215], [-2.966403, 41.121979], [-2.96645, 41.121761], [-2.966501, 41.12156], [-2.96657, 41.121277], [-2.966657, 41.120912], [-2.966856, 41.120753], [-2.967169, 41.1208], [-2.967445, 41.120835], [-2.967683, 41.120856], [-2.967854, 41.120949], [-2.967958, 41.121112], [-2.968094, 41.121262], [-2.968263, 41.121399], [-2.968481, 41.121494], [-2.968749, 41.121547], [-2.969013, 41.121583], [-2.969273, 41.121601], [-2.969457, 41.121807], [-2.969562, 41.1222], [-2.969634, 41.122437], [-2.969672, 41.122517], [-2.969714, 41.122609], [-2.969762, 41.122711], [-2.969911, 41.122784], [-2.97016, 41.122827], [-2.970374, 41.123011], [-2.970551, 41.123336], [-2.970818, 41.12351], [-2.971172, 41.123534], [-2.971563, 41.123616], [-2.971988, 41.123754], [-2.972325, 41.123692], [-2.972573, 41.12343], [-2.972692, 41.123052], [-2.972681, 41.122558], [-2.972722, 41.122146], [-2.972816, 41.121815], [-2.97297, 41.121495], [-2.973185, 41.121184], [-2.973437, 41.120832], [-2.973728, 41.12044], [-2.973946, 41.120367], [-2.974091, 41.120614], [-2.974397, 41.120573], [-2.974864, 41.120246], [-2.975118, 41.12001], [-2.975157, 41.119863], [-2.975266, 41.119716], [-2.975445, 41.119569], [-2.975522, 41.119382], [-2.975498, 41.119155], [-2.975587, 41.119029], [-2.975792, 41.119002], [-2.975947, 41.118964], [-2.976053, 41.118914], [-2.976316, 41.118835], [-2.976736, 41.118727], [-2.977149, 41.118637], [-2.977554, 41.118566], [-2.977763, 41.118565], [-2.977778, 41.118634], [-2.977807, 41.118772], [-2.97785, 41.118978], [-2.978025, 41.119088], [-2.978331, 41.1191], [-2.978567, 41.119113], [-2.978733, 41.119127], [-2.978814, 41.119346], [-2.97881, 41.119771], [-2.979149, 41.120106], [-2.97983, 41.120352], [-2.980157, 41.120132], [-2.980129, 41.119447], [-2.98004, 41.119025], [-2.979891, 41.118868], [-2.979847, 41.118494], [-2.979909, 41.117902], [-2.979994, 41.117529], [-2.980101, 41.117373], [-2.980156, 41.116694], [-2.980159, 41.115492], [-2.980176, 41.114297], [-2.980205, 41.113108], [-2.980189, 41.11224], [-2.980126, 41.11169], [-2.980117, 41.111332], [-2.980164, 41.111166], [-2.980377, 41.110919], [-2.980755, 41.11059], [-2.980973, 41.110284], [-2.981031, 41.11], [-2.981818, 41.109318], [-2.983334, 41.108236], [-2.984094, 41.107694], [-2.984098, 41.107691], [-2.98493, 41.107032], [-2.986588, 41.105717], [-2.98837, 41.104218], [-2.990277, 41.102535], [-2.99124, 41.101667], [-2.991259, 41.101614], [-2.991684, 41.101256], [-2.992515, 41.100595], [-2.993121, 41.100054], [-2.9935, 41.099634], [-2.993801, 41.099233], [-2.994023, 41.09885], [-2.994454, 41.098236], [-2.995092, 41.097392], [-2.995722, 41.096513], [-2.996346, 41.0956], [-2.996841, 41.094633], [-2.997209, 41.093612], [-2.997455, 41.092899], [-2.99758, 41.092494], [-2.997858, 41.091989], [-2.99829, 41.091384], [-2.998668, 41.091078], [-2.998993, 41.09107], [-2.999413, 41.091129], [-2.999929, 41.091256], [-3.0004, 41.091388], [-3.000825, 41.091526], [-3.001072, 41.091614], [-3.001139, 41.09165], [-3.001481, 41.091834], [-3.002097, 41.092167], [-3.002398, 41.092406], [-3.002381, 41.092549], [-3.002498, 41.092605], [-3.002747, 41.092572], [-3.002824, 41.092438], [-3.002728, 41.092203], [-3.002701, 41.092021], [-3.002744, 41.091892], [-3.002847, 41.091719], [-3.003011, 41.091503], [-3.003108, 41.091372], [-3.003138, 41.091325], [-3.003199, 41.091229], [-3.003292, 41.091082], [-3.003372, 41.090836], [-3.003439, 41.090492], [-3.003595, 41.090179], [-3.003839, 41.0899], [-3.003961, 41.08976], [-3.004013, 41.089673], [-3.004116, 41.089501], [-3.004479, 41.089232], [-3.005101, 41.088867], [-3.005589, 41.088413], [-3.005941, 41.087872], [-3.006264, 41.087361], [-3.006559, 41.08688], [-3.006787, 41.086691], [-3.006948, 41.086793], [-3.007185, 41.086753], [-3.007496, 41.08657], [-3.007694, 41.08635], [-3.007779, 41.086091], [-3.00772, 41.085922], [-3.007517, 41.085843], [-3.0073, 41.085642], [-3.007069, 41.085319], [-3.007715, 41.085012], [-3.009239, 41.084723], [-3.010169, 41.084547], [-3.010505, 41.084484], [-3.010745, 41.084515], [-3.010887, 41.084637], [-3.010835, 41.08483], [-3.010587, 41.085092], [-3.010489, 41.085291], [-3.010541, 41.085426], [-3.010638, 41.0855], [-3.010779, 41.085515], [-3.011006, 41.085538], [-3.011316, 41.08557], [-3.011592, 41.085437], [-3.011832, 41.08514], [-3.011997, 41.084924], [-3.012085, 41.084788], [-3.012149, 41.084671], [-3.012189, 41.084573], [-3.012236, 41.084461], [-3.012288, 41.084335], [-3.012502, 41.084061], [-3.01288, 41.08364], [-3.013101, 41.083364], [-3.013166, 41.083231], [-3.012999, 41.083103], [-3.0126, 41.082979], [-3.01259, 41.082653], [-3.012968, 41.082126], [-3.013161, 41.08188], [-3.013168, 41.081914], [-3.013281, 41.081952], [-3.0135, 41.081994], [-3.013787, 41.081974], [-3.014142, 41.081891], [-3.01449, 41.081774], [-3.014831, 41.081623], [-3.014952, 41.081643], [-3.014852, 41.081833], [-3.014825, 41.081938], [-3.01487, 41.081958], [-3.014947, 41.081992], [-3.015056, 41.08204], [-3.015224, 41.082049], [-3.015451, 41.082019], [-3.015454, 41.082142], [-3.015232, 41.082419], [-3.015292, 41.082535], [-3.015632, 41.08249], [-3.015823, 41.082403], [-3.015866, 41.082273], [-3.015915, 41.082063], [-3.01597, 41.081773], [-3.016066, 41.081619], [-3.016202, 41.081601], [-3.016483, 41.081608], [-3.016909, 41.08164], [-3.017262, 41.081602], [-3.017543, 41.081495], [-3.017623, 41.081378], [-3.017503, 41.081252], [-3.017306, 41.081146], [-3.017031, 41.081058], [-3.016679, 41.080937], [-3.01625, 41.080782], [-3.015997, 41.080679], [-3.01592, 41.08063], [-3.015839, 41.080579], [-3.015755, 41.080526], [-3.015732, 41.080426], [-3.015771, 41.080279], [-3.015917, 41.080164], [-3.016168, 41.08008], [-3.016342, 41.080021], [-3.016439, 41.079989], [-3.016541, 41.080062], [-3.016649, 41.080243], [-3.016779, 41.080358], [-3.016929, 41.080409], [-3.017081, 41.080354], [-3.017233, 41.080192], [-3.01724, 41.080005], [-3.017102, 41.079794], [-3.017124, 41.079676], [-3.017306, 41.079652], [-3.017415, 41.07962], [-3.017453, 41.079579], [-3.017423, 41.079468], [-3.017325, 41.079285], [-3.017268, 41.079178], [-3.017251, 41.079146], [-3.017111, 41.079059], [-3.016848, 41.078917], [-3.016689, 41.078664], [-3.016636, 41.0783], [-3.016767, 41.077982], [-3.017082, 41.07771], [-3.0174, 41.077447], [-3.017719, 41.077193], [-3.017973, 41.077071], [-3.018162, 41.077082], [-3.018346, 41.077128], [-3.018527, 41.07721], [-3.018753, 41.077233], [-3.019025, 41.077197], [-3.019172, 41.077184], [-3.019195, 41.077195], [-3.019298, 41.077243], [-3.019483, 41.077329], [-3.019531, 41.07744], [-3.019443, 41.077575], [-3.019396, 41.077644], [-3.019392, 41.077647], [-3.019288, 41.077705], [-3.019084, 41.077818], [-3.018994, 41.077988], [-3.019018, 41.078215], [-3.018896, 41.078354], [-3.018628, 41.078408], [-3.018587, 41.078493], [-3.018775, 41.078609], [-3.019013, 41.078673], [-3.019301, 41.078685], [-3.019454, 41.078692], [-3.019471, 41.078692], [-3.019573, 41.078689], [-3.019758, 41.078682], [-3.019838, 41.078787], [-3.019814, 41.079002], [-3.019703, 41.079194], [-3.019505, 41.079361], [-3.019302, 41.079503], [-3.019093, 41.079619], [-3.018883, 41.079673], [-3.018672, 41.079666], [-3.018471, 41.07971], [-3.018282, 41.079806], [-3.018416, 41.08], [-3.018874, 41.080293], [-3.019114, 41.080544], [-3.019134, 41.080754], [-3.019081, 41.080999], [-3.018954, 41.081281], [-3.018739, 41.081531], [-3.018435, 41.081748], [-3.01827, 41.081902], [-3.018242, 41.081994], [-3.018096, 41.082129], [-3.01783, 41.082305], [-3.017574, 41.082419], [-3.017329, 41.082469], [-3.017345, 41.082546], [-3.017623, 41.082651], [-3.017935, 41.082804], [-3.018281, 41.083006], [-3.01849, 41.083279], [-3.018563, 41.083623], [-3.018646, 41.084018], [-3.01874, 41.084465], [-3.01894, 41.084916], [-3.019246, 41.085371], [-3.019526, 41.085537], [-3.01978, 41.085415], [-3.019796, 41.085104], [-3.019574, 41.084603], [-3.019466, 41.084201], [-3.019472, 41.0839], [-3.019596, 41.083716], [-3.019838, 41.083648], [-3.020236, 41.083543], [-3.020788, 41.083399], [-3.021336, 41.083291], [-3.02188, 41.083219], [-3.022319, 41.083143], [-3.022652, 41.083064], [-3.022808, 41.08292], [-3.022787, 41.08271], [-3.023025, 41.082237], [-3.023522, 41.081499], [-3.023814, 41.080895], [-3.023901, 41.080424], [-3.024076, 41.080038], [-3.024339, 41.079738], [-3.024617, 41.079401], [-3.024911, 41.079026], [-3.025108, 41.078691], [-3.025209, 41.078394], [-3.025377, 41.078142], [-3.025613, 41.077934], [-3.025892, 41.077765], [-3.026213, 41.077634], [-3.026121, 41.077469], [-3.025613, 41.077271], [-3.025201, 41.077087], [-3.024885, 41.076917], [-3.024635, 41.076561], [-3.024451, 41.07602], [-3.024421, 41.075599], [-3.024544, 41.0753], [-3.02466, 41.07502], [-3.024768, 41.074758], [-3.024824, 41.07453], [-3.02483, 41.074334], [-3.024667, 41.074117], [-3.024337, 41.073878], [-3.024054, 41.073694], [-3.023817, 41.073567], [-3.023493, 41.073468], [-3.023083, 41.073399], [-3.0227, 41.073352], [-3.022345, 41.073328], [-3.022132, 41.073273], [-3.022059, 41.073187], [-3.022036, 41.07313], [-3.022061, 41.073103], [-3.022071, 41.073079], [-3.022067, 41.073058], [-3.022107, 41.072971], [-3.022191, 41.072818], [-3.022342, 41.072669], [-3.022561, 41.072524], [-3.022694, 41.072436], [-3.022741, 41.072405], [-3.022762, 41.072365], [-3.022756, 41.072318], [-3.022738, 41.072179], [-3.022709, 41.071948], [-3.022716, 41.071662], [-3.02276, 41.07132], [-3.022788, 41.071007], [-3.022798, 41.070723], [-3.022992, 41.070264], [-3.023371, 41.06963], [-3.023778, 41.069073], [-3.024212, 41.068591], [-3.024392, 41.068231], [-3.024319, 41.067993], [-3.024147, 41.067786], [-3.023877, 41.06761], [-3.023581, 41.067534], [-3.02326, 41.067559], [-3.022947, 41.067512], [-3.022643, 41.067393], [-3.022471, 41.067186], [-3.022432, 41.066891], [-3.022329, 41.066568], [-3.022162, 41.066219], [-3.021952, 41.065832], [-3.021699, 41.065405], [-3.021498, 41.065061], [-3.02135, 41.064797], [-3.021151, 41.064408], [-3.020903, 41.063893], [-3.020771, 41.06338], [-3.020757, 41.062869], [-3.020779, 41.062579], [-3.020838, 41.062508], [-3.020864, 41.062447], [-3.020856, 41.062396], [-3.020829, 41.062261], [-3.020783, 41.062041], [-3.02078, 41.061872], [-3.020821, 41.061754], [-3.02087, 41.061634], [-3.020928, 41.061514], [-3.021057, 41.061421], [-3.021258, 41.061357], [-3.021437, 41.06134], [-3.021592, 41.061369], [-3.021772, 41.06144], [-3.021977, 41.061551], [-3.022156, 41.061615], [-3.022309, 41.061632], [-3.022445, 41.061603], [-3.022564, 41.061527], [-3.022519, 41.061395], [-3.022309, 41.061207], [-3.0221, 41.061065], [-3.021894, 41.060969], [-3.021613, 41.060909], [-3.021258, 41.060885], [-3.02089, 41.060854], [-3.020506, 41.060818], [-3.020197, 41.060788], [-3.019962, 41.060765], [-3.019739, 41.060697], [-3.019529, 41.060583], [-3.019506, 41.060365], [-3.019671, 41.060043], [-3.020042, 41.059755], [-3.020617, 41.059502], [-3.021133, 41.05924], [-3.021588, 41.058967], [-3.02233, 41.058622], [-3.02336, 41.058202], [-3.023999, 41.057915], [-3.024245, 41.057758], [-3.024443, 41.057538], [-3.024593, 41.057253], [-3.024753, 41.057072], [-3.024923, 41.056997], [-3.025004, 41.056827], [-3.024995, 41.056563], [-3.02504, 41.056336], [-3.02514, 41.056146], [-3.025198, 41.056007], [-3.025214, 41.05592], [-3.025236, 41.055802], [-3.025263, 41.055654], [-3.025245, 41.055567], [-3.025181, 41.055542], [-3.025079, 41.055503], [-3.02494, 41.055449], [-3.024647, 41.055354], [-3.024199, 41.055219], [-3.023796, 41.055131], [-3.023438, 41.05509], [-3.023176, 41.055062], [-3.02301, 41.055049], [-3.022779, 41.054947], [-3.022482, 41.054756], [-3.022333, 41.054546], [-3.022331, 41.054317], [-3.02238, 41.054126], [-3.022481, 41.053974], [-3.022423, 41.053613], [-3.022207, 41.053044], [-3.022066, 41.052743], [-3.021999, 41.052711], [-3.021901, 41.052553], [-3.021771, 41.052269], [-3.021636, 41.052013], [-3.021495, 41.051784], [-3.021374, 41.051597], [-3.021273, 41.051451], [-3.021332, 41.051346], [-3.021552, 41.051282], [-3.021771, 41.051271], [-3.021989, 41.051312], [-3.022281, 41.05141], [-3.022646, 41.051564], [-3.023213, 41.051562], [-3.02398, 41.051406], [-3.024487, 41.051196], [-3.024735, 41.050934], [-3.024913, 41.050584], [-3.025023, 41.050148], [-3.025565, 41.049847], [-3.026539, 41.04968], [-3.027049, 41.049577], [-3.027093, 41.049538], [-3.027227, 41.049544], [-3.02745, 41.049595], [-3.027709, 41.049662], [-3.028007, 41.049747], [-3.028216, 41.049799], [-3.028336, 41.049818], [-3.028402, 41.049907], [-3.028412, 41.050064], [-3.028476, 41.050206], [-3.028596, 41.050332], [-3.028725, 41.0505], [-3.028863, 41.050712], [-3.029014, 41.050824], [-3.02918, 41.050838], [-3.029362, 41.050761], [-3.02956, 41.050593], [-3.029714, 41.050396], [-3.029826, 41.05017], [-3.029883, 41.050056], [-3.029887, 41.050055], [-3.029985, 41.050015], [-3.030178, 41.049937], [-3.030319, 41.049776], [-3.030408, 41.049535], [-3.030294, 41.049382], [-3.029978, 41.049318], [-3.029781, 41.049277], [-3.029703, 41.049259], [-3.029649, 41.049222], [-3.029618, 41.049166], [-3.02953, 41.049015], [-3.029384, 41.048769], [-3.029234, 41.04855], [-3.029077, 41.048359], [-3.028987, 41.048211], [-3.028966, 41.048108], [-3.028955, 41.048047], [-3.028957, 41.048028], [-3.02897, 41.047867], [-3.028994, 41.047565], [-3.028981, 41.047355], [-3.028933, 41.047237], [-3.028806, 41.047202], [-3.028598, 41.047249], [-3.028409, 41.047292], [-3.028239, 41.04733], [-3.028104, 41.047338], [-3.028006, 41.047316], [-3.027793, 41.0473], [-3.027465, 41.04729], [-3.027066, 41.047219], [-3.026596, 41.047087], [-3.026235, 41.046922], [-3.025983, 41.046724], [-3.02583, 41.046603], [-3.025775, 41.04656], [-3.025747, 41.046538], [-3.025746, 41.046537], [-3.025642, 41.046542], [-3.025434, 41.046551], [-3.025166, 41.046384], [-3.024837, 41.046038], [-3.024659, 41.045691], [-3.024632, 41.045341], [-3.024664, 41.045045], [-3.024756, 41.044804], [-3.024824, 41.044627], [-3.024867, 41.044515], [-3.025011, 41.044212], [-3.025257, 41.04372], [-3.025443, 41.043333], [-3.02557, 41.043051], [-3.025581, 41.042822], [-3.025477, 41.042647], [-3.025351, 41.042434], [-3.025202, 41.042183], [-3.02516, 41.041966], [-3.025226, 41.041784], [-3.025263, 41.041681], [-3.02527, 41.04166], [-3.025295, 41.041584], [-3.025338, 41.041455], [-3.025232, 41.041336], [-3.024976, 41.041229], [-3.024727, 41.041056], [-3.024483, 41.040818], [-3.024362, 41.040684], [-3.024362, 41.040653], [-3.024347, 41.040455], [-3.024316, 41.040087], [-3.024291, 41.039751], [-3.024272, 41.039446], [-3.024392, 41.03909], [-3.024653, 41.038683], [-3.025073, 41.038537], [-3.025652, 41.038652], [-3.026285, 41.03878], [-3.026973, 41.038922], [-3.027341, 41.039047], [-3.02739, 41.039155], [-3.027477, 41.03928], [-3.0276, 41.039423], [-3.027754, 41.039491], [-3.027939, 41.039484], [-3.028169, 41.039418], [-3.028446, 41.039293], [-3.028673, 41.039157], [-3.028852, 41.03901], [-3.028821, 41.038863], [-3.028581, 41.038718], [-3.028374, 41.038647], [-3.028201, 41.038649], [-3.027977, 41.038554], [-3.027701, 41.038361], [-3.027324, 41.038086], [-3.026845, 41.037728], [-3.026374, 41.037407], [-3.02591, 41.037124], [-3.025609, 41.036762], [-3.025469, 41.036321], [-3.025315, 41.036019], [-3.025145, 41.035855], [-3.025037, 41.035661], [-3.024989, 41.035437], [-3.024999, 41.035206], [-3.025065, 41.034967], [-3.025211, 41.034833], [-3.025438, 41.034803], [-3.025553, 41.034788], [-3.025556, 41.034787], [-3.025689, 41.034752], [-3.02595, 41.034682], [-3.026083, 41.03455], [-3.026089, 41.034355], [-3.026066, 41.034137], [-3.026015, 41.033896], [-3.025967, 41.033724], [-3.025921, 41.03362], [-3.025912, 41.033551], [-3.025939, 41.033516], [-3.025936, 41.03335], [-3.025902, 41.033051], [-3.025862, 41.032888], [-3.025817, 41.03286], [-3.025716, 41.032751], [-3.025559, 41.03256], [-3.025455, 41.032397], [-3.025403, 41.032262], [-3.025435, 41.032081], [-3.02555, 41.031854], [-3.025597, 41.031688], [-3.025575, 41.031585], [-3.025464, 41.031503], [-3.025265, 41.031441], [-3.025206, 41.031325], [-3.025286, 41.031155], [-3.025318, 41.030974], [-3.025301, 41.030782], [-3.025184, 41.030558], [-3.024967, 41.030304], [-3.024841, 41.030091], [-3.024805, 41.029919], [-3.024845, 41.029834], [-3.024962, 41.029836], [-3.025129, 41.029912], [-3.025346, 41.03006], [-3.025506, 41.030156], [-3.025608, 41.030201], [-3.025685, 41.030235], [-3.025737, 41.030258], [-3.025776, 41.030267], [-3.025803, 41.030261], [-3.025914, 41.030238], [-3.026111, 41.030196], [-3.026282, 41.030245], [-3.026428, 41.030385], [-3.026585, 41.030536], [-3.026752, 41.030698], [-3.02685, 41.030773], [-3.026877, 41.030762], [-3.027008, 41.030759], [-3.027241, 41.030763], [-3.027463, 41.030822], [-3.027674, 41.030936], [-3.027908, 41.031055], [-3.028167, 41.03118], [-3.028419, 41.031323], [-3.028663, 41.031486], [-3.028976, 41.0317], [-3.029358, 41.031968], [-3.029761, 41.032109], [-3.030183, 41.032124], [-3.030536, 41.032139], [-3.030818, 41.032155], [-3.031056, 41.032176], [-3.031248, 41.032204], [-3.031448, 41.032319], [-3.031655, 41.032521], [-3.031886, 41.032591], [-3.032139, 41.032528], [-3.032293, 41.03249], [-3.032348, 41.032477], [-3.032497, 41.032383], [-3.03274, 41.03221], [-3.032879, 41.032085], [-3.032914, 41.032009], [-3.033007, 41.031953], [-3.033157, 41.031915], [-3.03328, 41.031846], [-3.033375, 41.031745], [-3.033378, 41.031648], [-3.033288, 41.031554], [-3.03316, 41.0315], [-3.032995, 41.031486], [-3.032857, 41.031516], [-3.032748, 41.03159], [-3.032686, 41.031624], [-3.03267, 41.031621], [-3.032569, 41.031675], [-3.032383, 41.031788], [-3.032193, 41.031884], [-3.032, 41.031963], [-3.031848, 41.031957], [-3.031735, 41.031865], [-3.031536, 41.03175], [-3.031251, 41.031611], [-3.031044, 41.031515], [-3.030917, 41.031461], [-3.030801, 41.031353], [-3.030696, 41.03119], [-3.030555, 41.031129], [-3.030378, 41.03117], [-3.030175, 41.031091], [-3.029946, 41.030891], [-3.029757, 41.030713], [-3.029608, 41.030556], [-3.029543, 41.030422], [-3.029562, 41.030311], [-3.029524, 41.030225], [-3.029429, 41.030164], [-3.029227, 41.030001], [-3.028919, 41.029736], [-3.028727, 41.029578], [-3.028651, 41.029528], [-3.028623, 41.029475], [-3.028643, 41.02942], [-3.028685, 41.029273], [-3.028751, 41.029034], [-3.028952, 41.028937], [-3.029287, 41.028981], [-3.029546, 41.028991], [-3.029727, 41.028967], [-3.03014, 41.028939], [-3.030785, 41.028906], [-3.031318, 41.029003], [-3.031739, 41.029231], [-3.032228, 41.029289], [-3.032788, 41.02918], [-3.033093, 41.028972], [-3.033145, 41.028664], [-3.032959, 41.028503], [-3.032537, 41.028488], [-3.032244, 41.028315], [-3.032081, 41.027983], [-3.032066, 41.027746], [-3.032199, 41.027605], [-3.032231, 41.027424], [-3.032161, 41.027203], [-3.03199, 41.027111], [-3.031719, 41.027147], [-3.031596, 41.026951], [-3.031622, 41.026523], [-3.031476, 41.026437], [-3.031157, 41.026691], [-3.030772, 41.026415], [-3.030323, 41.025608], [-3.030052, 41.02512], [-3.029961, 41.024949], [-3.029904, 41.024842], [-3.02988, 41.024798], [-3.030022, 41.024623], [-3.03033, 41.024317], [-3.030598, 41.024096], [-3.030825, 41.023959], [-3.030972, 41.023719], [-3.031039, 41.023374], [-3.031027, 41.023093], [-3.030934, 41.022875], [-3.030875, 41.022706], [-3.03085, 41.022586], [-3.030825, 41.022412], [-3.030801, 41.022186], [-3.030791, 41.021975], [-3.030797, 41.02178], [-3.030814, 41.02153], [-3.030843, 41.021226], [-3.03079, 41.020976], [-3.030656, 41.020782], [-3.030726, 41.020683], [-3.031001, 41.020678], [-3.031152, 41.020676], [-3.031179, 41.020676], [-3.031353, 41.020663], [-3.031674, 41.020638], [-3.031905, 41.020687], [-3.032047, 41.02081], [-3.032288, 41.020902], [-3.032627, 41.020963], [-3.032797, 41.020887], [-3.032799, 41.020675], [-3.032811, 41.020555], [-3.032832, 41.020529], [-3.032897, 41.020449], [-3.033005, 41.020317], [-3.033096, 41.020149], [-3.033169, 41.019945], [-3.033208, 41.019745], [-3.033214, 41.01955], [-3.033304, 41.01937], [-3.033479, 41.019206], [-3.03361, 41.019109], [-3.033697, 41.019079], [-3.033811, 41.018958], [-3.033952, 41.018745], [-3.034164, 41.018593], [-3.034448, 41.018503], [-3.034608, 41.018596], [-3.034643, 41.018875], [-3.034646, 41.019053], [-3.034616, 41.019133], [-3.034608, 41.019205], [-3.034621, 41.019269], [-3.034667, 41.019375], [-3.034745, 41.019524], [-3.034899, 41.019645], [-3.035128, 41.019738], [-3.035313, 41.019732], [-3.035453, 41.019625], [-3.035638, 41.019618], [-3.035867, 41.019711], [-3.036028, 41.019814], [-3.036122, 41.019925], [-3.036237, 41.020086], [-3.036375, 41.020298], [-3.036594, 41.020455], [-3.036895, 41.020556], [-3.037167, 41.020573], [-3.037408, 41.020506], [-3.037689, 41.020566], [-3.038008, 41.020753], [-3.038273, 41.020798], [-3.038485, 41.020699], [-3.038434, 41.020511], [-3.03812, 41.020235], [-3.037967, 41.020007], [-3.037976, 41.019829], [-3.038043, 41.019706], [-3.038168, 41.019636], [-3.038408, 41.019613], [-3.038762, 41.019637], [-3.039032, 41.019592], [-3.039218, 41.019479], [-3.039251, 41.01936], [-3.039131, 41.019234], [-3.039019, 41.01909], [-3.038915, 41.018927], [-3.038867, 41.018757], [-3.038876, 41.018579], [-3.038955, 41.018453], [-3.039102, 41.018381], [-3.03927, 41.018456], [-3.039456, 41.018679], [-3.039613, 41.01887], [-3.03974, 41.01903], [-3.039823, 41.019204], [-3.039863, 41.019394], [-3.040053, 41.019519], [-3.040391, 41.01958], [-3.040577, 41.01952], [-3.040608, 41.019339], [-3.040651, 41.019157], [-3.040706, 41.018973], [-3.040907, 41.018822], [-3.041255, 41.018705], [-3.04128, 41.018605], [-3.040983, 41.01852], [-3.040848, 41.018432], [-3.040875, 41.01834], [-3.040914, 41.018213], [-3.040964, 41.01805], [-3.041133, 41.017913], [-3.041421, 41.017801], [-3.041655, 41.01768], [-3.041837, 41.01755], [-3.042007, 41.01758], [-3.042164, 41.017771], [-3.042405, 41.017871], [-3.042731, 41.01788], [-3.042935, 41.017748], [-3.043017, 41.017476], [-3.043063, 41.017355], [-3.043071, 41.017387], [-3.043195, 41.017529], [-3.043434, 41.01778], [-3.043644, 41.017999], [-3.043823, 41.018188], [-3.044034, 41.018248], [-3.044276, 41.018181], [-3.044591, 41.01813], [-3.04498, 41.018096], [-3.045258, 41.018201], [-3.045426, 41.018444], [-3.045487, 41.018789], [-3.045442, 41.019237], [-3.045288, 41.019558], [-3.045026, 41.019752], [-3.044814, 41.019957], [-3.04465, 41.020173], [-3.044661, 41.020446], [-3.044846, 41.020775], [-3.045033, 41.020777], [-3.045221, 41.020451], [-3.045504, 41.020193], [-3.045882, 41.020001], [-3.046182, 41.019767], [-3.046403, 41.01949], [-3.046592, 41.019173], [-3.04675, 41.018816], [-3.046954, 41.018736], [-3.047205, 41.018933], [-3.047305, 41.019132], [-3.047255, 41.019333], [-3.047317, 41.019519], [-3.047493, 41.01969], [-3.047622, 41.019859], [-3.047703, 41.020025], [-3.047709, 41.020218], [-3.04764, 41.02044], [-3.047508, 41.020696], [-3.047313, 41.020987], [-3.047097, 41.02129], [-3.046861, 41.021604], [-3.046949, 41.02191], [-3.047361, 41.022209], [-3.047775, 41.022349], [-3.04819, 41.022329], [-3.048687, 41.022148], [-3.049267, 41.021806], [-3.049673, 41.02169], [-3.049906, 41.021801], [-3.050099, 41.021943], [-3.050253, 41.022117], [-3.050403, 41.022], [-3.050549, 41.021592], [-3.0508, 41.0214], [-3.051154, 41.021423], [-3.051544, 41.021504], [-3.051969, 41.021642], [-3.052333, 41.021771], [-3.052638, 41.021889], [-3.052927, 41.021992], [-3.053202, 41.02208], [-3.053414, 41.022255], [-3.053562, 41.022518], [-3.053736, 41.022734], [-3.053934, 41.022902], [-3.054038, 41.023118], [-3.054047, 41.023382], [-3.054074, 41.023617], [-3.054117, 41.023823], [-3.054377, 41.024116], [-3.054853, 41.024495], [-3.055313, 41.024743], [-3.055757, 41.024861], [-3.055943, 41.025137], [-3.055872, 41.025571], [-3.055778, 41.025954], [-3.055663, 41.026288], [-3.055449, 41.026546], [-3.055139, 41.026729], [-3.054784, 41.026926], [-3.054387, 41.027138], [-3.054197, 41.02734], [-3.054214, 41.027532], [-3.054442, 41.027732], [-3.054882, 41.027939], [-3.055523, 41.028163], [-3.056366, 41.028405], [-3.056877, 41.028452], [-3.057055, 41.028304], [-3.056953, 41.02815], [-3.056569, 41.027989], [-3.055976, 41.027829], [-3.055174, 41.02767], [-3.055095, 41.027406], [-3.05574, 41.027038], [-3.056205, 41.026649], [-3.056491, 41.02624], [-3.056694, 41.025656], [-3.056813, 41.024898], [-3.056584, 41.024477], [-3.056008, 41.024395], [-3.055513, 41.024204], [-3.055101, 41.023905], [-3.054871, 41.023697], [-3.054823, 41.02358], [-3.05496, 41.023349], [-3.055284, 41.023006], [-3.055381, 41.022586], [-3.055253, 41.02209], [-3.055013, 41.021777], [-3.054659, 41.021648], [-3.054363, 41.021457], [-3.054123, 41.021206], [-3.054152, 41.020955], [-3.054448, 41.020703], [-3.054829, 41.020467], [-3.055295, 41.020246], [-3.055608, 41.020019], [-3.055768, 41.019785], [-3.055851, 41.019518], [-3.055857, 41.019217], [-3.055965, 41.018902], [-3.056175, 41.018573], [-3.056333, 41.018384], [-3.056439, 41.018335], [-3.056605, 41.018348], [-3.056831, 41.018424], [-3.057086, 41.018532], [-3.057372, 41.018671], [-3.057579, 41.018882], [-3.057709, 41.019165], [-3.057875, 41.0194], [-3.058077, 41.019585], [-3.058397, 41.019719], [-3.058833, 41.019803], [-3.05927, 41.019886], [-3.059707, 41.01997], [-3.060051, 41.02011], [-3.060302, 41.020306], [-3.060615, 41.020574], [-3.060989, 41.020913], [-3.061323, 41.021116], [-3.061617, 41.021184], [-3.061634, 41.020988], [-3.061376, 41.020531], [-3.061086, 41.020207], [-3.060765, 41.020016], [-3.060507, 41.019793], [-3.06031, 41.019535], [-3.059942, 41.01939], [-3.059401, 41.019356], [-3.059319, 41.019234], [-3.059694, 41.019026], [-3.060027, 41.01884], [-3.060319, 41.018677], [-3.060429, 41.018539], [-3.060359, 41.018425], [-3.060085, 41.018452], [-3.059608, 41.018621], [-3.059147, 41.018753], [-3.058702, 41.018848], [-3.058322, 41.018704], [-3.058008, 41.018321], [-3.057775, 41.018043], [-3.057622, 41.017869], [-3.057242, 41.017724], [-3.056636, 41.01761], [-3.056242, 41.017565], [-3.056061, 41.01759], [-3.055757, 41.017807], [-3.055332, 41.018217], [-3.054816, 41.018754], [-3.054211, 41.019417], [-3.053686, 41.01985], [-3.053239, 41.02005], [-3.052851, 41.020199], [-3.052523, 41.020296], [-3.052063, 41.020268], [-3.051472, 41.020117], [-3.051012, 41.020036], [-3.050684, 41.020027], [-3.050176, 41.020156], [-3.049488, 41.020424], [-3.049208, 41.020258], [-3.049337, 41.019658], [-3.049448, 41.019024], [-3.04954, 41.018358], [-3.049462, 41.01782], [-3.049212, 41.017411], [-3.048996, 41.017104], [-3.048813, 41.016898], [-3.048613, 41.016668], [-3.048397, 41.016414], [-3.048186, 41.016407], [-3.04798, 41.016646], [-3.047815, 41.016748], [-3.047691, 41.016711], [-3.047254, 41.016628], [-3.046505, 41.016497], [-3.045799, 41.016405], [-3.045136, 41.016352], [-3.044689, 41.016111], [-3.044459, 41.015681], [-3.044308, 41.01541], [-3.044237, 41.015295], [-3.044089, 41.015192], [-3.043863, 41.015098], [-3.043685, 41.015025], [-3.043554, 41.014971], [-3.043339, 41.014902], [-3.043042, 41.014817], [-3.042686, 41.014785], [-3.042271, 41.014805], [-3.042016, 41.014865], [-3.041921, 41.014966], [-3.041761, 41.014978], [-3.041535, 41.014902], [-3.041419, 41.014847], [-3.041411, 41.014813], [-3.041222, 41.014908], [-3.040851, 41.015134], [-3.040536, 41.0153], [-3.040279, 41.015405], [-3.039979, 41.015471], [-3.039635, 41.015499], [-3.039355, 41.015439], [-3.039138, 41.015291], [-3.039074, 41.015043], [-3.039163, 41.014695], [-3.038923, 41.014382], [-3.038352, 41.014104], [-3.038142, 41.013885], [-3.038295, 41.013723], [-3.038599, 41.013674], [-3.039054, 41.013737], [-3.039355, 41.013671], [-3.0395, 41.013475], [-3.039597, 41.013329], [-3.039647, 41.013234], [-3.039815, 41.01315], [-3.040102, 41.013077], [-3.040238, 41.012891], [-3.040221, 41.012592], [-3.040273, 41.012285], [-3.040393, 41.011969], [-3.040573, 41.011777], [-3.040815, 41.011709], [-3.041159, 41.011628], [-3.041605, 41.011534], [-3.042141, 41.011427], [-3.042768, 41.011309], [-3.043329, 41.011208], [-3.043823, 41.011125], [-3.044255, 41.011129], [-3.044624, 41.011222], [-3.044828, 41.011274], [-3.044868, 41.011286], [-3.04503, 41.011336], [-3.045313, 41.011422], [-3.045613, 41.011497], [-3.045929, 41.011561], [-3.046185, 41.011563], [-3.046382, 41.011501], [-3.0464, 41.011366], [-3.04624, 41.011158], [-3.046051, 41.010979], [-3.045833, 41.010832], [-3.045656, 41.010652], [-3.045518, 41.01044], [-3.045416, 41.010218], [-3.045351, 41.009987], [-3.045305, 41.009825], [-3.045279, 41.009733], [-3.045376, 41.009548], [-3.045597, 41.009272], [-3.04578, 41.009109], [-3.045923, 41.009061], [-3.046097, 41.009002], [-3.046301, 41.008934], [-3.046627, 41.008771], [-3.047074, 41.008513], [-3.047413, 41.008407], [-3.047642, 41.00845], [-3.047918, 41.008407], [-3.048239, 41.008276], [-3.048475, 41.008183], [-3.048627, 41.008127], [-3.048759, 41.008039], [-3.048874, 41.007918], [-3.049056, 41.007734], [-3.049307, 41.007489], [-3.049346, 41.007289], [-3.049174, 41.007135], [-3.048898, 41.007039], [-3.048517, 41.007001], [-3.048288, 41.006908], [-3.04821, 41.006759], [-3.048322, 41.006629], [-3.048625, 41.006518], [-3.048992, 41.006328], [-3.049424, 41.006059], [-3.049751, 41.005786], [-3.049972, 41.005509], [-3.050175, 41.005261], [-3.050362, 41.005042], [-3.050592, 41.004834], [-3.050865, 41.004639], [-3.051029, 41.004537], [-3.051086, 41.00453], [-3.051245, 41.004482], [-3.051506, 41.004395], [-3.051877, 41.004222], [-3.052357, 41.003963], [-3.052695, 41.003689], [-3.05289, 41.003398], [-3.053103, 41.003063], [-3.053334, 41.002686], [-3.053464, 41.002474], [-3.053493, 41.002428], [-3.053534, 41.00226], [-3.053589, 41.00197], [-3.053549, 41.001613], [-3.053413, 41.001189], [-3.053261, 41.000855], [-3.053094, 41.000612], [-3.052988, 41.000388], [-3.052944, 41.000181], [-3.053001, 40.9999], [-3.053159, 40.999543], [-3.053431, 40.999233], [-3.053817, 40.998969], [-3.054603, 40.998556], [-3.055788, 40.997992], [-3.056512, 40.997674], [-3.056776, 40.997604], [-3.057173, 40.997551], [-3.057701, 40.997517], [-3.057995, 40.997499], [-3.058056, 40.997498], [-3.058166, 40.997466], [-3.058324, 40.997402], [-3.05869, 40.99735], [-3.059263, 40.997309], [-3.059836, 40.997268], [-3.06041, 40.997228], [-3.060789, 40.997202], [-3.060975, 40.997193], [-3.061182, 40.997182], [-3.061411, 40.99717], [-3.061537, 40.997163], [-3.06156, 40.997162], [-3.061576, 40.99717], [-3.061584, 40.997187], [-3.061794, 40.997301], [-3.062206, 40.997511], [-3.062636, 40.997683], [-3.063083, 40.997818], [-3.063512, 40.99792], [-3.063923, 40.99799], [-3.064091, 40.998126], [-3.064018, 40.998331], [-3.063964, 40.998515], [-3.063928, 40.998678], [-3.06373, 40.998784], [-3.063367, 40.998833], [-3.063068, 40.998793], [-3.062831, 40.998665], [-3.062679, 40.998606], [-3.062611, 40.998615], [-3.062424, 40.998719], [-3.062117, 40.998919], [-3.061934, 40.999156], [-3.061875, 40.999429], [-3.061989, 40.999581], [-3.062275, 40.999614], [-3.062546, 40.999516], [-3.0628, 40.999288], [-3.063091, 40.999179], [-3.063419, 40.999188], [-3.063811, 40.999171], [-3.064268, 40.999128], [-3.064715, 40.999096], [-3.065152, 40.999073], [-3.065389, 40.998979], [-3.065424, 40.998816], [-3.065564, 40.998762], [-3.065808, 40.998818], [-3.065961, 40.998862], [-3.066023, 40.998895], [-3.066246, 40.999016], [-3.066631, 40.999224], [-3.066939, 40.999268], [-3.06717, 40.999149], [-3.067373, 40.999007], [-3.067548, 40.998843], [-3.067636, 40.99876], [-3.067638, 40.998758], [-3.067739, 40.998683], [-3.067938, 40.998534], [-3.068164, 40.998345], [-3.068419, 40.998117], [-3.068766, 40.997832], [-3.069206, 40.997491], [-3.069553, 40.997259], [-3.069806, 40.997137], [-3.070153, 40.997179], [-3.070592, 40.997386], [-3.071003, 40.99757], [-3.071387, 40.997731], [-3.071978, 40.997998], [-3.072778, 40.998369], [-3.073263, 40.998622], [-3.073431, 40.998759], [-3.073515, 40.998881], [-3.073514, 40.998987], [-3.073561, 40.999096], [-3.073654, 40.999207], [-3.073797, 40.999276], [-3.073989, 40.999304], [-3.074142, 40.99939], [-3.074258, 40.999536], [-3.074389, 40.999607], [-3.074537, 40.999603], [-3.074757, 40.999856], [-3.075051, 41.000365], [-3.075342, 41.000751], [-3.07563, 41.001013], [-3.075867, 41.001415], [-3.076051, 41.001956], [-3.076179, 41.002398], [-3.076252, 41.002742], [-3.076389, 41.00306], [-3.07659, 41.003352], [-3.07682, 41.003666], [-3.077077, 41.004003], [-3.077413, 41.004215], [-3.077827, 41.004301], [-3.078045, 41.004396], [-3.078067, 41.004499], [-3.078265, 41.00472], [-3.078639, 41.005059], [-3.079328, 41.005675], [-3.080332, 41.006567], [-3.081276, 41.007396], [-3.08216, 41.008163], [-3.082687, 41.008676], [-3.082859, 41.008936], [-3.0831, 41.009143], [-3.083412, 41.009296], [-3.083733, 41.009439], [-3.084064, 41.009571], [-3.084303, 41.009655], [-3.08445, 41.009688], [-3.084672, 41.009694], [-3.08497, 41.009672], [-3.085285, 41.009727], [-3.085615, 41.00986], [-3.085863, 41.009986], [-3.086028, 41.010106], [-3.086146, 41.010223], [-3.086217, 41.010337], [-3.086337, 41.010463], [-3.086505, 41.010599], [-3.086791, 41.010738], [-3.087193, 41.010879], [-3.087411, 41.010974], [-3.087445, 41.011022], [-3.087484, 41.011085], [-3.08753, 41.011161], [-3.087961, 41.011492], [-3.088778, 41.01208], [-3.089836, 41.012861], [-3.091137, 41.013837], [-3.092281, 41.014454], [-3.093267, 41.014712], [-3.094303, 41.014875], [-3.095388, 41.014942], [-3.096312, 41.014908], [-3.097075, 41.014771], [-3.097677, 41.014646], [-3.098119, 41.014534], [-3.098388, 41.014428], [-3.098483, 41.014327], [-3.098547, 41.014133], [-3.098579, 41.013845], [-3.098618, 41.013646], [-3.098664, 41.013533], [-3.098768, 41.013528], [-3.098929, 41.013631], [-3.09906, 41.013755], [-3.099161, 41.0139], [-3.099392, 41.014002], [-3.099754, 41.01406], [-3.10002, 41.013998], [-3.100191, 41.013816], [-3.100395, 41.013736], [-3.100633, 41.013757], [-3.100862, 41.013798], [-3.101084, 41.013856], [-3.101284, 41.014139], [-3.101461, 41.014646], [-3.101591, 41.014929], [-3.101674, 41.014989], [-3.101792, 41.015], [-3.101947, 41.014961], [-3.102042, 41.01486], [-3.102078, 41.014697], [-3.102143, 41.014511], [-3.102239, 41.014304], [-3.102362, 41.014005], [-3.102512, 41.013613], [-3.102665, 41.01346], [-3.102823, 41.013545], [-3.102924, 41.013691], [-3.102968, 41.013897], [-3.103076, 41.014245], [-3.10325, 41.014735], [-3.103208, 41.015085], [-3.10295, 41.015296], [-3.103026, 41.01549], [-3.103435, 41.015665], [-3.103752, 41.015623], [-3.103977, 41.015363], [-3.104148, 41.015128], [-3.104267, 41.014918], [-3.104261, 41.014671], [-3.104131, 41.014388], [-3.104198, 41.014264], [-3.104462, 41.014299], [-3.104717, 41.014133], [-3.104965, 41.013764], [-3.105092, 41.013649], [-3.105099, 41.01379], [-3.105223, 41.01388], [-3.105464, 41.013918], [-3.105676, 41.013987], [-3.10586, 41.014086], [-3.106178, 41.014212], [-3.106629, 41.014364], [-3.106957, 41.014427], [-3.107161, 41.014399], [-3.107385, 41.014414], [-3.10763, 41.014469], [-3.107751, 41.014604], [-3.10775, 41.014816], [-3.107733, 41.015013], [-3.107702, 41.015194], [-3.107876, 41.015356], [-3.108256, 41.0155], [-3.108643, 41.015625], [-3.109038, 41.015732], [-3.109434, 41.015838], [-3.109829, 41.015945], [-3.110155, 41.016166], [-3.110413, 41.016503], [-3.110749, 41.016715], [-3.111163, 41.016801], [-3.111565, 41.016774], [-3.111954, 41.016634], [-3.112342, 41.016538], [-3.112727, 41.016486], [-3.113092, 41.016508], [-3.113438, 41.016604], [-3.113535, 41.016564], [-3.113381, 41.01639], [-3.113068, 41.016229], [-3.112594, 41.01608], [-3.112306, 41.015933], [-3.112206, 41.015787], [-3.112188, 41.015648], [-3.112253, 41.015515], [-3.112412, 41.015441], [-3.112664, 41.015425], [-3.112815, 41.015255], [-3.112862, 41.01493], [-3.112922, 41.014666], [-3.112996, 41.014461], [-3.112933, 41.014275], [-3.112734, 41.014107], [-3.112588, 41.013914], [-3.112496, 41.013697], [-3.112573, 41.013457], [-3.11282, 41.013194], [-3.113168, 41.012971], [-3.113618, 41.012787], [-3.113865, 41.012577], [-3.113908, 41.012342], [-3.113763, 41.012096], [-3.113429, 41.01184], [-3.113273, 41.011542], [-3.113294, 41.011203], [-3.113381, 41.010953], [-3.113533, 41.010791], [-3.113756, 41.010691], [-3.11405, 41.010652], [-3.114305, 41.010591], [-3.114521, 41.010509], [-3.114632, 41.010265], [-3.114639, 41.009857], [-3.114571, 41.009539], [-3.114429, 41.00931], [-3.114345, 41.009021], [-3.114317, 41.008671], [-3.114165, 41.008285], [-3.113889, 41.007862], [-3.113709, 41.007568], [-3.113625, 41.007405], [-3.113566, 41.007289], [-3.113531, 41.007221], [-3.113495, 41.007048], [-3.11346, 41.00677], [-3.113428, 41.006403], [-3.113402, 41.005946], [-3.113526, 41.005656], [-3.113802, 41.00553], [-3.114136, 41.005459], [-3.114529, 41.005442], [-3.114857, 41.005452], [-3.11512, 41.005487], [-3.115331, 41.005548], [-3.115489, 41.005633], [-3.115704, 41.005825], [-3.115977, 41.006124], [-3.11611, 41.006295], [-3.116103, 41.006337], [-3.1161, 41.006358], [-3.116101, 41.006358], [-3.116118, 41.0064], [-3.116151, 41.006484], [-3.116174, 41.006558], [-3.116187, 41.006621], [-3.116233, 41.006727], [-3.116311, 41.006876], [-3.11648, 41.007012], [-3.116739, 41.007137], [-3.116924, 41.007183], [-3.117033, 41.007151], [-3.117143, 41.007065], [-3.117253, 41.006927], [-3.117323, 41.006696], [-3.117351, 41.006374], [-3.117445, 41.006158], [-3.117605, 41.006049], [-3.117877, 41.005968], [-3.118262, 41.005917], [-3.118639, 41.005884], [-3.119008, 41.00587], [-3.119412, 41.005905], [-3.119848, 41.005988], [-3.120415, 41.006081], [-3.121112, 41.006182], [-3.121593, 41.006144], [-3.121858, 41.005968], [-3.122039, 41.005775], [-3.122134, 41.005568], [-3.122305, 41.005386], [-3.122551, 41.00523], [-3.12281, 41.005133], [-3.123082, 41.005097], [-3.123347, 41.004973], [-3.123605, 41.004762], [-3.123836, 41.004537], [-3.124041, 41.004297], [-3.124589, 41.004135], [-3.12548, 41.004052], [-3.126071, 41.003721], [-3.126364, 41.003141], [-3.126619, 41.002639], [-3.126834, 41.002213], [-3.127089, 41.001706], [-3.127383, 41.001119], [-3.127524, 41.000685], [-3.127511, 41.000403], [-3.127456, 41.000092], [-3.127361, 40.999751], [-3.127366, 40.999503], [-3.127473, 40.999347], [-3.127635, 40.99929], [-3.127854, 40.999332], [-3.128128, 40.999525], [-3.128457, 40.99987], [-3.128822, 41.000166], [-3.129224, 41.000413], [-3.129432, 41.000624], [-3.129446, 41.000799], [-3.129628, 41.000943], [-3.129977, 41.001055], [-3.130507, 41.001168], [-3.131216, 41.001282], [-3.131637, 41.001349], [-3.131772, 41.001371], [-3.132184, 41.001362], [-3.132875, 41.001323], [-3.133596, 41.001156], [-3.134348, 41.000861], [-3.134977, 41.000572], [-3.135482, 41.00029], [-3.135919, 41.000046], [-3.136288, 40.99984], [-3.136532, 40.999526], [-3.136652, 40.999103], [-3.137191, 40.998571], [-3.138149, 40.99793], [-3.1392, 40.997233], [-3.140344, 40.996479], [-3.141108, 40.995855], [-3.141492, 40.995362], [-3.141985, 40.995163], [-3.142587, 40.995259], [-3.143147, 40.995264], [-3.143664, 40.995177], [-3.144276, 40.994936], [-3.144984, 40.994541], [-3.145519, 40.994319], [-3.145881, 40.994271], [-3.146152, 40.99412], [-3.14633, 40.993866], [-3.146781, 40.993576], [-3.147503, 40.993249], [-3.148191, 40.993033], [-3.148843, 40.992928], [-3.149364, 40.992859], [-3.149753, 40.992825], [-3.150243, 40.992777], [-3.150835, 40.992715], [-3.151358, 40.992601], [-3.151811, 40.992434], [-3.152179, 40.992412], [-3.152461, 40.992533], [-3.152779, 40.992552], [-3.153134, 40.992469], [-3.153402, 40.992469], [-3.153582, 40.992551], [-3.153643, 40.992728], [-3.153585, 40.993001], [-3.153642, 40.993215], [-3.153814, 40.993369], [-3.15417, 40.993454], [-3.154709, 40.99347], [-3.155291, 40.993304], [-3.155915, 40.992955], [-3.156603, 40.992633], [-3.157355, 40.992338], [-3.157879, 40.992117], [-3.158174, 40.991972], [-3.158553, 40.991895], [-3.159017, 40.991886], [-3.15947, 40.991879], [-3.159914, 40.991874], [-3.160501, 40.991733], [-3.161231, 40.991457], [-3.163031, 40.990729], [-3.165899, 40.989549], [-3.167539, 40.988994], [-3.167949, 40.989062], [-3.168401, 40.989161], [-3.168894, 40.98929], [-3.169243, 40.989455], [-3.16945, 40.989657], [-3.169702, 40.989747], [-3.169999, 40.989725], [-3.170333, 40.98976], [-3.170702, 40.989852], [-3.170932, 40.989786], [-3.171024, 40.989561], [-3.171319, 40.989089], [-3.171817, 40.988367], [-3.172135, 40.987892], [-3.172272, 40.987661], [-3.172488, 40.98742], [-3.172784, 40.987168], [-3.173023, 40.986924], [-3.173205, 40.986687], [-3.173438, 40.986523], [-3.173722, 40.986432], [-3.173966, 40.986267], [-3.174171, 40.986027], [-3.174308, 40.985797], [-3.174377, 40.985575], [-3.174394, 40.985325], [-3.174358, 40.985047], [-3.17441, 40.984801], [-3.174551, 40.984588], [-3.174747, 40.984305], [-3.174998, 40.983953], [-3.175188, 40.983645], [-3.175318, 40.98338], [-3.175376, 40.983213], [-3.175361, 40.983144], [-3.175443, 40.98293], [-3.175623, 40.98257], [-3.17589, 40.982295], [-3.176245, 40.982106], [-3.176627, 40.981984], [-3.177034, 40.98193], [-3.177368, 40.981911], [-3.177628, 40.98193], [-3.177847, 40.981918], [-3.178024, 40.981877], [-3.178307, 40.981786], [-3.178696, 40.981645], [-3.179242, 40.981528], [-3.179943, 40.981434], [-3.180474, 40.981468], [-3.180835, 40.981632], [-3.181159, 40.981624], [-3.181447, 40.981444], [-3.181662, 40.981362], [-3.181805, 40.981378], [-3.18199, 40.981424], [-3.182215, 40.9815], [-3.182563, 40.981657], [-3.183033, 40.981895], [-3.18342, 40.982073], [-3.183724, 40.982191], [-3.183997, 40.982322], [-3.184237, 40.982467], [-3.184502, 40.98267], [-3.18479, 40.982932], [-3.185118, 40.982994], [-3.185484, 40.982857], [-3.185816, 40.98283], [-3.186113, 40.982914], [-3.186362, 40.982987], [-3.186561, 40.983048], [-3.186702, 40.983162], [-3.186784, 40.983328], [-3.186769, 40.983533], [-3.186658, 40.983778], [-3.186485, 40.984058], [-3.18625, 40.984372], [-3.186001, 40.984627], [-3.18574, 40.984821], [-3.185525, 40.985071], [-3.185358, 40.985376], [-3.185203, 40.985689], [-3.185062, 40.986008], [-3.185038, 40.986277], [-3.18513, 40.986494], [-3.185349, 40.986696], [-3.185694, 40.986881], [-3.185892, 40.986988], [-3.185941, 40.987014], [-3.186273, 40.986995], [-3.186888, 40.98693], [-3.187375, 40.986812], [-3.187734, 40.98664], [-3.187928, 40.986623], [-3.187958, 40.98676], [-3.187923, 40.986924], [-3.187824, 40.987114], [-3.187979, 40.987191], [-3.188391, 40.987153], [-3.188751, 40.987149], [-3.189059, 40.987178], [-3.189096, 40.987297], [-3.188861, 40.987506], [-3.188474, 40.987708], [-3.187934, 40.987904], [-3.18741, 40.988125], [-3.186904, 40.98837], [-3.186409, 40.988613], [-3.185925, 40.988855], [-3.185531, 40.989084], [-3.185228, 40.989302], [-3.184886, 40.989498], [-3.184504, 40.989673], [-3.184077, 40.989854], [-3.183605, 40.990041], [-3.18323, 40.990304], [-3.182953, 40.990641], [-3.182969, 40.990825], [-3.183278, 40.990854], [-3.183628, 40.990967], [-3.184018, 40.991162], [-3.184346, 40.991224], [-3.18461, 40.991153], [-3.184888, 40.991089], [-3.185178, 40.991033], [-3.185414, 40.990992], [-3.185595, 40.990968], [-3.185905, 40.990838], [-3.186344, 40.990602], [-3.186752, 40.990441], [-3.187129, 40.990355], [-3.187528, 40.990205], [-3.187948, 40.989989], [-3.188246, 40.989861], [-3.188424, 40.989819], [-3.18861, 40.989821], [-3.188806, 40.989865], [-3.188884, 40.989793], [-3.188843, 40.989604], [-3.188831, 40.98949], [-3.188846, 40.989453], [-3.189026, 40.989314], [-3.18937, 40.989073], [-3.189677, 40.988926], [-3.189944, 40.988872], [-3.190181, 40.988779], [-3.190385, 40.988645], [-3.190682, 40.988455], [-3.191072, 40.988208], [-3.191405, 40.988022], [-3.19168, 40.987897], [-3.192196, 40.987801], [-3.19295, 40.987735], [-3.193438, 40.987678], [-3.193661, 40.987631], [-3.193775, 40.987509], [-3.19378, 40.987314], [-3.193702, 40.987059], [-3.193542, 40.986745], [-3.193485, 40.986531], [-3.193531, 40.986419], [-3.193686, 40.986275], [-3.193951, 40.986098], [-3.194082, 40.985947], [-3.194079, 40.985824], [-3.194136, 40.98571], [-3.194253, 40.985606], [-3.194451, 40.985606], [-3.19473, 40.98571], [-3.194965, 40.98567], [-3.195159, 40.985484], [-3.195317, 40.98541], [-3.195442, 40.985446], [-3.195542, 40.985645], [-3.195619, 40.986006], [-3.195474, 40.986256], [-3.195108, 40.986393], [-3.194949, 40.986521], [-3.194997, 40.986638], [-3.195128, 40.986815], [-3.195342, 40.987052], [-3.195685, 40.987244], [-3.196159, 40.987393], [-3.196611, 40.987491], [-3.197041, 40.98754], [-3.197487, 40.987559], [-3.197951, 40.98755], [-3.198136, 40.987437], [-3.198043, 40.987219], [-3.198018, 40.986993], [-3.198061, 40.986757], [-3.198333, 40.986668], [-3.198834, 40.986724], [-3.199265, 40.986728], [-3.199628, 40.986679], [-3.199779, 40.986518], [-3.199721, 40.986243], [-3.199569, 40.986077], [-3.199324, 40.986022], [-3.198986, 40.985908], [-3.198553, 40.985736], [-3.198205, 40.985579], [-3.197942, 40.985438], [-3.197825, 40.985215], [-3.197853, 40.98491], [-3.197746, 40.984624], [-3.197502, 40.984356], [-3.197445, 40.984143], [-3.197574, 40.983984], [-3.197675, 40.983803], [-3.197748, 40.983598], [-3.197869, 40.983458], [-3.198039, 40.983382], [-3.198254, 40.983353], [-3.198514, 40.983372], [-3.19877, 40.983532], [-3.19902, 40.983834], [-3.199081, 40.984118], [-3.198951, 40.984383], [-3.199092, 40.98455], [-3.199502, 40.984618], [-3.199745, 40.984559], [-3.199822, 40.984372], [-3.199957, 40.984239], [-3.200149, 40.98416], [-3.200284, 40.983974], [-3.200361, 40.983681], [-3.20044, 40.983449], [-3.20052, 40.983279], [-3.20061, 40.983099], [-3.200709, 40.982909], [-3.200783, 40.982713], [-3.200833, 40.982512], [-3.200876, 40.982382], [-3.20091, 40.982325], [-3.200974, 40.982245], [-3.201069, 40.982144], [-3.201153, 40.981991], [-3.201226, 40.981787], [-3.201333, 40.981578], [-3.201473, 40.981365], [-3.201453, 40.981217], [-3.201273, 40.981135], [-3.200973, 40.981149], [-3.200554, 40.981258], [-3.200166, 40.981346], [-3.199807, 40.981412], [-3.199434, 40.981462], [-3.199045, 40.981496], [-3.198738, 40.981529], [-3.198512, 40.981559], [-3.198398, 40.981627], [-3.198398, 40.981734], [-3.198493, 40.981853], [-3.198684, 40.981987], [-3.198827, 40.982162], [-3.19892, 40.98238], [-3.199127, 40.982423], [-3.199448, 40.982291], [-3.199687, 40.982374], [-3.199843, 40.982671], [-3.199744, 40.982862], [-3.199389, 40.982945], [-3.198931, 40.98298], [-3.19837, 40.982967], [-3.197948, 40.982952], [-3.197665, 40.982937], [-3.197428, 40.982863], [-3.197237, 40.98273], [-3.197239, 40.982579], [-3.197436, 40.982411], [-3.197332, 40.982248], [-3.196926, 40.98209], [-3.196921, 40.981905], [-3.197318, 40.981693], [-3.197387, 40.981578], [-3.197127, 40.981559], [-3.19682, 40.981539], [-3.196465, 40.981516], [-3.196254, 40.981562], [-3.196186, 40.981677], [-3.19611, 40.981979], [-3.196028, 40.982467], [-3.195826, 40.982663], [-3.195502, 40.982565], [-3.195272, 40.982525], [-3.195136, 40.982543], [-3.194974, 40.9826], [-3.194785, 40.982696], [-3.194616, 40.982887], [-3.194468, 40.983172], [-3.194379, 40.983414], [-3.194352, 40.983612], [-3.194326, 40.983819], [-3.194302, 40.984034], [-3.194207, 40.984135], [-3.194042, 40.984122], [-3.193875, 40.983994], [-3.193707, 40.983752], [-3.193415, 40.983641], [-3.193, 40.983661], [-3.192786, 40.983583], [-3.192772, 40.983409], [-3.192684, 40.983376], [-3.192521, 40.983486], [-3.192266, 40.983547], [-3.191919, 40.983558], [-3.191801, 40.983505], [-3.191911, 40.983387], [-3.192035, 40.983256], [-3.192171, 40.983111], [-3.19211, 40.98287], [-3.191852, 40.982533], [-3.191625, 40.982342], [-3.191429, 40.982298], [-3.191368, 40.982173], [-3.191441, 40.981969], [-3.191563, 40.981723], [-3.191734, 40.981434], [-3.192082, 40.981211], [-3.192607, 40.981052], [-3.192829, 40.980837], [-3.192747, 40.980565], [-3.192755, 40.980325], [-3.19285, 40.980118], [-3.192997, 40.979771], [-3.193196, 40.979284], [-3.193467, 40.978646], [-3.193811, 40.977857], [-3.194252, 40.977303], [-3.194789, 40.976983], [-3.195535, 40.976662], [-3.19649, 40.976339], [-3.197006, 40.976164], [-3.197083, 40.976135], [-3.197449, 40.975997], [-3.198105, 40.975751], [-3.198822, 40.97554], [-3.1996, 40.975365], [-3.200253, 40.975047], [-3.200784, 40.974587], [-3.201264, 40.974001], [-3.201694, 40.973288], [-3.201908, 40.972764], [-3.201906, 40.972429], [-3.201716, 40.97203], [-3.201338, 40.971568], [-3.201028, 40.971203], [-3.200784, 40.970935], [-3.20068, 40.970666], [-3.200716, 40.970396], [-3.20074, 40.970127], [-3.200753, 40.96986], [-3.200785, 40.969573], [-3.200836, 40.969265], [-3.200867, 40.969084], [-3.200878, 40.96903], [-3.201066, 40.968872], [-3.201429, 40.968611], [-3.201728, 40.968482], [-3.201961, 40.968486], [-3.202101, 40.968379], [-3.202148, 40.968161], [-3.202073, 40.967976], [-3.201878, 40.967825], [-3.201804, 40.967641], [-3.201851, 40.967422], [-3.201982, 40.967113], [-3.202199, 40.966712], [-3.202399, 40.966341], [-3.202582, 40.965998], [-3.202718, 40.965724], [-3.202807, 40.965518], [-3.202901, 40.965302], [-3.202999, 40.965076], [-3.203136, 40.964864], [-3.203313, 40.964668], [-3.203548, 40.964406], [-3.203842, 40.96408], [-3.204195, 40.963685], [-3.204609, 40.963223], [-3.205013, 40.962771], [-3.205407, 40.962329], [-3.205699, 40.962006], [-3.205889, 40.961804], [-3.20608, 40.961557], [-3.206274, 40.961266], [-3.206388, 40.960971], [-3.206421, 40.960672], [-3.206452, 40.960384], [-3.206483, 40.960109], [-3.206544, 40.959859], [-3.206636, 40.959634], [-3.206807, 40.959399], [-3.207057, 40.959153], [-3.207363, 40.958951], [-3.207725, 40.958792], [-3.207875, 40.958621], [-3.207812, 40.95844], [-3.207517, 40.958313], [-3.20699, 40.958243], [-3.206618, 40.958134], [-3.2064, 40.957986], [-3.206167, 40.957876], [-3.205919, 40.957803], [-3.205654, 40.957706], [-3.205372, 40.957585], [-3.205128, 40.957476], [-3.204921, 40.95738], [-3.204947, 40.957279], [-3.205203, 40.957174], [-3.205417, 40.957084], [-3.205587, 40.957008], [-3.205708, 40.956921], [-3.20578, 40.956823], [-3.205798, 40.956688], [-3.205761, 40.956516], [-3.205796, 40.956352], [-3.205902, 40.956196], [-3.20595, 40.956039], [-3.20594, 40.955881], [-3.205809, 40.955758], [-3.205557, 40.955668], [-3.205422, 40.95558], [-3.205403, 40.955494], [-3.20547, 40.95537], [-3.205622, 40.955208], [-3.205836, 40.954905], [-3.206114, 40.954461], [-3.206398, 40.954157], [-3.206689, 40.953994], [-3.206896, 40.953816], [-3.207017, 40.953623], [-3.207212, 40.953447], [-3.207481, 40.953287], [-3.20779, 40.95321], [-3.20814, 40.953216], [-3.208633, 40.953291], [-3.209269, 40.953435], [-3.209801, 40.953585], [-3.21023, 40.95374], [-3.210538, 40.953875], [-3.210726, 40.953991], [-3.210893, 40.954119], [-3.211039, 40.954259], [-3.211266, 40.954396], [-3.211574, 40.954531], [-3.211827, 40.954736], [-3.212025, 40.95501], [-3.212253, 40.955095], [-3.21251, 40.954989], [-3.212643, 40.954795], [-3.212652, 40.95451], [-3.212493, 40.954311], [-3.212166, 40.954196], [-3.211895, 40.95402], [-3.211682, 40.953783], [-3.211472, 40.953564], [-3.211266, 40.953361], [-3.211075, 40.953175], [-3.210899, 40.953004], [-3.210783, 40.952843], [-3.210728, 40.952691], [-3.210653, 40.95256], [-3.21056, 40.952448], [-3.210409, 40.952451], [-3.210201, 40.952567], [-3.210005, 40.952576], [-3.209821, 40.952477], [-3.209594, 40.952393], [-3.209323, 40.952323], [-3.208999, 40.952225], [-3.208623, 40.952099], [-3.208287, 40.951993], [-3.20799, 40.95191], [-3.2079, 40.951762], [-3.208018, 40.951552], [-3.208146, 40.951332], [-3.208283, 40.951101], [-3.20844, 40.950912], [-3.208618, 40.950764], [-3.208525, 40.9506], [-3.20816, 40.950419], [-3.208001, 40.950254], [-3.208048, 40.950105], [-3.208065, 40.950023], [-3.208054, 40.950008], [-3.208052, 40.949912], [-3.208061, 40.949734], [-3.208079, 40.949545], [-3.208106, 40.949347], [-3.208123, 40.94913], [-3.208129, 40.948895], [-3.207977, 40.948508], [-3.207666, 40.947971], [-3.207395, 40.947595], [-3.207163, 40.947378], [-3.206979, 40.947173], [-3.206845, 40.946979], [-3.206661, 40.946774], [-3.206429, 40.946557], [-3.206226, 40.946257], [-3.206051, 40.945874], [-3.205879, 40.945614], [-3.20571, 40.945478], [-3.20567, 40.945342], [-3.205757, 40.945206], [-3.205924, 40.94506], [-3.20617, 40.944903], [-3.206148, 40.9448], [-3.205858, 40.944751], [-3.205612, 40.944633], [-3.205409, 40.944448], [-3.205358, 40.944261], [-3.205457, 40.94407], [-3.205538, 40.943962], [-3.205603, 40.943936], [-3.205793, 40.943955], [-3.206109, 40.944018], [-3.206355, 40.944082], [-3.206532, 40.944147], [-3.206787, 40.944254], [-3.207122, 40.944404], [-3.207575, 40.944511], [-3.208147, 40.944575], [-3.208721, 40.944649], [-3.209297, 40.94473], [-3.209765, 40.9448], [-3.210127, 40.944857], [-3.210503, 40.944931], [-3.210894, 40.94502], [-3.211303, 40.94508], [-3.211728, 40.945111], [-3.212073, 40.945141], [-3.212337, 40.945171], [-3.212558, 40.945115], [-3.212735, 40.944973], [-3.212878, 40.944832], [-3.212988, 40.944694], [-3.213048, 40.944482], [-3.213057, 40.944198], [-3.2131, 40.944016], [-3.213175, 40.943935], [-3.213237, 40.943785], [-3.213283, 40.943566], [-3.213278, 40.943434], [-3.213222, 40.943389], [-3.212971, 40.943414], [-3.212526, 40.943509], [-3.212138, 40.94349], [-3.211808, 40.943358], [-3.211607, 40.943182], [-3.211537, 40.942961], [-3.211446, 40.942752], [-3.211334, 40.942555], [-3.211329, 40.942423], [-3.211431, 40.942356], [-3.211546, 40.94235], [-3.211674, 40.942403], [-3.21183, 40.942427], [-3.212015, 40.942419], [-3.212126, 40.942342], [-3.212165, 40.942196], [-3.212058, 40.942024], [-3.211807, 40.941828], [-3.211665, 40.9416], [-3.211633, 40.941339], [-3.211653, 40.941159], [-3.211725, 40.941061], [-3.211728, 40.94091], [-3.211661, 40.940707], [-3.211578, 40.94048], [-3.211477, 40.940228], [-3.21134, 40.939963], [-3.211164, 40.939686], [-3.211288, 40.939449], [-3.211711, 40.93925], [-3.211993, 40.939265], [-3.212135, 40.939494], [-3.212292, 40.939464], [-3.212463, 40.939176], [-3.212501, 40.938808], [-3.212405, 40.938361], [-3.212507, 40.937967], [-3.212807, 40.937626], [-3.213147, 40.937421], [-3.213528, 40.937352], [-3.213781, 40.93723], [-3.213906, 40.937054], [-3.213996, 40.936874], [-3.214049, 40.93669], [-3.214067, 40.936501], [-3.21405, 40.936309], [-3.214019, 40.936057], [-3.213976, 40.935744], [-3.213966, 40.93548], [-3.21399, 40.935265], [-3.213948, 40.935067], [-3.213839, 40.934887], [-3.213754, 40.934704], [-3.213691, 40.934518], [-3.213596, 40.934345], [-3.213469, 40.934186], [-3.213355, 40.934033], [-3.213254, 40.933887], [-3.213138, 40.933673], [-3.213008, 40.93339], [-3.212978, 40.933137], [-3.213047, 40.932916], [-3.21311, 40.932775], [-3.213166, 40.932714], [-3.213512, 40.932809], [-3.214147, 40.93306], [-3.214677, 40.933254], [-3.215102, 40.933391], [-3.215376, 40.933637], [-3.215498, 40.933992], [-3.215643, 40.934344], [-3.21581, 40.934693], [-3.216021, 40.934974], [-3.216276, 40.935187], [-3.216531, 40.935348], [-3.216787, 40.935455], [-3.216985, 40.935522], [-3.217127, 40.935551], [-3.217217, 40.935539], [-3.217257, 40.935486], [-3.217374, 40.935482], [-3.21757, 40.935526], [-3.217786, 40.935612], [-3.218022, 40.935739], [-3.218192, 40.935866], [-3.218294, 40.935991], [-3.218478, 40.93609], [-3.218744, 40.936163], [-3.219174, 40.936504], [-3.21977, 40.937114], [-3.220471, 40.937727], [-3.221277, 40.938343], [-3.222044, 40.938833], [-3.222773, 40.939194], [-3.223432, 40.939506], [-3.224022, 40.939767], [-3.22433, 40.939895], [-3.224356, 40.939891], [-3.224548, 40.939969], [-3.224905, 40.940129], [-3.22616, 40.940675], [-3.228313, 40.941605], [-3.230367, 40.942505], [-3.232321, 40.943374], [-3.233409, 40.943837], [-3.233631, 40.943896], [-3.233928, 40.943927], [-3.234301, 40.943929], [-3.234453, 40.944042], [-3.234384, 40.944263], [-3.234246, 40.944432], [-3.234038, 40.944549], [-3.233822, 40.944684], [-3.233599, 40.944838], [-3.233478, 40.944978], [-3.233458, 40.945104], [-3.233469, 40.945262], [-3.233509, 40.945451], [-3.233636, 40.945611], [-3.23385, 40.945741], [-3.233966, 40.945902], [-3.233984, 40.946094], [-3.233851, 40.946289], [-3.233568, 40.946487], [-3.233302, 40.946602], [-3.233053, 40.946636], [-3.232907, 40.94677], [-3.232864, 40.947006], [-3.232869, 40.947191], [-3.232921, 40.947325], [-3.233024, 40.947373], [-3.233179, 40.947335], [-3.233358, 40.947302], [-3.233562, 40.947275], [-3.233732, 40.947199], [-3.233868, 40.947074], [-3.234008, 40.946967], [-3.234151, 40.946877], [-3.234376, 40.946838], [-3.234681, 40.94685], [-3.234896, 40.946821], [-3.23502, 40.946751], [-3.235234, 40.94666], [-3.235536, 40.946549], [-3.235807, 40.946512], [-3.236048, 40.94655], [-3.236214, 40.946457], [-3.236306, 40.946233], [-3.23636, 40.945996], [-3.236376, 40.945746], [-3.236388, 40.945585], [-3.236396, 40.945513], [-3.236485, 40.945439], [-3.236655, 40.945363], [-3.236844, 40.94532], [-3.237051, 40.94531], [-3.237185, 40.945177], [-3.237247, 40.944921], [-3.237336, 40.944741], [-3.237454, 40.944637], [-3.237565, 40.944666], [-3.237669, 40.944829], [-3.237806, 40.944925], [-3.237976, 40.944955], [-3.238115, 40.944901], [-3.238225, 40.944763], [-3.238322, 40.944617], [-3.238406, 40.944464], [-3.238481, 40.944383], [-3.238549, 40.944374], [-3.238677, 40.944428], [-3.238865, 40.944544], [-3.239013, 40.944692], [-3.239121, 40.944872], [-3.23935, 40.945018], [-3.2397, 40.94513], [-3.239884, 40.945123], [-3.239904, 40.944996], [-3.239946, 40.94492], [-3.24001, 40.944893], [-3.240131, 40.944806], [-3.240309, 40.944659], [-3.240438, 40.944447], [-3.240519, 40.94417], [-3.240459, 40.943949], [-3.240261, 40.943781], [-3.240574, 40.943615], [-3.2414, 40.94345], [-3.24186, 40.943424], [-3.241953, 40.943535], [-3.2422, 40.943546], [-3.2426, 40.943457], [-3.242809, 40.943349], [-3.242829, 40.943222], [-3.242837, 40.943044], [-3.242835, 40.942815], [-3.242843, 40.942584], [-3.242863, 40.942351], [-3.242936, 40.942147], [-3.243061, 40.941971], [-3.243173, 40.941894], [-3.243271, 40.941916], [-3.243386, 40.941909], [-3.243518, 40.941874], [-3.24361, 40.941764], [-3.243664, 40.94158], [-3.243816, 40.941418], [-3.244065, 40.941278], [-3.244183, 40.941068], [-3.244169, 40.940787], [-3.244375, 40.940662], [-3.244801, 40.940693], [-3.244834, 40.940467], [-3.244475, 40.939985], [-3.244077, 40.939702], [-3.243641, 40.93962], [-3.24344, 40.939443], [-3.243475, 40.939173], [-3.243371, 40.939011], [-3.243126, 40.938955], [-3.242941, 40.938761], [-3.242814, 40.938428], [-3.242734, 40.938218], [-3.242701, 40.93813], [-3.2425, 40.93804], [-3.242131, 40.937948], [-3.241957, 40.937786], [-3.241977, 40.937554], [-3.242014, 40.937398], [-3.242067, 40.93732], [-3.242239, 40.9372], [-3.24253, 40.937037], [-3.24284, 40.936854], [-3.243168, 40.93665], [-3.243388, 40.936479], [-3.243498, 40.93634], [-3.243664, 40.936247], [-3.243886, 40.9362], [-3.244173, 40.936179], [-3.244523, 40.936184], [-3.244826, 40.936241], [-3.245081, 40.936348], [-3.245319, 40.936316], [-3.245538, 40.936145], [-3.245731, 40.936013], [-3.245897, 40.93592], [-3.246088, 40.935832], [-3.246303, 40.93575], [-3.246514, 40.935704], [-3.246721, 40.935693], [-3.247063, 40.935824], [-3.24754, 40.936096], [-3.247848, 40.936337], [-3.247986, 40.936549], [-3.248121, 40.93669], [-3.248252, 40.93676], [-3.248414, 40.936862], [-3.248605, 40.936996], [-3.248707, 40.93707], [-3.248718, 40.937086], [-3.248726, 40.937095], [-3.248729, 40.937097], [-3.248738, 40.937101], [-3.248752, 40.937108], [-3.248825, 40.937097], [-3.248958, 40.937068], [-3.249117, 40.937051], [-3.249302, 40.937043], [-3.249439, 40.93714], [-3.249528, 40.93734], [-3.249616, 40.937551], [-3.249703, 40.937771], [-3.249752, 40.937889], [-3.249761, 40.937902], [-3.249783, 40.937907], [-3.249818, 40.937902], [-3.249942, 40.937886], [-3.250156, 40.937857], [-3.250384, 40.937861], [-3.250625, 40.9379], [-3.250721, 40.938002], [-3.250672, 40.938169], [-3.250646, 40.938261], [-3.25064, 40.938278], [-3.250545, 40.938344], [-3.25036, 40.938457], [-3.250282, 40.938583], [-3.250312, 40.93872], [-3.250407, 40.938787], [-3.250569, 40.938783], [-3.250718, 40.938824], [-3.250853, 40.938912], [-3.250926, 40.939035], [-3.250936, 40.939193], [-3.25087, 40.93937], [-3.250726, 40.939566], [-3.250751, 40.93974], [-3.250946, 40.93989], [-3.251107, 40.939992], [-3.251235, 40.940046], [-3.251357, 40.940127], [-3.251473, 40.940235], [-3.251576, 40.940389], [-3.251666, 40.940589], [-3.251793, 40.940749], [-3.251958, 40.940868], [-3.252063, 40.941031], [-3.252107, 40.941237], [-3.25208, 40.941486], [-3.251982, 40.941777], [-3.251932, 40.941926], [-3.251931, 40.941931], [-3.252089, 40.94208], [-3.252408, 40.942373], [-3.252672, 40.942576], [-3.252883, 40.942689], [-3.25302, 40.942785], [-3.253083, 40.942865], [-3.253053, 40.94294], [-3.252928, 40.94301], [-3.252757, 40.943024], [-3.252539, 40.942983], [-3.252377, 40.942934], [-3.252272, 40.942877], [-3.252003, 40.942806], [-3.251571, 40.94272], [-3.251279, 40.942662], [-3.251128, 40.942632], [-3.250962, 40.942683], [-3.25078, 40.942813], [-3.250632, 40.943099], [-3.250517, 40.943539], [-3.250414, 40.943765], [-3.250323, 40.943777], [-3.24999, 40.943742], [-3.249414, 40.943661], [-3.249194, 40.943717], [-3.249328, 40.943911], [-3.249463, 40.944052], [-3.249598, 40.94414], [-3.249494, 40.944305], [-3.24915, 40.944545], [-3.24907, 40.944715], [-3.249254, 40.944814], [-3.249407, 40.944886], [-3.249528, 40.944929], [-3.249654, 40.944974], [-3.249785, 40.94502], [-3.250031, 40.945072], [-3.250392, 40.94513], [-3.2506, 40.945234], [-3.250656, 40.945386], [-3.250597, 40.945544], [-3.250423, 40.945709], [-3.250418, 40.945851], [-3.250583, 40.94597], [-3.250867, 40.9461], [-3.251269, 40.946241], [-3.251438, 40.946377], [-3.251374, 40.946509], [-3.251088, 40.946645], [-3.250583, 40.946784], [-3.25013, 40.947058], [-3.249728, 40.947465], [-3.249589, 40.947847], [-3.249711, 40.948202], [-3.249666, 40.948482], [-3.249454, 40.948687], [-3.249238, 40.948761], [-3.249016, 40.948702], [-3.248791, 40.94866], [-3.248565, 40.948635], [-3.248422, 40.948619], [-3.248362, 40.948612], [-3.248195, 40.948565], [-3.247921, 40.948479], [-3.247642, 40.948375], [-3.24736, 40.948253], [-3.247169, 40.948173], [-3.247067, 40.948134], [-3.247086, 40.94822], [-3.247224, 40.948431], [-3.247479, 40.948644], [-3.247851, 40.948859], [-3.248079, 40.949039], [-3.248165, 40.949183], [-3.248237, 40.949306], [-3.248298, 40.949407], [-3.248484, 40.949428], [-3.248797, 40.949368], [-3.248923, 40.949466], [-3.248862, 40.949722], [-3.248819, 40.949958], [-3.248795, 40.950174], [-3.248756, 40.950373], [-3.248703, 40.950557], [-3.248711, 40.95076], [-3.248782, 40.95098], [-3.248876, 40.951206], [-3.248996, 40.951438], [-3.249042, 40.951652], [-3.249014, 40.951851], [-3.248974, 40.952042], [-3.24892, 40.952226], [-3.248825, 40.952433], [-3.248688, 40.952664], [-3.248578, 40.952856], [-3.248494, 40.953009], [-3.248492, 40.953159], [-3.24857, 40.953308], [-3.248614, 40.953461], [-3.248625, 40.953619], [-3.248466, 40.9538], [-3.248137, 40.954003], [-3.247728, 40.954102], [-3.247238, 40.954098], [-3.246912, 40.954151], [-3.246749, 40.954261], [-3.246655, 40.954203], [-3.24663, 40.953976], [-3.246487, 40.953892], [-3.246226, 40.953951], [-3.24609, 40.953991], [-3.246079, 40.954012], [-3.24607, 40.954033], [-3.24606, 40.954052], [-3.24595, 40.954051], [-3.245739, 40.954029], [-3.245618, 40.954191], [-3.245587, 40.954536], [-3.245572, 40.954756], [-3.245572, 40.954849], [-3.245572, 40.95506], [-3.245572, 40.955387], [-3.245523, 40.955671], [-3.245425, 40.955912], [-3.245447, 40.956086], [-3.24559, 40.956191], [-3.245568, 40.956337], [-3.245383, 40.956521], [-3.245365, 40.956751], [-3.245514, 40.957027], [-3.245492, 40.957172], [-3.245301, 40.957186], [-3.245135, 40.95718], [-3.244994, 40.957153], [-3.244892, 40.957236], [-3.244828, 40.957426], [-3.2449, 40.957553], [-3.245108, 40.957616], [-3.245146, 40.957685], [-3.245012, 40.95776], [-3.244898, 40.957787], [-3.244803, 40.957765], [-3.244732, 40.957889], [-3.244685, 40.958157], [-3.244554, 40.958385], [-3.24434, 40.958573], [-3.244201, 40.958905], [-3.244138, 40.95938], [-3.244108, 40.959765], [-3.244112, 40.96006], [-3.244076, 40.960383], [-3.244002, 40.960735], [-3.243997, 40.960992], [-3.244061, 40.961153], [-3.244252, 40.961486], [-3.244569, 40.96199], [-3.244537, 40.962221], [-3.244154, 40.962182], [-3.243874, 40.962169], [-3.243697, 40.962181], [-3.243489, 40.962329], [-3.24325, 40.962611], [-3.243165, 40.962844], [-3.243235, 40.963028], [-3.243327, 40.963249], [-3.243442, 40.963507], [-3.243502, 40.963789], [-3.243508, 40.964095], [-3.243373, 40.964165], [-3.243097, 40.963997], [-3.242875, 40.963936], [-3.242705, 40.963982], [-3.242443, 40.964296], [-3.242088, 40.964878], [-3.241765, 40.965292], [-3.241473, 40.965536], [-3.241207, 40.965589], [-3.240968, 40.96545], [-3.24079, 40.965423], [-3.240673, 40.965507], [-3.240605, 40.965681], [-3.240587, 40.965945], [-3.240798, 40.966093], [-3.241239, 40.966125], [-3.241626, 40.966289], [-3.241959, 40.966585], [-3.242035, 40.966837], [-3.241855, 40.967043], [-3.241617, 40.967086], [-3.241322, 40.966967], [-3.24122, 40.966981], [-3.241312, 40.967128], [-3.241402, 40.967269], [-3.241491, 40.967405], [-3.241348, 40.967436], [-3.240972, 40.967361], [-3.240726, 40.967258], [-3.240607, 40.967126], [-3.240606, 40.966978], [-3.240721, 40.966815], [-3.240683, 40.966672], [-3.240492, 40.96655], [-3.240291, 40.966418], [-3.240081, 40.966275], [-3.239871, 40.966133], [-3.239661, 40.96599], [-3.239513, 40.965999], [-3.239427, 40.966158], [-3.239372, 40.96632], [-3.239347, 40.966482], [-3.239241, 40.966724], [-3.239055, 40.967045], [-3.238973, 40.967289], [-3.238994, 40.967457], [-3.239047, 40.967495], [-3.239132, 40.967404], [-3.239322, 40.967174], [-3.239618, 40.966804], [-3.239892, 40.966653], [-3.240147, 40.966721], [-3.240157, 40.966948], [-3.239925, 40.967332], [-3.239903, 40.967613], [-3.240091, 40.967793], [-3.24004, 40.967834], [-3.23975, 40.967736], [-3.239535, 40.967816], [-3.239395, 40.968074], [-3.239258, 40.968275], [-3.239124, 40.968418], [-3.239015, 40.968535], [-3.238929, 40.968626], [-3.238676, 40.9687], [-3.238254, 40.968757], [-3.238201, 40.968895], [-3.238517, 40.969114], [-3.23887, 40.969328], [-3.239259, 40.969538], [-3.239685, 40.969884], [-3.240148, 40.970368], [-3.24027, 40.970749], [-3.240051, 40.971026], [-3.239907, 40.971262], [-3.239837, 40.971455], [-3.239726, 40.971648], [-3.239572, 40.971839], [-3.239376, 40.972042], [-3.239137, 40.972256], [-3.2389, 40.972408], [-3.238664, 40.972496], [-3.238471, 40.972539], [-3.238321, 40.972537], [-3.238046, 40.972653], [-3.237648, 40.972889], [-3.237307, 40.973083], [-3.237025, 40.973235], [-3.236751, 40.973425], [-3.236486, 40.973654], [-3.236267, 40.973889], [-3.236093, 40.974128], [-3.235911, 40.974363], [-3.235721, 40.974594], [-3.235582, 40.974749], [-3.235494, 40.974829], [-3.235394, 40.975025], [-3.235281, 40.975336], [-3.235189, 40.975502], [-3.235118, 40.975522], [-3.235029, 40.975665], [-3.234921, 40.97593], [-3.234741, 40.97621], [-3.23449, 40.976506], [-3.234283, 40.976796], [-3.234119, 40.977079], [-3.233911, 40.977335], [-3.23366, 40.977562], [-3.233461, 40.977788], [-3.233315, 40.978012], [-3.233202, 40.978152], [-3.233124, 40.978207], [-3.233033, 40.97827], [-3.232928, 40.978342], [-3.232789, 40.978459], [-3.232613, 40.978619], [-3.232593, 40.978735], [-3.232729, 40.978808], [-3.232846, 40.97883], [-3.232945, 40.978802], [-3.233058, 40.97877], [-3.233185, 40.978734], [-3.233194, 40.978814], [-3.233086, 40.97901], [-3.233002, 40.979136], [-3.232941, 40.979191], [-3.23286, 40.979264], [-3.232757, 40.979357], [-3.232696, 40.979427], [-3.232677, 40.979475], [-3.232632, 40.979618], [-3.232563, 40.979854], [-3.232392, 40.980105], [-3.232119, 40.980369], [-3.23196, 40.980607], [-3.231915, 40.980818], [-3.231974, 40.981027], [-3.232137, 40.981236], [-3.232333, 40.981489], [-3.232563, 40.981784], [-3.232672, 40.981973], [-3.232659, 40.982054], [-3.232732, 40.982147], [-3.232889, 40.982251], [-3.232934, 40.982393], [-3.232867, 40.982572], [-3.232758, 40.982655], [-3.232605, 40.982642], [-3.232434, 40.982614], [-3.232246, 40.982571], [-3.231939, 40.982587], [-3.231514, 40.982663], [-3.231255, 40.982709], [-3.23116, 40.982726], [-3.230966, 40.982823], [-3.230675, 40.982999], [-3.230428, 40.983214], [-3.230228, 40.983468], [-3.230135, 40.983627], [-3.230148, 40.98369], [-3.23017, 40.983789], [-3.230199, 40.983925], [-3.230238, 40.98411], [-3.230288, 40.984342], [-3.23005, 40.984527], [-3.229526, 40.984666], [-3.229116, 40.984735], [-3.228822, 40.984734], [-3.228644, 40.984752], [-3.228584, 40.984791], [-3.228495, 40.984848], [-3.228378, 40.984924], [-3.228258, 40.985], [-3.228136, 40.985078], [-3.228011, 40.985157], [-3.227884, 40.985236], [-3.22781, 40.985282], [-3.227789, 40.985296], [-3.227589, 40.98527], [-3.22721, 40.985206], [-3.227006, 40.98521], [-3.226977, 40.985282], [-3.2268, 40.985403], [-3.226477, 40.985572], [-3.226199, 40.985706], [-3.225965, 40.985805], [-3.225826, 40.986031], [-3.22578, 40.986382], [-3.225734, 40.986729], [-3.225689, 40.987073], [-3.225709, 40.987302], [-3.225793, 40.987416], [-3.22573, 40.987612], [-3.22552, 40.987891], [-3.225238, 40.988042], [-3.224884, 40.988067], [-3.224527, 40.988081], [-3.224168, 40.988084], [-3.223823, 40.988255], [-3.223491, 40.988596], [-3.22324, 40.988823], [-3.22307, 40.988937], [-3.222871, 40.989021], [-3.222642, 40.989074], [-3.222506, 40.989172], [-3.222462, 40.989315], [-3.222519, 40.989409], [-3.222679, 40.989456], [-3.222739, 40.989562], [-3.222699, 40.989726], [-3.222557, 40.989865], [-3.222311, 40.989978], [-3.222149, 40.990096], [-3.222071, 40.99022], [-3.221888, 40.990416], [-3.221601, 40.990682], [-3.22138, 40.991019], [-3.221228, 40.991426], [-3.220946, 40.99172], [-3.220535, 40.9919], [-3.220108, 40.991935], [-3.219665, 40.991824], [-3.21945, 40.991904], [-3.219463, 40.992175], [-3.219337, 40.992283], [-3.21907, 40.992228], [-3.218849, 40.992315], [-3.218673, 40.992543], [-3.218402, 40.992745], [-3.218034, 40.992919], [-3.217742, 40.993095], [-3.217526, 40.993272], [-3.217448, 40.993504], [-3.217509, 40.993792], [-3.217425, 40.993991], [-3.217194, 40.994102], [-3.216957, 40.994116], [-3.216715, 40.994035], [-3.216537, 40.994047], [-3.216424, 40.994152], [-3.216281, 40.994285], [-3.216106, 40.994446], [-3.215899, 40.994634], [-3.215661, 40.994848], [-3.215366, 40.995081], [-3.215015, 40.995333], [-3.214709, 40.995477], [-3.214447, 40.995512], [-3.214276, 40.995592], [-3.214198, 40.995716], [-3.213997, 40.995755], [-3.213672, 40.995707], [-3.213561, 40.995751], [-3.213665, 40.995885], [-3.213747, 40.996021], [-3.213806, 40.996161], [-3.214088, 40.996533], [-3.214592, 40.997137], [-3.214956, 40.997406], [-3.215182, 40.997342], [-3.215331, 40.997407], [-3.215403, 40.997602], [-3.215562, 40.997785], [-3.215808, 40.997957], [-3.216093, 40.998061], [-3.216415, 40.998097], [-3.216656, 40.998349], [-3.216816, 40.998817], [-3.216692, 40.999113], [-3.216284, 40.999236], [-3.216128, 40.999382], [-3.216224, 40.999551], [-3.216371, 40.999713], [-3.216569, 40.999869], [-3.216605, 41.00004], [-3.216481, 41.000227], [-3.216347, 41.000302], [-3.216204, 41.000265], [-3.21622, 41.00041], [-3.216395, 41.00074], [-3.216539, 41.000906], [-3.216652, 41.000909], [-3.216773, 41.001053], [-3.216901, 41.001335], [-3.217017, 41.001486], [-3.217122, 41.001506], [-3.217192, 41.001519], [-3.217228, 41.001526], [-3.217305, 41.001561], [-3.217424, 41.001625], [-3.217614, 41.001639], [-3.217876, 41.001604], [-3.218017, 41.001705], [-3.218038, 41.001941], [-3.218131, 41.002059], [-3.218296, 41.00206], [-3.218429, 41.002156], [-3.218529, 41.002347], [-3.218562, 41.002502], [-3.218528, 41.00262], [-3.218525, 41.002746], [-3.218553, 41.002878], [-3.218624, 41.003034], [-3.218737, 41.003212], [-3.218764, 41.003339], [-3.218705, 41.003415], [-3.218607, 41.00348], [-3.218468, 41.003533], [-3.218374, 41.003619], [-3.218325, 41.00374], [-3.218247, 41.00383], [-3.21814, 41.00389], [-3.218044, 41.003965], [-3.217958, 41.004056], [-3.217935, 41.00419], [-3.217972, 41.004367], [-3.217927, 41.004504], [-3.217798, 41.004601], [-3.217805, 41.004811], [-3.217949, 41.005133], [-3.217934, 41.005379], [-3.217761, 41.00555], [-3.217704, 41.005843], [-3.217762, 41.006256], [-3.21777, 41.006505], [-3.217729, 41.00659], [-3.217705, 41.006724], [-3.217699, 41.006907], [-3.217742, 41.007038], [-3.217834, 41.007116], [-3.217941, 41.007233], [-3.218064, 41.007387], [-3.21817, 41.007498], [-3.218259, 41.007565], [-3.218301, 41.007657], [-3.218296, 41.007771], [-3.218358, 41.007854], [-3.218489, 41.007904], [-3.218565, 41.007979], [-3.218586, 41.008079], [-3.218575, 41.008166], [-3.218531, 41.00824], [-3.218661, 41.008359], [-3.218966, 41.008523], [-3.219043, 41.008672], [-3.218892, 41.008806], [-3.218885, 41.008983], [-3.219022, 41.009204], [-3.219015, 41.009347], [-3.218864, 41.009413], [-3.218727, 41.009505], [-3.218602, 41.009624], [-3.21849, 41.00973], [-3.21839, 41.009823], [-3.218287, 41.010042], [-3.218181, 41.010386], [-3.217887, 41.010869], [-3.217406, 41.011492], [-3.217198, 41.011957], [-3.217264, 41.012267], [-3.217255, 41.012425], [-3.21717, 41.012433], [-3.217138, 41.01246], [-3.21716, 41.012506], [-3.217121, 41.012611], [-3.21702, 41.012772], [-3.216878, 41.012911], [-3.216693, 41.013027], [-3.216618, 41.013133], [-3.216654, 41.013231], [-3.216714, 41.013371], [-3.216798, 41.013553], [-3.216893, 41.013716], [-3.216999, 41.013861], [-3.216994, 41.013981], [-3.21688, 41.014077], [-3.216807, 41.014194], [-3.216778, 41.014335], [-3.216748, 41.014475], [-3.216718, 41.014616], [-3.216722, 41.014809], [-3.216759, 41.015054], [-3.2167, 41.015233], [-3.216544, 41.015345], [-3.216476, 41.015445], [-3.216494, 41.015533], [-3.216576, 41.015636], [-3.216721, 41.015753], [-3.216835, 41.015897], [-3.216916, 41.016068], [-3.217015, 41.016214], [-3.217131, 41.016335], [-3.217219, 41.01654], [-3.217281, 41.016827], [-3.217253, 41.017047], [-3.217135, 41.017199], [-3.216937, 41.017391], [-3.216656, 41.017622], [-3.216621, 41.017701], [-3.21683, 41.017627], [-3.217025, 41.017663], [-3.217206, 41.01781], [-3.217239, 41.017965], [-3.217124, 41.018128], [-3.216962, 41.018315], [-3.216752, 41.018525], [-3.21662, 41.018679], [-3.216566, 41.018777], [-3.216539, 41.018929], [-3.216538, 41.019134], [-3.216493, 41.019311], [-3.216405, 41.019459], [-3.216354, 41.019576], [-3.216339, 41.01966], [-3.216329, 41.019718], [-3.216324, 41.01975], [-3.216323, 41.019768], [-3.216327, 41.019773], [-3.216433, 41.019884], [-3.216641, 41.020101], [-3.216744, 41.020272], [-3.216741, 41.020398], [-3.216866, 41.020495], [-3.217121, 41.020563], [-3.217271, 41.020668], [-3.217316, 41.02081], [-3.217145, 41.020992], [-3.216758, 41.021215], [-3.216604, 41.02144], [-3.216683, 41.021669], [-3.216686, 41.02193], [-3.216614, 41.022224], [-3.216496, 41.022405], [-3.21633, 41.022473], [-3.216245, 41.022564], [-3.216239, 41.022678], [-3.216162, 41.022774], [-3.216014, 41.022851], [-3.215871, 41.022902], [-3.215735, 41.022928], [-3.215733, 41.022991], [-3.215867, 41.02309], [-3.216018, 41.023186], [-3.216187, 41.023277], [-3.216243, 41.023395], [-3.216184, 41.023539], [-3.216144, 41.023738], [-3.216123, 41.023991], [-3.216096, 41.024182], [-3.216064, 41.024312], [-3.216125, 41.024457], [-3.21628, 41.024618], [-3.216246, 41.024708], [-3.216025, 41.024726], [-3.215925, 41.024819], [-3.215946, 41.024987], [-3.216, 41.025134], [-3.216087, 41.025259], [-3.216197, 41.025318], [-3.21633, 41.025311], [-3.216419, 41.025339], [-3.216462, 41.025401], [-3.216456, 41.025476], [-3.216399, 41.025563], [-3.216261, 41.02565], [-3.216039, 41.025737], [-3.215828, 41.025834], [-3.215626, 41.025941], [-3.215529, 41.026084], [-3.215538, 41.026265], [-3.215559, 41.026399], [-3.215592, 41.026485], [-3.215696, 41.026551], [-3.215871, 41.026596], [-3.215789, 41.026738], [-3.21545, 41.026977], [-3.215256, 41.02719], [-3.215207, 41.027379], [-3.215047, 41.027543], [-3.214777, 41.027681], [-3.214589, 41.027786], [-3.214485, 41.027857], [-3.214402, 41.027999], [-3.214343, 41.028212], [-3.214238, 41.028317], [-3.214088, 41.028314], [-3.213956, 41.028366], [-3.213844, 41.028472], [-3.213886, 41.028632], [-3.214081, 41.028844], [-3.214182, 41.028967], [-3.21419, 41.029], [-3.214183, 41.029144], [-3.214162, 41.029397], [-3.21413, 41.0296], [-3.214088, 41.029754], [-3.214058, 41.029928], [-3.21404, 41.030124], [-3.214035, 41.030312], [-3.214044, 41.030493], [-3.214088, 41.03063], [-3.214168, 41.030721], [-3.214244, 41.030865], [-3.214315, 41.03106], [-3.214346, 41.031238], [-3.214335, 41.031398], [-3.214304, 41.031568], [-3.214252, 41.031745], [-3.214153, 41.031878], [-3.214007, 41.031966], [-3.21389, 41.03205], [-3.213802, 41.03213], [-3.213664, 41.032183], [-3.213474, 41.032208], [-3.21328, 41.032211], [-3.213081, 41.032193], [-3.212923, 41.032151], [-3.212804, 41.032088], [-3.212656, 41.032028], [-3.212479, 41.031972], [-3.212303, 41.031916], [-3.212126, 41.03186], [-3.211989, 41.031816], [-3.211892, 41.031784], [-3.211778, 41.031776], [-3.211647, 41.031794], [-3.211512, 41.031829], [-3.211373, 41.031882], [-3.211256, 41.031926], [-3.211158, 41.031962], [-3.210975, 41.031981], [-3.210706, 41.031983], [-3.210508, 41.032038], [-3.210381, 41.032146], [-3.210191, 41.032171], [-3.209939, 41.032114], [-3.209817, 41.032034], [-3.209825, 41.03193], [-3.209837, 41.031809], [-3.209852, 41.031671], [-3.209862, 41.031544], [-3.209868, 41.03143], [-3.209826, 41.031373], [-3.209736, 41.031374], [-3.20966, 41.031441], [-3.209599, 41.031574], [-3.20956, 41.03167], [-3.209542, 41.031729], [-3.209481, 41.031795], [-3.209377, 41.031865], [-3.209286, 41.031969], [-3.20921, 41.032104], [-3.209165, 41.032173], [-3.20915, 41.032175], [-3.209079, 41.032156], [-3.20895, 41.032116], [-3.208876, 41.032095], [-3.208855, 41.032091], [-3.208857, 41.032136], [-3.208882, 41.03223], [-3.208912, 41.032355], [-3.208945, 41.032509], [-3.209024, 41.032704], [-3.209149, 41.032937], [-3.209327, 41.033175], [-3.209558, 41.033417], [-3.209638, 41.033577], [-3.209564, 41.033655], [-3.209592, 41.033748], [-3.20972, 41.033856], [-3.209843, 41.033942], [-3.209962, 41.034005], [-3.210123, 41.034024], [-3.210327, 41.033996], [-3.210379, 41.034063], [-3.210278, 41.034224], [-3.210337, 41.03429], [-3.210556, 41.034261], [-3.210766, 41.034193], [-3.210968, 41.034086], [-3.211202, 41.033953], [-3.211467, 41.033792], [-3.211709, 41.033731], [-3.211927, 41.03377], [-3.212009, 41.033907], [-3.211954, 41.034142], [-3.211878, 41.034345], [-3.21178, 41.034518], [-3.211702, 41.034642], [-3.211643, 41.034718], [-3.21162, 41.034823], [-3.211634, 41.034958], [-3.211516, 41.035105], [-3.211265, 41.035264], [-3.211078, 41.0353], [-3.210955, 41.035214], [-3.210842, 41.035247], [-3.210739, 41.035397], [-3.210539, 41.035549], [-3.210242, 41.035703], [-3.21001, 41.035808], [-3.209842, 41.035864], [-3.209774, 41.036004], [-3.209807, 41.036227], [-3.209789, 41.036389], [-3.209721, 41.036489], [-3.209647, 41.036494], [-3.209567, 41.036402], [-3.209461, 41.036257], [-3.209329, 41.036058], [-3.209212, 41.035898], [-3.209111, 41.035775], [-3.209092, 41.035618], [-3.209156, 41.035427], [-3.209196, 41.035263], [-3.209212, 41.035124], [-3.209157, 41.035115], [-3.209033, 41.035234], [-3.208942, 41.035371], [-3.208885, 41.035526], [-3.20885, 41.035639], [-3.208835, 41.03571], [-3.20888, 41.035851], [-3.208985, 41.036065], [-3.209103, 41.036265], [-3.209233, 41.036452], [-3.209379, 41.036609], [-3.209541, 41.036735], [-3.209554, 41.036899], [-3.209417, 41.037099], [-3.209259, 41.037205], [-3.209082, 41.037218], [-3.208782, 41.037218], [-3.20836, 41.037207], [-3.208139, 41.037259], [-3.208119, 41.037376], [-3.207988, 41.037462], [-3.207745, 41.037517], [-3.207486, 41.037466], [-3.207213, 41.03731], [-3.206954, 41.037253], [-3.206708, 41.037298], [-3.206446, 41.037401], [-3.206166, 41.037564], [-3.205879, 41.037625], [-3.205586, 41.037585], [-3.205529, 41.037672], [-3.20571, 41.037887], [-3.205613, 41.038099], [-3.205238, 41.038309], [-3.204962, 41.038403], [-3.204785, 41.038383], [-3.204689, 41.038464], [-3.204677, 41.038646], [-3.204681, 41.038821], [-3.204702, 41.038989], [-3.204892, 41.03918], [-3.205253, 41.039393], [-3.205402, 41.039669], [-3.205339, 41.040007], [-3.205145, 41.040153], [-3.20482, 41.040105], [-3.204626, 41.040211], [-3.204561, 41.04047], [-3.204417, 41.04059], [-3.204195, 41.040571], [-3.204111, 41.040599], [-3.204166, 41.040675], [-3.204246, 41.040751], [-3.204353, 41.040828], [-3.204428, 41.040971], [-3.204473, 41.041181], [-3.20456, 41.041306], [-3.204688, 41.041346], [-3.204763, 41.04145], [-3.204784, 41.041618], [-3.204733, 41.041739], [-3.204611, 41.041815], [-3.204483, 41.041828], [-3.204351, 41.041779], [-3.204275, 41.041731], [-3.204256, 41.041685], [-3.204122, 41.041644], [-3.203873, 41.04161], [-3.203704, 41.041661], [-3.203615, 41.041798], [-3.203419, 41.042], [-3.203117, 41.042268], [-3.202881, 41.042357], [-3.202711, 41.042265], [-3.202507, 41.042219], [-3.202266, 41.042217], [-3.202108, 41.04225], [-3.202033, 41.042317], [-3.201959, 41.042429], [-3.201888, 41.042586], [-3.201792, 41.042662], [-3.20167, 41.042655], [-3.201584, 41.042565], [-3.201531, 41.04239], [-3.201438, 41.042306], [-3.201305, 41.042312], [-3.201206, 41.042411], [-3.201142, 41.042601], [-3.201139, 41.042727], [-3.201196, 41.042787], [-3.20128, 41.042896], [-3.201388, 41.043052], [-3.201413, 41.043168], [-3.201354, 41.043244], [-3.201217, 41.043302], [-3.201, 41.043343], [-3.200879, 41.043405], [-3.200851, 41.043488], [-3.200834, 41.043615], [-3.200825, 41.043787], [-3.200714, 41.043825], [-3.200498, 41.043729], [-3.200323, 41.043644], [-3.200187, 41.043571], [-3.200145, 41.04348], [-3.200197, 41.043371], [-3.200106, 41.043366], [-3.199872, 41.043466], [-3.199738, 41.043432], [-3.199702, 41.043267], [-3.199822, 41.043125], [-3.200097, 41.043009], [-3.20028, 41.042916], [-3.20037, 41.042847], [-3.200356, 41.042678], [-3.200239, 41.04241], [-3.200199, 41.042187], [-3.200236, 41.042012], [-3.200168, 41.041975], [-3.199995, 41.042078], [-3.19987, 41.042192], [-3.199791, 41.042316], [-3.199752, 41.042481], [-3.199751, 41.042686], [-3.199683, 41.042825], [-3.199549, 41.0429], [-3.19938, 41.042986], [-3.199176, 41.043081], [-3.199039, 41.043145], [-3.198971, 41.043177], [-3.198867, 41.04318], [-3.198726, 41.043153], [-3.198688, 41.043078], [-3.198752, 41.042956], [-3.198686, 41.042897], [-3.198492, 41.0429], [-3.198381, 41.042977], [-3.198354, 41.043129], [-3.198286, 41.043235], [-3.198179, 41.043295], [-3.198022, 41.043293], [-3.197813, 41.04323], [-3.197696, 41.043172], [-3.197669, 41.043118], [-3.19761, 41.043189], [-3.197516, 41.043384], [-3.197391, 41.043429], [-3.197234, 41.043325], [-3.197172, 41.043174], [-3.197204, 41.042976], [-3.197213, 41.042844], [-3.197199, 41.042778], [-3.197295, 41.04277], [-3.197501, 41.042822], [-3.197669, 41.042834], [-3.197797, 41.042805], [-3.197893, 41.042764], [-3.197957, 41.04271], [-3.197996, 41.042614], [-3.198012, 41.042475], [-3.198076, 41.042427], [-3.19819, 41.042468], [-3.198302, 41.042499], [-3.198411, 41.042518], [-3.198602, 41.042538], [-3.198876, 41.042558], [-3.199039, 41.042548], [-3.19909, 41.042507], [-3.199018, 41.042448], [-3.198822, 41.042372], [-3.198652, 41.042281], [-3.19851, 41.042175], [-3.198362, 41.042081], [-3.19821, 41.041999], [-3.198072, 41.041915], [-3.197949, 41.04183], [-3.197823, 41.041801], [-3.197694, 41.04183], [-3.197565, 41.041892], [-3.197436, 41.041989], [-3.197359, 41.042006], [-3.197336, 41.041943], [-3.197318, 41.041894], [-3.197306, 41.04186], [-3.197292, 41.04181], [-3.197278, 41.041743], [-3.197203, 41.041674], [-3.197068, 41.041601], [-3.196895, 41.041527], [-3.196684, 41.041453], [-3.196523, 41.041367], [-3.196412, 41.041268], [-3.196275, 41.041189], [-3.196113, 41.041132], [-3.195947, 41.04116], [-3.195776, 41.041274], [-3.195653, 41.041398], [-3.195577, 41.041533], [-3.195559, 41.041695], [-3.195599, 41.041883], [-3.195656, 41.04208], [-3.19573, 41.042286], [-3.195733, 41.042458], [-3.195664, 41.042595], [-3.195627, 41.042668], [-3.195622, 41.042678], [-3.195613, 41.042682], [-3.1956, 41.04268], [-3.195531, 41.042672], [-3.195406, 41.042658], [-3.195272, 41.042667], [-3.195128, 41.042697], [-3.194927, 41.04277], [-3.194666, 41.042884], [-3.194464, 41.042957], [-3.194321, 41.042987], [-3.194214, 41.042979], [-3.194144, 41.042932], [-3.194166, 41.04286], [-3.194281, 41.042765], [-3.194262, 41.042677], [-3.19411, 41.042595], [-3.193983, 41.042527], [-3.193881, 41.042472], [-3.193739, 41.04244], [-3.193557, 41.04243], [-3.19343, 41.042396], [-3.193358, 41.042337], [-3.193236, 41.042189], [-3.193065, 41.04195], [-3.192871, 41.041709], [-3.192654, 41.041465], [-3.1925, 41.041235], [-3.192409, 41.04102], [-3.192353, 41.040828], [-3.192332, 41.04066], [-3.192316, 41.040549], [-3.192304, 41.040494], [-3.192252, 41.040427], [-3.192161, 41.040348], [-3.192096, 41.040186], [-3.192059, 41.039941], [-3.192037, 41.039733], [-3.19203, 41.039563], [-3.191931, 41.039275], [-3.19174, 41.038868], [-3.191599, 41.038489], [-3.191509, 41.038137], [-3.191388, 41.03796], [-3.191238, 41.037957], [-3.191155, 41.037883], [-3.191138, 41.037738], [-3.191175, 41.03763], [-3.191266, 41.037561], [-3.191258, 41.037454], [-3.191152, 41.037309], [-3.191007, 41.037226], [-3.190822, 41.037205], [-3.190717, 41.037134], [-3.190691, 41.037013], [-3.190734, 41.036899], [-3.190847, 41.036793], [-3.190869, 41.036579], [-3.1908, 41.036258], [-3.190761, 41.036008], [-3.190753, 41.035827], [-3.190704, 41.035668], [-3.190615, 41.035532], [-3.190481, 41.035573], [-3.190303, 41.03579], [-3.190279, 41.036067], [-3.190411, 41.036402], [-3.190424, 41.036673], [-3.190318, 41.036881], [-3.190222, 41.03699], [-3.190134, 41.037002], [-3.190008, 41.036973], [-3.189844, 41.036904], [-3.18961, 41.036896], [-3.189306, 41.036948], [-3.189085, 41.036966], [-3.188947, 41.036951], [-3.188714, 41.036948], [-3.188386, 41.036958], [-3.1881, 41.03695], [-3.187855, 41.036926], [-3.18769, 41.036926], [-3.187605, 41.036949], [-3.187597, 41.037018], [-3.187667, 41.037134], [-3.187753, 41.037259], [-3.187857, 41.037393], [-3.187794, 41.03752], [-3.187566, 41.037642], [-3.187349, 41.037682], [-3.187146, 41.037642], [-3.187015, 41.037557], [-3.186958, 41.037428], [-3.186797, 41.037341], [-3.186533, 41.037297], [-3.186444, 41.037372], [-3.18653, 41.037565], [-3.186455, 41.037706], [-3.186219, 41.037794], [-3.186114, 41.037933], [-3.186139, 41.038123], [-3.186022, 41.038276], [-3.185762, 41.03839], [-3.185699, 41.038484], [-3.185835, 41.038557], [-3.185986, 41.038633], [-3.186153, 41.038713], [-3.186145, 41.038817], [-3.185962, 41.038943], [-3.185799, 41.039022], [-3.185656, 41.039053], [-3.185486, 41.03903], [-3.18529, 41.038954], [-3.185171, 41.038993], [-3.185129, 41.039146], [-3.185038, 41.039284], [-3.184899, 41.039405], [-3.184778, 41.03954], [-3.184675, 41.03969], [-3.184627, 41.039851], [-3.184633, 41.04002], [-3.184583, 41.040169], [-3.184475, 41.040298], [-3.184338, 41.04043], [-3.184173, 41.040566], [-3.18415, 41.040705], [-3.18427, 41.040848], [-3.184336, 41.04105], [-3.184347, 41.04131], [-3.184429, 41.041453], [-3.184585, 41.041477], [-3.184719, 41.041476], [-3.184833, 41.04145], [-3.184946, 41.041588], [-3.185055, 41.041892], [-3.185082, 41.042122], [-3.185025, 41.042277], [-3.185004, 41.042422], [-3.185017, 41.042557], [-3.185099, 41.042728], [-3.185248, 41.042936], [-3.185437, 41.043189], [-3.185666, 41.043488], [-3.185783, 41.043825], [-3.185788, 41.0442], [-3.185669, 41.044449], [-3.185425, 41.044573], [-3.185294, 41.044767], [-3.185276, 41.045031], [-3.185428, 41.045215], [-3.18575, 41.04532], [-3.185936, 41.045492], [-3.185988, 41.045732], [-3.186003, 41.045855], [-3.185982, 41.045861], [-3.186012, 41.046001], [-3.186093, 41.046275], [-3.186037, 41.046561], [-3.185846, 41.04686], [-3.185691, 41.047114], [-3.18557, 41.047323], [-3.185373, 41.047452], [-3.185099, 41.0475], [-3.184925, 41.047563], [-3.184851, 41.047642], [-3.18495, 41.047719], [-3.185222, 41.047797], [-3.185438, 41.047898], [-3.1856, 41.048025], [-3.185693, 41.048177], [-3.185716, 41.048356], [-3.185721, 41.04852], [-3.185708, 41.04867], [-3.185652, 41.048791], [-3.185551, 41.048884], [-3.185404, 41.049001], [-3.185209, 41.049141], [-3.185064, 41.049268], [-3.184968, 41.049383], [-3.18489, 41.049576], [-3.184827, 41.049846], [-3.184576, 41.050039], [-3.184136, 41.050155], [-3.183723, 41.050324], [-3.183335, 41.050547], [-3.183084, 41.050739], [-3.182969, 41.050903], [-3.182838, 41.051097], [-3.182691, 41.051321], [-3.182541, 41.051495], [-3.182387, 41.051618], [-3.1823, 41.051806], [-3.182279, 41.052059], [-3.182198, 41.05224], [-3.182056, 41.05235], [-3.182007, 41.052505], [-3.182049, 41.052704], [-3.181998, 41.052813], [-3.181852, 41.052833], [-3.181683, 41.052918], [-3.18149, 41.053069], [-3.181151, 41.05307], [-3.180665, 41.052922], [-3.180391, 41.052901], [-3.180328, 41.05301], [-3.180231, 41.053107], [-3.1801, 41.053193], [-3.179902, 41.053214], [-3.179637, 41.053169], [-3.179587, 41.05325], [-3.179751, 41.053456], [-3.179836, 41.053609], [-3.179843, 41.053711], [-3.179801, 41.053796], [-3.179711, 41.053865], [-3.179657, 41.053963], [-3.179639, 41.054091], [-3.179543, 41.054166], [-3.179368, 41.054189], [-3.179238, 41.054213], [-3.179153, 41.054235], [-3.179022, 41.054219], [-3.178845, 41.054163], [-3.178839, 41.054238], [-3.179002, 41.054443], [-3.179061, 41.054612], [-3.179014, 41.054743], [-3.178926, 41.054965], [-3.178798, 41.055278], [-3.178805, 41.055522], [-3.178947, 41.055696], [-3.17916, 41.055742], [-3.179442, 41.055658], [-3.179687, 41.055682], [-3.179895, 41.055814], [-3.179974, 41.056008], [-3.179924, 41.056265], [-3.179815, 41.056496], [-3.179649, 41.0567], [-3.179493, 41.05688], [-3.179346, 41.057036], [-3.179209, 41.057168], [-3.179082, 41.057276], [-3.179075, 41.05742], [-3.179189, 41.057598], [-3.179372, 41.057545], [-3.179626, 41.05726], [-3.17984, 41.057243], [-3.180013, 41.057493], [-3.180172, 41.057745], [-3.180316, 41.057998], [-3.180337, 41.0582], [-3.180234, 41.058351], [-3.180126, 41.058436], [-3.180012, 41.058457], [-3.179889, 41.058547], [-3.179756, 41.058708], [-3.179606, 41.058884], [-3.179437, 41.059077], [-3.179232, 41.059173], [-3.178992, 41.059171], [-3.178802, 41.059157], [-3.178661, 41.05913], [-3.178584, 41.059015], [-3.178571, 41.058812], [-3.178463, 41.05873], [-3.178261, 41.058769], [-3.178139, 41.058791], [-3.178095, 41.058797], [-3.178035, 41.058733], [-3.177958, 41.058601], [-3.177875, 41.058459], [-3.177786, 41.058306], [-3.177615, 41.058235], [-3.177363, 41.058246], [-3.177172, 41.0583], [-3.177043, 41.058397], [-3.176982, 41.058457], [-3.17699, 41.058479], [-3.177009, 41.058533], [-3.177039, 41.05862], [-3.17713, 41.058738], [-3.177282, 41.058888], [-3.177278, 41.059042], [-3.177117, 41.059201], [-3.176986, 41.05936], [-3.176885, 41.059522], [-3.176822, 41.059684], [-3.176797, 41.059846], [-3.176761, 41.060062], [-3.176713, 41.06033], [-3.176781, 41.060474], [-3.176966, 41.060495], [-3.177063, 41.060601], [-3.177074, 41.060793], [-3.177172, 41.06111], [-3.177356, 41.061552], [-3.17752, 41.061757], [-3.177663, 41.061727], [-3.177981, 41.061809], [-3.178473, 41.062005], [-3.178705, 41.062179], [-3.178677, 41.06233], [-3.178557, 41.062364], [-3.178344, 41.062278], [-3.178152, 41.062224], [-3.177982, 41.062202], [-3.177867, 41.062257], [-3.177805, 41.06239], [-3.177694, 41.062468], [-3.177534, 41.062489], [-3.177365, 41.062472], [-3.177188, 41.062416], [-3.176957, 41.062316], [-3.176672, 41.062172], [-3.176462, 41.062172], [-3.176327, 41.062315], [-3.176168, 41.062411], [-3.175983, 41.062458], [-3.175828, 41.062507], [-3.175704, 41.062558], [-3.175544, 41.062687], [-3.175349, 41.062896], [-3.175369, 41.063132], [-3.175606, 41.063396], [-3.175544, 41.063632], [-3.175183, 41.063839], [-3.174729, 41.063854], [-3.174181, 41.063678], [-3.173751, 41.063559], [-3.173438, 41.063498], [-3.17325, 41.063461], [-3.173187, 41.063447], [-3.172974, 41.06343], [-3.17261, 41.06341], [-3.172191, 41.063449], [-3.171717, 41.063547], [-3.171414, 41.063604], [-3.171283, 41.063622], [-3.171178, 41.063517], [-3.171099, 41.063288], [-3.171035, 41.063058], [-3.170986, 41.062826], [-3.170944, 41.062666], [-3.170911, 41.06258], [-3.170771, 41.062524], [-3.170526, 41.0625], [-3.170278, 41.062494], [-3.170025, 41.062505], [-3.169813, 41.062357], [-3.169643, 41.06205], [-3.169459, 41.061926], [-3.169262, 41.061987], [-3.169205, 41.062177], [-3.169288, 41.062495], [-3.169226, 41.062697], [-3.169019, 41.062782], [-3.168837, 41.062908], [-3.168678, 41.063078], [-3.168445, 41.063217], [-3.168138, 41.063326], [-3.167943, 41.063466], [-3.16786, 41.063636], [-3.167666, 41.063748], [-3.167362, 41.0638], [-3.167182, 41.063761], [-3.167124, 41.063632], [-3.166984, 41.063537], [-3.166761, 41.063476], [-3.166617, 41.063365], [-3.166553, 41.063203], [-3.166385, 41.063157], [-3.166116, 41.063227], [-3.165967, 41.063304], [-3.16594, 41.063387], [-3.165899, 41.063512], [-3.165845, 41.063679], [-3.165707, 41.063703], [-3.165487, 41.063584], [-3.16534, 41.06349], [-3.165265, 41.063421], [-3.16514, 41.063329], [-3.164966, 41.063216], [-3.164823, 41.063212], [-3.164711, 41.063318], [-3.164643, 41.0636], [-3.164621, 41.064058], [-3.164507, 41.064227], [-3.164301, 41.064107], [-3.164158, 41.064029], [-3.164075, 41.063995], [-3.163952, 41.064017], [-3.163789, 41.064096], [-3.16364, 41.064275], [-3.163505, 41.064555], [-3.163263, 41.06465], [-3.162914, 41.06456], [-3.162687, 41.064448], [-3.162584, 41.064314], [-3.162496, 41.064218], [-3.162423, 41.064159], [-3.162392, 41.064113], [-3.162401, 41.064081], [-3.162427, 41.063992], [-3.16247, 41.063847], [-3.162527, 41.063696], [-3.162598, 41.063538], [-3.162537, 41.063427], [-3.162343, 41.063362], [-3.162178, 41.063327], [-3.162043, 41.063323], [-3.161909, 41.063295], [-3.161778, 41.063244], [-3.161614, 41.063209], [-3.161415, 41.063191], [-3.161265, 41.063228], [-3.161165, 41.063321], [-3.16107, 41.063367], [-3.16098, 41.063368], [-3.160851, 41.063323], [-3.160681, 41.063232], [-3.160492, 41.06312], [-3.160285, 41.062989], [-3.16003, 41.062989], [-3.159728, 41.06312], [-3.159461, 41.063207], [-3.15923, 41.063249], [-3.15896, 41.063178], [-3.158651, 41.062991], [-3.158432, 41.062879], [-3.158303, 41.062839], [-3.158202, 41.062858], [-3.158129, 41.062936], [-3.158002, 41.062936], [-3.15782, 41.062858], [-3.157659, 41.062771], [-3.157519, 41.062676], [-3.15737, 41.062469], [-3.157212, 41.062149], [-3.157011, 41.062016], [-3.156768, 41.062072], [-3.156566, 41.062076], [-3.156406, 41.062029], [-3.156375, 41.062056], [-3.156471, 41.062157], [-3.156561, 41.062264], [-3.156646, 41.062378], [-3.156612, 41.062536], [-3.15646, 41.062738], [-3.156272, 41.062769], [-3.156047, 41.062629], [-3.156037, 41.062511], [-3.156241, 41.062415], [-3.156247, 41.0623], [-3.156053, 41.062167], [-3.155914, 41.062146], [-3.155828, 41.062237], [-3.155702, 41.062277], [-3.155535, 41.062265], [-3.155534, 41.062333], [-3.155701, 41.062482], [-3.155685, 41.062723], [-3.155486, 41.063056], [-3.155351, 41.063302], [-3.155279, 41.063459], [-3.155201, 41.063549], [-3.155116, 41.063572], [-3.155085, 41.063673], [-3.155108, 41.063852], [-3.155039, 41.06402], [-3.154878, 41.064178], [-3.154721, 41.064285], [-3.154567, 41.064339], [-3.154481, 41.064425], [-3.15446, 41.064541], [-3.154442, 41.064608], [-3.154424, 41.064624], [-3.154422, 41.064643], [-3.154434, 41.064665]], [[-3.038409, 41.162935], [-3.039022, 41.162544], [-3.039741, 41.162262], [-3.04033, 41.162045], [-3.040789, 41.161891], [-3.041221, 41.16171], [-3.041628, 41.161501], [-3.041942, 41.161149], [-3.042165, 41.160654], [-3.042371, 41.160177], [-3.042561, 41.159717], [-3.042887, 41.159131], [-3.04335, 41.158418], [-3.04374, 41.15784], [-3.044055, 41.157394], [-3.044406, 41.157022], [-3.044793, 41.156723], [-3.045176, 41.156501], [-3.045555, 41.156358], [-3.045772, 41.156221], [-3.045826, 41.15609], [-3.045982, 41.155666], [-3.04624, 41.154949], [-3.046333, 41.154518], [-3.046261, 41.154372], [-3.046189, 41.154226], [-3.046117, 41.154081], [-3.046238, 41.153879], [-3.046552, 41.15362], [-3.046316, 41.153667], [-3.045531, 41.154019], [-3.045041, 41.154316], [-3.044847, 41.154559], [-3.044616, 41.154435], [-3.044347, 41.153943], [-3.044401, 41.153517], [-3.044775, 41.153157], [-3.045131, 41.153001], [-3.045469, 41.15305], [-3.045983, 41.153059], [-3.046673, 41.15303], [-3.047241, 41.152908], [-3.047687, 41.152694], [-3.048272, 41.152461], [-3.048997, 41.15221], [-3.049506, 41.152003], [-3.049799, 41.15184], [-3.050162, 41.151622], [-3.050596, 41.151347], [-3.050721, 41.151067], [-3.050537, 41.150781], [-3.05028, 41.150629], [-3.049948, 41.150611], [-3.049917, 41.150366], [-3.050186, 41.149897], [-3.05041, 41.149603], [-3.05059, 41.149486], [-3.050769, 41.149556], [-3.050946, 41.149811], [-3.051229, 41.150084], [-3.051618, 41.150374], [-3.051951, 41.150593], [-3.052229, 41.150743], [-3.052491, 41.15063], [-3.05274, 41.150256], [-3.052803, 41.149783], [-3.052682, 41.149209], [-3.052549, 41.148777], [-3.052405, 41.148486], [-3.052392, 41.148131], [-3.052508, 41.147712], [-3.052362, 41.1477], [-3.051954, 41.148095], [-3.051561, 41.148365], [-3.051182, 41.148508], [-3.050838, 41.148724], [-3.050531, 41.149013], [-3.049962, 41.149321], [-3.04913, 41.149649], [-3.04877, 41.149495], [-3.048881, 41.148859], [-3.049034, 41.14842], [-3.049228, 41.148177], [-3.049367, 41.147771], [-3.049451, 41.147202], [-3.049505, 41.146682], [-3.049528, 41.146214], [-3.049724, 41.145785], [-3.050092, 41.145395], [-3.050694, 41.144663], [-3.051532, 41.143591], [-3.051794, 41.14309], [-3.051482, 41.143163], [-3.051297, 41.143063], [-3.05124, 41.142792], [-3.051375, 41.142463], [-3.051703, 41.142079], [-3.052044, 41.141754], [-3.052397, 41.14149], [-3.052508, 41.141243], [-3.052378, 41.141012], [-3.052175, 41.140635], [-3.051901, 41.140113], [-3.051794, 41.139802], [-3.051854, 41.139701], [-3.052164, 41.13952], [-3.052723, 41.13926], [-3.053302, 41.138997], [-3.053901, 41.138731], [-3.05419, 41.138553], [-3.054171, 41.138463], [-3.054092, 41.13838], [-3.053954, 41.138305], [-3.053929, 41.138092], [-3.054018, 41.137738], [-3.053889, 41.137709], [-3.053542, 41.138003], [-3.053327, 41.137954], [-3.053243, 41.137562], [-3.053363, 41.137158], [-3.053684, 41.136743], [-3.053932, 41.136462], [-3.054105, 41.136315], [-3.054184, 41.136398], [-3.054168, 41.13671], [-3.054364, 41.136762], [-3.05477, 41.136553], [-3.054897, 41.136381], [-3.054746, 41.136246], [-3.054675, 41.136007], [-3.054684, 41.135665], [-3.0547, 41.135352], [-3.054722, 41.13507], [-3.054737, 41.134758], [-3.054747, 41.134415], [-3.054649, 41.134149], [-3.054445, 41.133959], [-3.054327, 41.133788], [-3.054295, 41.133637], [-3.054352, 41.133521], [-3.054499, 41.13344], [-3.054807, 41.133445], [-3.055277, 41.133538], [-3.055643, 41.133428], [-3.055904, 41.133114], [-3.056027, 41.132632], [-3.056012, 41.131982], [-3.056029, 41.131484], [-3.056078, 41.131136], [-3.05619, 41.130795], [-3.056365, 41.130462], [-3.056481, 41.130043], [-3.056538, 41.129539], [-3.056561, 41.129164], [-3.05655, 41.128917], [-3.056388, 41.12883], [-3.056076, 41.128902], [-3.055854, 41.128916], [-3.055721, 41.128872], [-3.05558, 41.128689], [-3.05543, 41.128367], [-3.055509, 41.128062], [-3.055816, 41.127773], [-3.055954, 41.127553], [-3.055922, 41.127402], [-3.055804, 41.127232], [-3.0556, 41.127042], [-3.055483, 41.126778], [-3.055452, 41.126441], [-3.055438, 41.126179], [-3.055439, 41.125993], [-3.055424, 41.125731], [-3.055394, 41.125394], [-3.055438, 41.125217], [-3.055558, 41.125201], [-3.055806, 41.125215], [-3.056184, 41.125258], [-3.056661, 41.125288], [-3.057238, 41.125304], [-3.057554, 41.125154], [-3.057609, 41.124836], [-3.057626, 41.124431], [-3.057603, 41.123937], [-3.057553, 41.123509], [-3.057476, 41.123147], [-3.057261, 41.12271], [-3.056907, 41.122199], [-3.056598, 41.121899], [-3.056333, 41.12181], [-3.055796, 41.121881], [-3.054985, 41.122112], [-3.054454, 41.122214], [-3.054203, 41.122185], [-3.05384, 41.122404], [-3.053365, 41.12287], [-3.053305, 41.123359], [-3.053659, 41.123871], [-3.053749, 41.1242], [-3.053576, 41.124347], [-3.053177, 41.124493], [-3.052553, 41.124638], [-3.052019, 41.124631], [-3.051576, 41.124472], [-3.051208, 41.124475], [-3.050915, 41.124638], [-3.050732, 41.124739], [-3.050659, 41.12478], [-3.050437, 41.124701], [-3.050068, 41.124502], [-3.049808, 41.124629], [-3.049659, 41.125083], [-3.049586, 41.125419], [-3.049591, 41.125635], [-3.049732, 41.125818], [-3.05001, 41.125968], [-3.050171, 41.126148], [-3.050215, 41.126359], [-3.049922, 41.126615], [-3.04929, 41.126916], [-3.049055, 41.127258], [-3.049217, 41.127639], [-3.049089, 41.127905], [-3.048671, 41.128053], [-3.048323, 41.128053], [-3.048045, 41.127903], [-3.047778, 41.127799], [-3.04752, 41.12774], [-3.04714, 41.127883], [-3.046641, 41.128229], [-3.046247, 41.128498], [-3.045961, 41.128691], [-3.045617, 41.129001], [-3.045216, 41.129426], [-3.044842, 41.129693], [-3.044497, 41.1298], [-3.044435, 41.129995], [-3.044659, 41.130275], [-3.044335, 41.13097], [-3.043464, 41.132078], [-3.042788, 41.13285], [-3.042307, 41.133286], [-3.041713, 41.133861], [-3.041004, 41.134576], [-3.0404, 41.134718], [-3.039899, 41.134287], [-3.039282, 41.1335], [-3.038549, 41.132356], [-3.037969, 41.131937], [-3.037542, 41.132242], [-3.037098, 41.132269], [-3.036636, 41.13202], [-3.036209, 41.131937], [-3.035817, 41.13202], [-3.03558, 41.13216], [-3.035499, 41.132357], [-3.035269, 41.132527], [-3.03489, 41.13267], [-3.034542, 41.13267], [-3.034225, 41.132525], [-3.033971, 41.132295], [-3.033782, 41.131979], [-3.033565, 41.131728], [-3.033321, 41.131544], [-3.033114, 41.131338], [-3.032943, 41.131113], [-3.032879, 41.130904], [-3.03292, 41.130712], [-3.032722, 41.130646], [-3.032284, 41.130704], [-3.031932, 41.130781], [-3.031666, 41.130878], [-3.031448, 41.131109], [-3.03128, 41.131472], [-3.030954, 41.131578], [-3.030471, 41.131424], [-3.029936, 41.131216], [-3.029348, 41.130952], [-3.028894, 41.130547], [-3.028573, 41.13], [-3.028135, 41.129763], [-3.027577, 41.129837], [-3.027008, 41.129757], [-3.026426, 41.129524], [-3.02592, 41.129358], [-3.02549, 41.12926], [-3.025442, 41.129421], [-3.025777, 41.129842], [-3.025897, 41.130214], [-3.025801, 41.130537], [-3.025548, 41.130695], [-3.025137, 41.130687], [-3.0249, 41.130439], [-3.024838, 41.129951], [-3.024601, 41.129703], [-3.02419, 41.129695], [-3.024009, 41.129999], [-3.024057, 41.130613], [-3.024145, 41.131222], [-3.024272, 41.131825], [-3.024411, 41.132288], [-3.024561, 41.132609], [-3.024833, 41.13293], [-3.025228, 41.13325], [-3.025547, 41.133596], [-3.025789, 41.133967], [-3.025672, 41.134091], [-3.025196, 41.133968], [-3.024838, 41.133922], [-3.024599, 41.133954], [-3.024631, 41.134105], [-3.024934, 41.134375], [-3.025276, 41.134733], [-3.025657, 41.135179], [-3.025777, 41.135458], [-3.025637, 41.135569], [-3.025269, 41.135572], [-3.024673, 41.135464], [-3.024181, 41.135266], [-3.023792, 41.134976], [-3.023483, 41.134675], [-3.023253, 41.134364], [-3.02302, 41.134132], [-3.022782, 41.133977], [-3.022439, 41.133805], [-3.02199, 41.133616], [-3.021952, 41.133823], [-3.022325, 41.134425], [-3.022587, 41.134794], [-3.022738, 41.134929], [-3.022982, 41.135114], [-3.023318, 41.135349], [-3.023571, 41.135579], [-3.023742, 41.135804], [-3.023846, 41.136008], [-3.023885, 41.136189], [-3.023807, 41.136401], [-3.023612, 41.136644], [-3.023521, 41.136889], [-3.023532, 41.137135], [-3.023775, 41.137413], [-3.02425, 41.137723], [-3.024652, 41.13798], [-3.024982, 41.138185], [-3.025259, 41.138334], [-3.025484, 41.138428], [-3.025721, 41.138583], [-3.025971, 41.138798], [-3.026204, 41.139124], [-3.026419, 41.139561], [-3.026261, 41.139877], [-3.025729, 41.140071], [-3.025226, 41.140308], [-3.024753, 41.140588], [-3.024416, 41.140834], [-3.024216, 41.141047], [-3.023835, 41.141377], [-3.023274, 41.141823], [-3.022713, 41.14227], [-3.022153, 41.142716], [-3.021449, 41.142871], [-3.020601, 41.142735], [-3.019802, 41.142732], [-3.019051, 41.142862], [-3.01853, 41.142915], [-3.018239, 41.142892], [-3.017834, 41.142914], [-3.017316, 41.142983], [-3.016953, 41.143201], [-3.016745, 41.14357], [-3.016596, 41.143931], [-3.016506, 41.144284], [-3.016817, 41.144398], [-3.017528, 41.144273], [-3.018115, 41.144242], [-3.018579, 41.144305], [-3.018916, 41.144447], [-3.019126, 41.144667], [-3.019404, 41.144724], [-3.01975, 41.144616], [-3.020037, 41.144717], [-3.020267, 41.145028], [-3.020327, 41.145315], [-3.020219, 41.145578], [-3.020087, 41.145921], [-3.019931, 41.146345], [-3.019928, 41.146717], [-3.020078, 41.147039], [-3.020397, 41.147679], [-3.020887, 41.148638], [-3.021249, 41.149288], [-3.021485, 41.14963], [-3.0215, 41.150279], [-3.021293, 41.151237], [-3.021459, 41.152022], [-3.021997, 41.152633], [-3.02245, 41.153225], [-3.022817, 41.153797], [-3.023107, 41.154395], [-3.023321, 41.155018], [-3.023636, 41.155442], [-3.024052, 41.155666], [-3.024662, 41.156035], [-3.025467, 41.156549], [-3.025975, 41.156916], [-3.026185, 41.157137], [-3.026031, 41.157281], [-3.025513, 41.15735], [-3.025389, 41.157537], [-3.025659, 41.157842], [-3.026197, 41.158066], [-3.027005, 41.158207], [-3.027478, 41.158409], [-3.027615, 41.15867], [-3.027266, 41.158762], [-3.026431, 41.158687], [-3.02599, 41.158729], [-3.025942, 41.158891], [-3.025703, 41.158922], [-3.025272, 41.158824], [-3.02488, 41.159], [-3.024524, 41.15945], [-3.02414, 41.159858], [-3.023725, 41.160223], [-3.023381, 41.160532], [-3.023107, 41.160786], [-3.022583, 41.160824], [-3.021808, 41.160647], [-3.021377, 41.160642], [-3.02129, 41.160809], [-3.021328, 41.16099], [-3.021492, 41.161185], [-3.021144, 41.161573], [-3.020283, 41.162152], [-3.019814, 41.162353], [-3.019736, 41.162177], [-3.019791, 41.161953], [-3.019979, 41.16168], [-3.019816, 41.161686], [-3.019303, 41.161971], [-3.018848, 41.16214], [-3.018449, 41.162192], [-3.018133, 41.162343], [-3.017899, 41.162591], [-3.017721, 41.162816], [-3.0176, 41.163018], [-3.017581, 41.163315], [-3.017664, 41.163708], [-3.01782, 41.164447], [-3.01805, 41.165534], [-3.017922, 41.166187], [-3.017436, 41.166406], [-3.017161, 41.166752], [-3.017097, 41.167226], [-3.017047, 41.167667], [-3.01701, 41.168075], [-3.016923, 41.16863], [-3.016784, 41.169331], [-3.016409, 41.169783], [-3.015797, 41.169988], [-3.015222, 41.170173], [-3.014683, 41.170337], [-3.014092, 41.170353], [-3.01345, 41.170221], [-3.013157, 41.169996], [-3.013212, 41.169678], [-3.013164, 41.169157], [-3.01301, 41.168433], [-3.012778, 41.168107], [-3.012465, 41.168179], [-3.01217, 41.16814], [-3.011893, 41.167991], [-3.011519, 41.16787], [-3.011049, 41.167777], [-3.010865, 41.167972], [-3.010967, 41.168454], [-3.010973, 41.168872], [-3.010884, 41.169225], [-3.010759, 41.169506], [-3.010598, 41.169713], [-3.010606, 41.169945], [-3.010783, 41.170201], [-3.010837, 41.170457], [-3.010769, 41.170714], [-3.011026, 41.17096], [-3.011607, 41.171193], [-3.011844, 41.171441], [-3.011736, 41.171704], [-3.0114, 41.171763], [-3.010838, 41.17162], [-3.010357, 41.171575], [-3.009958, 41.171628], [-3.009648, 41.171514], [-3.009424, 41.171233], [-3.009078, 41.171046], [-3.008607, 41.170953], [-3.00805, 41.170934], [-3.007406, 41.170988], [-3.006719, 41.171032], [-3.005989, 41.171066], [-3.005383, 41.171006], [-3.0049, 41.170853], [-3.004564, 41.170618], [-3.004374, 41.170302], [-3.004297, 41.170033], [-3.004332, 41.169811], [-3.004587, 41.169762], [-3.005064, 41.169885], [-3.005437, 41.169712], [-3.005706, 41.169242], [-3.005642, 41.169033], [-3.005243, 41.169086], [-3.004929, 41.168957], [-3.0047, 41.168646], [-3.004656, 41.168341], [-3.004798, 41.168043], [-3.005144, 41.167842], [-3.005696, 41.167739], [-3.006099, 41.167515], [-3.006354, 41.167171], [-3.00622, 41.167018], [-3.005695, 41.167056], [-3.005095, 41.167027], [-3.004419, 41.16693], [-3.003764, 41.166737], [-3.00313, 41.166449], [-3.003152, 41.166166], [-3.003831, 41.165891], [-3.004183, 41.165519], [-3.004206, 41.16505], [-3.003983, 41.164769], [-3.003513, 41.164676], [-3.003056, 41.164643], [-3.002611, 41.164671], [-3.00228, 41.16456], [-3.002064, 41.164309], [-3.001743, 41.16415], [-3.001319, 41.164081], [-3.000971, 41.164081], [-3.000698, 41.164148], [-3.000315, 41.164369], [-2.999821, 41.164744], [-2.999529, 41.165109], [-2.99944, 41.165462], [-2.999321, 41.165772], [-2.999173, 41.16604], [-2.998888, 41.166046], [-2.998465, 41.165792], [-2.998189, 41.165549], [-2.998058, 41.165318], [-2.997881, 41.165062], [-2.997658, 41.164782], [-2.997365, 41.164557], [-2.997002, 41.164387], [-2.996555, 41.164213], [-2.996026, 41.164035], [-2.9955, 41.163965], [-2.994975, 41.164003], [-2.994633, 41.164126], [-2.994471, 41.164333], [-2.994209, 41.164352], [-2.993846, 41.164183], [-2.993408, 41.164241], [-2.992894, 41.164526], [-2.992624, 41.164313], [-2.992597, 41.163603], [-2.992731, 41.163074], [-2.993026, 41.162724], [-2.993337, 41.162451], [-2.993664, 41.162253], [-2.994101, 41.161993], [-2.994647, 41.161673], [-2.994759, 41.161426], [-2.994435, 41.161251], [-2.994262, 41.160917], [-2.99424, 41.160424], [-2.994159, 41.160233], [-2.994019, 41.160344], [-2.993647, 41.160719], [-2.993045, 41.161357], [-2.992563, 41.161793], [-2.992203, 41.162026], [-2.991908, 41.162081], [-2.991676, 41.161956], [-2.991457, 41.16169], [-2.991248, 41.161284], [-2.990908, 41.161034], [-2.990438, 41.160941], [-2.990053, 41.161053], [-2.989751, 41.161372], [-2.989471, 41.161595], [-2.989211, 41.161723], [-2.98904, 41.16159], [-2.988957, 41.161198], [-2.98892, 41.160924], [-2.988928, 41.160767], [-2.988642, 41.160774], [-2.988064, 41.160943], [-2.987754, 41.161124], [-2.987712, 41.161315], [-2.987634, 41.161527], [-2.987519, 41.16176], [-2.987259, 41.161887], [-2.986855, 41.161909], [-2.98649, 41.161926], [-2.986165, 41.161938], [-2.985898, 41.162035], [-2.985691, 41.162218], [-2.985487, 41.162415], [-2.985286, 41.162628], [-2.985132, 41.162772], [-2.985026, 41.162848], [-2.985059, 41.163201], [-2.985232, 41.163829], [-2.984811, 41.164257], [-2.983794, 41.164484], [-2.983116, 41.164667], [-2.982776, 41.164804], [-2.982505, 41.165073], [-2.982302, 41.165472], [-2.982117, 41.16576], [-2.98195, 41.165937], [-2.981812, 41.166157], [-2.981704, 41.166419], [-2.981798, 41.166577], [-2.982096, 41.166631], [-2.982485, 41.166533], [-2.982965, 41.166284], [-2.983384, 41.166229], [-2.983741, 41.166368], [-2.984141, 41.166517], [-2.984584, 41.166676], [-2.984931, 41.16677], [-2.985183, 41.166798], [-2.98551, 41.166895], [-2.985914, 41.167059], [-2.986271, 41.167105], [-2.986584, 41.167033], [-2.986998, 41.167056], [-2.987515, 41.167174], [-2.988132, 41.16748], [-2.988851, 41.167975], [-2.989403, 41.168166], [-2.989789, 41.168053], [-2.990105, 41.16829], [-2.990352, 41.168878], [-2.9907, 41.169267], [-2.99115, 41.169456], [-2.991457, 41.169555], [-2.991623, 41.169564], [-2.99173, 41.169488], [-2.991778, 41.169326], [-2.991778, 41.168938], [-2.99173, 41.168324], [-2.991961, 41.168061], [-2.992471, 41.168149], [-2.992821, 41.168351], [-2.993011, 41.168667], [-2.993141, 41.168898], [-2.993213, 41.169044], [-2.993184, 41.169296], [-2.993055, 41.169654], [-2.993039, 41.169966], [-2.993136, 41.170233], [-2.993427, 41.17035], [-2.993912, 41.170317], [-2.994089, 41.170185], [-2.993958, 41.169954], [-2.993841, 41.16969], [-2.993738, 41.169394], [-2.993789, 41.169247], [-2.993994, 41.169251], [-2.994284, 41.169461], [-2.994659, 41.169877], [-2.994977, 41.170223], [-2.99524, 41.170498], [-2.99549, 41.170807], [-2.995726, 41.171148], [-2.996032, 41.171433], [-2.996408, 41.171663], [-2.996509, 41.171851], [-2.996335, 41.171998], [-2.996425, 41.172328], [-2.996779, 41.172839], [-2.996755, 41.173308], [-2.996353, 41.173733], [-2.996108, 41.174122], [-2.996019, 41.174475], [-2.996031, 41.174923], [-2.996146, 41.175467], [-2.996266, 41.175839], [-2.99639, 41.176039], [-2.996616, 41.176335], [-2.996945, 41.176726], [-2.997226, 41.177186], [-2.99746, 41.177713], [-2.997702, 41.178178], [-2.99795, 41.178579], [-2.998216, 41.178963], [-2.998498, 41.179329], [-2.998462, 41.179644], [-2.998108, 41.179908], [-2.997823, 41.179915], [-2.997606, 41.179664], [-2.997482, 41.17937], [-2.997452, 41.179033], [-2.997408, 41.178728], [-2.997351, 41.178457], [-2.997148, 41.178173], [-2.996799, 41.177878], [-2.996501, 41.177731], [-2.996256, 41.177732], [-2.99592, 41.177498], [-2.995492, 41.177026], [-2.995084, 41.177034], [-2.994695, 41.177519], [-2.9944, 41.177868], [-2.994199, 41.178081], [-2.994018, 41.178384], [-2.993855, 41.178778], [-2.993597, 41.179107], [-2.993243, 41.179371], [-2.992892, 41.179649], [-2.992544, 41.179943], [-2.992706, 41.180031], [-2.993377, 41.179911], [-2.993809, 41.179823], [-2.994002, 41.179767], [-2.99406, 41.180038], [-2.993981, 41.180638], [-2.994044, 41.181033], [-2.994248, 41.181223], [-2.994784, 41.181432], [-2.995651, 41.181659], [-2.99631, 41.181867], [-2.996759, 41.182056], [-2.997249, 41.182239], [-2.997778, 41.182418], [-2.998191, 41.182627], [-2.998487, 41.182867], [-2.998964, 41.18299], [-2.999621, 41.182997], [-3.000217, 41.183104], [-3.000753, 41.183313], [-3.00104, 41.183508], [-3.001078, 41.183689], [-3.000736, 41.183718], [-3.000014, 41.183596], [-2.999621, 41.183772], [-2.999557, 41.184246], [-2.999491, 41.184612], [-2.999422, 41.184869], [-2.999324, 41.185177], [-2.999194, 41.185535], [-2.999035, 41.185944], [-2.998845, 41.186403], [-2.998573, 41.18647], [-2.998217, 41.186145], [-2.997962, 41.186101], [-2.997807, 41.186338], [-2.99761, 41.186178], [-2.997369, 41.18562], [-2.99713, 41.185559], [-2.996894, 41.185993], [-2.996948, 41.186343], [-2.997291, 41.186608], [-2.99768, 41.186898], [-2.998115, 41.187213], [-2.998199, 41.187419], [-2.997933, 41.187516], [-2.997743, 41.187681], [-2.997628, 41.187913], [-2.997672, 41.188124], [-2.997877, 41.188315], [-2.998163, 41.188509], [-2.998533, 41.188709], [-2.998532, 41.188895], [-2.998159, 41.189068], [-2.9981, 41.189371], [-2.998355, 41.189803], [-2.998857, 41.190047], [-2.999606, 41.190103], [-3.000064, 41.190136], [-3.00023, 41.190145], [-3.000487, 41.190297], [-3.000837, 41.190592], [-3.001147, 41.190706], [-3.00142, 41.190639], [-3.001573, 41.190588], [-3.001607, 41.190553], [-3.001769, 41.19064], [-3.002059, 41.19085], [-3.002477, 41.191182], [-3.003024, 41.191638], [-3.003546, 41.191879], [-3.004044, 41.191906], [-3.004482, 41.191849], [-3.004862, 41.191705], [-3.005249, 41.191499], [-3.005642, 41.19123], [-3.005866, 41.19103], [-3.005921, 41.190899], [-3.006041, 41.19079], [-3.006228, 41.190703], [-3.00654, 41.190631], [-3.006978, 41.190573], [-3.007458, 41.190711], [-3.00798, 41.191046], [-3.008442, 41.191388], [-3.008843, 41.191739], [-3.009227, 41.191905], [-3.009592, 41.191888], [-3.009889, 41.19174], [-3.010117, 41.191462], [-3.01025, 41.191026], [-3.010288, 41.190431], [-3.010198, 41.190009], [-3.009982, 41.189758], [-3.009717, 41.189669], [-3.009404, 41.189741], [-3.009148, 41.18979], [-3.008949, 41.189817], [-3.008531, 41.189779], [-3.007895, 41.189677], [-3.007524, 41.189664], [-3.007417, 41.18974], [-3.00723, 41.189826], [-3.006964, 41.189923], [-3.006699, 41.189927], [-3.006434, 41.189838], [-3.006386, 41.189612], [-3.006555, 41.189248], [-3.006951, 41.189088], [-3.007575, 41.189129], [-3.008112, 41.189152], [-3.008563, 41.189154], [-3.00876, 41.189019], [-3.008703, 41.188748], [-3.008496, 41.188449], [-3.008141, 41.188124], [-3.008003, 41.187863], [-3.008085, 41.187666], [-3.008322, 41.187433], [-3.008716, 41.187164], [-3.00903, 41.186905], [-3.009264, 41.186657], [-3.009207, 41.186386], [-3.008858, 41.18609], [-3.008644, 41.185855], [-3.008566, 41.185679], [-3.008363, 41.185396], [-3.008034, 41.185005], [-3.007749, 41.184624], [-3.007506, 41.184252], [-3.007356, 41.183931], [-3.007299, 41.183659], [-3.007248, 41.183418], [-3.007203, 41.183206], [-3.00767, 41.183378], [-3.008647, 41.183931], [-3.009278, 41.184205], [-3.009564, 41.184198], [-3.009622, 41.183989], [-3.009453, 41.183577], [-3.009163, 41.183367], [-3.008751, 41.183359], [-3.008157, 41.183065], [-3.007379, 41.182485], [-3.006935, 41.181939], [-3.006827, 41.181426], [-3.006869, 41.181141], [-3.007062, 41.181085], [-3.007227, 41.181187], [-3.007364, 41.181448], [-3.007634, 41.18166], [-3.008038, 41.181824], [-3.008416, 41.181774], [-3.00877, 41.181511], [-3.008885, 41.181278], [-3.008761, 41.181077], [-3.00844, 41.180918], [-3.007924, 41.1808], [-3.007464, 41.180659], [-3.00706, 41.180495], [-3.006734, 41.180306], [-3.006483, 41.180091], [-3.006323, 41.179817], [-3.006253, 41.179485], [-3.006236, 41.179115], [-3.006273, 41.178707], [-3.006147, 41.178305], [-3.005858, 41.177908], [-3.005916, 41.177699], [-3.006321, 41.177677], [-3.006529, 41.177494], [-3.006538, 41.177152], [-3.00661, 41.17691], [-3.006744, 41.176768], [-3.006941, 41.176633], [-3.0072, 41.176506], [-3.007345, 41.176316], [-3.007373, 41.176064], [-3.007435, 41.17587], [-3.007529, 41.175733], [-3.007894, 41.175716], [-3.00853, 41.175819], [-3.009146, 41.175923], [-3.009742, 41.176031], [-3.010248, 41.176197], [-3.010664, 41.176421], [-3.01123, 41.176672], [-3.011944, 41.17695], [-3.012391, 41.177031], [-3.012571, 41.176914], [-3.012715, 41.176724], [-3.012824, 41.176462], [-3.012971, 41.176287], [-3.013158, 41.1762], [-3.013365, 41.176018], [-3.013593, 41.17574], [-3.01382, 41.175555], [-3.014046, 41.175463], [-3.014623, 41.175479], [-3.015551, 41.175605], [-3.01628, 41.175664], [-3.016811, 41.175656], [-3.017164, 41.175485], [-3.01734, 41.175152], [-3.017598, 41.174823], [-3.017939, 41.174499], [-3.018193, 41.174248], [-3.01836, 41.174071], [-3.018462, 41.173778], [-3.018499, 41.17337], [-3.018032, 41.173292], [-3.017061, 41.173544], [-3.01624, 41.17373], [-3.015569, 41.17385], [-3.015384, 41.17375], [-3.015685, 41.173431], [-3.015974, 41.173052], [-3.016249, 41.172612], [-3.016502, 41.17216], [-3.016731, 41.171695], [-3.017072, 41.171371], [-3.017525, 41.171187], [-3.018053, 41.171071], [-3.018658, 41.171022], [-3.019105, 41.171009], [-3.019397, 41.171033], [-3.019667, 41.170858], [-3.019916, 41.170484], [-3.020176, 41.170356], [-3.020447, 41.170476], [-3.020679, 41.170507], [-3.020871, 41.17045], [-3.021084, 41.170391], [-3.021317, 41.17033], [-3.021628, 41.170444], [-3.022017, 41.170733], [-3.022538, 41.17068], [-3.023191, 41.170283], [-3.023888, 41.169897], [-3.024627, 41.16952], [-3.024776, 41.169159], [-3.024335, 41.168814], [-3.024297, 41.16854], [-3.024664, 41.168336], [-3.02501, 41.168135], [-3.025337, 41.167937], [-3.025593, 41.167794], [-3.02578, 41.167708], [-3.026033, 41.167938], [-3.026354, 41.168485], [-3.02661, 41.168436], [-3.026801, 41.16779], [-3.027051, 41.167229], [-3.02736, 41.166754], [-3.027396, 41.166439], [-3.027158, 41.166284], [-3.02696, 41.166124], [-3.026803, 41.165959], [-3.026917, 41.165727], [-3.027304, 41.165427], [-3.027669, 41.165503], [-3.02801, 41.165955], [-3.028291, 41.166026], [-3.028513, 41.165718], [-3.028667, 41.16548], [-3.028755, 41.165313], [-3.028985, 41.165143], [-3.029358, 41.16497], [-3.029665, 41.164774], [-3.029905, 41.164556], [-3.030139, 41.164401], [-3.030365, 41.164309], [-3.030423, 41.1641], [-3.030313, 41.163773], [-3.030306, 41.163448], [-3.030401, 41.163126], [-3.03042, 41.162828], [-3.030363, 41.162557], [-3.030335, 41.162328], [-3.030336, 41.162141], [-3.030216, 41.161863], [-3.029973, 41.161491], [-3.029996, 41.161209], [-3.030282, 41.161016], [-3.03066, 41.161059], [-3.031129, 41.161339], [-3.031531, 41.161689], [-3.031865, 41.16211], [-3.032002, 41.162464], [-3.03194, 41.162751], [-3.032168, 41.162768], [-3.032688, 41.162513], [-3.033276, 41.162389], [-3.033933, 41.162395], [-3.034466, 41.162495], [-3.034876, 41.162689], [-3.035103, 41.162892], [-3.035147, 41.163103], [-3.034744, 41.16342], [-3.033891, 41.163843], [-3.033271, 41.164204], [-3.032884, 41.164504], [-3.032603, 41.16482], [-3.032428, 41.165153], [-3.032263, 41.165439], [-3.032108, 41.165677], [-3.031865, 41.165879], [-3.031532, 41.166048], [-3.031276, 41.166097], [-3.031097, 41.166027], [-3.030781, 41.166178], [-3.030327, 41.166548], [-3.02992, 41.16685], [-3.02956, 41.167084], [-3.029159, 41.167416], [-3.028718, 41.167847], [-3.028569, 41.168115], [-3.028715, 41.168219], [-3.02914, 41.168101], [-3.029846, 41.16776], [-3.030458, 41.167555], [-3.030976, 41.167486], [-3.031477, 41.167435], [-3.031962, 41.167402], [-3.03246, 41.167336], [-3.032971, 41.167238], [-3.033497, 41.167106], [-3.034035, 41.166942], [-3.034787, 41.166625], [-3.035753, 41.166156], [-3.036045, 41.166087], [-3.035665, 41.166416], [-3.035317, 41.16671], [-3.035004, 41.166969], [-3.034896, 41.167138], [-3.034995, 41.167218], [-3.035013, 41.167495], [-3.034949, 41.167969], [-3.034881, 41.168226], [-3.034807, 41.168267], [-3.034912, 41.16847], [-3.035194, 41.168836], [-3.035435, 41.169006], [-3.035634, 41.16898], [-3.035818, 41.168785], [-3.035987, 41.168421], [-3.036248, 41.168107], [-3.036602, 41.167843], [-3.036925, 41.16763], [-3.037219, 41.167467], [-3.037436, 41.167237], [-3.037578, 41.166939], [-3.037808, 41.166769], [-3.038127, 41.166726], [-3.038465, 41.166775], [-3.038822, 41.166914], [-3.039071, 41.166834], [-3.039213, 41.166536], [-3.039023, 41.16622], [-3.038502, 41.165886], [-3.038089, 41.165583], [-3.037786, 41.165313], [-3.038005, 41.16499], [-3.038744, 41.164613], [-3.039131, 41.164313], [-3.039166, 41.164091], [-3.039112, 41.163835], [-3.038968, 41.163544], [-3.038584, 41.16347], [-3.037959, 41.163615], [-3.037901, 41.163437], [-3.038409, 41.162935]], [[-3.050684, 41.158005], [-3.050889, 41.157992], [-3.050972, 41.158011], [-3.051093, 41.157932], [-3.051252, 41.157754], [-3.051332, 41.157523], [-3.051331, 41.157239], [-3.051329, 41.156906], [-3.051328, 41.156525], [-3.051273, 41.156338], [-3.051166, 41.156345], [-3.051093, 41.156209], [-3.051053, 41.15593], [-3.051103, 41.155747], [-3.051243, 41.155662], [-3.051364, 41.155533], [-3.051466, 41.155363], [-3.051543, 41.155214], [-3.051595, 41.155088], [-3.05172, 41.154907], [-3.051917, 41.154672], [-3.051958, 41.154517], [-3.051843, 41.154442], [-3.051767, 41.154314], [-3.051728, 41.154132], [-3.051718, 41.153943], [-3.051735, 41.153746], [-3.05167, 41.153624], [-3.051522, 41.153576], [-3.051402, 41.153525], [-3.051311, 41.15347], [-3.051178, 41.153446], [-3.051002, 41.153455], [-3.050824, 41.153474], [-3.050643, 41.153506], [-3.050488, 41.15359], [-3.050359, 41.153727], [-3.050133, 41.15382], [-3.049808, 41.153871], [-3.049503, 41.153971], [-3.049219, 41.154121], [-3.048979, 41.154242], [-3.048781, 41.154336], [-3.048645, 41.154413], [-3.048569, 41.154476], [-3.0485, 41.154567], [-3.048437, 41.154688], [-3.048339, 41.15476], [-3.048206, 41.154786], [-3.048144, 41.15482], [-3.048153, 41.154864], [-3.048242, 41.154912], [-3.048411, 41.154964], [-3.048404, 41.15507], [-3.048221, 41.155228], [-3.048113, 41.155235], [-3.048083, 41.15509], [-3.047917, 41.155007], [-3.047617, 41.154987], [-3.047505, 41.155017], [-3.047581, 41.155096], [-3.047718, 41.155164], [-3.047918, 41.15522], [-3.048072, 41.155319], [-3.048181, 41.155462], [-3.048344, 41.15553], [-3.048559, 41.155524], [-3.04866, 41.155626], [-3.048646, 41.155837], [-3.048552, 41.155977], [-3.048379, 41.156045], [-3.048304, 41.156133], [-3.048327, 41.156242], [-3.048289, 41.156341], [-3.048189, 41.156429], [-3.048154, 41.15659], [-3.048184, 41.156826], [-3.048048, 41.157], [-3.047747, 41.157115], [-3.047683, 41.157187], [-3.047857, 41.157216], [-3.048072, 41.157181], [-3.048327, 41.157079], [-3.048469, 41.157076], [-3.048499, 41.157169], [-3.048591, 41.157257], [-3.048747, 41.157342], [-3.048864, 41.157356], [-3.048941, 41.157301], [-3.048958, 41.157216], [-3.048914, 41.157103], [-3.048806, 41.156967], [-3.048635, 41.156811], [-3.048686, 41.156658], [-3.048961, 41.15651], [-3.049144, 41.156328], [-3.049237, 41.156114], [-3.049297, 41.155931], [-3.049324, 41.155778], [-3.049386, 41.155724], [-3.049485, 41.155771], [-3.049568, 41.155857], [-3.049634, 41.155983], [-3.049611, 41.156083], [-3.049498, 41.156158], [-3.049414, 41.156225], [-3.049357, 41.156285], [-3.04933, 41.156345], [-3.049333, 41.156404], [-3.049473, 41.156457], [-3.049749, 41.156502], [-3.04992, 41.156566], [-3.049987, 41.156647], [-3.049971, 41.15669], [-3.049874, 41.156695], [-3.049696, 41.156674], [-3.049439, 41.156626], [-3.049256, 41.156598], [-3.049146, 41.15659], [-3.049068, 41.156645], [-3.049024, 41.156763], [-3.049056, 41.156863], [-3.049162, 41.156946], [-3.049265, 41.157015], [-3.049366, 41.157069], [-3.049459, 41.157206], [-3.049545, 41.157427], [-3.049685, 41.15755], [-3.049878, 41.157577], [-3.049941, 41.157621], [-3.049875, 41.157682], [-3.049762, 41.157708], [-3.049603, 41.157699], [-3.049564, 41.157727], [-3.049647, 41.157791], [-3.049791, 41.157842], [-3.049997, 41.157882], [-3.050123, 41.157944], [-3.050171, 41.158028], [-3.050358, 41.158048], [-3.050684, 41.158005]], [[-3.06956, 41.14703], [-3.069729, 41.14715], [-3.069771, 41.147244], [-3.069761, 41.147355], [-3.0697, 41.14748], [-3.069616, 41.147608], [-3.069512, 41.147739], [-3.069362, 41.147918], [-3.069167, 41.148145], [-3.069175, 41.148286], [-3.069385, 41.148342], [-3.06957, 41.148276], [-3.069729, 41.148087], [-3.069927, 41.147977], [-3.070163, 41.147946], [-3.070328, 41.147891], [-3.070422, 41.147811], [-3.070594, 41.147738], [-3.070845, 41.147671], [-3.070972, 41.147696], [-3.070975, 41.147813], [-3.071074, 41.147967], [-3.07127, 41.148159], [-3.071404, 41.148116], [-3.071478, 41.147839], [-3.071383, 41.14755], [-3.071121, 41.14725], [-3.070891, 41.147104], [-3.070694, 41.147114], [-3.070444, 41.14703], [-3.070141, 41.146852], [-3.069939, 41.146628], [-3.069837, 41.146356], [-3.06984, 41.146163], [-3.069949, 41.146049], [-3.070027, 41.145896], [-3.070075, 41.145705], [-3.070268, 41.145629], [-3.070608, 41.145668], [-3.07072, 41.14557], [-3.070604, 41.145334], [-3.070547, 41.145065], [-3.070549, 41.144763], [-3.070558, 41.144544], [-3.070573, 41.144408], [-3.070623, 41.144226], [-3.070707, 41.143997], [-3.070857, 41.143768], [-3.071073, 41.143538], [-3.071252, 41.143339], [-3.071393, 41.143169], [-3.07156, 41.143021], [-3.071755, 41.142895], [-3.071965, 41.142792], [-3.072191, 41.142712], [-3.072428, 41.14263], [-3.072675, 41.142547], [-3.07296, 41.142484], [-3.073283, 41.142441], [-3.073711, 41.142376], [-3.074245, 41.142288], [-3.074463, 41.142067], [-3.074366, 41.141711], [-3.074719, 41.141606], [-3.075523, 41.14175], [-3.07604, 41.141841], [-3.076268, 41.141877], [-3.076469, 41.141884], [-3.076641, 41.141862], [-3.076859, 41.1419], [-3.077123, 41.141998], [-3.077361, 41.142026], [-3.077572, 41.141981], [-3.077748, 41.141924], [-3.077888, 41.141855], [-3.078007, 41.141739], [-3.078105, 41.141575], [-3.07803, 41.141484], [-3.077784, 41.141467], [-3.077538, 41.141508], [-3.077294, 41.141607], [-3.077045, 41.141632], [-3.076791, 41.141582], [-3.076806, 41.141496], [-3.07709, 41.141375], [-3.07734, 41.141199], [-3.077556, 41.14097], [-3.077661, 41.140788], [-3.077655, 41.140655], [-3.077533, 41.140546], [-3.077294, 41.14046], [-3.077115, 41.14035], [-3.076998, 41.140215], [-3.077038, 41.140142], [-3.077235, 41.140133], [-3.077477, 41.140126], [-3.077763, 41.140122], [-3.077909, 41.139977], [-3.077915, 41.139691], [-3.077958, 41.139426], [-3.078038, 41.139181], [-3.078165, 41.138946], [-3.078339, 41.138722], [-3.078514, 41.138506], [-3.078691, 41.138299], [-3.078969, 41.138153], [-3.079349, 41.138069], [-3.079366, 41.137941], [-3.079021, 41.137769], [-3.078847, 41.137575], [-3.078845, 41.137357], [-3.078917, 41.13723], [-3.079064, 41.137194], [-3.079268, 41.137167], [-3.07953, 41.137149], [-3.079645, 41.137016], [-3.079615, 41.136769], [-3.079682, 41.136719], [-3.079845, 41.136864], [-3.080047, 41.13693], [-3.080287, 41.136915], [-3.080555, 41.136879], [-3.080853, 41.136823], [-3.081161, 41.136715], [-3.081481, 41.136555], [-3.081747, 41.136352], [-3.08196, 41.136106], [-3.08212, 41.135867], [-3.082225, 41.135636], [-3.08215, 41.135436], [-3.081893, 41.135269], [-3.081868, 41.134996], [-3.082075, 41.134617], [-3.082055, 41.134469], [-3.081807, 41.134552], [-3.081731, 41.134454], [-3.081826, 41.134173], [-3.081996, 41.133882], [-3.082242, 41.133582], [-3.082118, 41.133364], [-3.081625, 41.133228], [-3.081358, 41.133322], [-3.081316, 41.133646], [-3.081291, 41.133943], [-3.081282, 41.134212], [-3.081305, 41.134527], [-3.081359, 41.134888], [-3.081246, 41.135188], [-3.080965, 41.135426], [-3.080685, 41.135614], [-3.080404, 41.135752], [-3.080287, 41.135717], [-3.080331, 41.13551], [-3.08032, 41.135353], [-3.080253, 41.135244], [-3.080124, 41.135161], [-3.079935, 41.135102], [-3.079704, 41.135108], [-3.079432, 41.135178], [-3.079143, 41.135224], [-3.078839, 41.135248], [-3.078479, 41.13522], [-3.078065, 41.135141], [-3.077872, 41.135066], [-3.077901, 41.134996], [-3.078086, 41.134929], [-3.078427, 41.134867], [-3.078948, 41.134723], [-3.079651, 41.134495], [-3.080172, 41.134242], [-3.080511, 41.133962], [-3.080754, 41.133704], [-3.080903, 41.133467], [-3.080979, 41.133255], [-3.080984, 41.133071], [-3.08082, 41.133025], [-3.080487, 41.13312], [-3.080162, 41.133205], [-3.079847, 41.13328], [-3.079623, 41.133268], [-3.079491, 41.133168], [-3.079279, 41.133104], [-3.078986, 41.133076], [-3.079013, 41.132788], [-3.07936, 41.13224], [-3.079502, 41.131919], [-3.079439, 41.131827], [-3.079451, 41.131625], [-3.079539, 41.131312], [-3.079474, 41.131111], [-3.079257, 41.131022], [-3.079136, 41.130921], [-3.079112, 41.130807], [-3.07899, 41.130807], [-3.078771, 41.13092], [-3.078441, 41.13103], [-3.078, 41.131139], [-3.077472, 41.131151], [-3.076857, 41.131065], [-3.076587, 41.130782], [-3.076662, 41.130304], [-3.076403, 41.130279], [-3.07581, 41.13071], [-3.075426, 41.131037], [-3.075253, 41.131261], [-3.075052, 41.131463], [-3.074826, 41.131644], [-3.074448, 41.131686], [-3.073919, 41.131589], [-3.073623, 41.131653], [-3.073561, 41.131879], [-3.073464, 41.132101], [-3.073334, 41.13232], [-3.073317, 41.132447], [-3.073413, 41.132485], [-3.073591, 41.132595], [-3.073851, 41.132778], [-3.073828, 41.133033], [-3.073521, 41.133358], [-3.073344, 41.133616], [-3.073296, 41.133807], [-3.0732, 41.133928], [-3.073056, 41.133981], [-3.072817, 41.133946], [-3.072481, 41.133823], [-3.072237, 41.133763], [-3.072083, 41.133767], [-3.072028, 41.133925], [-3.072072, 41.134237], [-3.07196, 41.134436], [-3.071691, 41.134522], [-3.071512, 41.134462], [-3.071424, 41.134256], [-3.07128, 41.13415], [-3.07108, 41.134143], [-3.071013, 41.134244], [-3.071079, 41.134453], [-3.071037, 41.134567], [-3.070887, 41.134587], [-3.070727, 41.134717], [-3.070557, 41.134957], [-3.070478, 41.13542], [-3.070491, 41.136105], [-3.070505, 41.136538], [-3.070522, 41.13672], [-3.070405, 41.136953], [-3.070156, 41.137238], [-3.070186, 41.137376], [-3.070494, 41.137369], [-3.070663, 41.137388], [-3.070695, 41.137434], [-3.070402, 41.137615], [-3.069784, 41.137932], [-3.069186, 41.137978], [-3.068608, 41.137753], [-3.06826, 41.137673], [-3.068141, 41.137739], [-3.068308, 41.137901], [-3.068761, 41.13816], [-3.068804, 41.138363], [-3.068438, 41.138512], [-3.067947, 41.138544], [-3.067332, 41.138458], [-3.066755, 41.138443], [-3.066214, 41.138498], [-3.065875, 41.138618], [-3.065737, 41.138804], [-3.065536, 41.138948], [-3.06527, 41.13905], [-3.065149, 41.139158], [-3.065174, 41.139272], [-3.065211, 41.139552], [-3.065261, 41.139997], [-3.065232, 41.140277], [-3.065124, 41.140392], [-3.065171, 41.140511], [-3.065374, 41.140635], [-3.065593, 41.140883], [-3.065826, 41.141253], [-3.066019, 41.141487], [-3.066172, 41.141584], [-3.066207, 41.141797], [-3.066122, 41.142127], [-3.066026, 41.142458], [-3.06592, 41.14279], [-3.065763, 41.142987], [-3.065555, 41.143048], [-3.065435, 41.143005], [-3.065404, 41.142858], [-3.065265, 41.142776], [-3.065018, 41.142759], [-3.064782, 41.14269], [-3.064558, 41.142569], [-3.064443, 41.14255], [-3.064439, 41.142635], [-3.064513, 41.142776], [-3.064666, 41.142973], [-3.06469, 41.143137], [-3.064585, 41.143269], [-3.064627, 41.143363], [-3.064816, 41.143422], [-3.064981, 41.143467], [-3.06512, 41.143499], [-3.065214, 41.143579], [-3.065263, 41.143706], [-3.06515, 41.143746], [-3.064875, 41.143699], [-3.064878, 41.143766], [-3.065159, 41.143946], [-3.065375, 41.144026], [-3.065526, 41.144006], [-3.065639, 41.144125], [-3.065716, 41.144383], [-3.065875, 41.144504], [-3.066114, 41.144489], [-3.06638, 41.144697], [-3.06667, 41.145127], [-3.066869, 41.145335], [-3.066976, 41.145321], [-3.06731, 41.145385], [-3.067871, 41.145529], [-3.068278, 41.145625], [-3.068532, 41.145676], [-3.068692, 41.145805], [-3.068759, 41.146014], [-3.068771, 41.14623], [-3.06873, 41.146453], [-3.068811, 41.146627], [-3.069014, 41.14675], [-3.069264, 41.146885], [-3.06956, 41.14703]], [[-3.091382, 41.142273], [-3.091233, 41.141573], [-3.091182, 41.141128], [-3.091082, 41.140864], [-3.090932, 41.140784], [-3.090764, 41.140773], [-3.090578, 41.140831], [-3.090364, 41.140918], [-3.090124, 41.141034], [-3.089901, 41.14108], [-3.089697, 41.141057], [-3.089504, 41.141083], [-3.089321, 41.141157], [-3.089115, 41.141226], [-3.088885, 41.14129], [-3.088733, 41.141252], [-3.088659, 41.141111], [-3.088522, 41.141088], [-3.08832, 41.141181], [-3.088197, 41.141382], [-3.088152, 41.141689], [-3.088218, 41.141948], [-3.088396, 41.142159], [-3.088622, 41.142288], [-3.088897, 41.142335], [-3.089119, 41.14239], [-3.089286, 41.142451], [-3.089467, 41.142469], [-3.089661, 41.142443], [-3.089818, 41.142506], [-3.089938, 41.142658], [-3.09014, 41.142723], [-3.090423, 41.142702], [-3.090661, 41.142679], [-3.090854, 41.142653], [-3.09101, 41.142708], [-3.091127, 41.142843], [-3.091122, 41.143028], [-3.090995, 41.143262], [-3.090956, 41.143494], [-3.091004, 41.143722], [-3.091209, 41.143803], [-3.091571, 41.143739], [-3.091629, 41.143228], [-3.091382, 41.142273]], [[-3.104307, 41.166923], [-3.104156, 41.166625], [-3.103815, 41.166168], [-3.10379, 41.165895], [-3.104081, 41.165806], [-3.104297, 41.165626], [-3.104438, 41.165356], [-3.104556, 41.165182], [-3.104649, 41.165102], [-3.104633, 41.16492], [-3.104506, 41.164636], [-3.1045, 41.164402], [-3.104616, 41.164219], [-3.104809, 41.163984], [-3.10508, 41.163697], [-3.104988, 41.163525], [-3.104534, 41.163468], [-3.104349, 41.163275], [-3.104434, 41.162945], [-3.104543, 41.16268], [-3.104677, 41.162478], [-3.104857, 41.162236], [-3.105085, 41.161954], [-3.105365, 41.161607], [-3.105697, 41.161195], [-3.106044, 41.160906], [-3.106407, 41.16074], [-3.106734, 41.160563], [-3.107026, 41.160373], [-3.107276, 41.160198], [-3.107484, 41.160036], [-3.107458, 41.159914], [-3.107198, 41.159831], [-3.107177, 41.159683], [-3.107397, 41.15947], [-3.107597, 41.159318], [-3.107776, 41.159227], [-3.107841, 41.159118], [-3.107792, 41.15899], [-3.107789, 41.158873], [-3.107833, 41.158767], [-3.107802, 41.15862], [-3.107696, 41.158434], [-3.107366, 41.158235], [-3.106813, 41.158024], [-3.106793, 41.157775], [-3.107307, 41.157489], [-3.107688, 41.157254], [-3.107936, 41.15707], [-3.108109, 41.156897], [-3.108207, 41.156733], [-3.108213, 41.156606], [-3.108128, 41.156517], [-3.107945, 41.156332], [-3.107664, 41.156051], [-3.107676, 41.155899], [-3.10798, 41.155875], [-3.108389, 41.155771], [-3.108902, 41.155585], [-3.109226, 41.15555], [-3.109362, 41.155666], [-3.109479, 41.155802], [-3.109578, 41.155956], [-3.109858, 41.156178], [-3.110317, 41.156469], [-3.110649, 41.156676], [-3.110852, 41.156799], [-3.111039, 41.156741], [-3.111209, 41.156501], [-3.111396, 41.156342], [-3.1116, 41.156264], [-3.111617, 41.156137], [-3.111447, 41.155958], [-3.111231, 41.155778], [-3.110971, 41.155595], [-3.110827, 41.155438], [-3.1108, 41.155308], [-3.110611, 41.155098], [-3.110263, 41.15481], [-3.109949, 41.154634], [-3.10967, 41.15457], [-3.109486, 41.154486], [-3.109397, 41.154381], [-3.109251, 41.154107], [-3.109046, 41.153665], [-3.108758, 41.153452], [-3.108385, 41.153468], [-3.108096, 41.153407], [-3.107889, 41.153267], [-3.107774, 41.153399], [-3.107749, 41.153804], [-3.107454, 41.154078], [-3.106887, 41.15422], [-3.106411, 41.154317], [-3.106024, 41.154369], [-3.105715, 41.154268], [-3.105484, 41.154014], [-3.105343, 41.153873], [-3.105293, 41.153846], [-3.105121, 41.153869], [-3.104827, 41.153942], [-3.104776, 41.154116], [-3.104967, 41.154392], [-3.10486, 41.154666], [-3.104453, 41.154938], [-3.104228, 41.155177], [-3.104184, 41.155384], [-3.104113, 41.155569], [-3.104015, 41.155733], [-3.103873, 41.155844], [-3.103686, 41.155902], [-3.103461, 41.155832], [-3.103197, 41.155632], [-3.103073, 41.155724], [-3.103088, 41.156107], [-3.102992, 41.15633], [-3.102784, 41.156391], [-3.102578, 41.15646], [-3.102373, 41.156537], [-3.102167, 41.156506], [-3.101961, 41.156366], [-3.101704, 41.15625], [-3.101397, 41.156156], [-3.101356, 41.15607], [-3.101582, 41.155989], [-3.101705, 41.155789], [-3.101725, 41.155468], [-3.101753, 41.15518], [-3.101787, 41.154924], [-3.101672, 41.154696], [-3.101408, 41.154497], [-3.101435, 41.154309], [-3.101751, 41.154133], [-3.101992, 41.153917], [-3.102159, 41.15366], [-3.102441, 41.15343], [-3.10284, 41.153226], [-3.103087, 41.153035], [-3.103181, 41.152854], [-3.103299, 41.15268], [-3.103439, 41.15251], [-3.103559, 41.152344], [-3.103656, 41.15218], [-3.103489, 41.152068], [-3.103056, 41.152009], [-3.102478, 41.152253], [-3.101755, 41.152801], [-3.101235, 41.153164], [-3.100919, 41.15334], [-3.100593, 41.153575], [-3.100258, 41.153871], [-3.100041, 41.154151], [-3.099943, 41.154416], [-3.099972, 41.154554], [-3.10013, 41.154567], [-3.100249, 41.154609], [-3.100331, 41.154682], [-3.100377, 41.154844], [-3.100386, 41.155094], [-3.100255, 41.155312], [-3.099985, 41.155498], [-3.099837, 41.155686], [-3.099811, 41.155873], [-3.099609, 41.156017], [-3.099233, 41.156118], [-3.099003, 41.156232], [-3.09892, 41.15636], [-3.098948, 41.15644], [-3.099087, 41.156472], [-3.099261, 41.156508], [-3.099468, 41.156547], [-3.099521, 41.156691], [-3.099419, 41.156939], [-3.099192, 41.157329], [-3.098841, 41.157861], [-3.098564, 41.158275], [-3.098362, 41.15857], [-3.098413, 41.158914], [-3.098718, 41.159309], [-3.098901, 41.159595], [-3.09896, 41.159771], [-3.098978, 41.160062], [-3.098953, 41.160467], [-3.098781, 41.16085], [-3.09846, 41.161211], [-3.098186, 41.161482], [-3.097959, 41.161663], [-3.097866, 41.161901], [-3.097907, 41.162197], [-3.09775, 41.162344], [-3.097395, 41.162341], [-3.097013, 41.162308], [-3.096601, 41.162245], [-3.096279, 41.162238], [-3.096046, 41.162285], [-3.096059, 41.162242], [-3.096318, 41.162107], [-3.096573, 41.161956], [-3.096825, 41.161788], [-3.096854, 41.161667], [-3.096661, 41.161592], [-3.096405, 41.161585], [-3.096086, 41.161644], [-3.096022, 41.161602], [-3.096213, 41.161459], [-3.096305, 41.161372], [-3.096298, 41.161339], [-3.096159, 41.161207], [-3.095889, 41.160975], [-3.095715, 41.16078], [-3.095637, 41.160623], [-3.0955, 41.16034], [-3.095302, 41.159931], [-3.095172, 41.15963], [-3.095109, 41.159437], [-3.095024, 41.159248], [-3.094918, 41.159061], [-3.094677, 41.159018], [-3.0943, 41.159118], [-3.093968, 41.15917], [-3.093682, 41.159175], [-3.093579, 41.159004], [-3.093661, 41.158659], [-3.093444, 41.158419], [-3.092929, 41.158287], [-3.092507, 41.158226], [-3.092178, 41.158236], [-3.091929, 41.158261], [-3.09176, 41.1583], [-3.091546, 41.158437], [-3.091287, 41.158673], [-3.090988, 41.158721], [-3.090649, 41.158582], [-3.090407, 41.158639], [-3.090261, 41.158893], [-3.090145, 41.159126], [-3.090058, 41.159338], [-3.090219, 41.159576], [-3.090629, 41.15984], [-3.090961, 41.159997], [-3.091214, 41.160047], [-3.09142, 41.160028], [-3.091579, 41.15994], [-3.091767, 41.15989], [-3.091985, 41.159878], [-3.09212, 41.159784], [-3.092172, 41.15961], [-3.09232, 41.159423], [-3.092565, 41.159223], [-3.092799, 41.159183], [-3.093024, 41.159304], [-3.093077, 41.159448], [-3.092957, 41.159614], [-3.092806, 41.159735], [-3.092623, 41.15981], [-3.092566, 41.16001], [-3.092635, 41.160336], [-3.092709, 41.160577], [-3.092787, 41.160734], [-3.092771, 41.16087], [-3.092663, 41.160985], [-3.092594, 41.161128], [-3.092564, 41.1613], [-3.092479, 41.16142], [-3.092339, 41.161489], [-3.092288, 41.161663], [-3.092325, 41.161943], [-3.0923, 41.162189], [-3.092213, 41.162401], [-3.091965, 41.162484], [-3.091557, 41.162438], [-3.09118, 41.162329], [-3.090834, 41.162157], [-3.090498, 41.162035], [-3.090173, 41.161961], [-3.089955, 41.161872], [-3.089845, 41.16177], [-3.089521, 41.161804], [-3.088983, 41.161976], [-3.0886, 41.162102], [-3.088374, 41.162183], [-3.088047, 41.162201], [-3.087617, 41.162158], [-3.087254, 41.162114], [-3.086957, 41.162069], [-3.086553, 41.161989], [-3.086042, 41.161873], [-3.085635, 41.161827], [-3.08533, 41.16185], [-3.085057, 41.16192], [-3.084817, 41.162036], [-3.084939, 41.162145], [-3.085426, 41.162248], [-3.085927, 41.162424], [-3.086445, 41.162673], [-3.08678, 41.162847], [-3.086933, 41.162944], [-3.087107, 41.163138], [-3.087302, 41.16343], [-3.087431, 41.163673], [-3.087494, 41.163865], [-3.087694, 41.163973], [-3.08803, 41.163995], [-3.088131, 41.163898], [-3.087997, 41.163681], [-3.087986, 41.163423], [-3.088099, 41.163124], [-3.088272, 41.16295], [-3.088505, 41.162902], [-3.088908, 41.162924], [-3.08948, 41.163016], [-3.089865, 41.163266], [-3.090062, 41.163675], [-3.0902, 41.164008], [-3.090277, 41.164266], [-3.090319, 41.16457], [-3.090327, 41.164921], [-3.090199, 41.165147], [-3.089933, 41.16525], [-3.089712, 41.165354], [-3.089536, 41.165461], [-3.089293, 41.165619], [-3.088984, 41.165828], [-3.089025, 41.166074], [-3.089417, 41.166357], [-3.08971, 41.166694], [-3.089904, 41.167087], [-3.090174, 41.167579], [-3.090521, 41.168169], [-3.090792, 41.16861], [-3.090986, 41.168903], [-3.090828, 41.169719], [-3.090317, 41.17106], [-3.089851, 41.171984], [-3.089428, 41.172493], [-3.089209, 41.173074], [-3.089194, 41.173729], [-3.089069, 41.174391], [-3.088835, 41.175058], [-3.088588, 41.17556], [-3.088328, 41.175896], [-3.088086, 41.176112], [-3.087863, 41.176209], [-3.087568, 41.176482], [-3.087199, 41.176933], [-3.086862, 41.177221], [-3.086557, 41.177345], [-3.086322, 41.177435], [-3.086157, 41.17749], [-3.085922, 41.17748], [-3.085619, 41.177403], [-3.085174, 41.177495], [-3.084588, 41.177757], [-3.08427, 41.177975], [-3.084218, 41.17815], [-3.084204, 41.178344], [-3.084228, 41.178559], [-3.084055, 41.178732], [-3.083685, 41.178865], [-3.083549, 41.179059], [-3.083648, 41.179314], [-3.083878, 41.179409], [-3.08424, 41.179344], [-3.084511, 41.179735], [-3.084691, 41.180582], [-3.084765, 41.181242], [-3.084733, 41.181715], [-3.084624, 41.18219], [-3.084438, 41.182667], [-3.084305, 41.183028], [-3.084224, 41.183273], [-3.084064, 41.183454], [-3.083823, 41.183569], [-3.083425, 41.183781], [-3.082872, 41.184089], [-3.082474, 41.184301], [-3.082234, 41.184417], [-3.082141, 41.184605], [-3.082196, 41.184865], [-3.08247, 41.184854], [-3.082963, 41.184571], [-3.083383, 41.184415], [-3.083731, 41.184385], [-3.083778, 41.184555], [-3.083525, 41.184923], [-3.08351, 41.185218], [-3.083734, 41.18544], [-3.084078, 41.185445], [-3.084541, 41.185232], [-3.084878, 41.185255], [-3.085087, 41.185511], [-3.085417, 41.185552], [-3.085865, 41.185375], [-3.086365, 41.185174], [-3.086914, 41.184951], [-3.087045, 41.184732], [-3.086756, 41.18452], [-3.086699, 41.184301], [-3.086872, 41.184077], [-3.087164, 41.183888], [-3.087573, 41.183733], [-3.087796, 41.183586], [-3.087833, 41.183447], [-3.08781, 41.183233], [-3.087726, 41.182942], [-3.087865, 41.182714], [-3.088228, 41.182549], [-3.088442, 41.182412], [-3.088507, 41.182303], [-3.088496, 41.182195], [-3.088407, 41.18209], [-3.088288, 41.181896], [-3.08814, 41.181615], [-3.088036, 41.181335], [-3.087977, 41.181058], [-3.088175, 41.180898], [-3.088631, 41.180854], [-3.089025, 41.180785], [-3.089359, 41.180691], [-3.089556, 41.180631], [-3.089617, 41.180606], [-3.089748, 41.180647], [-3.089947, 41.180755], [-3.09005, 41.180875], [-3.090057, 41.181008], [-3.090013, 41.181165], [-3.089918, 41.181345], [-3.089872, 41.181544], [-3.089874, 41.181761], [-3.090045, 41.181839], [-3.090386, 41.181777], [-3.090698, 41.181685], [-3.090982, 41.181564], [-3.091159, 41.181406], [-3.091228, 41.181213], [-3.09144, 41.181067], [-3.091796, 41.18097], [-3.092156, 41.180897], [-3.092522, 41.180848], [-3.092757, 41.180759], [-3.092862, 41.180627], [-3.092911, 41.180495], [-3.092905, 41.180362], [-3.093067, 41.18024], [-3.093397, 41.180129], [-3.093677, 41.180042], [-3.093907, 41.179978], [-3.094137, 41.179864], [-3.094367, 41.179699], [-3.094249, 41.179614], [-3.093784, 41.179609], [-3.093498, 41.179563], [-3.093391, 41.179477], [-3.093363, 41.179347], [-3.093415, 41.179172], [-3.093464, 41.17904], [-3.093511, 41.17895], [-3.093415, 41.178812], [-3.093177, 41.178626], [-3.093024, 41.178378], [-3.092959, 41.178069], [-3.092939, 41.17777], [-3.092966, 41.177482], [-3.093038, 41.177246], [-3.093154, 41.177063], [-3.093282, 41.176887], [-3.093423, 41.176718], [-3.093485, 41.176542], [-3.093468, 41.17636], [-3.093474, 41.176125], [-3.093501, 41.175837], [-3.093538, 41.175597], [-3.093586, 41.175407], [-3.093697, 41.17525], [-3.093869, 41.175126], [-3.094055, 41.17501], [-3.094252, 41.1749], [-3.094368, 41.174717], [-3.094402, 41.174461], [-3.094403, 41.174101], [-3.09437, 41.173636], [-3.094348, 41.173221], [-3.094337, 41.172854], [-3.094391, 41.172537], [-3.094511, 41.172269], [-3.094634, 41.172069], [-3.09476, 41.171935], [-3.094865, 41.171804], [-3.094948, 41.171675], [-3.094927, 41.171469], [-3.0948, 41.171184], [-3.094644, 41.17092], [-3.09446, 41.170677], [-3.094425, 41.170464], [-3.094541, 41.170281], [-3.094686, 41.170078], [-3.094859, 41.169854], [-3.095046, 41.169586], [-3.095245, 41.169275], [-3.095416, 41.169093], [-3.09556, 41.16904], [-3.0958, 41.168925], [-3.096138, 41.168746], [-3.096423, 41.168683], [-3.096656, 41.168736], [-3.096975, 41.168576], [-3.097383, 41.168204], [-3.097657, 41.167882], [-3.097799, 41.167612], [-3.097953, 41.167349], [-3.098119, 41.167093], [-3.098486, 41.166792], [-3.099055, 41.166449], [-3.099839, 41.166135], [-3.10084, 41.165852], [-3.101558, 41.165798], [-3.101994, 41.165975], [-3.10239, 41.166173], [-3.102746, 41.166394], [-3.103257, 41.166661], [-3.10392, 41.166974], [-3.104271, 41.167062], [-3.104307, 41.166923]], [[-3.116663, 41.149113], [-3.116733, 41.149108], [-3.116731, 41.1491], [-3.116757, 41.149043], [-3.11681, 41.148937], [-3.116886, 41.148862], [-3.116984, 41.148816], [-3.117077, 41.148742], [-3.117164, 41.14864], [-3.117237, 41.14863], [-3.117298, 41.148712], [-3.117326, 41.148815], [-3.117319, 41.148939], [-3.11735, 41.149005], [-3.117416, 41.149013], [-3.117467, 41.148973], [-3.117503, 41.148886], [-3.117555, 41.148826], [-3.117624, 41.148792], [-3.117751, 41.148755], [-3.117938, 41.148713], [-3.118125, 41.14868], [-3.118315, 41.148655], [-3.118418, 41.148555], [-3.118435, 41.14838], [-3.118458, 41.148234], [-3.118487, 41.148115], [-3.118461, 41.147967], [-3.11838, 41.147789], [-3.118238, 41.147533], [-3.118037, 41.147198], [-3.117845, 41.146957], [-3.117662, 41.146809], [-3.117479, 41.146739], [-3.117297, 41.146747], [-3.117111, 41.146764], [-3.116921, 41.146789], [-3.116785, 41.146787], [-3.116703, 41.146756], [-3.116613, 41.146715], [-3.116515, 41.146663], [-3.116432, 41.146579], [-3.116365, 41.146465], [-3.116277, 41.146436], [-3.11617, 41.146491], [-3.116089, 41.146571], [-3.116036, 41.146677], [-3.116071, 41.146767], [-3.116195, 41.14684], [-3.116288, 41.146894], [-3.116349, 41.146927], [-3.116411, 41.146964], [-3.116474, 41.147004], [-3.116561, 41.14703], [-3.116671, 41.14704], [-3.116737, 41.147121], [-3.116759, 41.147274], [-3.116764, 41.147401], [-3.116753, 41.147501], [-3.116688, 41.147575], [-3.116568, 41.147624], [-3.116531, 41.147575], [-3.116576, 41.14743], [-3.116603, 41.147328], [-3.116612, 41.147269], [-3.116507, 41.147209], [-3.116288, 41.147148], [-3.116141, 41.147143], [-3.116065, 41.147194], [-3.115976, 41.147259], [-3.115874, 41.147339], [-3.115858, 41.147443], [-3.115929, 41.147573], [-3.116047, 41.147669], [-3.116211, 41.147729], [-3.116261, 41.147833], [-3.116195, 41.147981], [-3.116208, 41.148045], [-3.116301, 41.148024], [-3.11641, 41.147977], [-3.116535, 41.147903], [-3.116624, 41.147887], [-3.116677, 41.147929], [-3.116722, 41.148042], [-3.116761, 41.148226], [-3.116755, 41.148399], [-3.116703, 41.148562], [-3.116621, 41.148762], [-3.116509, 41.148998], [-3.116523, 41.149115], [-3.116663, 41.149113]], [[-3.125947, 41.151684], [-3.125971, 41.151591], [-3.125957, 41.151527], [-3.125904, 41.151481], [-3.125811, 41.151452], [-3.125781, 41.151386], [-3.125813, 41.151283], [-3.125829, 41.151179], [-3.125828, 41.151072], [-3.125841, 41.15098], [-3.125868, 41.150903], [-3.125924, 41.150838], [-3.12601, 41.150785], [-3.126099, 41.15072], [-3.126191, 41.150642], [-3.126232, 41.150555], [-3.126222, 41.150457], [-3.12618, 41.150414], [-3.126107, 41.150424], [-3.125973, 41.150433], [-3.12578, 41.150443], [-3.125658, 41.150479], [-3.125607, 41.150544], [-3.125521, 41.150625], [-3.125401, 41.150723], [-3.12528, 41.150788], [-3.125157, 41.150821], [-3.125108, 41.150795], [-3.125133, 41.150709], [-3.125224, 41.150603], [-3.125381, 41.150475], [-3.125447, 41.15038], [-3.125423, 41.150318], [-3.125336, 41.150264], [-3.125185, 41.150218], [-3.125107, 41.150257], [-3.125101, 41.150381], [-3.125062, 41.150477], [-3.124989, 41.150544], [-3.1249, 41.150609], [-3.124795, 41.150672], [-3.124663, 41.150714], [-3.124505, 41.150736], [-3.124419, 41.150788], [-3.124404, 41.150872], [-3.124484, 41.150919], [-3.12466, 41.150928], [-3.124791, 41.15096], [-3.124878, 41.151014], [-3.124974, 41.151108], [-3.125079, 41.151242], [-3.125217, 41.151281], [-3.125389, 41.151225], [-3.125486, 41.151298], [-3.125507, 41.151501], [-3.125603, 41.151668], [-3.125772, 41.151802], [-3.125887, 41.151807], [-3.125947, 41.151684]], [[-3.115886, 41.151543], [-3.116007, 41.151473], [-3.116081, 41.151365], [-3.116183, 41.151282], [-3.116311, 41.151224], [-3.11641, 41.151128], [-3.116479, 41.150996], [-3.116475, 41.150898], [-3.116396, 41.150835], [-3.116304, 41.150757], [-3.116198, 41.150664], [-3.116092, 41.1506], [-3.115987, 41.150565], [-3.11586, 41.150578], [-3.11571, 41.150639], [-3.115586, 41.150692], [-3.115488, 41.150738], [-3.115378, 41.150732], [-3.115257, 41.150675], [-3.115168, 41.150711], [-3.115109, 41.150842], [-3.115139, 41.150932], [-3.115258, 41.150982], [-3.115413, 41.151076], [-3.115605, 41.151215], [-3.115685, 41.15136], [-3.115652, 41.151512], [-3.11572, 41.151573], [-3.115886, 41.151543]], [[-3.030076, 41.198149], [-3.030557, 41.198024], [-3.030675, 41.198019], [-3.030801, 41.198014], [-3.030934, 41.198008], [-3.031067, 41.197967], [-3.031201, 41.197893], [-3.031339, 41.197841], [-3.031482, 41.197811], [-3.031655, 41.197675], [-3.031857, 41.197433], [-3.032069, 41.197236], [-3.032291, 41.197082], [-3.032516, 41.197053], [-3.032745, 41.197147], [-3.032925, 41.197083], [-3.033058, 41.196862], [-3.033177, 41.196722], [-3.033284, 41.196663], [-3.03343, 41.196576], [-3.033615, 41.196461], [-3.033694, 41.196343], [-3.033668, 41.196222], [-3.033513, 41.196158], [-3.033228, 41.19615], [-3.033039, 41.196068], [-3.032946, 41.195911], [-3.032928, 41.195721], [-3.032985, 41.195499], [-3.032967, 41.195201], [-3.032873, 41.19483], [-3.032908, 41.194605], [-3.03307, 41.194527], [-3.033252, 41.194717], [-3.033454, 41.195177], [-3.033592, 41.195441], [-3.033667, 41.19551], [-3.033772, 41.195479], [-3.033909, 41.195348], [-3.03414, 41.195137], [-3.034466, 41.194845], [-3.034655, 41.194645], [-3.034707, 41.194536], [-3.034752, 41.194395], [-3.034789, 41.19422], [-3.034974, 41.193998], [-3.035305, 41.193728], [-3.035491, 41.193517], [-3.035534, 41.193364], [-3.035451, 41.193325], [-3.035242, 41.193397], [-3.035029, 41.193448], [-3.034811, 41.193477], [-3.03476, 41.19341], [-3.034875, 41.193248], [-3.035068, 41.193036], [-3.035341, 41.192774], [-3.035594, 41.192769], [-3.035827, 41.193021], [-3.035999, 41.193128], [-3.03611, 41.19309], [-3.03625, 41.192976], [-3.036418, 41.192784], [-3.036557, 41.192557], [-3.036665, 41.192294], [-3.036798, 41.192039], [-3.036955, 41.191792], [-3.037335, 41.191651], [-3.03794, 41.191616], [-3.038277, 41.191549], [-3.038345, 41.19145], [-3.038389, 41.191201], [-3.038409, 41.190803], [-3.038322, 41.1906], [-3.038126, 41.190592], [-3.037942, 41.190571], [-3.037771, 41.190537], [-3.037685, 41.190379], [-3.037685, 41.190096], [-3.037602, 41.189881], [-3.037436, 41.189733], [-3.037279, 41.189556], [-3.037131, 41.18935], [-3.037017, 41.189269], [-3.036937, 41.189313], [-3.036852, 41.189477], [-3.036763, 41.18976], [-3.036681, 41.189974], [-3.036608, 41.19012], [-3.036523, 41.190284], [-3.036427, 41.190466], [-3.036358, 41.190633], [-3.036316, 41.190786], [-3.036233, 41.190921], [-3.036108, 41.191039], [-3.035921, 41.191177], [-3.035671, 41.191334], [-3.035388, 41.191513], [-3.035072, 41.191713], [-3.03478, 41.191921], [-3.034512, 41.192138], [-3.034308, 41.1923], [-3.034167, 41.192409], [-3.03394, 41.192501], [-3.033627, 41.192577], [-3.033309, 41.192624], [-3.032985, 41.192645], [-3.032708, 41.192783], [-3.032479, 41.193039], [-3.032287, 41.19333], [-3.032132, 41.193656], [-3.032059, 41.193948], [-3.032069, 41.194207], [-3.032014, 41.194474], [-3.031893, 41.19475], [-3.031642, 41.194902], [-3.03126, 41.19493], [-3.031111, 41.194791], [-3.031196, 41.194486], [-3.031225, 41.194239], [-3.0312, 41.19405], [-3.031228, 41.193792], [-3.031308, 41.193465], [-3.031341, 41.193201], [-3.031328, 41.192999], [-3.031309, 41.192765], [-3.031282, 41.192497], [-3.031241, 41.191813], [-3.031187, 41.190712], [-3.031064, 41.190163], [-3.03087, 41.190166], [-3.03052, 41.190134], [-3.030013, 41.190065], [-3.029541, 41.190692], [-3.029105, 41.192016], [-3.028812, 41.192818], [-3.028662, 41.193097], [-3.028527, 41.193375], [-3.028406, 41.193651], [-3.028458, 41.193899], [-3.028684, 41.194117], [-3.028792, 41.194312], [-3.028784, 41.194483], [-3.028663, 41.194651], [-3.028429, 41.194818], [-3.028277, 41.195013], [-3.028205, 41.195238], [-3.028135, 41.195439], [-3.028069, 41.195617], [-3.028061, 41.19572], [-3.028111, 41.195747], [-3.028261, 41.195643], [-3.028509, 41.195406], [-3.02876, 41.195288], [-3.029014, 41.195289], [-3.029074, 41.19536], [-3.02894, 41.195502], [-3.028836, 41.195646], [-3.028762, 41.195791], [-3.028638, 41.195909], [-3.028463, 41.196], [-3.028426, 41.196141], [-3.028526, 41.196331], [-3.02852, 41.196513], [-3.028407, 41.196686], [-3.028254, 41.196847], [-3.028062, 41.196997], [-3.027956, 41.19713], [-3.027936, 41.197245], [-3.027947, 41.197442], [-3.027991, 41.197718], [-3.027976, 41.197929], [-3.027902, 41.198075], [-3.027713, 41.198275], [-3.027409, 41.19853], [-3.027335, 41.198777], [-3.02749, 41.199017], [-3.02769, 41.199047], [-3.027936, 41.198867], [-3.028247, 41.198713], [-3.028622, 41.198584], [-3.029232, 41.198396], [-3.030076, 41.198149]], [[-3.026141, 41.198042], [-3.026227, 41.197918], [-3.026138, 41.19785], [-3.026116, 41.197746], [-3.02616, 41.197604], [-3.026258, 41.197535], [-3.026408, 41.197538], [-3.026574, 41.19755], [-3.026758, 41.197571], [-3.026891, 41.19753], [-3.026974, 41.197429], [-3.027022, 41.197338], [-3.027035, 41.197257], [-3.027117, 41.19715], [-3.027268, 41.197017], [-3.027349, 41.196871], [-3.02736, 41.196711], [-3.027321, 41.196598], [-3.027232, 41.19653], [-3.027161, 41.196443], [-3.027109, 41.196337], [-3.027012, 41.196232], [-3.02687, 41.196126], [-3.02672, 41.196123], [-3.026562, 41.196223], [-3.026426, 41.19632], [-3.026312, 41.196414], [-3.026181, 41.196505], [-3.026036, 41.196592], [-3.025956, 41.196676], [-3.025944, 41.196757], [-3.025925, 41.196844], [-3.0259, 41.196938], [-3.025749, 41.197037], [-3.025473, 41.197141], [-3.02533, 41.197245], [-3.025322, 41.197348], [-3.025315, 41.19749], [-3.025309, 41.197672], [-3.025258, 41.19782], [-3.025163, 41.197934], [-3.02512, 41.198013], [-3.025129, 41.198057], [-3.025288, 41.198138], [-3.025597, 41.198255], [-3.025881, 41.198223], [-3.026141, 41.198042]], [[-3.011451, 41.192149], [-3.011234, 41.192291], [-3.011056, 41.192439], [-3.010978, 41.192562], [-3.010999, 41.192661], [-3.011118, 41.192696], [-3.011336, 41.192667], [-3.011518, 41.192643], [-3.011663, 41.192624], [-3.011806, 41.192628], [-3.011946, 41.192655], [-3.012098, 41.192635], [-3.012263, 41.192568], [-3.012372, 41.192519], [-3.012426, 41.19249], [-3.01257, 41.192397], [-3.012806, 41.192242], [-3.012924, 41.192271], [-3.012925, 41.192486], [-3.012841, 41.192689], [-3.012673, 41.192881], [-3.012584, 41.193028], [-3.012576, 41.193131], [-3.01269, 41.193173], [-3.012924, 41.193153], [-3.013125, 41.193149], [-3.013292, 41.193161], [-3.013466, 41.193172], [-3.013647, 41.193182], [-3.013739, 41.193266], [-3.013743, 41.193423], [-3.013766, 41.193533], [-3.013809, 41.193596], [-3.01387, 41.193531], [-3.013949, 41.19334], [-3.014057, 41.193179], [-3.014193, 41.193048], [-3.014285, 41.192951], [-3.014331, 41.192888], [-3.014439, 41.1928], [-3.01461, 41.192687], [-3.014782, 41.192619], [-3.014956, 41.192596], [-3.014986, 41.192525], [-3.014871, 41.192404], [-3.014831, 41.192285], [-3.014865, 41.192168], [-3.014992, 41.192027], [-3.015211, 41.191862], [-3.015435, 41.191719], [-3.015663, 41.191599], [-3.015889, 41.191467], [-3.016113, 41.191325], [-3.016454, 41.191172], [-3.016912, 41.19101], [-3.017126, 41.190892], [-3.017095, 41.190817], [-3.01703, 41.190723], [-3.016932, 41.190612], [-3.016848, 41.190533], [-3.016779, 41.190485], [-3.016774, 41.190395], [-3.016836, 41.190263], [-3.016952, 41.190072], [-3.017124, 41.189824], [-3.016935, 41.189707], [-3.016386, 41.189723], [-3.015964, 41.18974], [-3.015669, 41.189756], [-3.015386, 41.189793], [-3.015114, 41.189852], [-3.014804, 41.189831], [-3.014454, 41.18973], [-3.014233, 41.189742], [-3.01414, 41.189867], [-3.01406, 41.189985], [-3.013994, 41.190096], [-3.01386, 41.190238], [-3.013658, 41.190411], [-3.013444, 41.19053], [-3.013219, 41.190594], [-3.013048, 41.190667], [-3.012931, 41.19075], [-3.012847, 41.190778], [-3.012797, 41.190751], [-3.012621, 41.190661], [-3.01232, 41.190509], [-3.011988, 41.190423], [-3.011626, 41.190403], [-3.011405, 41.190415], [-3.011324, 41.190459], [-3.011327, 41.190578], [-3.011413, 41.19077], [-3.011531, 41.190941], [-3.011682, 41.19109], [-3.011817, 41.191236], [-3.011937, 41.191379], [-3.011956, 41.191574], [-3.011874, 41.191822], [-3.011706, 41.192014], [-3.011451, 41.192149]], [[-3.02991, 41.060043], [-3.030387, 41.059754], [-3.030441, 41.059696], [-3.030556, 41.059537], [-3.030732, 41.059275], [-3.030874, 41.059124], [-3.030981, 41.059085], [-3.031149, 41.059057], [-3.031377, 41.059039], [-3.031563, 41.059058], [-3.031707, 41.059115], [-3.031872, 41.059193], [-3.032059, 41.059294], [-3.032242, 41.059376], [-3.03242, 41.05944], [-3.032684, 41.059475], [-3.033032, 41.059479], [-3.03333, 41.059439], [-3.033577, 41.059356], [-3.03375, 41.059315], [-3.033849, 41.059314], [-3.034015, 41.059355], [-3.034247, 41.059437], [-3.034442, 41.059499], [-3.0346, 41.059541], [-3.034851, 41.05952], [-3.035198, 41.059436], [-3.035468, 41.059344], [-3.035661, 41.059243], [-3.035765, 41.059148], [-3.035779, 41.059058], [-3.03593, 41.05907], [-3.036219, 41.059182], [-3.036394, 41.059309], [-3.036457, 41.059451], [-3.036635, 41.059472], [-3.036928, 41.05937], [-3.037255, 41.059352], [-3.037616, 41.059417], [-3.038014, 41.059502], [-3.03845, 41.059608], [-3.038795, 41.059556], [-3.039048, 41.059347], [-3.039335, 41.059139], [-3.039655, 41.058934], [-3.039976, 41.05869], [-3.040297, 41.05841], [-3.040528, 41.058172], [-3.040669, 41.057978], [-3.040784, 41.05778], [-3.040874, 41.05758], [-3.040891, 41.057465], [-3.040835, 41.057435], [-3.040611, 41.057352], [-3.040218, 41.057215], [-3.039802, 41.057082], [-3.039361, 41.056953], [-3.039019, 41.05686], [-3.038776, 41.056804], [-3.038571, 41.056737], [-3.038406, 41.056659], [-3.038256, 41.056497], [-3.038121, 41.056251], [-3.037995, 41.056042], [-3.037876, 41.05587], [-3.037696, 41.055686], [-3.037457, 41.055492], [-3.037179, 41.055272], [-3.036862, 41.055025], [-3.036661, 41.05497], [-3.036574, 41.055107], [-3.036554, 41.055367], [-3.036602, 41.05575], [-3.036581, 41.056003], [-3.036492, 41.056128], [-3.036388, 41.056224], [-3.036269, 41.056289], [-3.036121, 41.056372], [-3.035944, 41.056471], [-3.035712, 41.05647], [-3.035427, 41.05637], [-3.035196, 41.056413], [-3.03502, 41.056599], [-3.03488, 41.05668], [-3.034776, 41.056657], [-3.034494, 41.056612], [-3.034034, 41.056548], [-3.033787, 41.056436], [-3.033754, 41.056278], [-3.033776, 41.056068], [-3.033853, 41.055807], [-3.03401, 41.055535], [-3.034248, 41.055252], [-3.034311, 41.054999], [-3.034197, 41.054776], [-3.034061, 41.0546], [-3.033901, 41.05447], [-3.033745, 41.054315], [-3.033591, 41.054135], [-3.033487, 41.053954], [-3.033432, 41.053773], [-3.033117, 41.053576], [-3.032544, 41.053364], [-3.032072, 41.053244], [-3.031703, 41.053218], [-3.031388, 41.053216], [-3.031128, 41.053238], [-3.030856, 41.053242], [-3.030572, 41.05323], [-3.030287, 41.053167], [-3.029998, 41.053055], [-3.029744, 41.053026], [-3.029524, 41.05308], [-3.029181, 41.0531], [-3.028715, 41.053087], [-3.028493, 41.053248], [-3.028514, 41.053584], [-3.028515, 41.053822], [-3.028495, 41.053963], [-3.02852, 41.054079], [-3.028588, 41.05417], [-3.028762, 41.054285], [-3.029039, 41.054424], [-3.029324, 41.054562], [-3.029618, 41.054699], [-3.029815, 41.054811], [-3.029916, 41.054898], [-3.030067, 41.054947], [-3.030267, 41.054958], [-3.03052, 41.054981], [-3.030825, 41.055015], [-3.031073, 41.055052], [-3.031263, 41.055089], [-3.031399, 41.055147], [-3.031481, 41.055224], [-3.031446, 41.055372], [-3.031294, 41.055593], [-3.031174, 41.055728], [-3.031085, 41.055778], [-3.030939, 41.055866], [-3.030734, 41.055994], [-3.030656, 41.056092], [-3.030703, 41.056161], [-3.030777, 41.056314], [-3.030877, 41.056552], [-3.030918, 41.05671], [-3.030902, 41.056787], [-3.030873, 41.056885], [-3.030831, 41.057003], [-3.030755, 41.05707], [-3.030642, 41.057085], [-3.030471, 41.057057], [-3.030241, 41.056987], [-3.029961, 41.056993], [-3.029631, 41.057074], [-3.029376, 41.057158], [-3.029196, 41.057245], [-3.028924, 41.05725], [-3.02856, 41.057172], [-3.028453, 41.057212], [-3.028602, 41.057368], [-3.028756, 41.057667], [-3.028915, 41.05811], [-3.028886, 41.058403], [-3.028668, 41.058545], [-3.028364, 41.058591], [-3.027973, 41.058542], [-3.027751, 41.058584], [-3.027696, 41.058717], [-3.027651, 41.05878], [-3.027616, 41.058772], [-3.027446, 41.058788], [-3.027141, 41.058828], [-3.026775, 41.058939], [-3.026351, 41.059121], [-3.026099, 41.059299], [-3.02602, 41.059472], [-3.025915, 41.059681], [-3.025784, 41.059924], [-3.025986, 41.060098], [-3.026521, 41.060203], [-3.027062, 41.060181], [-3.02761, 41.060033], [-3.027996, 41.059982], [-3.02822, 41.060028], [-3.0284, 41.060136], [-3.028535, 41.060306], [-3.02858, 41.060438], [-3.028534, 41.060532], [-3.028523, 41.06064], [-3.028549, 41.060762], [-3.029011, 41.060563], [-3.02991, 41.060043]], [[-3.13207, 41.065734], [-3.132262, 41.065652], [-3.132391, 41.065667], [-3.132481, 41.065647], [-3.132532, 41.065592], [-3.132597, 41.065457], [-3.132677, 41.06524], [-3.132812, 41.065086], [-3.133002, 41.064998], [-3.133276, 41.064905], [-3.133632, 41.06481], [-3.134126, 41.06472], [-3.134758, 41.064636], [-3.135192, 41.064515], [-3.135431, 41.064356], [-3.135633, 41.064273], [-3.135799, 41.064267], [-3.136211, 41.064283], [-3.136869, 41.064323], [-3.137235, 41.064274], [-3.137311, 41.064136], [-3.137455, 41.064077], [-3.137669, 41.064097], [-3.137911, 41.064104], [-3.138182, 41.064099], [-3.138362, 41.064107], [-3.13845, 41.064127], [-3.138606, 41.064075], [-3.138831, 41.063949], [-3.139096, 41.063866], [-3.139401, 41.063826], [-3.13947, 41.063753], [-3.139301, 41.063648], [-3.139171, 41.063531], [-3.13908, 41.0634], [-3.13889, 41.063195], [-3.1386, 41.062916], [-3.138468, 41.062687], [-3.138493, 41.062509], [-3.138584, 41.062298], [-3.138742, 41.062055], [-3.138916, 41.061793], [-3.139108, 41.061513], [-3.139331, 41.061333], [-3.139586, 41.061251], [-3.139793, 41.061239], [-3.139952, 41.061297], [-3.140092, 41.061414], [-3.140213, 41.061588], [-3.140332, 41.061803], [-3.140449, 41.062057], [-3.140563, 41.062201], [-3.140675, 41.062234], [-3.140834, 41.062244], [-3.141041, 41.062232], [-3.141247, 41.062316], [-3.141453, 41.062495], [-3.141528, 41.062652], [-3.141473, 41.062786], [-3.141326, 41.062782], [-3.141086, 41.062639], [-3.140856, 41.062543], [-3.140636, 41.062493], [-3.140407, 41.062547], [-3.140168, 41.062706], [-3.14006, 41.062935], [-3.140082, 41.063234], [-3.140095, 41.063447], [-3.140101, 41.063573], [-3.140065, 41.063697], [-3.139986, 41.063819], [-3.140035, 41.0639], [-3.140211, 41.06394], [-3.140426, 41.064014], [-3.140679, 41.064124], [-3.141004, 41.064271], [-3.141399, 41.064456], [-3.141738, 41.064522], [-3.14202, 41.064469], [-3.14212, 41.064352], [-3.14204, 41.064172], [-3.141775, 41.064057], [-3.141324, 41.064006], [-3.141078, 41.06388], [-3.141035, 41.063679], [-3.141095, 41.063568], [-3.141258, 41.063546], [-3.141471, 41.063565], [-3.141735, 41.063625], [-3.141979, 41.063688], [-3.142202, 41.063753], [-3.142429, 41.063834], [-3.142659, 41.063931], [-3.142859, 41.063983], [-3.143028, 41.063993], [-3.143228, 41.06395], [-3.14346, 41.063855], [-3.143642, 41.06368], [-3.143776, 41.063424], [-3.143762, 41.063307], [-3.143599, 41.063328], [-3.143439, 41.063318], [-3.143284, 41.063275], [-3.143084, 41.063222], [-3.14284, 41.06316], [-3.14267, 41.063047], [-3.142573, 41.062886], [-3.142562, 41.062736], [-3.142637, 41.062599], [-3.142745, 41.062418], [-3.142886, 41.062192], [-3.142779, 41.061937], [-3.142425, 41.06165], [-3.142206, 41.061457], [-3.142121, 41.061357], [-3.14209, 41.06121], [-3.142112, 41.061017], [-3.142064, 41.060841], [-3.141946, 41.060682], [-3.141855, 41.060694], [-3.141789, 41.060877], [-3.141654, 41.061078], [-3.141449, 41.061296], [-3.141269, 41.061288], [-3.141115, 41.061055], [-3.141126, 41.060863], [-3.141304, 41.060712], [-3.14133, 41.060589], [-3.141205, 41.060495], [-3.141042, 41.060516], [-3.140841, 41.060654], [-3.140596, 41.06083], [-3.140306, 41.061044], [-3.140142, 41.061058], [-3.140102, 41.060872], [-3.139922, 41.060666], [-3.139602, 41.060439], [-3.139333, 41.06026], [-3.139117, 41.06013], [-3.138915, 41.059966], [-3.138726, 41.059769], [-3.138677, 41.059585], [-3.138766, 41.059414], [-3.138663, 41.059325], [-3.138368, 41.059317], [-3.138156, 41.059305], [-3.138028, 41.059291], [-3.137879, 41.059279], [-3.137709, 41.05927], [-3.137542, 41.05922], [-3.137376, 41.059131], [-3.137324, 41.059035], [-3.137386, 41.058931], [-3.13729, 41.058825], [-3.137036, 41.058716], [-3.136988, 41.058587], [-3.137145, 41.058439], [-3.137451, 41.058255], [-3.137907, 41.058036], [-3.138149, 41.057845], [-3.138177, 41.057682], [-3.138263, 41.057496], [-3.138407, 41.057286], [-3.138441, 41.057099], [-3.138364, 41.056934], [-3.138217, 41.056787], [-3.138001, 41.056657], [-3.137793, 41.056613], [-3.137593, 41.056656], [-3.13738, 41.05674], [-3.137156, 41.056865], [-3.136905, 41.057065], [-3.136629, 41.057341], [-3.13635, 41.057457], [-3.136069, 41.057415], [-3.135858, 41.057459], [-3.135718, 41.057589], [-3.135611, 41.057723], [-3.135535, 41.05786], [-3.135373, 41.057985], [-3.135125, 41.058097], [-3.134925, 41.058092], [-3.134773, 41.05797], [-3.134693, 41.057837], [-3.134684, 41.057696], [-3.134788, 41.057547], [-3.135006, 41.05739], [-3.135233, 41.057225], [-3.135468, 41.057051], [-3.135698, 41.056853], [-3.135923, 41.056632], [-3.135959, 41.056556], [-3.135806, 41.056624], [-3.135634, 41.056703], [-3.135444, 41.056792], [-3.135153, 41.056902], [-3.134763, 41.057034], [-3.134399, 41.056947], [-3.134062, 41.056643], [-3.133832, 41.056499], [-3.13371, 41.056515], [-3.133545, 41.056624], [-3.133337, 41.056827], [-3.133271, 41.05701], [-3.133348, 41.057175], [-3.13334, 41.057335], [-3.133248, 41.05749], [-3.133123, 41.057594], [-3.132967, 41.057647], [-3.132789, 41.057647], [-3.132589, 41.057594], [-3.132411, 41.057641], [-3.132254, 41.05779], [-3.13211, 41.057952], [-3.13198, 41.058128], [-3.131969, 41.058272], [-3.132077, 41.058385], [-3.13224, 41.058411], [-3.132457, 41.05835], [-3.132655, 41.058348], [-3.132835, 41.058403], [-3.133037, 41.058368], [-3.133261, 41.058243], [-3.133496, 41.058116], [-3.133741, 41.057988], [-3.133999, 41.057874], [-3.134271, 41.057774], [-3.134418, 41.057922], [-3.134439, 41.058316], [-3.134353, 41.058502], [-3.13416, 41.05848], [-3.133958, 41.058468], [-3.133748, 41.058464], [-3.133554, 41.05849], [-3.133378, 41.058545], [-3.133275, 41.058654], [-3.133247, 41.058817], [-3.133165, 41.058923], [-3.133029, 41.058973], [-3.132817, 41.058961], [-3.13253, 41.058889], [-3.132269, 41.058892], [-3.132034, 41.058971], [-3.131887, 41.059165], [-3.131827, 41.059475], [-3.131753, 41.059667], [-3.131664, 41.059743], [-3.131554, 41.059718], [-3.131423, 41.059592], [-3.131325, 41.059725], [-3.131262, 41.060114], [-3.131167, 41.06031], [-3.131042, 41.06031], [-3.130897, 41.060123], [-3.130734, 41.059748], [-3.130578, 41.059507], [-3.130429, 41.059399], [-3.130349, 41.059219], [-3.130337, 41.058967], [-3.130162, 41.058831], [-3.129823, 41.058813], [-3.129506, 41.0588], [-3.129211, 41.058791], [-3.129023, 41.05884], [-3.128941, 41.058947], [-3.128845, 41.059086], [-3.128735, 41.05926], [-3.128691, 41.059448], [-3.128714, 41.059652], [-3.128719, 41.059826], [-3.128708, 41.059971], [-3.128623, 41.060061], [-3.128463, 41.060099], [-3.128285, 41.060146], [-3.128088, 41.060204], [-3.12799, 41.060336], [-3.127992, 41.060543], [-3.128081, 41.060761], [-3.128255, 41.060992], [-3.128361, 41.061097], [-3.128399, 41.061076], [-3.128523, 41.061068], [-3.128733, 41.061071], [-3.128892, 41.06113], [-3.129, 41.061242], [-3.129049, 41.061426], [-3.129041, 41.061682], [-3.128963, 41.061811], [-3.128818, 41.061815], [-3.128626, 41.0618], [-3.128389, 41.061769], [-3.12814, 41.061778], [-3.127878, 41.061829], [-3.127631, 41.061846], [-3.127397, 41.061829], [-3.127243, 41.061747], [-3.12717, 41.061598], [-3.127058, 41.061366], [-3.126907, 41.061053], [-3.12674, 41.061004], [-3.126555, 41.061219], [-3.126447, 41.061448], [-3.126415, 41.06169], [-3.126457, 41.061939], [-3.126574, 41.062193], [-3.1266, 41.062412], [-3.126534, 41.062596], [-3.126538, 41.06281], [-3.12661, 41.063054], [-3.126738, 41.06326], [-3.12692, 41.063426], [-3.126919, 41.063617], [-3.126734, 41.063832], [-3.126745, 41.063982], [-3.126951, 41.064065], [-3.127284, 41.064156], [-3.127745, 41.064253], [-3.128059, 41.064203], [-3.128226, 41.064006], [-3.128414, 41.063854], [-3.128621, 41.063747], [-3.128854, 41.06366], [-3.129112, 41.063594], [-3.12954, 41.06349], [-3.130138, 41.063346], [-3.130477, 41.063365], [-3.130557, 41.063544], [-3.13061, 41.063696], [-3.130637, 41.06382], [-3.130683, 41.063988], [-3.130749, 41.064202], [-3.130864, 41.064346], [-3.131026, 41.064419], [-3.131205, 41.064522], [-3.131401, 41.064655], [-3.131525, 41.064845], [-3.131577, 41.065092], [-3.131554, 41.065278], [-3.131455, 41.065403], [-3.131476, 41.065598], [-3.131616, 41.065866], [-3.131814, 41.065911], [-3.13207, 41.065734]], [[-3.127914, 41.067066], [-3.128133, 41.067013], [-3.128257, 41.066806], [-3.12825, 41.066577], [-3.128112, 41.066325], [-3.128032, 41.066145], [-3.128009, 41.066037], [-3.128002, 41.065903], [-3.128009, 41.065743], [-3.127928, 41.065555], [-3.127756, 41.06534], [-3.12756, 41.065207], [-3.12734, 41.065157], [-3.12716, 41.065197], [-3.12702, 41.065327], [-3.126948, 41.06548], [-3.126944, 41.065655], [-3.12699, 41.065824], [-3.127087, 41.065985], [-3.127212, 41.066278], [-3.127365, 41.066703], [-3.127599, 41.066965], [-3.127914, 41.067066]], [[-3.099255, 41.058184], [-3.099425, 41.058186], [-3.0997, 41.058197], [-3.099901, 41.058186], [-3.100031, 41.058153], [-3.100084, 41.058082], [-3.100061, 41.057974], [-3.099932, 41.057888], [-3.099699, 41.057824], [-3.0995, 41.057799], [-3.099335, 41.057813], [-3.099228, 41.057752], [-3.099178, 41.057615], [-3.099198, 41.057509], [-3.099287, 41.057434], [-3.099397, 41.057411], [-3.099529, 41.057441], [-3.099726, 41.057483], [-3.099988, 41.057535], [-3.100348, 41.05765], [-3.100804, 41.057828], [-3.101225, 41.05801], [-3.10161, 41.058197], [-3.101932, 41.05838], [-3.10219, 41.058561], [-3.102492, 41.058679], [-3.102839, 41.058736], [-3.103011, 41.058729], [-3.103006, 41.058658], [-3.10281, 41.058526], [-3.102424, 41.058331], [-3.102189, 41.058163], [-3.102107, 41.058024], [-3.102065, 41.05795], [-3.102064, 41.057942], [-3.101894, 41.057881], [-3.101556, 41.057767], [-3.10131, 41.057669], [-3.101156, 41.057586], [-3.101001, 41.0575], [-3.100846, 41.057409], [-3.100699, 41.057333], [-3.100561, 41.057272], [-3.100387, 41.05722], [-3.100179, 41.057176], [-3.100014, 41.057111], [-3.09989, 41.057024], [-3.099754, 41.056947], [-3.099603, 41.056879], [-3.099471, 41.056822], [-3.099356, 41.056773], [-3.099238, 41.056714], [-3.099119, 41.056642], [-3.098962, 41.056572], [-3.09877, 41.056502], [-3.098598, 41.05641], [-3.098448, 41.056295], [-3.098276, 41.056222], [-3.098081, 41.056193], [-3.097906, 41.056132], [-3.097751, 41.056042], [-3.097617, 41.05598], [-3.097506, 41.055947], [-3.097342, 41.055866], [-3.097126, 41.055736], [-3.096947, 41.055656], [-3.096805, 41.055628], [-3.096656, 41.055592], [-3.0965, 41.055549], [-3.096326, 41.055517], [-3.096133, 41.055495], [-3.095962, 41.055482], [-3.095815, 41.055477], [-3.095629, 41.055466], [-3.095406, 41.055449], [-3.095204, 41.055412], [-3.095025, 41.055356], [-3.094879, 41.055308], [-3.094766, 41.055268], [-3.094623, 41.055235], [-3.09445, 41.05521], [-3.094398, 41.055138], [-3.094466, 41.055018], [-3.094493, 41.054923], [-3.094479, 41.054853], [-3.094478, 41.054702], [-3.094492, 41.05447], [-3.094391, 41.054364], [-3.094175, 41.054385], [-3.094014, 41.054514], [-3.093907, 41.05475], [-3.093832, 41.054911], [-3.093787, 41.054997], [-3.09369, 41.055033], [-3.093541, 41.055022], [-3.093375, 41.05498], [-3.093193, 41.054909], [-3.093048, 41.054817], [-3.09294, 41.054704], [-3.092788, 41.054681], [-3.092593, 41.054747], [-3.0924, 41.054772], [-3.092208, 41.054758], [-3.092168, 41.054668], [-3.092279, 41.054502], [-3.092278, 41.054419], [-3.092162, 41.054419], [-3.092023, 41.054402], [-3.091858, 41.054368], [-3.091772, 41.054332], [-3.091764, 41.054293], [-3.091769, 41.054193], [-3.091787, 41.054032], [-3.09184, 41.05391], [-3.091927, 41.053826], [-3.092004, 41.053745], [-3.09207, 41.053664], [-3.092091, 41.053539], [-3.092065, 41.053367], [-3.092028, 41.053269], [-3.091981, 41.053243], [-3.091886, 41.053264], [-3.091743, 41.053331], [-3.091645, 41.053459], [-3.091591, 41.053649], [-3.091511, 41.053743], [-3.091406, 41.053741], [-3.091258, 41.053685], [-3.091068, 41.053575], [-3.090891, 41.05346], [-3.09073, 41.053338], [-3.090584, 41.053243], [-3.090454, 41.053173], [-3.090285, 41.053191], [-3.090077, 41.053298], [-3.089856, 41.053391], [-3.089622, 41.05347], [-3.089465, 41.053519], [-3.089385, 41.053537], [-3.0893, 41.053481], [-3.089209, 41.05335], [-3.0892, 41.053185], [-3.089273, 41.052984], [-3.089298, 41.05283], [-3.089275, 41.052722], [-3.089186, 41.052646], [-3.08903, 41.052604], [-3.088918, 41.052547], [-3.088851, 41.052476], [-3.088747, 41.052431], [-3.088607, 41.05241], [-3.088464, 41.052452], [-3.088319, 41.052559], [-3.088173, 41.052559], [-3.088024, 41.052451], [-3.087905, 41.052356], [-3.087814, 41.052273], [-3.087766, 41.052319], [-3.087761, 41.052494], [-3.087821, 41.052653], [-3.087945, 41.052795], [-3.088136, 41.052854], [-3.088392, 41.052827], [-3.088567, 41.052911], [-3.08866, 41.053105], [-3.088669, 41.053223], [-3.088594, 41.053265], [-3.088526, 41.053262], [-3.088463, 41.053215], [-3.088418, 41.053225], [-3.088391, 41.053292], [-3.088375, 41.05339], [-3.088371, 41.053517], [-3.088366, 41.053617], [-3.08836, 41.053689], [-3.088382, 41.053818], [-3.088431, 41.054002], [-3.088352, 41.054119], [-3.088143, 41.054171], [-3.087973, 41.05411], [-3.087842, 41.053937], [-3.087776, 41.053922], [-3.087775, 41.054065], [-3.087743, 41.054161], [-3.08768, 41.054209], [-3.087662, 41.054322], [-3.087689, 41.054501], [-3.087735, 41.054642], [-3.087799, 41.054745], [-3.087804, 41.054844], [-3.087751, 41.054938], [-3.087691, 41.055053], [-3.087626, 41.055189], [-3.087523, 41.055322], [-3.087383, 41.055452], [-3.087218, 41.055537], [-3.087028, 41.055578], [-3.086905, 41.055642], [-3.086851, 41.055729], [-3.086828, 41.055871], [-3.086839, 41.056068], [-3.086741, 41.056248], [-3.086534, 41.05641], [-3.086399, 41.056536], [-3.086334, 41.056624], [-3.086287, 41.056725], [-3.086259, 41.05684], [-3.086097, 41.056941], [-3.085802, 41.057028], [-3.0858, 41.057092], [-3.086091, 41.057133], [-3.086243, 41.057232], [-3.086255, 41.057389], [-3.086243, 41.057553], [-3.086206, 41.057725], [-3.086216, 41.057898], [-3.086274, 41.058073], [-3.086264, 41.058222], [-3.086185, 41.058343], [-3.086091, 41.058542], [-3.085982, 41.058819], [-3.085986, 41.058985], [-3.086103, 41.059041], [-3.086254, 41.059061], [-3.086438, 41.059044], [-3.086643, 41.059096], [-3.086868, 41.059217], [-3.087037, 41.059127], [-3.087151, 41.058826], [-3.087258, 41.058637], [-3.087357, 41.058561], [-3.08751, 41.058544], [-3.087718, 41.058588], [-3.087821, 41.058531], [-3.087819, 41.058372], [-3.087771, 41.058271], [-3.087679, 41.058228], [-3.087587, 41.058165], [-3.087496, 41.058082], [-3.087411, 41.058002], [-3.087332, 41.057925], [-3.087299, 41.057822], [-3.087314, 41.057693], [-3.087296, 41.05756], [-3.087246, 41.057424], [-3.087341, 41.057375], [-3.08758, 41.057415], [-3.087825, 41.057414], [-3.088078, 41.057373], [-3.088246, 41.057374], [-3.088329, 41.057419], [-3.088539, 41.057399], [-3.088877, 41.057314], [-3.089067, 41.057221], [-3.089108, 41.05712], [-3.089057, 41.057004], [-3.088914, 41.056872], [-3.088697, 41.05681], [-3.088405, 41.056817], [-3.088296, 41.056772], [-3.08837, 41.056675], [-3.088421, 41.056596], [-3.088451, 41.056537], [-3.08838, 41.056451], [-3.08821, 41.056338], [-3.088076, 41.056249], [-3.087978, 41.056183], [-3.08797, 41.056096], [-3.088052, 41.05599], [-3.08819, 41.055948], [-3.088383, 41.05597], [-3.088575, 41.055988], [-3.088766, 41.056002], [-3.089031, 41.055991], [-3.089369, 41.055954], [-3.089562, 41.055928], [-3.089611, 41.055914], [-3.089754, 41.055919], [-3.089989, 41.055943], [-3.090186, 41.05596], [-3.090346, 41.055971], [-3.090386, 41.056065], [-3.090309, 41.056242], [-3.090312, 41.056329], [-3.090395, 41.056326], [-3.090506, 41.056236], [-3.090647, 41.056058], [-3.090775, 41.055997], [-3.090892, 41.056053], [-3.091014, 41.056112], [-3.091142, 41.056175], [-3.091308, 41.056264], [-3.09151, 41.05638], [-3.091646, 41.056402], [-3.091714, 41.056329], [-3.091814, 41.056308], [-3.091946, 41.056338], [-3.092064, 41.05635], [-3.092168, 41.056344], [-3.092276, 41.056262], [-3.092389, 41.056104], [-3.092545, 41.056024], [-3.092743, 41.056021], [-3.093043, 41.056053], [-3.093444, 41.056119], [-3.093576, 41.056296], [-3.093438, 41.056584], [-3.093324, 41.056762], [-3.093234, 41.05683], [-3.093134, 41.056855], [-3.093026, 41.056838], [-3.092775, 41.056839], [-3.092382, 41.05686], [-3.092002, 41.056871], [-3.091636, 41.056872], [-3.091407, 41.056906], [-3.091317, 41.056974], [-3.091381, 41.057029], [-3.091599, 41.057071], [-3.091815, 41.057102], [-3.092029, 41.057121], [-3.092232, 41.057094], [-3.092426, 41.057021], [-3.092529, 41.057039], [-3.092542, 41.057148], [-3.092487, 41.057235], [-3.092365, 41.057299], [-3.092292, 41.057376], [-3.092269, 41.057466], [-3.092221, 41.05756], [-3.092148, 41.057657], [-3.092082, 41.057765], [-3.092023, 41.057884], [-3.092189, 41.057902], [-3.09258, 41.057818], [-3.092794, 41.057742], [-3.092832, 41.057674], [-3.092916, 41.057579], [-3.093048, 41.057458], [-3.093203, 41.057402], [-3.093383, 41.05741], [-3.093572, 41.057388], [-3.093771, 41.057338], [-3.093991, 41.057317], [-3.094233, 41.057324], [-3.094431, 41.057365], [-3.094583, 41.057441], [-3.094644, 41.057556], [-3.094614, 41.05771], [-3.094874, 41.057803], [-3.095425, 41.057833], [-3.096008, 41.057819], [-3.096624, 41.057761], [-3.097068, 41.057682], [-3.097339, 41.057582], [-3.097449, 41.057432], [-3.097396, 41.057233], [-3.097444, 41.057139], [-3.097593, 41.057151], [-3.097768, 41.057235], [-3.097969, 41.057391], [-3.098139, 41.057452], [-3.098278, 41.057417], [-3.098499, 41.0573], [-3.098802, 41.057101], [-3.098943, 41.057071], [-3.098919, 41.057209], [-3.098866, 41.057351], [-3.098782, 41.057497], [-3.098612, 41.057635], [-3.098357, 41.057764], [-3.098178, 41.05786], [-3.098076, 41.057921], [-3.097979, 41.058033], [-3.097888, 41.058196], [-3.097866, 41.058279], [-3.097911, 41.058282], [-3.097955, 41.058316], [-3.097997, 41.058381], [-3.098077, 41.058421], [-3.098196, 41.058437], [-3.09831, 41.058434], [-3.098421, 41.058411], [-3.098568, 41.058388], [-3.098751, 41.058363], [-3.098921, 41.058312], [-3.099079, 41.058233], [-3.09919, 41.058191], [-3.099255, 41.058184]], [[-3.081044, 41.01193], [-3.081355, 41.011889], [-3.081641, 41.011906], [-3.08188, 41.011902], [-3.082074, 41.011877], [-3.082213, 41.011842], [-3.082298, 41.011799], [-3.082388, 41.011708], [-3.082484, 41.011568], [-3.082571, 41.011409], [-3.082649, 41.011232], [-3.082753, 41.011155], [-3.082883, 41.011177], [-3.082947, 41.011085], [-3.082945, 41.010879], [-3.082966, 41.01063], [-3.083009, 41.010338], [-3.083018, 41.010135], [-3.082993, 41.010019], [-3.082919, 41.009941], [-3.082796, 41.009902], [-3.082724, 41.009884], [-3.082704, 41.009886], [-3.082616, 41.009819], [-3.082461, 41.00968], [-3.08235, 41.009576], [-3.082283, 41.009506], [-3.082176, 41.009468], [-3.082029, 41.009464], [-3.081817, 41.009401], [-3.08154, 41.009279], [-3.081227, 41.009233], [-3.080878, 41.009264], [-3.080671, 41.009299], [-3.080606, 41.009339], [-3.080531, 41.009381], [-3.080446, 41.009424], [-3.080321, 41.009453], [-3.080157, 41.009467], [-3.080081, 41.009405], [-3.080094, 41.009269], [-3.080016, 41.009196], [-3.079847, 41.009186], [-3.0797, 41.009162], [-3.079577, 41.009123], [-3.079488, 41.009198], [-3.079434, 41.009388], [-3.079332, 41.009549], [-3.079182, 41.00968], [-3.078846, 41.009744], [-3.078322, 41.009743], [-3.077933, 41.009782], [-3.077678, 41.009864], [-3.077451, 41.009926], [-3.077251, 41.009968], [-3.077022, 41.010023], [-3.076764, 41.010089], [-3.076306, 41.01015], [-3.075648, 41.010205], [-3.075177, 41.010252], [-3.074892, 41.01029], [-3.074707, 41.010327], [-3.07462, 41.010362], [-3.074547, 41.010411], [-3.074487, 41.010475], [-3.074475, 41.01054], [-3.07451, 41.010607], [-3.074784, 41.010646], [-3.075299, 41.010657], [-3.075742, 41.010697], [-3.076112, 41.010767], [-3.07655, 41.01086], [-3.077056, 41.010975], [-3.077524, 41.011112], [-3.077955, 41.011269], [-3.078269, 41.011394], [-3.078466, 41.011487], [-3.078648, 41.011582], [-3.078815, 41.011679], [-3.079047, 41.011735], [-3.079343, 41.011751], [-3.079628, 41.011761], [-3.079901, 41.011765], [-3.080131, 41.01179], [-3.080318, 41.011836], [-3.080445, 41.011915], [-3.08051, 41.012025], [-3.08071, 41.01203], [-3.081044, 41.01193]], [[-3.078324, 41.008368], [-3.07866, 41.008395], [-3.078875, 41.008374], [-3.079088, 41.008342], [-3.079298, 41.008298], [-3.079476, 41.008223], [-3.07962, 41.008116], [-3.079713, 41.007985], [-3.079753, 41.007829], [-3.079759, 41.007685], [-3.079731, 41.007553], [-3.079678, 41.00735], [-3.079599, 41.007075], [-3.079406, 41.006953], [-3.079099, 41.006986], [-3.07884, 41.007021], [-3.078628, 41.007057], [-3.078461, 41.006912], [-3.07834, 41.006587], [-3.078242, 41.006175], [-3.078168, 41.005676], [-3.078095, 41.005428], [-3.078022, 41.00543], [-3.078, 41.005576], [-3.07803, 41.005865], [-3.077996, 41.006025], [-3.077898, 41.006054], [-3.0777, 41.006132], [-3.077402, 41.006259], [-3.077106, 41.006366], [-3.076811, 41.006453], [-3.076599, 41.006516], [-3.076472, 41.006557], [-3.076357, 41.00668], [-3.076253, 41.006884], [-3.076157, 41.00702], [-3.076066, 41.007088], [-3.075926, 41.007166], [-3.075736, 41.007255], [-3.075573, 41.007352], [-3.075439, 41.007457], [-3.075266, 41.007556], [-3.075055, 41.007647], [-3.074892, 41.007717], [-3.074776, 41.007764], [-3.074682, 41.007883], [-3.074607, 41.008076], [-3.074554, 41.008218], [-3.074521, 41.00831], [-3.074628, 41.008395], [-3.074874, 41.008473], [-3.075078, 41.008522], [-3.075239, 41.00854], [-3.075489, 41.008562], [-3.075829, 41.008589], [-3.076068, 41.008581], [-3.076206, 41.008539], [-3.076369, 41.008469], [-3.076558, 41.008373], [-3.07678, 41.008264], [-3.077037, 41.008142], [-3.077247, 41.008071], [-3.07741, 41.008049], [-3.077529, 41.008093], [-3.077604, 41.008202], [-3.077869, 41.008294], [-3.078324, 41.008368]], [[-3.016597, 41.110385], [-3.016764, 41.110435], [-3.016889, 41.110529], [-3.017007, 41.110593], [-3.017119, 41.110626], [-3.017277, 41.110581], [-3.017482, 41.110459], [-3.017676, 41.110386], [-3.017859, 41.110362], [-3.018022, 41.11034], [-3.018165, 41.110321], [-3.018234, 41.110352], [-3.01823, 41.110432], [-3.018256, 41.110555], [-3.018312, 41.110723], [-3.018515, 41.110791], [-3.018865, 41.110761], [-3.019171, 41.11072], [-3.019432, 41.11067], [-3.019664, 41.110623], [-3.019864, 41.110581], [-3.020099, 41.11055], [-3.020367, 41.11053], [-3.020639, 41.110478], [-3.020914, 41.110394], [-3.021244, 41.110319], [-3.021628, 41.110252], [-3.02193, 41.110197], [-3.022151, 41.110151], [-3.022452, 41.11004], [-3.022834, 41.109863], [-3.023121, 41.109634], [-3.023313, 41.109354], [-3.023554, 41.109204], [-3.023842, 41.109181], [-3.023979, 41.109235], [-3.023965, 41.109364], [-3.023843, 41.109531], [-3.023614, 41.109736], [-3.023323, 41.109949], [-3.022972, 41.11017], [-3.022922, 41.11028], [-3.023173, 41.110278], [-3.023494, 41.11026], [-3.023884, 41.110224], [-3.024243, 41.110089], [-3.024571, 41.109855], [-3.024726, 41.109795], [-3.024708, 41.109909], [-3.024632, 41.110093], [-3.024497, 41.110349], [-3.024568, 41.110435], [-3.024844, 41.110351], [-3.025077, 41.110265], [-3.025267, 41.110176], [-3.025421, 41.110013], [-3.025539, 41.109775], [-3.025474, 41.109617], [-3.025227, 41.109538], [-3.025041, 41.109452], [-3.024916, 41.109357], [-3.025048, 41.109236], [-3.025436, 41.10909], [-3.025787, 41.109067], [-3.026102, 41.109168], [-3.026402, 41.109152], [-3.026689, 41.109019], [-3.026947, 41.108953], [-3.027178, 41.108954], [-3.027383, 41.108935], [-3.027563, 41.108896], [-3.027637, 41.108798], [-3.027604, 41.108644], [-3.027453, 41.108521], [-3.027182, 41.10843], [-3.027109, 41.108281], [-3.027232, 41.108074], [-3.027345, 41.10786], [-3.027445, 41.107641], [-3.02762, 41.107578], [-3.02787, 41.107672], [-3.028044, 41.107752], [-3.028142, 41.107818], [-3.028277, 41.107912], [-3.028449, 41.108032], [-3.028565, 41.108183], [-3.028625, 41.108366], [-3.028731, 41.108376], [-3.028885, 41.108212], [-3.029002, 41.108022], [-3.029082, 41.107805], [-3.029172, 41.107587], [-3.029272, 41.107367], [-3.029429, 41.107315], [-3.029642, 41.107429], [-3.029899, 41.107459], [-3.030202, 41.107403], [-3.03041, 41.107296], [-3.030523, 41.107138], [-3.030669, 41.107135], [-3.030847, 41.107286], [-3.030994, 41.107433], [-3.031108, 41.107577], [-3.031329, 41.10773], [-3.031657, 41.107893], [-3.031936, 41.107928], [-3.032168, 41.107834], [-3.032377, 41.107734], [-3.032565, 41.10763], [-3.032472, 41.107539], [-3.032099, 41.107461], [-3.031883, 41.107427], [-3.031821, 41.107435], [-3.031722, 41.10736], [-3.031584, 41.107204], [-3.031538, 41.107035], [-3.031584, 41.106855], [-3.031645, 41.106648], [-3.031721, 41.106416], [-3.031803, 41.106206], [-3.031889, 41.10602], [-3.03186, 41.105833], [-3.031716, 41.105646], [-3.031591, 41.105551], [-3.031486, 41.105549], [-3.031331, 41.105609], [-3.031126, 41.105732], [-3.03097, 41.105737], [-3.030863, 41.105624], [-3.03077, 41.105382], [-3.030691, 41.105011], [-3.030656, 41.104746], [-3.030664, 41.104586], [-3.030708, 41.104397], [-3.030788, 41.10418], [-3.030734, 41.103973], [-3.030545, 41.103776], [-3.030492, 41.103521], [-3.030572, 41.103208], [-3.030505, 41.102939], [-3.03029, 41.102714], [-3.030291, 41.10257], [-3.030508, 41.10251], [-3.030646, 41.102269], [-3.030704, 41.101849], [-3.030765, 41.101197], [-3.03083, 41.100315], [-3.031022, 41.099837], [-3.031342, 41.099763], [-3.03156, 41.099805], [-3.031678, 41.099965], [-3.032136, 41.100102], [-3.032936, 41.100219], [-3.033308, 41.100392], [-3.033252, 41.100622], [-3.033356, 41.100719], [-3.033621, 41.100684], [-3.03396, 41.100703], [-3.034373, 41.100775], [-3.034524, 41.100597], [-3.034412, 41.100167], [-3.034177, 41.099896], [-3.033818, 41.099785], [-3.033666, 41.099559], [-3.033719, 41.099218], [-3.033549, 41.099058], [-3.033156, 41.099078], [-3.033017, 41.099216], [-3.033134, 41.09947], [-3.032777, 41.099565], [-3.031946, 41.0995], [-3.031413, 41.099404], [-3.031176, 41.099277], [-3.031052, 41.098936], [-3.03104, 41.098381], [-3.031148, 41.097755], [-3.031378, 41.097058], [-3.031677, 41.096637], [-3.032044, 41.096493], [-3.032272, 41.096233], [-3.03236, 41.095856], [-3.032489, 41.095577], [-3.03266, 41.095395], [-3.032599, 41.095205], [-3.032306, 41.095005], [-3.032067, 41.094965], [-3.031883, 41.095085], [-3.031701, 41.095316], [-3.031522, 41.095657], [-3.031343, 41.0958], [-3.031163, 41.095744], [-3.030984, 41.095641], [-3.030806, 41.09549], [-3.030653, 41.095264], [-3.030527, 41.094963], [-3.030586, 41.094748], [-3.030832, 41.094621], [-3.03096, 41.094485], [-3.030971, 41.09434], [-3.030946, 41.094121], [-3.030884, 41.093827], [-3.030843, 41.093634], [-3.030824, 41.093542], [-3.030744, 41.093314], [-3.030605, 41.092951], [-3.030572, 41.092646], [-3.030645, 41.092398], [-3.030613, 41.092196], [-3.030475, 41.092039], [-3.030346, 41.091826], [-3.030226, 41.091556], [-3.030373, 41.091409], [-3.030787, 41.091386], [-3.031071, 41.091293], [-3.031225, 41.09113], [-3.031293, 41.090906], [-3.031275, 41.090623], [-3.031389, 41.090369], [-3.031635, 41.090146], [-3.031658, 41.090008], [-3.031459, 41.089955], [-3.031299, 41.089992], [-3.031179, 41.090119], [-3.031044, 41.090272], [-3.030893, 41.090451], [-3.030693, 41.090493], [-3.030443, 41.090399], [-3.03029, 41.090372], [-3.030236, 41.090411], [-3.030181, 41.090601], [-3.030128, 41.090941], [-3.030087, 41.091193], [-3.030058, 41.091356], [-3.029981, 41.091437], [-3.029856, 41.091438], [-3.029775, 41.091353], [-3.029739, 41.091184], [-3.029726, 41.090875], [-3.029737, 41.090429], [-3.02972, 41.090201], [-3.029676, 41.090191], [-3.029604, 41.090097], [-3.029504, 41.08992], [-3.029383, 41.089698], [-3.029243, 41.08943], [-3.029133, 41.089405], [-3.029053, 41.089622], [-3.029006, 41.089843], [-3.02899, 41.090068], [-3.028941, 41.090281], [-3.028858, 41.090482], [-3.02873, 41.090618], [-3.028556, 41.090689], [-3.028421, 41.090794], [-3.028325, 41.090934], [-3.028281, 41.091122], [-3.028289, 41.09136], [-3.028209, 41.091473], [-3.028039, 41.091464], [-3.027863, 41.091472], [-3.027679, 41.091496], [-3.027551, 41.091632], [-3.027478, 41.09188], [-3.027594, 41.092134], [-3.027901, 41.092396], [-3.028023, 41.092578], [-3.027961, 41.092682], [-3.027975, 41.092799], [-3.028066, 41.09293], [-3.028214, 41.093085], [-3.028419, 41.093264], [-3.028572, 41.093443], [-3.028672, 41.09362], [-3.028659, 41.093852], [-3.028531, 41.094139], [-3.02843, 41.094256], [-3.028355, 41.094202], [-3.028326, 41.094015], [-3.028343, 41.093695], [-3.028142, 41.093539], [-3.027725, 41.093547], [-3.02743, 41.09349], [-3.027258, 41.09337], [-3.02707, 41.093419], [-3.026864, 41.093637], [-3.02682, 41.093825], [-3.026938, 41.093984], [-3.026923, 41.094264], [-3.026778, 41.094665], [-3.026803, 41.094884], [-3.026999, 41.094921], [-3.027169, 41.094931], [-3.027312, 41.094912], [-3.027314, 41.094975], [-3.027178, 41.09512], [-3.027098, 41.095242], [-3.027077, 41.09534], [-3.026935, 41.095557], [-3.026671, 41.095894], [-3.026427, 41.095982], [-3.026205, 41.095821], [-3.026084, 41.095892], [-3.026064, 41.096197], [-3.026045, 41.096453], [-3.026027, 41.096662], [-3.026005, 41.096856], [-3.025979, 41.097034], [-3.026058, 41.097206], [-3.026239, 41.097373], [-3.026401, 41.097542], [-3.026542, 41.097714], [-3.026709, 41.097811], [-3.026902, 41.097833], [-3.027119, 41.09782], [-3.027361, 41.097772], [-3.027558, 41.097667], [-3.027712, 41.097503], [-3.02787, 41.09726], [-3.028032, 41.096937], [-3.028189, 41.096734], [-3.028338, 41.09665], [-3.028451, 41.096635], [-3.028525, 41.096689], [-3.028662, 41.096846], [-3.028864, 41.097105], [-3.028854, 41.097455], [-3.028633, 41.097898], [-3.028491, 41.098266], [-3.028428, 41.09856], [-3.028344, 41.09881], [-3.028241, 41.099014], [-3.028125, 41.099061], [-3.027997, 41.098951], [-3.027828, 41.098846], [-3.027619, 41.098747], [-3.027431, 41.098748], [-3.027263, 41.098849], [-3.027153, 41.099023], [-3.027101, 41.099268], [-3.027119, 41.099456], [-3.02721, 41.099587], [-3.02722, 41.099737], [-3.027151, 41.099904], [-3.026972, 41.1], [-3.026684, 41.100022], [-3.026387, 41.100006], [-3.026082, 41.099951], [-3.025797, 41.099941], [-3.025532, 41.099976], [-3.025269, 41.100018], [-3.025008, 41.100069], [-3.024773, 41.100148], [-3.024565, 41.100255], [-3.024404, 41.100387], [-3.024291, 41.100545], [-3.024146, 41.100651], [-3.023969, 41.100707], [-3.023846, 41.100667], [-3.023776, 41.100534], [-3.023666, 41.100413], [-3.023518, 41.100306], [-3.023312, 41.100174], [-3.023049, 41.100018], [-3.02285, 41.09987], [-3.022715, 41.099729], [-3.02261, 41.099576], [-3.022533, 41.099411], [-3.022631, 41.099279], [-3.022903, 41.09918], [-3.02306, 41.09908], [-3.023102, 41.098979], [-3.023283, 41.098796], [-3.023604, 41.098531], [-3.02384, 41.098262], [-3.023992, 41.097988], [-3.023923, 41.097909], [-3.023634, 41.098027], [-3.023262, 41.098299], [-3.022807, 41.098724], [-3.022468, 41.098904], [-3.022245, 41.098838], [-3.022062, 41.098815], [-3.021919, 41.098834], [-3.0217, 41.098839], [-3.021405, 41.09883], [-3.021147, 41.098697], [-3.020925, 41.098441], [-3.020728, 41.098403], [-3.020557, 41.098585], [-3.020413, 41.098842], [-3.020295, 41.099175], [-3.020175, 41.099501], [-3.020053, 41.099819], [-3.019926, 41.100058], [-3.019792, 41.100219], [-3.019606, 41.100331], [-3.019368, 41.100394], [-3.019213, 41.100502], [-3.01914, 41.100654], [-3.019132, 41.100862], [-3.019187, 41.101125], [-3.019371, 41.101251], [-3.019683, 41.101242], [-3.019897, 41.101412], [-3.020013, 41.101762], [-3.019934, 41.101884], [-3.01966, 41.101777], [-3.019467, 41.101755], [-3.019355, 41.101817], [-3.019203, 41.101941], [-3.019011, 41.102125], [-3.018816, 41.102293], [-3.018618, 41.102447], [-3.018545, 41.102647], [-3.018597, 41.102894], [-3.018502, 41.103089], [-3.01826, 41.103233], [-3.018015, 41.103313], [-3.017768, 41.103329], [-3.017526, 41.103274], [-3.017289, 41.103147], [-3.01706, 41.103201], [-3.016837, 41.103437], [-3.016604, 41.103523], [-3.01636, 41.10346], [-3.016192, 41.10326], [-3.0161, 41.102923], [-3.016086, 41.102654], [-3.016148, 41.102456], [-3.016162, 41.102223], [-3.016127, 41.101958], [-3.016035, 41.101867], [-3.015885, 41.10195], [-3.015769, 41.102148], [-3.015689, 41.102461], [-3.015607, 41.102718], [-3.015524, 41.102919], [-3.015536, 41.103227], [-3.015645, 41.103642], [-3.015598, 41.103918], [-3.015397, 41.104056], [-3.015257, 41.104289], [-3.01518, 41.104617], [-3.015183, 41.105029], [-3.015267, 41.105526], [-3.015388, 41.105947], [-3.015544, 41.106292], [-3.015722, 41.106491], [-3.015922, 41.106544], [-3.016118, 41.106581], [-3.016312, 41.106603], [-3.016414, 41.106494], [-3.016426, 41.106255], [-3.016508, 41.106196], [-3.01666, 41.106319], [-3.016724, 41.106525], [-3.016702, 41.106814], [-3.016717, 41.106986], [-3.016771, 41.107043], [-3.016921, 41.107158], [-3.017167, 41.107332], [-3.01727, 41.107572], [-3.01723, 41.10788], [-3.017177, 41.108125], [-3.017111, 41.108308], [-3.017031, 41.108525], [-3.016938, 41.108776], [-3.016825, 41.109037], [-3.016694, 41.109308], [-3.016542, 41.109678], [-3.016368, 41.110146], [-3.016386, 41.110381], [-3.016597, 41.110385]], [[-3.085952, 41.114171], [-3.086088, 41.114121], [-3.086144, 41.113986], [-3.08617, 41.113864], [-3.086167, 41.113753], [-3.086209, 41.113604], [-3.086295, 41.113418], [-3.086408, 41.113157], [-3.086546, 41.112821], [-3.086651, 41.112624], [-3.086722, 41.112567], [-3.086869, 41.112468], [-3.087091, 41.112328], [-3.087197, 41.112186], [-3.087188, 41.112045], [-3.087172, 41.11192], [-3.087149, 41.111812], [-3.087174, 41.111633], [-3.087247, 41.111385], [-3.08739, 41.11112], [-3.087602, 41.110838], [-3.087641, 41.110626], [-3.087506, 41.110485], [-3.087527, 41.110387], [-3.087704, 41.110332], [-3.087871, 41.11023], [-3.088028, 41.110082], [-3.088115, 41.109848], [-3.088131, 41.109529], [-3.088175, 41.109292], [-3.088247, 41.10914], [-3.088469, 41.108951], [-3.088841, 41.108727], [-3.089071, 41.10853], [-3.089161, 41.108359], [-3.089287, 41.108263], [-3.08945, 41.108241], [-3.089669, 41.108284], [-3.089943, 41.10839], [-3.090287, 41.108336], [-3.090703, 41.108122], [-3.090979, 41.107895], [-3.091117, 41.107654], [-3.09113, 41.107422], [-3.09102, 41.107199], [-3.090973, 41.106927], [-3.090989, 41.106607], [-3.090869, 41.106337], [-3.090612, 41.106117], [-3.090343, 41.106034], [-3.090061, 41.106087], [-3.089796, 41.106122], [-3.089548, 41.106139], [-3.089321, 41.106106], [-3.089115, 41.106022], [-3.089048, 41.105904], [-3.08912, 41.105751], [-3.089242, 41.105537], [-3.089414, 41.10526], [-3.089596, 41.105029], [-3.089787, 41.104845], [-3.090063, 41.104713], [-3.090423, 41.104633], [-3.090693, 41.104423], [-3.090871, 41.104081], [-3.091021, 41.103847], [-3.09114, 41.10372], [-3.091254, 41.103562], [-3.09136, 41.103373], [-3.091357, 41.103262], [-3.091246, 41.103229], [-3.091103, 41.1032], [-3.090931, 41.103176], [-3.090748, 41.103057], [-3.090556, 41.102844], [-3.090477, 41.102569], [-3.09051, 41.102231], [-3.090519, 41.101928], [-3.090504, 41.10166], [-3.090423, 41.101671], [-3.090275, 41.10196], [-3.09015, 41.102112], [-3.090048, 41.102126], [-3.089989, 41.101998], [-3.089974, 41.10173], [-3.090024, 41.101469], [-3.090138, 41.101216], [-3.090137, 41.101018], [-3.090023, 41.100874], [-3.089812, 41.100767], [-3.089504, 41.100697], [-3.089146, 41.100689], [-3.088738, 41.100743], [-3.088414, 41.100746], [-3.088174, 41.100699], [-3.087937, 41.100571], [-3.087705, 41.100364], [-3.087408, 41.1003], [-3.087048, 41.10038], [-3.086883, 41.100489], [-3.086912, 41.100628], [-3.086811, 41.100793], [-3.086579, 41.100982], [-3.086324, 41.101064], [-3.086046, 41.101037], [-3.085823, 41.101075], [-3.085656, 41.101176], [-3.085548, 41.10131], [-3.0855, 41.101475], [-3.085471, 41.101638], [-3.085463, 41.101798], [-3.085199, 41.101936], [-3.084679, 41.102053], [-3.084349, 41.102271], [-3.084207, 41.102592], [-3.08401, 41.102849], [-3.083758, 41.103041], [-3.08345, 41.103122], [-3.083087, 41.10309], [-3.08284, 41.103258], [-3.082709, 41.103625], [-3.082539, 41.10391], [-3.08233, 41.104112], [-3.08207, 41.104369], [-3.081759, 41.104681], [-3.081458, 41.10484], [-3.081166, 41.104847], [-3.080866, 41.104815], [-3.080558, 41.104745], [-3.080276, 41.104703], [-3.080022, 41.104689], [-3.079809, 41.10467], [-3.079636, 41.104645], [-3.079277, 41.104582], [-3.078731, 41.104479], [-3.078293, 41.104585], [-3.077961, 41.104899], [-3.077666, 41.105089], [-3.077408, 41.105155], [-3.077426, 41.10524], [-3.07772, 41.105344], [-3.077996, 41.105411], [-3.078254, 41.10544], [-3.07846, 41.105524], [-3.078615, 41.105662], [-3.078639, 41.105873], [-3.078532, 41.106158], [-3.078305, 41.106371], [-3.077958, 41.106512], [-3.077868, 41.106683], [-3.078036, 41.106883], [-3.078289, 41.106889], [-3.078626, 41.106701], [-3.078921, 41.106511], [-3.079174, 41.106319], [-3.07946, 41.106185], [-3.079779, 41.106111], [-3.080099, 41.106037], [-3.080418, 41.105963], [-3.080742, 41.105912], [-3.081072, 41.105884], [-3.081459, 41.105832], [-3.081904, 41.105757], [-3.082234, 41.105682], [-3.082448, 41.105606], [-3.08281, 41.105534], [-3.083319, 41.105466], [-3.083747, 41.105409], [-3.084093, 41.105363], [-3.084411, 41.105377], [-3.084698, 41.10545], [-3.084952, 41.105511], [-3.085173, 41.105561], [-3.085313, 41.105678], [-3.085372, 41.10586], [-3.085496, 41.10605], [-3.085685, 41.106248], [-3.085705, 41.106491], [-3.085557, 41.106781], [-3.085344, 41.107111], [-3.085067, 41.107482], [-3.08481, 41.107754], [-3.084575, 41.107928], [-3.084382, 41.108152], [-3.08423, 41.108427], [-3.08417, 41.108784], [-3.084201, 41.109225], [-3.084251, 41.109711], [-3.084322, 41.110241], [-3.084393, 41.110677], [-3.084466, 41.111016], [-3.084545, 41.11134], [-3.084631, 41.111646], [-3.08473, 41.111768], [-3.084842, 41.111705], [-3.085044, 41.11167], [-3.085336, 41.111663], [-3.085466, 41.111829], [-3.085433, 41.112167], [-3.0854, 41.112457], [-3.085368, 41.112699], [-3.08542, 41.113145], [-3.085558, 41.113794], [-3.085735, 41.114136], [-3.085952, 41.114171]], [[-2.945266, 41.19229], [-2.94548, 41.191809], [-2.945699, 41.191558], [-2.945954, 41.191223], [-2.946243, 41.190804], [-2.946521, 41.190331], [-2.946788, 41.189803], [-2.94689, 41.189393], [-2.946828, 41.189099], [-2.946736, 41.18881], [-2.946613, 41.188524], [-2.946436, 41.18823], [-2.946204, 41.187927], [-2.9459, 41.187728], [-2.945524, 41.187635], [-2.945305, 41.187592], [-2.945244, 41.1876], [-2.945125, 41.187632], [-2.944948, 41.187687], [-2.944724, 41.187669], [-2.944453, 41.187577], [-2.944215, 41.187442], [-2.944009, 41.187262], [-2.943766, 41.187104], [-2.943485, 41.186966], [-2.943199, 41.186749], [-2.942906, 41.186454], [-2.942261, 41.186428], [-2.941263, 41.18667], [-2.940834, 41.186925], [-2.940975, 41.187192], [-2.941065, 41.187522], [-2.941105, 41.187913], [-2.941092, 41.188201], [-2.941026, 41.188384], [-2.940909, 41.188527], [-2.940742, 41.188628], [-2.940552, 41.188724], [-2.940341, 41.188816], [-2.940163, 41.188966], [-2.940018, 41.189176], [-2.940023, 41.18935], [-2.940178, 41.189488], [-2.940316, 41.189645], [-2.940437, 41.189819], [-2.940285, 41.189998], [-2.939862, 41.190181], [-2.939455, 41.190337], [-2.939063, 41.190468], [-2.938881, 41.190651], [-2.93891, 41.190885], [-2.939043, 41.191019], [-2.93928, 41.191051], [-2.939605, 41.191048], [-2.940016, 41.19101], [-2.940344, 41.190975], [-2.940589, 41.190943], [-2.940802, 41.191105], [-2.940982, 41.191463], [-2.941037, 41.191678], [-2.940969, 41.19175], [-2.940904, 41.191942], [-2.940843, 41.192251], [-2.94091, 41.192417], [-2.941103, 41.19244], [-2.941301, 41.192382], [-2.941502, 41.192244], [-2.941765, 41.192146], [-2.942088, 41.192088], [-2.942321, 41.192049], [-2.942464, 41.192031], [-2.942637, 41.192103], [-2.942839, 41.192267], [-2.943011, 41.192435], [-2.943152, 41.192607], [-2.943259, 41.192768], [-2.943332, 41.192917], [-2.94352, 41.193059], [-2.943821, 41.193194], [-2.944217, 41.193285], [-2.944709, 41.193332], [-2.945059, 41.193], [-2.945266, 41.19229]], [[-2.935532, 41.188534], [-2.935723, 41.188898], [-2.935927, 41.188966], [-2.936108, 41.18903], [-2.936267, 41.189088], [-2.936367, 41.189218], [-2.93641, 41.189419], [-2.936472, 41.189514], [-2.936553, 41.189503], [-2.936707, 41.189436], [-2.936932, 41.189311], [-2.9371, 41.189209], [-2.937209, 41.189131], [-2.937436, 41.189014], [-2.937781, 41.188858], [-2.938069, 41.18878], [-2.9383, 41.188782], [-2.938521, 41.188689], [-2.938734, 41.188503], [-2.939019, 41.188314], [-2.939378, 41.188124], [-2.939631, 41.187932], [-2.939779, 41.187738], [-2.939994, 41.187464], [-2.940276, 41.187109], [-2.940328, 41.186761], [-2.940151, 41.186419], [-2.939583, 41.186311], [-2.938624, 41.186437], [-2.937711, 41.186533], [-2.936844, 41.186599], [-2.936474, 41.186933], [-2.936601, 41.187536], [-2.936749, 41.188088], [-2.936917, 41.18859], [-2.936933, 41.188866], [-2.936797, 41.188916], [-2.936603, 41.18879], [-2.936351, 41.18849], [-2.936126, 41.188218], [-2.935928, 41.187974], [-2.935824, 41.18763], [-2.935815, 41.187186], [-2.935744, 41.186902], [-2.935613, 41.186776], [-2.935457, 41.186733], [-2.935277, 41.186773], [-2.935205, 41.186981], [-2.935242, 41.187357], [-2.935351, 41.187875], [-2.935532, 41.188534]], [[-2.937241, 41.191279], [-2.937593, 41.191304], [-2.937641, 41.191234], [-2.9378, 41.191094], [-2.938071, 41.190884], [-2.938249, 41.190734], [-2.938334, 41.190643], [-2.938306, 41.190456], [-2.938162, 41.190174], [-2.937998, 41.189893], [-2.937814, 41.189616], [-2.937334, 41.189623], [-2.936556, 41.189916], [-2.93619, 41.190321], [-2.936236, 41.190839], [-2.936587, 41.191158], [-2.937241, 41.191279]], [[-2.926366, 41.205298], [-2.926537, 41.205212], [-2.926555, 41.205098], [-2.926594, 41.204935], [-2.926654, 41.20472], [-2.926778, 41.204513], [-2.926967, 41.204314], [-2.927197, 41.204062], [-2.927468, 41.203756], [-2.927803, 41.203402], [-2.928201, 41.203001], [-2.928301, 41.202726], [-2.928102, 41.202577], [-2.927772, 41.202406], [-2.927312, 41.202212], [-2.926705, 41.201919], [-2.925951, 41.201525], [-2.925553, 41.20153], [-2.925512, 41.201932], [-2.925419, 41.202286], [-2.925273, 41.202591], [-2.925139, 41.202854], [-2.925018, 41.203077], [-2.924949, 41.203245], [-2.924931, 41.203358], [-2.925018, 41.203474], [-2.92521, 41.203591], [-2.925478, 41.203715], [-2.92582, 41.203845], [-2.926043, 41.204062], [-2.926149, 41.204366], [-2.925973, 41.204476], [-2.925515, 41.204393], [-2.925338, 41.204448], [-2.925441, 41.204641], [-2.92559, 41.204899], [-2.925784, 41.205223], [-2.926043, 41.205356], [-2.926366, 41.205298]]]}}]}