{"type": "FeatureCollection", "name": "MANZANEDA", "features": [{"type": "Feature", "properties": {"id": "278504", "FIREDATE": "2025-08-08T13:59:00", "FINALDATE": "2025-08-21T03:53:00", "LASTUPDATE": "2025-08-18 09:58:43.035579", "COUNTRY": "ES", "PROVINCE": "Ourense", "COMMUNE": "Manzaneda", "AREA_HA": 24583.0, "BROADLEA": 8.807, "CONIFER": 3.9522, "MIXED": 0.0, "SCLEROPH": 0.0, "TRANSIT": 2.8178, "OTHERNATLC": 77.5067, "AGRIAREAS": 6.8716, "ARTIFSURF": 0.0, "OTHERLC": 0.0447, "PERCNA2K": 93.4584, "CLASS": "FireSeason", "AÑO": 2025, "LATITUD": 42.22575084193419, "LONGITUD": -7.302458376655069}, "geometry": {"type": "Polygon", "coordinates": [[[-7.262702, 42.138636], [-7.262493, 42.139096], [-7.262292, 42.139385], [-7.26153, 42.139518], [-7.260951, 42.139491], [-7.259957, 42.140003], [-7.259212, 42.140387], [-7.258675, 42.140311], [-7.258309, 42.140036], [-7.257939, 42.139549], [-7.257278, 42.139241], [-7.256512, 42.139162], [-7.254661, 42.138891], [-7.252475, 42.138254], [-7.249144, 42.138197], [-7.248553, 42.13813], [-7.247426, 42.137987], [-7.246695, 42.13803], [-7.246449, 42.137183], [-7.2459, 42.137066], [-7.245163, 42.137279], [-7.243966, 42.137487], [-7.242916, 42.137415], [-7.241824, 42.137393], [-7.239865, 42.137141], [-7.238356, 42.136471], [-7.238021, 42.136105], [-7.237599, 42.135246], [-7.237493, 42.134883], [-7.237373, 42.134862], [-7.236661, 42.134773], [-7.236209, 42.134005], [-7.235773, 42.133487], [-7.235453, 42.13278], [-7.234958, 42.132061], [-7.234074, 42.131579], [-7.234322, 42.130858], [-7.234122, 42.130172], [-7.233558, 42.129804], [-7.232998, 42.129647], [-7.232034, 42.129476], [-7.231645, 42.12912], [-7.232367, 42.128655], [-7.233193, 42.127961], [-7.233202, 42.127928], [-7.232426, 42.12778], [-7.231417, 42.127647], [-7.230683, 42.127617], [-7.229857, 42.127554], [-7.229065, 42.127471], [-7.228493, 42.12733], [-7.228229, 42.127155], [-7.227718, 42.126986], [-7.227039, 42.126851], [-7.226609, 42.12678], [-7.226494, 42.126783], [-7.226344, 42.126693], [-7.226182, 42.126526], [-7.225941, 42.126422], [-7.225657, 42.126396], [-7.224763, 42.126314], [-7.223395, 42.126186], [-7.222492, 42.126099], [-7.222193, 42.126065], [-7.22173, 42.125983], [-7.221175, 42.125865], [-7.220908, 42.125702], [-7.220971, 42.125519], [-7.22131, 42.125391], [-7.221872, 42.125336], [-7.222602, 42.125314], [-7.223388, 42.125328], [-7.224074, 42.125209], [-7.224555, 42.124975], [-7.225035, 42.124782], [-7.225439, 42.124661], [-7.225713, 42.124578], [-7.225814, 42.124548], [-7.225931, 42.124311], [-7.226044, 42.123906], [-7.22609, 42.123665], [-7.226063, 42.123628], [-7.225933, 42.123453], [-7.225722, 42.123167], [-7.225439, 42.122809], [-7.225128, 42.122434], [-7.224891, 42.122103], [-7.224764, 42.121868], [-7.224641, 42.121552], [-7.22454, 42.121205], [-7.224581, 42.120698], [-7.224757, 42.12011], [-7.224981, 42.119211], [-7.225219, 42.118139], [-7.225534, 42.11712], [-7.225876, 42.11631], [-7.226413, 42.115461], [-7.227061, 42.114705], [-7.227454, 42.114172], [-7.227532, 42.113944], [-7.227569, 42.113693], [-7.227559, 42.113459], [-7.227468, 42.113254], [-7.22731, 42.11311], [-7.227304, 42.112657], [-7.22745, 42.111967], [-7.227704, 42.11133], [-7.228026, 42.110845], [-7.228407, 42.110488], [-7.228791, 42.110314], [-7.229388, 42.110386], [-7.230106, 42.110693], [-7.230571, 42.110891], [-7.230711, 42.11095], [-7.230827, 42.111068], [-7.230902, 42.111227], [-7.230975, 42.111423], [-7.231035, 42.111628], [-7.231268, 42.111785], [-7.23164, 42.11187], [-7.231951, 42.1117], [-7.232153, 42.1113], [-7.232124, 42.110933], [-7.23187, 42.110656], [-7.231687, 42.11035], [-7.231604, 42.110064], [-7.231456, 42.1098], [-7.231267, 42.109597], [-7.231223, 42.109378], [-7.231332, 42.109175], [-7.231334, 42.109023], [-7.23123, 42.108944], [-7.231036, 42.108759], [-7.230782, 42.108496], [-7.230725, 42.108244], [-7.230873, 42.108043], [-7.231006, 42.107782], [-7.231102, 42.107502], [-7.231072, 42.107068], [-7.23092, 42.106546], [-7.230911, 42.106131], [-7.231048, 42.105888], [-7.231233, 42.105535], [-7.23144, 42.105126], [-7.231767, 42.104819], [-7.232165, 42.104662], [-7.232562, 42.104594], [-7.232896, 42.104623], [-7.23328, 42.104595], [-7.233655, 42.104513], [-7.233927, 42.104454], [-7.234052, 42.104427], [-7.234237, 42.104321], [-7.234454, 42.104151], [-7.23452, 42.103938], [-7.234425, 42.103713], [-7.234366, 42.103584], [-7.234352, 42.103571], [-7.234131, 42.10336], [-7.233735, 42.102983], [-7.233553, 42.102667], [-7.233611, 42.102459], [-7.233729, 42.102094], [-7.233889, 42.101627], [-7.234085, 42.101034], [-7.234287, 42.100407], [-7.234618, 42.099838], [-7.235028, 42.099416], [-7.235607, 42.099149], [-7.236266, 42.099078], [-7.236651, 42.099061], [-7.236702, 42.099101], [-7.237054, 42.099372], [-7.237651, 42.099835], [-7.238164, 42.100183], [-7.238512, 42.100364], [-7.238906, 42.10045], [-7.239284, 42.100428], [-7.23948, 42.100275], [-7.239463, 42.100015], [-7.239448, 42.099578], [-7.239437, 42.099031], [-7.239309, 42.098467], [-7.239085, 42.097972], [-7.238951, 42.097674], [-7.238926, 42.09762], [-7.238968, 42.097594], [-7.23907, 42.097601], [-7.239511, 42.097631], [-7.240224, 42.09768], [-7.240904, 42.097394], [-7.241446, 42.096817], [-7.241626, 42.096445], [-7.241418, 42.096334], [-7.241266, 42.096253], [-7.241195, 42.096215], [-7.241024, 42.096015], [-7.24078, 42.095685], [-7.240695, 42.095284], [-7.240783, 42.094873], [-7.241091, 42.094665], [-7.241572, 42.094691], [-7.241967, 42.09473], [-7.242217, 42.094774], [-7.242672, 42.094576], [-7.243262, 42.094166], [-7.243882, 42.093821], [-7.244437, 42.093592], [-7.24493, 42.093535], [-7.245286, 42.093658], [-7.245606, 42.093769], [-7.245842, 42.09385], [-7.246251, 42.093977], [-7.246768, 42.094128], [-7.247333, 42.094089], [-7.24786, 42.093866], [-7.248079, 42.093519], [-7.247957, 42.093101], [-7.247903, 42.092705], [-7.247925, 42.092392], [-7.247955, 42.091947], [-7.24799, 42.091438], [-7.248368, 42.091208], [-7.249029, 42.091291], [-7.249415, 42.091319], [-7.249464, 42.091289], [-7.250007, 42.091505], [-7.25096, 42.091934], [-7.251598, 42.092179], [-7.251825, 42.092201], [-7.252269, 42.09219], [-7.252862, 42.092148], [-7.253367, 42.092248], [-7.253708, 42.092474], [-7.254015, 42.092708], [-7.25424, 42.092914], [-7.254529, 42.09314], [-7.254838, 42.093352], [-7.255691, 42.093413], [-7.256955, 42.093316], [-7.257857, 42.093192], [-7.258259, 42.093061], [-7.258635, 42.092918], [-7.258926, 42.092786], [-7.259235, 42.092721], [-7.259514, 42.092733], [-7.259715, 42.092809], [-7.259807, 42.092936], [-7.259752, 42.09331], [-7.259559, 42.093875], [-7.259163, 42.094563], [-7.258626, 42.095268], [-7.25842, 42.096045], [-7.258577, 42.096773], [-7.258474, 42.097443], [-7.258127, 42.097952], [-7.257914, 42.098344], [-7.257865, 42.098556], [-7.257886, 42.098729], [-7.257972, 42.098837], [-7.258155, 42.098849], [-7.258405, 42.098765], [-7.258642, 42.098657], [-7.258829, 42.098543], [-7.259185, 42.098282], [-7.259656, 42.097914], [-7.259909, 42.097505], [-7.259906, 42.097118], [-7.259964, 42.096754], [-7.260074, 42.09647], [-7.260225, 42.096222], [-7.260395, 42.09605], [-7.260774, 42.096072], [-7.261304, 42.096286], [-7.261855, 42.096489], [-7.262342, 42.096649], [-7.262679, 42.096734], [-7.262816, 42.096731], [-7.262952, 42.096685], [-7.263065, 42.096604], [-7.263059, 42.096428], [-7.262933, 42.096185], [-7.262928, 42.09581], [-7.263045, 42.095361], [-7.263141, 42.095079], [-7.263203, 42.095007], [-7.263434, 42.095033], [-7.263799, 42.095153], [-7.264214, 42.095401], [-7.264615, 42.09574], [-7.264922, 42.095974], [-7.265087, 42.096067], [-7.265293, 42.095855], [-7.265509, 42.095368], [-7.265681, 42.09504], [-7.265784, 42.09492], [-7.266012, 42.09478], [-7.266329, 42.094643], [-7.266544, 42.094562], [-7.266622, 42.094548], [-7.266885, 42.09458], [-7.267291, 42.094652], [-7.267577, 42.094713], [-7.267699, 42.094753], [-7.268153, 42.094574], [-7.268871, 42.094204], [-7.269465, 42.093891], [-7.269844, 42.093682], [-7.270177, 42.093546], [-7.270413, 42.093505], [-7.270823, 42.093688], [-7.271346, 42.094067], [-7.271849, 42.09441], [-7.272253, 42.094666], [-7.272816, 42.094957], [-7.27345, 42.095238], [-7.273745, 42.095509], [-7.273654, 42.095729], [-7.273797, 42.095887], [-7.274152, 42.095957], [-7.274657, 42.096237], [-7.275235, 42.096684], [-7.275677, 42.097073], [-7.275915, 42.097345], [-7.275885, 42.097636], [-7.275594, 42.097902], [-7.275153, 42.098201], [-7.27463, 42.098488], [-7.274117, 42.09898], [-7.273692, 42.099601], [-7.273375, 42.100064], [-7.273216, 42.100298], [-7.2732, 42.100516], [-7.273329, 42.100685], [-7.273304, 42.100911], [-7.27313, 42.10116], [-7.272255, 42.10196], [-7.270815, 42.103187], [-7.269587, 42.104149], [-7.268761, 42.1047], [-7.26808, 42.105092], [-7.267648, 42.105264], [-7.267422, 42.105427], [-7.267437, 42.105554], [-7.26764, 42.105722], [-7.268, 42.105903], [-7.268426, 42.106102], [-7.268853, 42.106288], [-7.269423, 42.106532], [-7.270049, 42.106798], [-7.270486, 42.106994], [-7.270668, 42.107093], [-7.270787, 42.107213], [-7.270823, 42.107337], [-7.270768, 42.107435], [-7.270631, 42.107491], [-7.269881, 42.107525], [-7.268633, 42.107531], [-7.267575, 42.10753], [-7.266871, 42.107522], [-7.266352, 42.107533], [-7.266097, 42.107561], [-7.265787, 42.107721], [-7.265471, 42.107988], [-7.265306, 42.108889], [-7.265318, 42.110285], [-7.265393, 42.1114], [-7.26552, 42.112061], [-7.265748, 42.112762], [-7.266042, 42.113394], [-7.266325, 42.113917], [-7.266554, 42.114251], [-7.266603, 42.114948], [-7.266464, 42.115899], [-7.26638, 42.116469], [-7.266366, 42.116569], [-7.266437, 42.116609], [-7.266583, 42.116584], [-7.266682, 42.116565], [-7.266718, 42.116556], [-7.266644, 42.116788], [-7.266473, 42.117224], [-7.266406, 42.117748], [-7.266454, 42.118282], [-7.266467, 42.118685], [-7.266443, 42.118896], [-7.265852, 42.119741], [-7.264785, 42.121089], [-7.264077, 42.122213], [-7.263838, 42.122939], [-7.263679, 42.123432], [-7.263626, 42.123617], [-7.263419, 42.123903], [-7.263089, 42.124247], [-7.262644, 42.125273], [-7.262152, 42.126824], [-7.262004, 42.127833], [-7.262224, 42.128145], [-7.262452, 42.12845], [-7.262654, 42.128702], [-7.262938, 42.128805], [-7.263259, 42.128745], [-7.263526, 42.128893], [-7.263697, 42.129227], [-7.264373, 42.130209], [-7.265451, 42.131689], [-7.266185, 42.132691], [-7.266461, 42.133059], [-7.266923, 42.1336], [-7.2675, 42.134229], [-7.268033, 42.134803], [-7.26844, 42.135232], [-7.268921, 42.135735], [-7.269405, 42.136235], [-7.270042, 42.136801], [-7.270735, 42.137348], [-7.271357, 42.137703], [-7.27181, 42.137811], [-7.273458, 42.13897], [-7.276046, 42.140999], [-7.277797, 42.142354], [-7.278441, 42.142826], [-7.278927, 42.143071], [-7.279182, 42.143052], [-7.279391, 42.143096], [-7.279523, 42.143195], [-7.279895, 42.143423], [-7.280448, 42.143743], [-7.281176, 42.14415], [-7.281967, 42.144581], [-7.28258, 42.145069], [-7.282922, 42.145541], [-7.283507, 42.145931], [-7.284245, 42.146182], [-7.285281, 42.146412], [-7.286457, 42.146586], [-7.287204, 42.146867], [-7.287406, 42.14721], [-7.287806, 42.147346], [-7.288341, 42.147253], [-7.288666, 42.147196], [-7.28873, 42.147185], [-7.288778, 42.147152], [-7.288804, 42.147102], [-7.289148, 42.147125], [-7.289759, 42.147219], [-7.290496, 42.147369], [-7.291245, 42.147555], [-7.291829, 42.147723], [-7.292158, 42.147849], [-7.292399, 42.147937], [-7.292517, 42.147973], [-7.292891, 42.148088], [-7.293463, 42.148264], [-7.294178, 42.14837], [-7.294924, 42.14839], [-7.295404, 42.148495], [-7.295545, 42.14867], [-7.295699, 42.148905], [-7.295841, 42.149163], [-7.296098, 42.149415], [-7.296428, 42.149624], [-7.29684, 42.149786], [-7.29727, 42.149877], [-7.297646, 42.150082], [-7.297909, 42.150369], [-7.298187, 42.150735], [-7.298435, 42.151124], [-7.298773, 42.151489], [-7.299147, 42.151773], [-7.299521, 42.151888], [-7.299837, 42.151816], [-7.300075, 42.151549], [-7.300199, 42.151129], [-7.300287, 42.150726], [-7.300328, 42.150403], [-7.300497, 42.150193], [-7.30077, 42.150129], [-7.301728, 42.150331], [-7.303225, 42.150769], [-7.304271, 42.151064], [-7.304707, 42.151171], [-7.305105, 42.151326], [-7.305404, 42.151507], [-7.305677, 42.151775], [-7.305881, 42.152088], [-7.305916, 42.152416], [-7.305777, 42.152706], [-7.305648, 42.152972], [-7.305549, 42.153172], [-7.305554, 42.153396], [-7.305662, 42.15361], [-7.305898, 42.153794], [-7.306226, 42.15392], [-7.306523, 42.154103], [-7.306742, 42.154314], [-7.306969, 42.154635], [-7.30717, 42.155015], [-7.307553, 42.155408], [-7.308057, 42.155753], [-7.308487, 42.155975], [-7.308776, 42.156041], [-7.309222, 42.156405], [-7.309758, 42.15701], [-7.310296, 42.157393], [-7.310753, 42.157497], [-7.311102, 42.157571], [-7.311292, 42.157604], [-7.311557, 42.15762], [-7.311857, 42.157615], [-7.312069, 42.157696], [-7.312161, 42.157852], [-7.312288, 42.158132], [-7.312432, 42.158495], [-7.312423, 42.159158], [-7.312263, 42.160017], [-7.312014, 42.160586], [-7.311715, 42.160777], [-7.311405, 42.161033], [-7.311133, 42.161316], [-7.310982, 42.161561], [-7.310974, 42.161728], [-7.310984, 42.162004], [-7.31101, 42.162346], [-7.311117, 42.162988], [-7.311289, 42.163831], [-7.311403, 42.164397], [-7.311443, 42.164597], [-7.311509, 42.164924], [-7.311589, 42.165326], [-7.311643, 42.165699], [-7.311661, 42.165987], [-7.311912, 42.166459], [-7.312356, 42.167045], [-7.313043, 42.167939], [-7.313867, 42.169004], [-7.314596, 42.169943], [-7.315118, 42.170612], [-7.315843, 42.171533], [-7.316658, 42.172565], [-7.317281, 42.173485], [-7.317616, 42.174152], [-7.318011, 42.175243], [-7.318406, 42.17659], [-7.319038, 42.177714], [-7.319811, 42.178443], [-7.320333, 42.178931], [-7.320524, 42.179105], [-7.320949, 42.179611], [-7.321545, 42.18037], [-7.321981, 42.180912], [-7.322191, 42.181151], [-7.32325, 42.18192], [-7.324994, 42.183101], [-7.326479, 42.183946], [-7.327476, 42.184324], [-7.328593, 42.18469], [-7.32966, 42.184988], [-7.33029, 42.185212], [-7.330389, 42.18533], [-7.330572, 42.18539], [-7.33081, 42.185384], [-7.331192, 42.185476], [-7.331659, 42.185653], [-7.331997, 42.185867], [-7.332153, 42.186086], [-7.33257, 42.186381], [-7.333183, 42.186706], [-7.334288, 42.187269], [-7.335715, 42.187984], [-7.33714, 42.188592], [-7.338344, 42.189], [-7.339323, 42.189257], [-7.339927, 42.189324], [-7.340431, 42.18931], [-7.340758, 42.189215], [-7.340991, 42.189148], [-7.341095, 42.189118], [-7.341228, 42.189028], [-7.341372, 42.188891], [-7.341664, 42.188747], [-7.342059, 42.188616], [-7.342462, 42.188512], [-7.342811, 42.188451], [-7.343394, 42.188342], [-7.344121, 42.188203], [-7.344822, 42.188067], [-7.345389, 42.187956], [-7.346075, 42.188077], [-7.346774, 42.188412], [-7.347331, 42.18877], [-7.34766, 42.189095], [-7.347867, 42.1894], [-7.347921, 42.189638], [-7.34802, 42.189855], [-7.348152, 42.190018], [-7.348419, 42.190004], [-7.348781, 42.189817], [-7.348937, 42.189549], [-7.348863, 42.189241], [-7.348557, 42.188846], [-7.348067, 42.188425], [-7.347568, 42.188017], [-7.347136, 42.187684], [-7.346809, 42.1874], [-7.346636, 42.187208], [-7.346544, 42.186956], [-7.346547, 42.186684], [-7.346616, 42.186518], [-7.346739, 42.186484], [-7.346849, 42.186425], [-7.346927, 42.186349], [-7.347224, 42.186224], [-7.347695, 42.186067], [-7.348154, 42.185846], [-7.348531, 42.185595], [-7.348768, 42.185352], [-7.348829, 42.185154], [-7.348856, 42.185036], [-7.348845, 42.185017], [-7.34869, 42.184785], [-7.348416, 42.184376], [-7.348323, 42.184062], [-7.348428, 42.183891], [-7.348705, 42.183736], [-7.349114, 42.18362], [-7.349397, 42.183539], [-7.349511, 42.183507], [-7.349751, 42.183623], [-7.350081, 42.18387], [-7.350371, 42.184243], [-7.350578, 42.184683], [-7.350835, 42.184989], [-7.351103, 42.185114], [-7.351577, 42.185021], [-7.352184, 42.184724], [-7.352851, 42.184432], [-7.353474, 42.184189], [-7.353797, 42.183865], [-7.353769, 42.183508], [-7.353683, 42.183213], [-7.353551, 42.183026], [-7.353377, 42.182768], [-7.353189, 42.182477], [-7.353005, 42.18223], [-7.352854, 42.182066], [-7.352746, 42.181889], [-7.352698, 42.181726], [-7.35261, 42.181473], [-7.352495, 42.181169], [-7.352209, 42.180858], [-7.351795, 42.180587], [-7.351312, 42.180176], [-7.350834, 42.179688], [-7.350391, 42.179126], [-7.350049, 42.178576], [-7.349695, 42.17808], [-7.349382, 42.177716], [-7.349028, 42.177365], [-7.348688, 42.177081], [-7.348254, 42.176837], [-7.347793, 42.17667], [-7.347493, 42.176593], [-7.347398, 42.176618], [-7.347315, 42.176554], [-7.347256, 42.176412], [-7.347206, 42.17634], [-7.347173, 42.176349], [-7.346883, 42.176402], [-7.346381, 42.17649], [-7.34596, 42.176563], [-7.345686, 42.176611], [-7.345446, 42.176634], [-7.345276, 42.176628], [-7.345126, 42.176558], [-7.345017, 42.176435], [-7.345031, 42.176172], [-7.345165, 42.175811], [-7.345443, 42.17556], [-7.345821, 42.175458], [-7.346175, 42.175377], [-7.346449, 42.175329], [-7.34664, 42.175281], [-7.346718, 42.175239], [-7.346988, 42.175095], [-7.347408, 42.174872], [-7.347675, 42.174656], [-7.347748, 42.174481], [-7.347846, 42.174242], [-7.347956, 42.173976], [-7.348052, 42.173778], [-7.348119, 42.173677], [-7.348253, 42.173668], [-7.348434, 42.173753], [-7.348615, 42.173837], [-7.348767, 42.173908], [-7.349229, 42.174043], [-7.34993, 42.174223], [-7.350365, 42.17433], [-7.350466, 42.174348], [-7.350576, 42.174502], [-7.350679, 42.174769], [-7.350902, 42.175087], [-7.351212, 42.175406], [-7.351415, 42.175611], [-7.351481, 42.175671], [-7.3514, 42.175839], [-7.351186, 42.17609], [-7.351257, 42.176377], [-7.351602, 42.176654], [-7.351885, 42.17673], [-7.35206, 42.176593], [-7.35234, 42.176438], [-7.352681, 42.176289], [-7.353047, 42.176119], [-7.353382, 42.175954], [-7.353637, 42.175668], [-7.353771, 42.175307], [-7.353784, 42.174775], [-7.353673, 42.174154], [-7.353592, 42.173657], [-7.353554, 42.173362], [-7.353609, 42.172928], [-7.353748, 42.172423], [-7.353915, 42.171883], [-7.354083, 42.171392], [-7.354283, 42.170923], [-7.354486, 42.170549], [-7.3546, 42.170231], [-7.354609, 42.170016], [-7.354525, 42.169597], [-7.354361, 42.169038], [-7.354361, 42.168595], [-7.354525, 42.168335], [-7.354751, 42.168132], [-7.355006, 42.168016], [-7.355173, 42.167833], [-7.355227, 42.16761], [-7.354905, 42.167175], [-7.354254, 42.166595], [-7.353763, 42.166161], [-7.353505, 42.165939], [-7.353337, 42.165631], [-7.353283, 42.165284], [-7.353254, 42.164962], [-7.353253, 42.164713], [-7.353458, 42.164436], [-7.353837, 42.164174], [-7.354187, 42.164084], [-7.354455, 42.16418], [-7.354667, 42.164104], [-7.35479, 42.163869], [-7.354833, 42.163659], [-7.354788, 42.163507], [-7.354639, 42.163398], [-7.354409, 42.16335], [-7.354142, 42.163415], [-7.35388, 42.163586], [-7.353606, 42.163759], [-7.353362, 42.163908], [-7.353019, 42.163805], [-7.352631, 42.163463], [-7.352521, 42.163088], [-7.352705, 42.162735], [-7.352855, 42.162535], [-7.352946, 42.162519], [-7.353258, 42.162388], [-7.353744, 42.162161], [-7.354396, 42.161989], [-7.355113, 42.161899], [-7.355775, 42.161851], [-7.35628, 42.161851], [-7.356961, 42.161915], [-7.357716, 42.162032], [-7.358329, 42.162127], [-7.358706, 42.162186], [-7.359124, 42.162325], [-7.359518, 42.162523], [-7.359901, 42.162764], [-7.360214, 42.163012], [-7.360969, 42.163154], [-7.36205, 42.163168], [-7.362663, 42.163177], [-7.362715, 42.163177], [-7.362962, 42.163216], [-7.363368, 42.163288], [-7.363717, 42.163458], [-7.363956, 42.163701], [-7.364183, 42.163989], [-7.364364, 42.164277], [-7.36471, 42.164747], [-7.365168, 42.165325], [-7.36526, 42.165858], [-7.364971, 42.166264], [-7.364656, 42.166522], [-7.364364, 42.16659], [-7.364193, 42.166632], [-7.36417, 42.166639], [-7.363657, 42.166796], [-7.362733, 42.167079], [-7.362143, 42.167412], [-7.361976, 42.167744], [-7.361923, 42.168003], [-7.36199, 42.168152], [-7.362254, 42.16852], [-7.362674, 42.169051], [-7.363091, 42.169451], [-7.363439, 42.169656], [-7.364007, 42.169817], [-7.364706, 42.169908], [-7.365138, 42.169968], [-7.365236, 42.169986], [-7.365307, 42.170059], [-7.365341, 42.170174], [-7.36549, 42.170237], [-7.365731, 42.170238], [-7.366122, 42.170332], [-7.366604, 42.170506], [-7.367148, 42.170772], [-7.367671, 42.171091], [-7.368292, 42.171352], [-7.368914, 42.171516], [-7.369551, 42.171684], [-7.370106, 42.17183], [-7.370688, 42.171999], [-7.371209, 42.172166], [-7.371773, 42.172314], [-7.372296, 42.17242], [-7.372858, 42.172445], [-7.373373, 42.172385], [-7.37375, 42.172007], [-7.373931, 42.171368], [-7.374089, 42.170847], [-7.374199, 42.170524], [-7.374391, 42.17031], [-7.374636, 42.170237], [-7.375113, 42.170465], [-7.375751, 42.170961], [-7.376208, 42.171423], [-7.376416, 42.171781], [-7.376569, 42.172149], [-7.376642, 42.17247], [-7.37667, 42.172758], [-7.376646, 42.172969], [-7.376678, 42.173152], [-7.376761, 42.173279], [-7.376857, 42.173439], [-7.376951, 42.173607], [-7.377049, 42.173793], [-7.377136, 42.17397], [-7.377278, 42.174097], [-7.377455, 42.174156], [-7.37768, 42.174151], [-7.377918, 42.174083], [-7.378184, 42.173994], [-7.378436, 42.173898], [-7.378695, 42.173787], [-7.378922, 42.173677], [-7.379173, 42.173562], [-7.37941, 42.17346], [-7.379653, 42.17336], [-7.379865, 42.17328], [-7.380079, 42.173201], [-7.380264, 42.173135], [-7.380434, 42.173078], [-7.380563, 42.173038], [-7.380744, 42.173007], [-7.380949, 42.17299], [-7.381196, 42.172986], [-7.381445, 42.172994], [-7.381714, 42.173055], [-7.381961, 42.173158], [-7.382206, 42.173312], [-7.382412, 42.173493], [-7.38262, 42.173721], [-7.382799, 42.173958], [-7.382962, 42.174226], [-7.383084, 42.174484], [-7.383157, 42.174714], [-7.383168, 42.174882], [-7.383119, 42.175001], [-7.383017, 42.175054], [-7.382932, 42.175113], [-7.382879, 42.17517], [-7.382852, 42.175228], [-7.382855, 42.17528], [-7.382852, 42.17535], [-7.382843, 42.175427], [-7.382827, 42.175518], [-7.382807, 42.175608], [-7.382803, 42.17573], [-7.382817, 42.175865], [-7.38285, 42.176023], [-7.382896, 42.17618], [-7.382898, 42.17641], [-7.382856, 42.176677], [-7.382765, 42.177003], [-7.382641, 42.177339], [-7.382583, 42.177705], [-7.3826, 42.178047], [-7.382695, 42.178391], [-7.382852, 42.178686], [-7.383044, 42.17895], [-7.38324, 42.179142], [-7.383458, 42.179278], [-7.383664, 42.179338], [-7.383847, 42.179381], [-7.38398, 42.1794], [-7.384074, 42.179397], [-7.384114, 42.179373], [-7.384253, 42.179347], [-7.384468, 42.179323], [-7.38478, 42.1793], [-7.385139, 42.17928], [-7.385443, 42.179317], [-7.385647, 42.179404], [-7.385767, 42.179548], [-7.385785, 42.179728], [-7.385851, 42.1799], [-7.385955, 42.180038], [-7.386106, 42.180152], [-7.386281, 42.180226], [-7.386452, 42.180304], [-7.386593, 42.180373], [-7.386717, 42.180441], [-7.386803, 42.180495], [-7.386984, 42.180555], [-7.387229, 42.180611], [-7.387561, 42.180668], [-7.387928, 42.180717], [-7.388293, 42.180722], [-7.3886, 42.180682], [-7.388874, 42.180595], [-7.389074, 42.180473], [-7.389306, 42.180372], [-7.389536, 42.180308], [-7.389782, 42.180276], [-7.390006, 42.18028], [-7.390304, 42.180308], [-7.39063, 42.180354], [-7.391011, 42.180424], [-7.391388, 42.180506], [-7.391709, 42.180573], [-7.391925, 42.180616], [-7.392055, 42.180637], [-7.392077, 42.180633], [-7.392182, 42.180594], [-7.392353, 42.180526], [-7.392605, 42.180424], [-7.392898, 42.180303], [-7.393189, 42.180195], [-7.393431, 42.180118], [-7.393646, 42.180065], [-7.393799, 42.180044], [-7.39393, 42.180014], [-7.394017, 42.179979], [-7.394067, 42.179937], [-7.394073, 42.179893], [-7.394144, 42.179825], [-7.394269, 42.179741], [-7.394458, 42.179636], [-7.394682, 42.179525], [-7.394986, 42.179369], [-7.395321, 42.17919], [-7.395717, 42.178973], [-7.396113, 42.178754], [-7.3965, 42.17852], [-7.396821, 42.17831], [-7.397101, 42.178104], [-7.397297, 42.177935], [-7.397528, 42.177754], [-7.397757, 42.177589], [-7.398005, 42.177427], [-7.398233, 42.177291], [-7.398578, 42.177184], [-7.398989, 42.177121], [-7.399498, 42.177096], [-7.400027, 42.177114], [-7.400605, 42.177141], [-7.401141, 42.177171], [-7.401681, 42.177208], [-7.402142, 42.177246], [-7.402735, 42.177272], [-7.403369, 42.177281], [-7.404098, 42.177274], [-7.404808, 42.177253], [-7.405566, 42.17725], [-7.406255, 42.177267], [-7.406932, 42.177304], [-7.407493, 42.177356], [-7.40824, 42.177395], [-7.409057, 42.177415], [-7.410013, 42.177417], [-7.41096, 42.177401], [-7.411764, 42.177386], [-7.412299, 42.177374], [-7.412611, 42.177363], [-7.412652, 42.177356], [-7.4127, 42.177334], [-7.412748, 42.1773], [-7.4128, 42.177251], [-7.412847, 42.177195], [-7.412972, 42.177129], [-7.413156, 42.177062], [-7.413412, 42.17699], [-7.413703, 42.176923], [-7.413993, 42.176878], [-7.414237, 42.17686], [-7.414456, 42.17687], [-7.414616, 42.176906], [-7.414848, 42.176981], [-7.415116, 42.177084], [-7.415442, 42.177224], [-7.415777, 42.177379], [-7.416092, 42.177556], [-7.41634, 42.177727], [-7.41654, 42.177907], [-7.416663, 42.178068], [-7.4169, 42.178309], [-7.417215, 42.178593], [-7.417635, 42.178943], [-7.418096, 42.179306], [-7.418496, 42.179623], [-7.418776, 42.179845], [-7.418958, 42.179989], [-7.419014, 42.180035], [-7.419036, 42.180126], [-7.41902, 42.180249], [-7.418965, 42.180414], [-7.41888, 42.180596], [-7.418774, 42.180855], [-7.418665, 42.181154], [-7.418543, 42.181515], [-7.418427, 42.181884], [-7.418322, 42.182217], [-7.418244, 42.182463], [-7.418186, 42.182642], [-7.418157, 42.182726], [-7.418088, 42.182867], [-7.417989, 42.183043], [-7.417853, 42.183269], [-7.417699, 42.18351], [-7.417497, 42.183792], [-7.417278, 42.184071], [-7.417023, 42.18437], [-7.416772, 42.184644], [-7.416523, 42.184908], [-7.416313, 42.185121], [-7.416126, 42.1853], [-7.415989, 42.185419], [-7.415843, 42.185557], [-7.415709, 42.185692], [-7.415576, 42.185836], [-7.415465, 42.185967], [-7.415407, 42.18613], [-7.415411, 42.186301], [-7.415477, 42.186494], [-7.415596, 42.186679], [-7.415721, 42.186911], [-7.415833, 42.187153], [-7.415941, 42.187426], [-7.416029, 42.187688], [-7.416107, 42.187968], [-7.416162, 42.188221], [-7.416199, 42.188471], [-7.416213, 42.188677], [-7.416393, 42.188971], [-7.416711, 42.189307], [-7.417193, 42.189712], [-7.417766, 42.190126], [-7.418491, 42.190649], [-7.419255, 42.191202], [-7.420122, 42.19183], [-7.42096, 42.192437], [-7.421706, 42.193008], [-7.422247, 42.193456], [-7.422627, 42.193818], [-7.422788, 42.194038], [-7.422931, 42.194277], [-7.423036, 42.194499], [-7.42311, 42.194722], [-7.423142, 42.194912], [-7.423133, 42.195154], [-7.423086, 42.195412], [-7.422996, 42.195707], [-7.422877, 42.195994], [-7.422799, 42.196342], [-7.422774, 42.196697], [-7.4228, 42.197089], [-7.422873, 42.197458], [-7.422974, 42.197829], [-7.423087, 42.198145], [-7.423221, 42.198433], [-7.423357, 42.198649], [-7.423443, 42.198857], [-7.423467, 42.199026], [-7.42343, 42.199169], [-7.423339, 42.199265], [-7.423196, 42.19931], [-7.423023, 42.199297], [-7.422807, 42.199225], [-7.42258, 42.199106], [-7.422307, 42.198939], [-7.422032, 42.198752], [-7.42173, 42.198529], [-7.421448, 42.198304], [-7.421143, 42.19806], [-7.420863, 42.197835], [-7.420583, 42.197611], [-7.420348, 42.197422], [-7.420132, 42.197296], [-7.41997, 42.197252], [-7.419848, 42.197287], [-7.419784, 42.197396], [-7.419736, 42.197538], [-7.41971, 42.197691], [-7.419704, 42.197869], [-7.41972, 42.198044], [-7.419711, 42.198225], [-7.41968, 42.198384], [-7.419624, 42.198535], [-7.419552, 42.198654], [-7.419476, 42.198785], [-7.419408, 42.198907], [-7.419343, 42.199031], [-7.419291, 42.199138], [-7.419311, 42.199265], [-7.419401, 42.199393], [-7.419567, 42.199534], [-7.419785, 42.199664], [-7.420053, 42.199802], [-7.42033, 42.199926], [-7.420639, 42.200047], [-7.420931, 42.200147], [-7.421252, 42.20025], [-7.421552, 42.200342], [-7.421855, 42.200429], [-7.422115, 42.200499], [-7.422368, 42.200595], [-7.422575, 42.200703], [-7.422753, 42.200831], [-7.422875, 42.20096], [-7.422974, 42.201077], [-7.423035, 42.201163], [-7.423063, 42.201226], [-7.423053, 42.201256], [-7.423072, 42.201301], [-7.423117, 42.201354], [-7.423192, 42.201421], [-7.423285, 42.20149], [-7.423344, 42.201546], [-7.42336, 42.201578], [-7.423534, 42.201636], [-7.423839, 42.201711], [-7.424233, 42.201951], [-7.424656, 42.202319], [-7.425094, 42.202822], [-7.42548, 42.203383], [-7.425988, 42.203836], [-7.426541, 42.204111], [-7.427133, 42.204272], [-7.427674, 42.204294], [-7.428228, 42.204209], [-7.42871, 42.204031], [-7.429151, 42.203853], [-7.429484, 42.203701], [-7.429942, 42.203697], [-7.430456, 42.203839], [-7.431077, 42.204096], [-7.431709, 42.204427], [-7.432089, 42.204676], [-7.432158, 42.204803], [-7.432023, 42.205155], [-7.431706, 42.205676], [-7.431398, 42.206234], [-7.431146, 42.206743], [-7.430976, 42.207088], [-7.430912, 42.207217], [-7.430755, 42.207333], [-7.430529, 42.207419], [-7.430116, 42.207404], [-7.429579, 42.207288], [-7.429156, 42.207158], [-7.428914, 42.207031], [-7.428733, 42.206937], [-7.428641, 42.206889], [-7.42837, 42.206864], [-7.427962, 42.206866], [-7.427718, 42.206885], [-7.427677, 42.206917], [-7.427594, 42.206982], [-7.427482, 42.20707], [-7.42757, 42.207331], [-7.427843, 42.207725], [-7.428259, 42.20798], [-7.428753, 42.208056], [-7.429406, 42.208017], [-7.430117, 42.207869], [-7.430687, 42.207782], [-7.431029, 42.207768], [-7.431387, 42.207768], [-7.431705, 42.207782], [-7.432338, 42.207734], [-7.433188, 42.207631], [-7.433718, 42.207639], [-7.433847, 42.207756], [-7.434008, 42.207955], [-7.434176, 42.208205], [-7.434363, 42.208374], [-7.434538, 42.208436], [-7.435249, 42.208362], [-7.436384, 42.208162], [-7.437178, 42.208023], [-7.437507, 42.207965], [-7.43785, 42.207847], [-7.438155, 42.207687], [-7.438479, 42.207516], [-7.438773, 42.207362], [-7.439047, 42.207208], [-7.43926, 42.207077], [-7.439684, 42.206839], [-7.440253, 42.206529], [-7.440773, 42.206388], [-7.441164, 42.206435], [-7.441546, 42.206633], [-7.44186, 42.20695], [-7.441853, 42.207003], [-7.442043, 42.207052], [-7.442516, 42.207135], [-7.442588, 42.20728], [-7.442794, 42.207695], [-7.442634, 42.208166], [-7.442965, 42.20916], [-7.442414, 42.210585], [-7.442428, 42.211305], [-7.44244, 42.211937], [-7.442617, 42.21304], [-7.442603, 42.213694], [-7.442794, 42.214092], [-7.443076, 42.215342], [-7.442744, 42.216633], [-7.441849, 42.217765], [-7.441248, 42.218531], [-7.441031, 42.218815], [-7.440983, 42.219034], [-7.44097, 42.219095], [-7.441072, 42.21933], [-7.441144, 42.219614], [-7.441166, 42.219835], [-7.441172, 42.219904], [-7.44125, 42.220426], [-7.441364, 42.221101], [-7.441393, 42.221764], [-7.441396, 42.221837], [-7.441342, 42.22252], [-7.441036, 42.223001], [-7.440525, 42.223204], [-7.440311, 42.223574], [-7.440428, 42.224052], [-7.440284, 42.224459], [-7.439902, 42.224731], [-7.439609, 42.225067], [-7.439449, 42.225415], [-7.4394, 42.225757], [-7.439469, 42.226042], [-7.439529, 42.226217], [-7.439571, 42.226255], [-7.439882, 42.226262], [-7.440415, 42.226237], [-7.440776, 42.226272], [-7.44091, 42.226363], [-7.440798, 42.226717], [-7.440455, 42.227279], [-7.440189, 42.227591], [-7.440039, 42.227606], [-7.439819, 42.227484], [-7.439563, 42.227244], [-7.439266, 42.22703], [-7.438974, 42.226876], [-7.438454, 42.226757], [-7.437787, 42.226692], [-7.437264, 42.226617], [-7.436965, 42.226544], [-7.436794, 42.226501], [-7.436777, 42.226494], [-7.436766, 42.226484], [-7.436761, 42.226471], [-7.436724, 42.226291], [-7.436661, 42.225971], [-7.436479, 42.225725], [-7.436208, 42.22559], [-7.435869, 42.225291], [-7.435515, 42.224874], [-7.435358, 42.224568], [-7.435422, 42.224419], [-7.435356, 42.224196], [-7.43517, 42.223932], [-7.434855, 42.223771], [-7.43446, 42.223738], [-7.434242, 42.223819], [-7.434234, 42.224003], [-7.434283, 42.224223], [-7.434379, 42.224446], [-7.434499, 42.224598], [-7.434624, 42.224656], [-7.434351, 42.224834], [-7.433722, 42.225104], [-7.433381, 42.225393], [-7.433382, 42.225655], [-7.43329, 42.225912], [-7.433122, 42.226124], [-7.433077, 42.226311], [-7.433163, 42.226445], [-7.433336, 42.22655], [-7.43357, 42.226612], [-7.433814, 42.226619], [-7.434031, 42.226569], [-7.43423, 42.226509], [-7.434382, 42.226448], [-7.434593, 42.226486], [-7.434832, 42.226615], [-7.434953, 42.226798], [-7.434937, 42.227006], [-7.435032, 42.227131], [-7.435224, 42.227155], [-7.43535, 42.227324], [-7.435389, 42.227614], [-7.435334, 42.227908], [-7.435193, 42.228161], [-7.435045, 42.228366], [-7.434912, 42.228492], [-7.434742, 42.228961], [-7.43456, 42.229701], [-7.434442, 42.230234], [-7.434406, 42.23048], [-7.434255, 42.230729], [-7.434009, 42.230944], [-7.433699, 42.231109], [-7.433372, 42.231201], [-7.433086, 42.231307], [-7.432885, 42.231411], [-7.432643, 42.231639], [-7.432398, 42.231956], [-7.43221, 42.232168], [-7.432109, 42.232243], [-7.431787, 42.232398], [-7.431295, 42.23261], [-7.430974, 42.232827], [-7.430876, 42.233015], [-7.430766, 42.233251], [-7.43066, 42.233499], [-7.430586, 42.233672], [-7.430555, 42.233746], [-7.430439, 42.233902], [-7.430256, 42.234117], [-7.429984, 42.2343], [-7.429666, 42.234424], [-7.429369, 42.234478], [-7.429138, 42.234454], [-7.428904, 42.234509], [-7.428703, 42.234638], [-7.428628, 42.234792], [-7.42869, 42.23495], [-7.428762, 42.235163], [-7.428832, 42.2354], [-7.428805, 42.23569], [-7.428687, 42.235988], [-7.428546, 42.236319], [-7.428405, 42.236631], [-7.428283, 42.236907], [-7.428199, 42.237103], [-7.428151, 42.237392], [-7.428147, 42.237728], [-7.428137, 42.237932], [-7.428123, 42.237973], [-7.428029, 42.23801], [-7.427869, 42.238038], [-7.427704, 42.238025], [-7.42756, 42.237974], [-7.427325, 42.237938], [-7.427035, 42.237921], [-7.426813, 42.237857], [-7.426692, 42.237753], [-7.426623, 42.237662], [-7.426616, 42.237596], [-7.426481, 42.237422], [-7.426237, 42.237168], [-7.425929, 42.236979], [-7.425603, 42.236883], [-7.425304, 42.236842], [-7.425077, 42.236862], [-7.424877, 42.236944], [-7.424734, 42.237075], [-7.424346, 42.237184], [-7.423772, 42.237256], [-7.423368, 42.237265], [-7.423196, 42.237209], [-7.42303, 42.237051], [-7.422896, 42.236816], [-7.422831, 42.2365], [-7.422845, 42.236153], [-7.422858, 42.23584], [-7.422867, 42.235608], [-7.422817, 42.235368], [-7.422715, 42.235156], [-7.422595, 42.234913], [-7.422473, 42.234676], [-7.422112, 42.234474], [-7.421568, 42.23434], [-7.421098, 42.234246], [-7.420776, 42.234207], [-7.42054, 42.234119], [-7.420426, 42.233995], [-7.420406, 42.233786], [-7.420484, 42.233523], [-7.420588, 42.233235], [-7.420703, 42.232966], [-7.420747, 42.232714], [-7.420716, 42.232519], [-7.42055, 42.232361], [-7.420276, 42.232266], [-7.419973, 42.232308], [-7.419688, 42.232483], [-7.419433, 42.232709], [-7.419246, 42.232953], [-7.419089, 42.233229], [-7.418987, 42.233496], [-7.418863, 42.233767], [-7.418738, 42.233999], [-7.418617, 42.23428], [-7.418521, 42.234565], [-7.418352, 42.234755], [-7.418139, 42.234821], [-7.417844, 42.234842], [-7.417512, 42.234814], [-7.417088, 42.234873], [-7.416636, 42.235009], [-7.416281, 42.235087], [-7.416076, 42.235094], [-7.415823, 42.235186], [-7.41556, 42.235347], [-7.415269, 42.235527], [-7.414997, 42.235699], [-7.414642, 42.23585], [-7.414259, 42.235955], [-7.414138, 42.236163], [-7.414298, 42.236442], [-7.414521, 42.236698], [-7.414772, 42.236894], [-7.415128, 42.237101], [-7.415533, 42.237289], [-7.415909, 42.237472], [-7.416199, 42.237622], [-7.416269, 42.237858], [-7.416108, 42.238145], [-7.415848, 42.238331], [-7.415528, 42.238387], [-7.41531, 42.238576], [-7.415228, 42.238868], [-7.415102, 42.239154], [-7.414952, 42.239391], [-7.414772, 42.23961], [-7.414588, 42.239776], [-7.414454, 42.240032], [-7.414391, 42.240338], [-7.413789, 42.240638], [-7.412741, 42.240886], [-7.412159, 42.24121], [-7.412132, 42.241562], [-7.411727, 42.24209], [-7.411006, 42.242714], [-7.410617, 42.243083], [-7.410621, 42.243138], [-7.410663, 42.243204], [-7.410735, 42.24327], [-7.411032, 42.243204], [-7.411508, 42.243016], [-7.411871, 42.242881], [-7.412066, 42.242821], [-7.412294, 42.242845], [-7.41252, 42.242949], [-7.412602, 42.243162], [-7.412527, 42.243451], [-7.412388, 42.243759], [-7.412205, 42.24404], [-7.412124, 42.244317], [-7.412157, 42.244547], [-7.412024, 42.244812], [-7.411746, 42.24507], [-7.411423, 42.245312], [-7.411106, 42.245498], [-7.410749, 42.245589], [-7.410407, 42.24557], [-7.41004, 42.2454], [-7.409705, 42.245105], [-7.409422, 42.244892], [-7.409233, 42.244794], [-7.409033, 42.244721], [-7.408852, 42.244683], [-7.408648, 42.244641], [-7.408452, 42.2446], [-7.40827, 42.244584], [-7.408132, 42.244596], [-7.407958, 42.244754], [-7.407775, 42.245035], [-7.407616, 42.24534], [-7.407504, 42.245622], [-7.407432, 42.24579], [-7.407411, 42.245819], [-7.40737, 42.245876], [-7.407316, 42.245952], [-7.407232, 42.246024], [-7.407131, 42.246083], [-7.407009, 42.246154], [-7.406882, 42.246227], [-7.406717, 42.246263], [-7.406537, 42.246255], [-7.406264, 42.246175], [-7.405939, 42.246035], [-7.405572, 42.245929], [-7.405219, 42.245873], [-7.404971, 42.245845], [-7.404866, 42.245851], [-7.404716, 42.245991], [-7.404542, 42.246244], [-7.404491, 42.246622], [-7.404569, 42.247067], [-7.404577, 42.247421], [-7.404515, 42.247628], [-7.404499, 42.247801], [-7.404532, 42.247914], [-7.404573, 42.248039], [-7.404617, 42.248158], [-7.404521, 42.248326], [-7.404299, 42.248518], [-7.404183, 42.248642], [-7.404191, 42.248678], [-7.404151, 42.248682], [-7.40407, 42.248655], [-7.403975, 42.248599], [-7.403879, 42.248525], [-7.403734, 42.248438], [-7.403561, 42.24835], [-7.403382, 42.248308], [-7.403225, 42.248317], [-7.403018, 42.248358], [-7.402793, 42.248425], [-7.402581, 42.248496], [-7.402417, 42.248562], [-7.402316, 42.248673], [-7.402296, 42.248812], [-7.402471, 42.248885], [-7.402812, 42.248879], [-7.403162, 42.248848], [-7.403465, 42.248795], [-7.40368, 42.248826], [-7.403774, 42.248936], [-7.403611, 42.249083], [-7.403217, 42.249243], [-7.402921, 42.249388], [-7.402769, 42.249496], [-7.402545, 42.249658], [-7.402282, 42.24985], [-7.401996, 42.249939], [-7.401731, 42.249913], [-7.401454, 42.249942], [-7.401207, 42.250021], [-7.401097, 42.250144], [-7.401141, 42.25029], [-7.40116, 42.250469], [-7.401153, 42.250652], [-7.40114, 42.250767], [-7.401125, 42.250797], [-7.400961, 42.251007], [-7.400674, 42.251366], [-7.400516, 42.251664], [-7.400511, 42.251856], [-7.400538, 42.251969], [-7.400593, 42.251987], [-7.400755, 42.251973], [-7.401, 42.25193], [-7.40122, 42.251823], [-7.401383, 42.251667], [-7.401612, 42.251499], [-7.401873, 42.251344], [-7.402094, 42.251352], [-7.402242, 42.251521], [-7.402342, 42.251636], [-7.40238, 42.25168], [-7.402321, 42.251772], [-7.402174, 42.251897], [-7.402012, 42.252024], [-7.40186, 42.252132], [-7.401672, 42.252259], [-7.401476, 42.252384], [-7.40131, 42.252452], [-7.4012, 42.252453], [-7.401015, 42.252525], [-7.400784, 42.252656], [-7.400648, 42.252728], [-7.400627, 42.25273], [-7.400511, 42.252741], [-7.400316, 42.252758], [-7.399964, 42.252811], [-7.39951, 42.252891], [-7.398925, 42.253072], [-7.398301, 42.253326], [-7.397877, 42.253464], [-7.397718, 42.253465], [-7.397417, 42.253459], [-7.397021, 42.253446], [-7.396574, 42.25353], [-7.396144, 42.253695], [-7.395715, 42.253751], [-7.395353, 42.253687], [-7.39501, 42.253536], [-7.394737, 42.253321], [-7.394441, 42.253127], [-7.394166, 42.252984], [-7.393611, 42.25286], [-7.392862, 42.252774], [-7.392055, 42.252694], [-7.391313, 42.252633], [-7.390802, 42.252733], [-7.390601, 42.252977], [-7.390483, 42.253108], [-7.390468, 42.253104], [-7.390407, 42.253156], [-7.390309, 42.253256], [-7.390046, 42.253292], [-7.389659, 42.253258], [-7.389135, 42.253213], [-7.388555, 42.253162], [-7.388124, 42.253086], [-7.387909, 42.252997], [-7.387736, 42.252883], [-7.387632, 42.252762], [-7.38774, 42.252626], [-7.388045, 42.252497], [-7.388241, 42.25239], [-7.388299, 42.252322], [-7.388375, 42.252233], [-7.388458, 42.252137], [-7.38837, 42.251984], [-7.388127, 42.251799], [-7.387887, 42.251676], [-7.387686, 42.251635], [-7.387513, 42.251521], [-7.387395, 42.251351], [-7.38726, 42.251148], [-7.387131, 42.250943], [-7.386931, 42.250641], [-7.38669, 42.25029], [-7.386589, 42.249916], [-7.386644, 42.249577], [-7.386728, 42.249171], [-7.38683, 42.24876], [-7.387074, 42.248422], [-7.387422, 42.248209], [-7.387831, 42.247897], [-7.388238, 42.247534], [-7.388546, 42.247287], [-7.388708, 42.247196], [-7.388979, 42.247203], [-7.389319, 42.247309], [-7.389557, 42.247425], [-7.389658, 42.247534], [-7.389766, 42.247584], [-7.389863, 42.247567], [-7.390146, 42.247613], [-7.390571, 42.247717], [-7.390891, 42.247764], [-7.391058, 42.247747], [-7.39121, 42.247727], [-7.391324, 42.247707], [-7.391463, 42.24758], [-7.391605, 42.247365], [-7.391693, 42.247192], [-7.391713, 42.247087], [-7.391605, 42.246941], [-7.391385, 42.246776], [-7.391061, 42.246716], [-7.390683, 42.24677], [-7.390363, 42.246819], [-7.390151, 42.246856], [-7.389992, 42.246788], [-7.38991, 42.246625], [-7.389959, 42.246444], [-7.390131, 42.246274], [-7.390335, 42.246115], [-7.390538, 42.245991], [-7.390761, 42.245801], [-7.390968, 42.245574], [-7.391063, 42.245331], [-7.391032, 42.245108], [-7.390968, 42.2447], [-7.39088, 42.244171], [-7.390671, 42.243713], [-7.390372, 42.243397], [-7.390125, 42.243229], [-7.389967, 42.243234], [-7.389929, 42.243077], [-7.390016, 42.242781], [-7.389923, 42.242588], [-7.389664, 42.242526], [-7.389366, 42.24243], [-7.389075, 42.242315], [-7.388801, 42.242124], [-7.388587, 42.241888], [-7.38839, 42.241633], [-7.38824, 42.241398], [-7.388034, 42.241228], [-7.387802, 42.24115], [-7.387533, 42.241004], [-7.387268, 42.240813], [-7.386943, 42.240715], [-7.386609, 42.240726], [-7.386269, 42.240811], [-7.385975, 42.240958], [-7.38586, 42.241158], [-7.385942, 42.241381], [-7.386114, 42.241551], [-7.386349, 42.24164], [-7.386469, 42.241755], [-7.386457, 42.241876], [-7.386263, 42.242045], [-7.385918, 42.242236], [-7.385633, 42.242331], [-7.385452, 42.242315], [-7.385325, 42.242298], [-7.385272, 42.242284], [-7.385148, 42.242306], [-7.384972, 42.24236], [-7.384768, 42.242467], [-7.384569, 42.242609], [-7.38437, 42.242701], [-7.384202, 42.242731], [-7.383825, 42.242777], [-7.383295, 42.242834], [-7.383056, 42.242966], [-7.383143, 42.243153], [-7.38326, 42.243403], [-7.383389, 42.243678], [-7.383525, 42.243873], [-7.383647, 42.243958], [-7.383769, 42.244137], [-7.383873, 42.24438], [-7.383843, 42.244514], [-7.383683, 42.244518], [-7.383444, 42.244534], [-7.383163, 42.244559], [-7.382955, 42.244622], [-7.382853, 42.244711], [-7.382954, 42.244848], [-7.383243, 42.245011], [-7.383462, 42.245114], [-7.383578, 42.245142], [-7.383672, 42.245164], [-7.383729, 42.245178], [-7.383822, 42.245251], [-7.383939, 42.245373], [-7.383955, 42.245487], [-7.383868, 42.245573], [-7.38377, 42.245655], [-7.383676, 42.245718], [-7.383594, 42.245823], [-7.383536, 42.245952], [-7.383509, 42.246098], [-7.383519, 42.246239], [-7.383468, 42.246333], [-7.383366, 42.246364], [-7.383302, 42.246439], [-7.383288, 42.246547], [-7.383333, 42.24672], [-7.38343, 42.246931], [-7.383558, 42.247177], [-7.383697, 42.247419], [-7.383774, 42.247742], [-7.383776, 42.248096], [-7.383737, 42.248306], [-7.383664, 42.248337], [-7.383593, 42.248358], [-7.383536, 42.248365], [-7.383259, 42.248328], [-7.382804, 42.248253], [-7.382546, 42.248211], [-7.382525, 42.248209], [-7.382322, 42.248188], [-7.381969, 42.248153], [-7.381629, 42.248115], [-7.381353, 42.24808], [-7.381013, 42.248078], [-7.380659, 42.248109], [-7.380398, 42.24825], [-7.38027, 42.248479], [-7.380102, 42.248654], [-7.37992, 42.248748], [-7.379689, 42.24876], [-7.379445, 42.248689], [-7.379159, 42.248566], [-7.378876, 42.248409], [-7.378597, 42.248234], [-7.378367, 42.248067], [-7.378127, 42.247947], [-7.377915, 42.247891], [-7.377668, 42.247822], [-7.377424, 42.247751], [-7.377257, 42.247646], [-7.377192, 42.247523], [-7.377158, 42.24731], [-7.37716, 42.24704], [-7.377017, 42.246871], [-7.376753, 42.24683], [-7.376415, 42.246796], [-7.376055, 42.246776], [-7.375749, 42.246772], [-7.375544, 42.246784], [-7.37526, 42.246763], [-7.37494, 42.246712], [-7.374537, 42.246673], [-7.374113, 42.246652], [-7.373719, 42.246643], [-7.373415, 42.246649], [-7.373086, 42.246565], [-7.372782, 42.246404], [-7.37257, 42.246274], [-7.372482, 42.246194], [-7.372497, 42.246037], [-7.372611, 42.245827], [-7.37282, 42.245649], [-7.37309, 42.24553], [-7.373328, 42.245424], [-7.373498, 42.245347], [-7.373681, 42.245347], [-7.373849, 42.245425], [-7.374006, 42.245603], [-7.374128, 42.245855], [-7.374251, 42.246008], [-7.374356, 42.246037], [-7.374505, 42.246101], [-7.374676, 42.24619], [-7.374917, 42.24627], [-7.375191, 42.246329], [-7.375431, 42.246287], [-7.3756, 42.24615], [-7.375851, 42.246087], [-7.376146, 42.246107], [-7.376378, 42.246099], [-7.376512, 42.246063], [-7.376624, 42.246002], [-7.376697, 42.245924], [-7.376777, 42.24584], [-7.376851, 42.245761], [-7.376831, 42.245606], [-7.376722, 42.2454], [-7.376623, 42.245275], [-7.376548, 42.245253], [-7.376386, 42.245204], [-7.376161, 42.245136], [-7.37586, 42.245054], [-7.37553, 42.244969], [-7.375141, 42.244947], [-7.374753, 42.244991], [-7.374495, 42.244914], [-7.374408, 42.244727], [-7.374337, 42.244546], [-7.374294, 42.244399], [-7.374282, 42.244222], [-7.374305, 42.244042], [-7.374032, 42.243829], [-7.373506, 42.243616], [-7.373188, 42.243619], [-7.373126, 42.243838], [-7.373075, 42.244043], [-7.373042, 42.244203], [-7.372974, 42.244357], [-7.372882, 42.24448], [-7.372765, 42.244616], [-7.372642, 42.244745], [-7.372546, 42.24489], [-7.372491, 42.24503], [-7.372361, 42.24515], [-7.372176, 42.24523], [-7.372047, 42.245196], [-7.371994, 42.245054], [-7.371849, 42.245048], [-7.371634, 42.24518], [-7.371434, 42.245284], [-7.371281, 42.245344], [-7.371114, 42.245487], [-7.370958, 42.245691], [-7.370798, 42.245838], [-7.370659, 42.245904], [-7.37042, 42.245932], [-7.37012, 42.245917], [-7.369804, 42.246014], [-7.36952, 42.246207], [-7.369097, 42.246299], [-7.368601, 42.246276], [-7.368279, 42.246205], [-7.368178, 42.246096], [-7.36826, 42.245872], [-7.368512, 42.245567], [-7.368917, 42.245145], [-7.369414, 42.244671], [-7.369849, 42.244308], [-7.370155, 42.244112], [-7.370473, 42.243915], [-7.370754, 42.243748], [-7.370874, 42.243531], [-7.370817, 42.243297], [-7.370527, 42.243106], [-7.370048, 42.242988], [-7.369617, 42.24284], [-7.369299, 42.242685], [-7.368978, 42.242641], [-7.368704, 42.242714], [-7.368432, 42.24288], [-7.368205, 42.243113], [-7.368069, 42.243383], [-7.368045, 42.243648], [-7.367917, 42.243799], [-7.367704, 42.24381], [-7.3675, 42.243705], [-7.367337, 42.243498], [-7.367311, 42.24322], [-7.367425, 42.242914], [-7.367899, 42.242598], [-7.368659, 42.242322], [-7.369238, 42.241966], [-7.369546, 42.241584], [-7.369844, 42.24109], [-7.370086, 42.240559], [-7.370255, 42.240193], [-7.370325, 42.240046], [-7.370178, 42.23988], [-7.369836, 42.239721], [-7.369474, 42.239579], [-7.369148, 42.239476], [-7.368982, 42.239411], [-7.369003, 42.239393], [-7.368872, 42.239303], [-7.368608, 42.239154], [-7.368411, 42.238952], [-7.36831, 42.238728], [-7.36813, 42.238463], [-7.367898, 42.238199], [-7.367638, 42.238106], [-7.367391, 42.2382], [-7.367168, 42.238329], [-7.367004, 42.238472], [-7.36677, 42.238561], [-7.366502, 42.238583], [-7.366224, 42.238617], [-7.365979, 42.23866], [-7.365761, 42.238712], [-7.365605, 42.238765], [-7.365549, 42.238953], [-7.365602, 42.239249], [-7.365511, 42.239541], [-7.36529, 42.239783], [-7.365221, 42.240118], [-7.365315, 42.240496], [-7.365436, 42.240874], [-7.365565, 42.241194], [-7.365552, 42.241562], [-7.365399, 42.241919], [-7.365198, 42.242181], [-7.364978, 42.242309], [-7.364581, 42.24235], [-7.364068, 42.2423], [-7.363704, 42.242233], [-7.363545, 42.242159], [-7.363405, 42.242032], [-7.363306, 42.241872], [-7.363127, 42.241579], [-7.362895, 42.2412], [-7.362568, 42.240879], [-7.362196, 42.240664], [-7.361961, 42.240341], [-7.3619, 42.239957], [-7.361727, 42.239526], [-7.361468, 42.239114], [-7.36132, 42.238768], [-7.361304, 42.238542], [-7.361341, 42.238297], [-7.361423, 42.238072], [-7.361235, 42.237856], [-7.360807, 42.237683], [-7.360543, 42.237522], [-7.360483, 42.237398], [-7.36039, 42.237321], [-7.36028, 42.237304], [-7.36007, 42.237175], [-7.359795, 42.236956], [-7.359608, 42.23668], [-7.359538, 42.236391], [-7.359472, 42.236167], [-7.35942, 42.236043], [-7.359296, 42.235871], [-7.359119, 42.235679], [-7.358951, 42.235398], [-7.358817, 42.235071], [-7.35873, 42.234857], [-7.358702, 42.234788], [-7.358546, 42.23469], [-7.358288, 42.234579], [-7.3581, 42.23455], [-7.358011, 42.234608], [-7.357758, 42.234773], [-7.357378, 42.23502], [-7.35713, 42.235259], [-7.357051, 42.235451], [-7.356945, 42.23559], [-7.356828, 42.235655], [-7.356684, 42.235801], [-7.356533, 42.236006], [-7.356404, 42.236234], [-7.356317, 42.23645], [-7.356391, 42.236618], [-7.356615, 42.236713], [-7.356828, 42.236634], [-7.356998, 42.236392], [-7.357247, 42.236324], [-7.357538, 42.236441], [-7.357772, 42.236599], [-7.357914, 42.236775], [-7.357988, 42.237052], [-7.357981, 42.237388], [-7.357886, 42.237646], [-7.357716, 42.237787], [-7.35746, 42.237778], [-7.357157, 42.237619], [-7.356777, 42.237492], [-7.356378, 42.237417], [-7.355963, 42.237447], [-7.355594, 42.237578], [-7.355197, 42.237587], [-7.354832, 42.237473], [-7.354518, 42.237268], [-7.354305, 42.237004], [-7.354185, 42.236705], [-7.354175, 42.236416], [-7.354135, 42.236115], [-7.354072, 42.235847], [-7.354127, 42.23559], [-7.354292, 42.235383], [-7.354468, 42.235231], [-7.354627, 42.235159], [-7.354655, 42.234948], [-7.354547, 42.234633], [-7.354251, 42.234376], [-7.353813, 42.234218], [-7.353234, 42.234108], [-7.352602, 42.234062], [-7.352175, 42.233913], [-7.352017, 42.233684], [-7.351829, 42.233433], [-7.35164, 42.233199], [-7.351563, 42.232856], [-7.351612, 42.232457], [-7.351782, 42.232065], [-7.352048, 42.231739], [-7.35239, 42.231432], [-7.352756, 42.231189], [-7.353261, 42.230992], [-7.353828, 42.230871], [-7.354368, 42.230735], [-7.354796, 42.230604], [-7.355089, 42.230516], [-7.3552, 42.230486], [-7.355384, 42.230472], [-7.355612, 42.230477], [-7.355736, 42.23048], [-7.35574, 42.230482], [-7.355759, 42.230543], [-7.355792, 42.230655], [-7.3558, 42.230782], [-7.355782, 42.230904], [-7.356231, 42.231042], [-7.357077, 42.231173], [-7.357673, 42.231284], [-7.357928, 42.231359], [-7.358285, 42.231383], [-7.358689, 42.231353], [-7.358965, 42.231168], [-7.359071, 42.230857], [-7.359102, 42.230499], [-7.359053, 42.230149], [-7.359195, 42.229873], [-7.359506, 42.229712], [-7.35986, 42.229593], [-7.360201, 42.229533], [-7.360321, 42.229347], [-7.360202, 42.229062], [-7.35997, 42.228772], [-7.359663, 42.22852], [-7.359303, 42.228288], [-7.358946, 42.228111], [-7.358471, 42.22795], [-7.357951, 42.227828], [-7.357449, 42.227766], [-7.357041, 42.227774], [-7.356626, 42.227703], [-7.356268, 42.227565], [-7.355791, 42.227489], [-7.355268, 42.227486], [-7.354973, 42.227431], [-7.354951, 42.227332], [-7.354827, 42.227241], [-7.354619, 42.227173], [-7.354385, 42.227072], [-7.354162, 42.226954], [-7.353979, 42.226722], [-7.353864, 42.226412], [-7.353768, 42.226042], [-7.353706, 42.225669], [-7.353618, 42.225326], [-7.353518, 42.225065], [-7.353263, 42.224978], [-7.352892, 42.225078], [-7.352603, 42.225222], [-7.352441, 42.22539], [-7.352174, 42.225653], [-7.351845, 42.225972], [-7.351569, 42.226247], [-7.351389, 42.226435], [-7.351215, 42.22671], [-7.351074, 42.227031], [-7.351034, 42.227368], [-7.3511, 42.227669], [-7.35059, 42.228177], [-7.349582, 42.228811], [-7.348718, 42.229324], [-7.348132, 42.229635], [-7.347813, 42.229811], [-7.347809, 42.229824], [-7.347751, 42.229818], [-7.347646, 42.229793], [-7.347511, 42.229885], [-7.347367, 42.230078], [-7.34726, 42.230382], [-7.347207, 42.230748], [-7.347099, 42.231047], [-7.346952, 42.231231], [-7.346767, 42.231344], [-7.346573, 42.231368], [-7.346447, 42.231433], [-7.346408, 42.231529], [-7.346389, 42.23171], [-7.346391, 42.231948], [-7.346477, 42.232115], [-7.346632, 42.232188], [-7.346817, 42.232247], [-7.347002, 42.232284], [-7.347125, 42.232319], [-7.347166, 42.232346], [-7.347211, 42.232376], [-7.347253, 42.232403], [-7.347271, 42.232774], [-7.347263, 42.23343], [-7.347284, 42.233921], [-7.34733, 42.234171], [-7.347454, 42.23459], [-7.347635, 42.235114], [-7.347701, 42.235511], [-7.347641, 42.23572], [-7.347583, 42.235867], [-7.347534, 42.235929], [-7.347568, 42.236167], [-7.347678, 42.236544], [-7.347917, 42.236767], [-7.348245, 42.236802], [-7.348544, 42.236894], [-7.348766, 42.237031], [-7.348908, 42.23721], [-7.348947, 42.237406], [-7.34888, 42.237549], [-7.348719, 42.237617], [-7.34849, 42.237679], [-7.34823, 42.237725], [-7.347856, 42.237826], [-7.347424, 42.237969], [-7.34709, 42.238042], [-7.346906, 42.238034], [-7.346723, 42.237985], [-7.346569, 42.237904], [-7.346465, 42.237877], [-7.346428, 42.237909], [-7.346382, 42.237881], [-7.346333, 42.237797], [-7.346143, 42.237663], [-7.34584, 42.237501], [-7.345308, 42.237404], [-7.34463, 42.237387], [-7.344011, 42.237364], [-7.343548, 42.237337], [-7.343184, 42.237408], [-7.342975, 42.237565], [-7.342983, 42.237725], [-7.343205, 42.237861], [-7.34354, 42.237993], [-7.343935, 42.238099], [-7.344307, 42.238224], [-7.344599, 42.238348], [-7.34486, 42.238499], [-7.345052, 42.238655], [-7.345177, 42.238787], [-7.345216, 42.238877], [-7.345276, 42.239012], [-7.345346, 42.239173], [-7.345305, 42.239391], [-7.345157, 42.239633], [-7.344927, 42.239808], [-7.344649, 42.239891], [-7.344413, 42.239962], [-7.344255, 42.240009], [-7.343924, 42.240136], [-7.343469, 42.240323], [-7.343283, 42.240531], [-7.343396, 42.240727], [-7.343586, 42.240846], [-7.343825, 42.240869], [-7.344039, 42.240891], [-7.344193, 42.240906], [-7.344465, 42.241049], [-7.344811, 42.241299], [-7.345188, 42.241606], [-7.345536, 42.241922], [-7.34585, 42.242218], [-7.346081, 42.242447], [-7.346343, 42.242533], [-7.346595, 42.242462], [-7.346896, 42.242446], [-7.3472, 42.242487], [-7.347477, 42.242592], [-7.347686, 42.242744], [-7.347849, 42.242862], [-7.347941, 42.242927], [-7.348178, 42.243228], [-7.348523, 42.243721], [-7.348717, 42.244147], [-7.348731, 42.244441], [-7.34874, 42.244615], [-7.348744, 42.244641], [-7.348771, 42.244834], [-7.348817, 42.245162], [-7.348825, 42.245416], [-7.348793, 42.245557], [-7.348792, 42.245652], [-7.34882, 42.245687], [-7.348992, 42.245701], [-7.349281, 42.245691], [-7.349557, 42.245592], [-7.349779, 42.245418], [-7.34991, 42.245191], [-7.349929, 42.244945], [-7.349896, 42.244666], [-7.349817, 42.244397], [-7.349774, 42.24425], [-7.349774, 42.244247], [-7.349936, 42.244075], [-7.350237, 42.243762], [-7.350387, 42.243279], [-7.350364, 42.2427], [-7.350768, 42.242354], [-7.351537, 42.242292], [-7.352515, 42.242358], [-7.353552, 42.242541], [-7.354156, 42.242655], [-7.354233, 42.242683], [-7.354289, 42.242698], [-7.354313, 42.242698], [-7.354696, 42.24275], [-7.35538, 42.242846], [-7.356088, 42.242905], [-7.356711, 42.242917], [-7.357305, 42.243025], [-7.357779, 42.243212], [-7.358349, 42.24347], [-7.358926, 42.24376], [-7.359452, 42.244004], [-7.359845, 42.244165], [-7.360235, 42.244316], [-7.360561, 42.244434], [-7.360849, 42.24461], [-7.361056, 42.244816], [-7.361189, 42.244975], [-7.361228, 42.24506], [-7.362091, 42.245393], [-7.363644, 42.245923], [-7.364813, 42.246507], [-7.365417, 42.247056], [-7.365432, 42.247921], [-7.364855, 42.248968], [-7.364574, 42.250002], [-7.364631, 42.250865], [-7.364232, 42.251862], [-7.363437, 42.252837], [-7.363111, 42.253899], [-7.363302, 42.254885], [-7.363355, 42.255605], [-7.363259, 42.255949], [-7.363071, 42.256396], [-7.362819, 42.256876], [-7.362647, 42.257271], [-7.362581, 42.25752], [-7.362553, 42.257672], [-7.362568, 42.257702], [-7.362613, 42.257953], [-7.362682, 42.258384], [-7.362675, 42.258858], [-7.362593, 42.259302], [-7.362505, 42.259678], [-7.362425, 42.259929], [-7.362354, 42.26015], [-7.362303, 42.260309], [-7.362068, 42.260687], [-7.361685, 42.261226], [-7.361483, 42.26175], [-7.361493, 42.262178], [-7.361519, 42.262623], [-7.361558, 42.263017], [-7.361492, 42.263358], [-7.361332, 42.263595], [-7.361238, 42.263736], [-7.361222, 42.263759], [-7.361114, 42.263858], [-7.36093, 42.264019], [-7.360769, 42.264117], [-7.360658, 42.264136], [-7.360469, 42.264169], [-7.36023, 42.264211], [-7.360011, 42.264211], [-7.359843, 42.264168], [-7.359571, 42.263991], [-7.359236, 42.263706], [-7.358824, 42.263375], [-7.358399, 42.263048], [-7.357754, 42.262673], [-7.356988, 42.262306], [-7.356413, 42.261918], [-7.356117, 42.261569], [-7.355896, 42.261282], [-7.355785, 42.261101], [-7.35556, 42.260799], [-7.355256, 42.260423], [-7.354922, 42.260109], [-7.354611, 42.259906], [-7.354215, 42.259735], [-7.353795, 42.259622], [-7.353426, 42.259508], [-7.353165, 42.259411], [-7.352871, 42.259229], [-7.352588, 42.258992], [-7.352378, 42.258704], [-7.352271, 42.258407], [-7.352025, 42.258319], [-7.351677, 42.258451], [-7.351503, 42.258644], [-7.351531, 42.258868], [-7.351592, 42.259183], [-7.351678, 42.25954], [-7.351638, 42.260082], [-7.351479, 42.260725], [-7.351262, 42.261127], [-7.351021, 42.261227], [-7.350686, 42.261371], [-7.350309, 42.261537], [-7.350007, 42.261651], [-7.349827, 42.261697], [-7.349522, 42.261797], [-7.349137, 42.261936], [-7.348833, 42.262113], [-7.348656, 42.262301], [-7.348496, 42.262468], [-7.348377, 42.262589], [-7.348371, 42.262714], [-7.348481, 42.262824], [-7.348577, 42.263009], [-7.348645, 42.26324], [-7.348598, 42.263543], [-7.348443, 42.263871], [-7.348286, 42.264262], [-7.348151, 42.264658], [-7.348008, 42.265063], [-7.347879, 42.265414], [-7.347804, 42.265621], [-7.347794, 42.265652], [-7.347678, 42.265827], [-7.347474, 42.26612], [-7.347354, 42.266389], [-7.347336, 42.266593], [-7.347338, 42.266848], [-7.347359, 42.267116], [-7.347439, 42.267281], [-7.347565, 42.267316], [-7.347789, 42.267292], [-7.348075, 42.267214], [-7.348326, 42.267139], [-7.348502, 42.26708], [-7.348817, 42.266939], [-7.349222, 42.26674], [-7.349405, 42.266506], [-7.349337, 42.266275], [-7.349297, 42.266034], [-7.349293, 42.26582], [-7.349285, 42.265581], [-7.349276, 42.265354], [-7.349505, 42.265135], [-7.349937, 42.26496], [-7.350314, 42.264816], [-7.350578, 42.264727], [-7.350934, 42.264727], [-7.351328, 42.264816], [-7.351606, 42.264977], [-7.351725, 42.265185], [-7.351765, 42.265426], [-7.351718, 42.265663], [-7.351593, 42.265948], [-7.351407, 42.266238], [-7.351364, 42.266517], [-7.351469, 42.266742], [-7.351851, 42.2669], [-7.352451, 42.266967], [-7.352836, 42.266923], [-7.352947, 42.266775], [-7.353069, 42.266583], [-7.353182, 42.266378], [-7.353401, 42.266231], [-7.353691, 42.266166], [-7.353968, 42.26618], [-7.354188, 42.26627], [-7.35445, 42.26634], [-7.354713, 42.26638], [-7.354966, 42.26667], [-7.355169, 42.267163], [-7.355266, 42.267635], [-7.355241, 42.268011], [-7.355265, 42.268449], [-7.355334, 42.268881], [-7.355518, 42.269221], [-7.355789, 42.269417], [-7.356237, 42.269656], [-7.356793, 42.269902], [-7.357268, 42.270091], [-7.357588, 42.270192], [-7.35801, 42.270252], [-7.358471, 42.270261], [-7.358709, 42.270288], [-7.358687, 42.270328], [-7.358727, 42.270336], [-7.358822, 42.270311], [-7.358986, 42.270341], [-7.359195, 42.270423], [-7.359365, 42.270547], [-7.359469, 42.270692], [-7.359649, 42.27076], [-7.359877, 42.270738], [-7.360116, 42.270736], [-7.36033, 42.270753], [-7.36051, 42.27082], [-7.360628, 42.270927], [-7.360687, 42.271104], [-7.360678, 42.271324], [-7.360645, 42.271508], [-7.360594, 42.271626], [-7.360527, 42.271761], [-7.360454, 42.271892], [-7.36035, 42.272103], [-7.360229, 42.272361], [-7.360091, 42.272572], [-7.359958, 42.272705], [-7.35982, 42.272847], [-7.359698, 42.272978], [-7.359584, 42.273111], [-7.359495, 42.273227], [-7.359349, 42.27341], [-7.359168, 42.273633], [-7.359043, 42.273773], [-7.358992, 42.27381], [-7.358955, 42.273821], [-7.358938, 42.273806], [-7.358899, 42.273739], [-7.358842, 42.27363], [-7.358822, 42.273495], [-7.358843, 42.273355], [-7.358877, 42.273246], [-7.35892, 42.273183], [-7.358938, 42.273106], [-7.358926, 42.273026], [-7.358755, 42.272987], [-7.358449, 42.272995], [-7.358189, 42.273016], [-7.358013, 42.273047], [-7.3579, 42.273116], [-7.357867, 42.273213], [-7.357875, 42.27333], [-7.357922, 42.273449], [-7.357969, 42.273584], [-7.358007, 42.273714], [-7.35789, 42.273907], [-7.357637, 42.274133], [-7.357457, 42.274284], [-7.357378, 42.274337], [-7.357278, 42.274403], [-7.357171, 42.274474], [-7.357045, 42.274599], [-7.35692, 42.274757], [-7.356765, 42.274888], [-7.356605, 42.274971], [-7.356362, 42.275008], [-7.356075, 42.274994], [-7.355809, 42.274908], [-7.355606, 42.274761], [-7.355254, 42.274561], [-7.354807, 42.274339], [-7.354432, 42.274221], [-7.354187, 42.274228], [-7.354, 42.274226], [-7.353899, 42.274216], [-7.353777, 42.274188], [-7.353654, 42.274146], [-7.353496, 42.274085], [-7.353327, 42.274014], [-7.353154, 42.27397], [-7.353004, 42.27396], [-7.352907, 42.274016], [-7.352879, 42.274131], [-7.352884, 42.274238], [-7.352921, 42.274323], [-7.353041, 42.274435], [-7.353225, 42.274558], [-7.353429, 42.274685], [-7.353622, 42.274797], [-7.354039, 42.274922], [-7.354615, 42.275039], [-7.354979, 42.275119], [-7.355074, 42.275148], [-7.355293, 42.275238], [-7.355605, 42.275375], [-7.355971, 42.275646], [-7.356337, 42.27601], [-7.356641, 42.276317], [-7.356836, 42.27652], [-7.357065, 42.276625], [-7.357293, 42.276615], [-7.357447, 42.276712], [-7.357502, 42.276899], [-7.357561, 42.277011], [-7.357616, 42.27703], [-7.357738, 42.277011], [-7.357907, 42.276956], [-7.358056, 42.276823], [-7.358162, 42.276633], [-7.358369, 42.276462], [-7.358645, 42.276337], [-7.358878, 42.276231], [-7.359031, 42.276162], [-7.359189, 42.275995], [-7.359327, 42.275757], [-7.359475, 42.275536], [-7.359611, 42.275366], [-7.35987, 42.27533], [-7.360213, 42.275433], [-7.360501, 42.275559], [-7.36069, 42.275689], [-7.360862, 42.275845], [-7.360989, 42.276003], [-7.361067, 42.276226], [-7.361084, 42.27648], [-7.361066, 42.276715], [-7.361015, 42.276895], [-7.36102, 42.277085], [-7.361082, 42.277254], [-7.361277, 42.277405], [-7.361576, 42.277516], [-7.361878, 42.277602], [-7.362135, 42.277652], [-7.362389, 42.277747], [-7.3626, 42.277873], [-7.362776, 42.277981], [-7.362891, 42.278055], [-7.363019, 42.278191], [-7.36314, 42.278367], [-7.363195, 42.278552], [-7.363174, 42.278718], [-7.363111, 42.278929], [-7.363014, 42.279152], [-7.362945, 42.279363], [-7.362913, 42.279532], [-7.362906, 42.279677], [-7.362924, 42.279776], [-7.363056, 42.279971], [-7.363284, 42.280232], [-7.363555, 42.28043], [-7.36383, 42.280536], [-7.36405, 42.280665], [-7.364181, 42.280796], [-7.364243, 42.280943], [-7.364227, 42.281083], [-7.364287, 42.281351], [-7.364415, 42.281706], [-7.36446, 42.281903], [-7.364415, 42.281912], [-7.364392, 42.281917], [-7.364394, 42.281917], [-7.364484, 42.282024], [-7.36465, 42.282221], [-7.364729, 42.282589], [-7.364709, 42.283071], [-7.3646, 42.283392], [-7.364417, 42.283504], [-7.364165, 42.283706], [-7.363883, 42.283968], [-7.363718, 42.284234], [-7.363696, 42.284464], [-7.363774, 42.284695], [-7.36394, 42.284892], [-7.364097, 42.285095], [-7.364221, 42.285272], [-7.364265, 42.285553], [-7.364221, 42.285892], [-7.364136, 42.28613], [-7.364021, 42.28623], [-7.36387, 42.286343], [-7.363704, 42.286452], [-7.363442, 42.28662], [-7.363124, 42.286821], [-7.362954, 42.287067], [-7.362956, 42.287319], [-7.363006, 42.287656], [-7.363097, 42.288025], [-7.363093, 42.288407], [-7.362995, 42.288743], [-7.362915, 42.288937], [-7.362868, 42.288959], [-7.362694, 42.288996], [-7.362421, 42.289044], [-7.362172, 42.289124], [-7.361985, 42.289223], [-7.36182, 42.289453], [-7.3617, 42.289779], [-7.361604, 42.290113], [-7.361545, 42.290402], [-7.36149, 42.290678], [-7.361447, 42.290898], [-7.361414, 42.291048], [-7.361394, 42.291104], [-7.361388, 42.291175], [-7.361394, 42.291249], [-7.361506, 42.291522], [-7.361704, 42.291953], [-7.361914, 42.292323], [-7.362105, 42.292576], [-7.362388, 42.292851], [-7.362721, 42.293107], [-7.363093, 42.29347], [-7.363447, 42.293885], [-7.363664, 42.294193], [-7.363709, 42.294347], [-7.363681, 42.294511], [-7.363583, 42.294662], [-7.363528, 42.294852], [-7.363523, 42.295053], [-7.363575, 42.295302], [-7.363677, 42.29556], [-7.363875, 42.295711], [-7.364139, 42.295732], [-7.364466, 42.295778], [-7.364807, 42.295842], [-7.365184, 42.296055], [-7.365538, 42.296383], [-7.365667, 42.296794], [-7.365549, 42.297224], [-7.365386, 42.297547], [-7.365202, 42.297712], [-7.365059, 42.29784], [-7.364977, 42.297912], [-7.364872, 42.297982], [-7.36476, 42.298039], [-7.36449, 42.298045], [-7.364102, 42.297999], [-7.363767, 42.297995], [-7.363534, 42.298036], [-7.363302, 42.298149], [-7.363107, 42.298316], [-7.363078, 42.298502], [-7.363219, 42.298677], [-7.363354, 42.29885], [-7.363461, 42.298993], [-7.363427, 42.299094], [-7.363259, 42.299139], [-7.363186, 42.299183], [-7.363218, 42.299219], [-7.363278, 42.299384], [-7.363357, 42.299652], [-7.363401, 42.299928], [-7.363403, 42.300171], [-7.363188, 42.300395], [-7.362789, 42.300567], [-7.362394, 42.300657], [-7.362064, 42.300651], [-7.361724, 42.300578], [-7.361427, 42.300451], [-7.361173, 42.300288], [-7.361, 42.300113], [-7.360823, 42.299957], [-7.360668, 42.299844], [-7.360489, 42.299743], [-7.360312, 42.299672], [-7.360202, 42.299615], [-7.360175, 42.299581], [-7.360118, 42.29955], [-7.360042, 42.299525], [-7.359858, 42.299536], [-7.359595, 42.299582], [-7.359389, 42.299646], [-7.359271, 42.299717], [-7.359236, 42.299945], [-7.359287, 42.300294], [-7.359583, 42.300568], [-7.360079, 42.300725], [-7.360614, 42.300922], [-7.361108, 42.30113], [-7.361397, 42.301377], [-7.361435, 42.301626], [-7.361196, 42.301799], [-7.360715, 42.301871], [-7.360204, 42.301946], [-7.35974, 42.302014], [-7.359347, 42.302145], [-7.359087, 42.302319], [-7.358905, 42.302433], [-7.35883, 42.302472], [-7.358697, 42.302495], [-7.358525, 42.3025], [-7.358211, 42.302707], [-7.357804, 42.303085], [-7.357641, 42.30339], [-7.357748, 42.303576], [-7.358015, 42.303751], [-7.358401, 42.303888], [-7.358798, 42.303965], [-7.359145, 42.303968], [-7.359555, 42.303896], [-7.359965, 42.303761], [-7.360381, 42.303806], [-7.360739, 42.304025], [-7.360958, 42.304291], [-7.361004, 42.304564], [-7.361268, 42.304664], [-7.361709, 42.304574], [-7.362044, 42.304474], [-7.362224, 42.304379], [-7.362506, 42.304447], [-7.362848, 42.304669], [-7.363027, 42.304894], [-7.363015, 42.305088], [-7.362968, 42.305373], [-7.362893, 42.305706], [-7.362956, 42.306013], [-7.363146, 42.306248], [-7.363277, 42.306468], [-7.363327, 42.306638], [-7.36307, 42.306912], [-7.362546, 42.307246], [-7.362224, 42.30745], [-7.362155, 42.307493], [-7.362094, 42.307605], [-7.362053, 42.307769], [-7.361954, 42.308025], [-7.361812, 42.308335], [-7.361657, 42.308623], [-7.361512, 42.308847], [-7.361385, 42.309252], [-7.361295, 42.309777], [-7.361293, 42.310263], [-7.36138, 42.310637], [-7.361363, 42.310901], [-7.361245, 42.311017], [-7.360991, 42.311098], [-7.36064, 42.311134], [-7.360291, 42.311171], [-7.359997, 42.311205], [-7.35975, 42.311309], [-7.359586, 42.311467], [-7.359538, 42.311691], [-7.359613, 42.311945], [-7.359553, 42.31217], [-7.359367, 42.312332], [-7.358919, 42.312612], [-7.358276, 42.312965], [-7.357841, 42.313312], [-7.35768, 42.313599], [-7.357508, 42.313914], [-7.35735, 42.314209], [-7.357208, 42.314393], [-7.357104, 42.314437], [-7.356914, 42.314456], [-7.356666, 42.314448], [-7.356458, 42.314386], [-7.356322, 42.31428], [-7.356087, 42.3142], [-7.355788, 42.314157], [-7.355652, 42.314315], [-7.355699, 42.31465], [-7.355376, 42.315193], [-7.354733, 42.315861], [-7.354379, 42.316323], [-7.35437, 42.316508], [-7.354294, 42.316705], [-7.354163, 42.316882], [-7.353966, 42.316992], [-7.353732, 42.317019], [-7.353502, 42.317114], [-7.35331, 42.317263], [-7.353195, 42.317422], [-7.353172, 42.317566], [-7.35286, 42.317623], [-7.352306, 42.317584], [-7.352015, 42.31764], [-7.352031, 42.317782], [-7.35207, 42.317927], [-7.352126, 42.318052], [-7.352098, 42.318206], [-7.351988, 42.318365], [-7.351762, 42.318392], [-7.351455, 42.318281], [-7.351223, 42.318118], [-7.351101, 42.317927], [-7.35088, 42.317758], [-7.350593, 42.317637], [-7.350362, 42.317594], [-7.350222, 42.317637], [-7.350059, 42.317617], [-7.349896, 42.317536], [-7.349628, 42.317536], [-7.349298, 42.317617], [-7.348956, 42.317763], [-7.348658, 42.317952], [-7.348476, 42.31809], [-7.348438, 42.318158], [-7.34833, 42.318356], [-7.348166, 42.318654], [-7.348009, 42.318895], [-7.347883, 42.319042], [-7.347765, 42.319125], [-7.347674, 42.319129], [-7.347442, 42.319108], [-7.347106, 42.319064], [-7.346725, 42.319019], [-7.346359, 42.318981], [-7.346145, 42.318954], [-7.346114, 42.318944], [-7.345721, 42.319196], [-7.345025, 42.31967], [-7.3445, 42.31985], [-7.344227, 42.319708], [-7.343965, 42.319472], [-7.343755, 42.319178], [-7.343551, 42.318967], [-7.343384, 42.318871], [-7.343167, 42.318674], [-7.342934, 42.318407], [-7.342746, 42.318082], [-7.342633, 42.317749], [-7.342414, 42.317515], [-7.342123, 42.317418], [-7.341795, 42.317438], [-7.34148, 42.317573], [-7.341224, 42.317839], [-7.341068, 42.318197], [-7.341088, 42.318465], [-7.341283, 42.318602], [-7.341409, 42.318833], [-7.341448, 42.319123], [-7.341582, 42.319463], [-7.34179, 42.319803], [-7.342068, 42.320038], [-7.342374, 42.320133], [-7.342632, 42.320329], [-7.342803, 42.320596], [-7.342843, 42.320817], [-7.342746, 42.320959], [-7.342544, 42.32118], [-7.342267, 42.321444], [-7.342099, 42.321617], [-7.342065, 42.32167], [-7.342008, 42.321761], [-7.341937, 42.321873], [-7.341729, 42.322038], [-7.341415, 42.32223], [-7.341225, 42.322324], [-7.341189, 42.322307], [-7.341121, 42.322276], [-7.341032, 42.322235], [-7.340915, 42.322089], [-7.340786, 42.321861], [-7.34052, 42.321722], [-7.340157, 42.321694], [-7.339742, 42.32176], [-7.339339, 42.32191], [-7.339041, 42.322147], [-7.338895, 42.322435], [-7.338843, 42.322722], [-7.338893, 42.322965], [-7.338717, 42.323553], [-7.338342, 42.324396], [-7.338249, 42.324934], [-7.338452, 42.325085], [-7.338745, 42.325325], [-7.339083, 42.325615], [-7.339348, 42.325935], [-7.3395, 42.326235], [-7.33935, 42.326539], [-7.338922, 42.3268], [-7.33836, 42.326987], [-7.337749, 42.327071], [-7.337404, 42.327118], [-7.337379, 42.327122], [-7.337175, 42.327233], [-7.336824, 42.327434], [-7.336523, 42.327739], [-7.336317, 42.328103], [-7.336055, 42.328568], [-7.335776, 42.329061], [-7.335632, 42.329349], [-7.335644, 42.329388], [-7.335664, 42.329498], [-7.335687, 42.329662], [-7.335647, 42.329876], [-7.335551, 42.330107], [-7.33535, 42.330319], [-7.335074, 42.330479], [-7.334886, 42.330634], [-7.334815, 42.33076], [-7.334516, 42.330986], [-7.334035, 42.33128], [-7.333535, 42.33138], [-7.333093, 42.33127], [-7.332848, 42.331042], [-7.332837, 42.33073], [-7.332828, 42.330476], [-7.332822, 42.330319], [-7.332947, 42.330111], [-7.333182, 42.329883], [-7.333226, 42.329637], [-7.333072, 42.329412], [-7.332938, 42.329284], [-7.332846, 42.329271], [-7.332796, 42.329256], [-7.332796, 42.32924], [-7.332543, 42.32901], [-7.332076, 42.328602], [-7.331494, 42.328426], [-7.330888, 42.328508], [-7.330305, 42.328849], [-7.329836, 42.329397], [-7.329678, 42.329904], [-7.329855, 42.330293], [-7.330118, 42.330777], [-7.330424, 42.331283], [-7.330556, 42.331657], [-7.330493, 42.331841], [-7.330383, 42.332163], [-7.330243, 42.332574], [-7.330037, 42.332773], [-7.329799, 42.332731], [-7.329541, 42.332492], [-7.329305, 42.332094], [-7.328956, 42.331825], [-7.328549, 42.331728], [-7.328182, 42.331711], [-7.327911, 42.331777], [-7.327653, 42.331943], [-7.327446, 42.332184], [-7.327388, 42.332427], [-7.327486, 42.332633], [-7.327596, 42.332755], [-7.327699, 42.332772], [-7.327951, 42.332814], [-7.328312, 42.332874], [-7.328652, 42.332958], [-7.328919, 42.333051], [-7.329102, 42.333231], [-7.329173, 42.33347], [-7.329078, 42.333684], [-7.328834, 42.333838], [-7.328594, 42.333945], [-7.328398, 42.333988], [-7.328297, 42.334032], [-7.328308, 42.334069], [-7.328124, 42.334198], [-7.327773, 42.334399], [-7.327295, 42.334457], [-7.326763, 42.334364], [-7.326282, 42.334182], [-7.325928, 42.333941], [-7.32555, 42.333994], [-7.325209, 42.334333], [-7.324637, 42.334597], [-7.323924, 42.334745], [-7.323582, 42.334628], [-7.323664, 42.334264], [-7.323887, 42.334035], [-7.324217, 42.333978], [-7.324493, 42.33364], [-7.324673, 42.333072], [-7.324401, 42.332728], [-7.323719, 42.332661], [-7.323263, 42.332666], [-7.323103, 42.332743], [-7.322983, 42.332764], [-7.322923, 42.332725], [-7.322819, 42.332572], [-7.322687, 42.332328], [-7.322399, 42.33219], [-7.321998, 42.33218], [-7.321732, 42.332207], [-7.321641, 42.332267], [-7.321621, 42.33242], [-7.321675, 42.332642], [-7.321755, 42.332896], [-7.321851, 42.333142], [-7.321905, 42.333282], [-7.32191, 42.333294], [-7.321788, 42.333433], [-7.321559, 42.333678], [-7.321256, 42.333846], [-7.320927, 42.333913], [-7.320659, 42.333824], [-7.320495, 42.333595], [-7.320399, 42.333356], [-7.320385, 42.333145], [-7.320217, 42.332996], [-7.319921, 42.332932], [-7.319568, 42.332882], [-7.31921, 42.332856], [-7.318893, 42.332819], [-7.318665, 42.332779], [-7.318418, 42.332783], [-7.318191, 42.332832], [-7.317858, 42.332851], [-7.317469, 42.332839], [-7.317073, 42.332802], [-7.316732, 42.332745], [-7.316342, 42.332775], [-7.315965, 42.332885], [-7.315822, 42.333064], [-7.315935, 42.333284], [-7.316162, 42.333524], [-7.316469, 42.333747], [-7.316842, 42.333995], [-7.317224, 42.334231], [-7.317448, 42.334482], [-7.317479, 42.334708], [-7.317479, 42.33491], [-7.317451, 42.335057], [-7.317632, 42.335252], [-7.317995, 42.335465], [-7.318377, 42.335697], [-7.318718, 42.335914], [-7.318915, 42.33612], [-7.31894, 42.336285], [-7.318786, 42.33636], [-7.318477, 42.336334], [-7.318131, 42.336201], [-7.317802, 42.335983], [-7.317345, 42.335826], [-7.316831, 42.335756], [-7.316474, 42.335741], [-7.31633, 42.335783], [-7.316119, 42.33582], [-7.315873, 42.335845], [-7.315331, 42.335973], [-7.314574, 42.336185], [-7.313944, 42.336237], [-7.313536, 42.336121], [-7.313166, 42.335973], [-7.312891, 42.335816], [-7.312583, 42.335566], [-7.312289, 42.335262], [-7.311845, 42.335108], [-7.311321, 42.335128], [-7.310969, 42.335194], [-7.310843, 42.335296], [-7.310816, 42.335517], [-7.310895, 42.335824], [-7.310781, 42.336215], [-7.310494, 42.33663], [-7.309557, 42.336904], [-7.308114, 42.336994], [-7.307336, 42.337055], [-7.307341, 42.337076], [-7.307245, 42.337027], [-7.307063, 42.336916], [-7.306901, 42.336815], [-7.306785, 42.336741], [-7.306672, 42.336669], [-7.30658, 42.33661], [-7.306418, 42.336638], [-7.306211, 42.336747], [-7.306045, 42.33686], [-7.305944, 42.336958], [-7.305656, 42.336989], [-7.305226, 42.336946], [-7.304895, 42.336828], [-7.304714, 42.336654], [-7.304551, 42.336375], [-7.304431, 42.336035], [-7.304231, 42.33572], [-7.30398, 42.335476], [-7.303722, 42.335206], [-7.303498, 42.334951], [-7.303392, 42.334683], [-7.303421, 42.334442], [-7.303614, 42.334218], [-7.303941, 42.334043], [-7.304297, 42.333917], [-7.304629, 42.33386], [-7.30506, 42.333769], [-7.305526, 42.333658], [-7.305974, 42.333477], [-7.306336, 42.333252], [-7.306706, 42.3331], [-7.307028, 42.333044], [-7.307537, 42.332776], [-7.308155, 42.332337], [-7.308736, 42.332041], [-7.309192, 42.331932], [-7.309467, 42.331854], [-7.30952, 42.331818], [-7.309662, 42.331764], [-7.309873, 42.331699], [-7.310091, 42.33157], [-7.310283, 42.331397], [-7.310385, 42.331281], [-7.310382, 42.331241], [-7.310371, 42.331129], [-7.310354, 42.330963], [-7.310237, 42.330778], [-7.310037, 42.330603], [-7.309936, 42.330334], [-7.309949, 42.330012], [-7.309976, 42.329798], [-7.310013, 42.329726], [-7.310092, 42.329572], [-7.310201, 42.329358], [-7.31028, 42.329034], [-7.310315, 42.328648], [-7.310375, 42.328378], [-7.31045, 42.328265], [-7.310505, 42.328179], [-7.310532, 42.328135], [-7.310512, 42.328117], [-7.310448, 42.328128], [-7.310621, 42.328043], [-7.311005, 42.327877], [-7.311558, 42.327716], [-7.312195, 42.327585], [-7.312574, 42.327476], [-7.312634, 42.327405], [-7.312588, 42.327299], [-7.312443, 42.327175], [-7.312195, 42.327126], [-7.31188, 42.327161], [-7.31151, 42.327171], [-7.31114, 42.327155], [-7.310926, 42.327025], [-7.3109, 42.3268], [-7.310895, 42.326584], [-7.310912, 42.326411], [-7.310823, 42.326259], [-7.310643, 42.32615], [-7.310443, 42.326142], [-7.310254, 42.326235], [-7.310147, 42.32647], [-7.310139, 42.326811], [-7.310049, 42.327076], [-7.309889, 42.327223], [-7.309664, 42.32743], [-7.309409, 42.327665], [-7.309204, 42.327841], [-7.309082, 42.327932], [-7.308831, 42.328024], [-7.308489, 42.328104], [-7.308224, 42.328129], [-7.308076, 42.328095], [-7.307833, 42.32804], [-7.307532, 42.327972], [-7.307218, 42.327945], [-7.306939, 42.327963], [-7.306687, 42.327877], [-7.3065, 42.3277], [-7.306387, 42.327417], [-7.306366, 42.327071], [-7.30618, 42.326784], [-7.305855, 42.3266], [-7.305624, 42.326511], [-7.305521, 42.326529], [-7.305202, 42.326638], [-7.304715, 42.326823], [-7.304329, 42.326955], [-7.304103, 42.327014], [-7.303818, 42.327015], [-7.303517, 42.326958], [-7.303328, 42.326812], [-7.303279, 42.326601], [-7.303357, 42.326343], [-7.30355, 42.32608], [-7.303823, 42.325855], [-7.304133, 42.325704], [-7.304295, 42.32551], [-7.304286, 42.325303], [-7.304438, 42.325048], [-7.304729, 42.324783], [-7.304936, 42.324516], [-7.305026, 42.324286], [-7.305026, 42.323996], [-7.304937, 42.32369], [-7.304884, 42.323415], [-7.304877, 42.323212], [-7.305007, 42.322852], [-7.305253, 42.322391], [-7.305429, 42.32207], [-7.305509, 42.32194], [-7.305702, 42.321843], [-7.305978, 42.321795], [-7.306244, 42.321706], [-7.30646, 42.321591], [-7.306621, 42.321363], [-7.306702, 42.321057], [-7.306702, 42.320814], [-7.306621, 42.320673], [-7.306493, 42.320163], [-7.306337, 42.319363], [-7.306356, 42.318848], [-7.306549, 42.318698], [-7.306786, 42.318631], [-7.30703, 42.318656], [-7.307318, 42.31859], [-7.307603, 42.318443], [-7.307829, 42.318288], [-7.307959, 42.318149], [-7.308073, 42.318029], [-7.308154, 42.317946], [-7.308071, 42.317882], [-7.307837, 42.317845], [-7.307602, 42.317775], [-7.307404, 42.317683], [-7.307241, 42.31759], [-7.307139, 42.317511], [-7.307259, 42.317411], [-7.307584, 42.317306], [-7.307986, 42.317098], [-7.308405, 42.316821], [-7.30873, 42.316617], [-7.308911, 42.316518], [-7.309038, 42.316464], [-7.309091, 42.316464], [-7.309388, 42.316345], [-7.309885, 42.316125], [-7.310154, 42.315852], [-7.310154, 42.315568], [-7.310205, 42.315372], [-7.310299, 42.315293], [-7.31047, 42.31523], [-7.310693, 42.315191], [-7.310946, 42.315161], [-7.311191, 42.315143], [-7.311379, 42.315103], [-7.31148, 42.315049], [-7.311715, 42.315048], [-7.312048, 42.315101], [-7.31233, 42.315199], [-7.312518, 42.315327], [-7.312558, 42.315494], [-7.312444, 42.315674], [-7.312275, 42.315871], [-7.312078, 42.316053], [-7.31203, 42.316289], [-7.312138, 42.316542], [-7.312518, 42.316757], [-7.313111, 42.3169], [-7.313531, 42.316941], [-7.313711, 42.316873], [-7.314096, 42.316859], [-7.314627, 42.316903], [-7.315561, 42.316787], [-7.316755, 42.31653], [-7.317492, 42.316388], [-7.317657, 42.316384], [-7.317738, 42.316256], [-7.31772, 42.316025], [-7.317706, 42.315793], [-7.317698, 42.315597], [-7.317576, 42.315397], [-7.317358, 42.315225], [-7.317136, 42.315023], [-7.316943, 42.314822], [-7.316803, 42.314592], [-7.316738, 42.314369], [-7.316705, 42.314134], [-7.31671, 42.313923], [-7.316521, 42.313775], [-7.316169, 42.313713], [-7.315753, 42.313745], [-7.315338, 42.313867], [-7.314898, 42.31391], [-7.314501, 42.313868], [-7.314081, 42.313854], [-7.313702, 42.313871], [-7.313193, 42.313986], [-7.312632, 42.314183], [-7.312172, 42.31437], [-7.311882, 42.314519], [-7.31157, 42.314507], [-7.311285, 42.314334], [-7.3108, 42.314345], [-7.310189, 42.314538], [-7.309776, 42.314703], [-7.309625, 42.314816], [-7.309043, 42.314931], [-7.30812, 42.315029], [-7.307484, 42.315113], [-7.307234, 42.315169], [-7.306821, 42.315368], [-7.306311, 42.315679], [-7.305777, 42.315799], [-7.305299, 42.315709], [-7.304928, 42.315586], [-7.304721, 42.31545], [-7.304697, 42.315307], [-7.30486, 42.31518], [-7.304875, 42.315016], [-7.304741, 42.314842], [-7.304644, 42.314605], [-7.3046, 42.314341], [-7.304599, 42.314093], [-7.304643, 42.313901], [-7.304727, 42.313725], [-7.304839, 42.313595], [-7.304982, 42.313557], [-7.305133, 42.313617], [-7.305413, 42.313675], [-7.305777, 42.313723], [-7.306123, 42.313729], [-7.306397, 42.313694], [-7.306585, 42.313595], [-7.306658, 42.313446], [-7.306505, 42.313172], [-7.306149, 42.312814], [-7.305999, 42.312365], [-7.306078, 42.311894], [-7.306287, 42.311343], [-7.306594, 42.310796], [-7.306763, 42.310463], [-7.306767, 42.310396], [-7.306709, 42.310192], [-7.306597, 42.309882], [-7.306595, 42.30959], [-7.306703, 42.30936], [-7.306907, 42.309078], [-7.307173, 42.308787], [-7.307333, 42.308545], [-7.307362, 42.308389], [-7.30738, 42.308288], [-7.307385, 42.30826], [-7.30735, 42.308075], [-7.30728, 42.307762], [-7.30723, 42.30755], [-7.307207, 42.307473], [-7.306911, 42.307357], [-7.306387, 42.30722], [-7.30605, 42.307176], [-7.305953, 42.307232], [-7.30582, 42.307308], [-7.305672, 42.307393], [-7.305266, 42.307504], [-7.304663, 42.307625], [-7.304278, 42.307692], [-7.304168, 42.307695], [-7.303998, 42.307522], [-7.303794, 42.3072], [-7.303727, 42.30685], [-7.303808, 42.306527], [-7.303995, 42.30623], [-7.304259, 42.306005], [-7.304542, 42.305832], [-7.3048, 42.305738], [-7.305019, 42.305753], [-7.305165, 42.305874], [-7.305251, 42.305965], [-7.305265, 42.306012], [-7.305288, 42.306051], [-7.305318, 42.306079], [-7.305519, 42.306027], [-7.30586, 42.305905], [-7.306097, 42.305819], [-7.306194, 42.305784], [-7.30624, 42.305663], [-7.306228, 42.305475], [-7.306214, 42.305266], [-7.306201, 42.305068], [-7.306167, 42.304869], [-7.306117, 42.304699], [-7.306026, 42.304512], [-7.305909, 42.304337], [-7.305698, 42.304268], [-7.305426, 42.304315], [-7.305178, 42.304244], [-7.304993, 42.304064], [-7.304745, 42.303949], [-7.304471, 42.303915], [-7.304336, 42.303765], [-7.30436, 42.303522], [-7.304384, 42.303279], [-7.304405, 42.303076], [-7.304268, 42.302788], [-7.303996, 42.302462], [-7.303655, 42.302274], [-7.303297, 42.302255], [-7.302949, 42.302369], [-7.302664, 42.302597], [-7.302554, 42.302951], [-7.302635, 42.303376], [-7.3027, 42.303762], [-7.30274, 42.304048], [-7.302511, 42.304202], [-7.302049, 42.304201], [-7.301535, 42.304238], [-7.301049, 42.304306], [-7.300588, 42.30436], [-7.300223, 42.304391], [-7.299799, 42.304491], [-7.299382, 42.304645], [-7.299176, 42.304875], [-7.299211, 42.305145], [-7.299434, 42.305459], [-7.299811, 42.305767], [-7.299973, 42.305998], [-7.299894, 42.306114], [-7.299786, 42.306274], [-7.299665, 42.306452], [-7.299554, 42.306636], [-7.299469, 42.306798], [-7.299457, 42.307082], [-7.29952, 42.307445], [-7.299444, 42.307714], [-7.299241, 42.307847], [-7.29901, 42.307913], [-7.298787, 42.307903], [-7.298539, 42.307788], [-7.298303, 42.307585], [-7.29815, 42.307411], [-7.298102, 42.307292], [-7.298057, 42.307176], [-7.298019, 42.307082], [-7.297987, 42.306989], [-7.297964, 42.306912], [-7.297848, 42.3068], [-7.297655, 42.30667], [-7.297485, 42.306497], [-7.297364, 42.306307], [-7.297126, 42.30619], [-7.296811, 42.306163], [-7.296513, 42.306286], [-7.296279, 42.306538], [-7.296102, 42.306912], [-7.296011, 42.307351], [-7.295821, 42.307857], [-7.29556, 42.308353], [-7.295346, 42.30876], [-7.295211, 42.309017], [-7.295003, 42.309223], [-7.294754, 42.309348], [-7.294464, 42.309416], [-7.294178, 42.309417], [-7.293837, 42.309432], [-7.293492, 42.309459], [-7.293254, 42.309459], [-7.293157, 42.309431], [-7.292767, 42.309565], [-7.292144, 42.309839], [-7.291808, 42.309993], [-7.29181, 42.310001], [-7.291786, 42.31008], [-7.291738, 42.310219], [-7.291536, 42.310342], [-7.29121, 42.310431], [-7.290919, 42.310535], [-7.290707, 42.310637], [-7.290595, 42.310744], [-7.290601, 42.310841], [-7.290713, 42.310936], [-7.290912, 42.311015], [-7.291058, 42.311148], [-7.291129, 42.311315], [-7.291124, 42.311501], [-7.291044, 42.311678], [-7.290813, 42.311824], [-7.290466, 42.311916], [-7.290135, 42.311886], [-7.289871, 42.311737], [-7.289636, 42.311584], [-7.289464, 42.311451], [-7.289346, 42.311251], [-7.289299, 42.311015], [-7.289273, 42.310864], [-7.289272, 42.310821], [-7.28927, 42.310733], [-7.289267, 42.310614], [-7.289148, 42.310473], [-7.288931, 42.310332], [-7.288677, 42.310279], [-7.288425, 42.310323], [-7.288212, 42.310448], [-7.288069, 42.310636], [-7.288037, 42.310791], [-7.288121, 42.31089], [-7.288212, 42.310998], [-7.288296, 42.311097], [-7.288402, 42.311273], [-7.288512, 42.311498], [-7.288473, 42.31169], [-7.288291, 42.311819], [-7.288041, 42.311862], [-7.287762, 42.311813], [-7.287576, 42.311704], [-7.287509, 42.311553], [-7.28742, 42.311365], [-7.287321, 42.311169], [-7.287264, 42.311056], [-7.287257, 42.311042], [-7.287056, 42.310972], [-7.286692, 42.310857], [-7.286444, 42.310741], [-7.286349, 42.310644], [-7.286271, 42.310499], [-7.286221, 42.310329], [-7.286194, 42.310157], [-7.286195, 42.31001], [-7.286183, 42.309766], [-7.286159, 42.309461], [-7.286141, 42.309155], [-7.286131, 42.308897], [-7.286052, 42.308585], [-7.285914, 42.308267], [-7.28573, 42.308043], [-7.285526, 42.307949], [-7.285386, 42.308123], [-7.285332, 42.308539], [-7.285316, 42.308929], [-7.285339, 42.309234], [-7.28523, 42.30943], [-7.285004, 42.309485], [-7.284823, 42.30964], [-7.284714, 42.30987], [-7.28464, 42.310227], [-7.284612, 42.310655], [-7.284451, 42.311], [-7.284182, 42.31121], [-7.284039, 42.311366], [-7.284045, 42.311445], [-7.284048, 42.311497], [-7.284049, 42.311515], [-7.284049, 42.311683], [-7.284047, 42.311976], [-7.283898, 42.312122], [-7.283626, 42.312098], [-7.283356, 42.312074], [-7.283132, 42.312054], [-7.282917, 42.311928], [-7.282744, 42.311714], [-7.282587, 42.311627], [-7.28247, 42.311679], [-7.282418, 42.311785], [-7.282438, 42.311928], [-7.282518, 42.312161], [-7.282646, 42.312448], [-7.282777, 42.312712], [-7.28289, 42.312913], [-7.28299, 42.313089], [-7.28306, 42.313215], [-7.283059, 42.313351], [-7.282986, 42.313478], [-7.282799, 42.313572], [-7.282527, 42.313619], [-7.282357, 42.313632], [-7.282314, 42.313609], [-7.282229, 42.313562], [-7.282114, 42.313499], [-7.281874, 42.313469], [-7.281546, 42.313477], [-7.281236, 42.313557], [-7.280991, 42.313698], [-7.280759, 42.3138], [-7.280575, 42.313848], [-7.28036, 42.313806], [-7.280147, 42.31368], [-7.279784, 42.31362], [-7.279326, 42.313634], [-7.278934, 42.31372], [-7.278668, 42.313864], [-7.27835, 42.314043], [-7.278031, 42.314228], [-7.27776, 42.314436], [-7.27758, 42.314633], [-7.277472, 42.314729], [-7.277452, 42.31471], [-7.277439, 42.31474], [-7.277434, 42.314813], [-7.277412, 42.314937], [-7.277377, 42.315093], [-7.277239, 42.315322], [-7.277021, 42.315588], [-7.276854, 42.315763], [-7.276762, 42.315819], [-7.276644, 42.315839], [-7.276518, 42.315821], [-7.276474, 42.315673], [-7.27652, 42.315416], [-7.276593, 42.315117], [-7.276682, 42.314823], [-7.276656, 42.314536], [-7.27652, 42.314301], [-7.276429, 42.314118], [-7.276399, 42.314013], [-7.276393, 42.313897], [-7.276411, 42.313785], [-7.276427, 42.313691], [-7.276438, 42.313628], [-7.276527, 42.313504], [-7.27668, 42.313338], [-7.276777, 42.313223], [-7.276802, 42.313177], [-7.276925, 42.312951], [-7.277128, 42.312579], [-7.277314, 42.312289], [-7.277454, 42.312125], [-7.277591, 42.311869], [-7.277702, 42.311561], [-7.277851, 42.311298], [-7.278014, 42.31112], [-7.27812, 42.311018], [-7.278151, 42.311006], [-7.278256, 42.310966], [-7.278419, 42.310904], [-7.278664, 42.310811], [-7.278955, 42.310701], [-7.279088, 42.310581], [-7.279042, 42.310469], [-7.278931, 42.310316], [-7.278773, 42.310144], [-7.278663, 42.309921], [-7.27862, 42.309679], [-7.278584, 42.309459], [-7.278563, 42.309294], [-7.278467, 42.309116], [-7.278311, 42.308954], [-7.278137, 42.308882], [-7.27797, 42.308911], [-7.27787, 42.308937], [-7.277852, 42.308957], [-7.277758, 42.308879], [-7.277604, 42.308716], [-7.277373, 42.308656], [-7.277102, 42.308708], [-7.276793, 42.308691], [-7.276494, 42.308608], [-7.276269, 42.308488], [-7.276152, 42.308351], [-7.275846, 42.308208], [-7.275397, 42.308083], [-7.275087, 42.30804], [-7.274963, 42.308084], [-7.274682, 42.308114], [-7.274289, 42.308126], [-7.273927, 42.308073], [-7.27365, 42.307963], [-7.273458, 42.307844], [-7.27338, 42.307733], [-7.273441, 42.30749], [-7.273632, 42.307153], [-7.273697, 42.306952], [-7.273626, 42.306919], [-7.273478, 42.306835], [-7.273274, 42.306713], [-7.273046, 42.306667], [-7.272828, 42.306705], [-7.272676, 42.306804], [-7.272612, 42.306951], [-7.272568, 42.307056], [-7.272552, 42.307104], [-7.272513, 42.307282], [-7.272458, 42.307562], [-7.272248, 42.307776], [-7.271915, 42.30789], [-7.271635, 42.30792], [-7.27145, 42.307862], [-7.271235, 42.307692], [-7.271022, 42.307435], [-7.270845, 42.307177], [-7.270729, 42.306955], [-7.270579, 42.306864], [-7.270417, 42.306915], [-7.270311, 42.30692], [-7.270276, 42.306875], [-7.270144, 42.30679], [-7.269935, 42.306676], [-7.269806, 42.306536], [-7.269777, 42.306391], [-7.269669, 42.306172], [-7.269498, 42.305912], [-7.269348, 42.305575], [-7.269242, 42.305214], [-7.269073, 42.304837], [-7.268867, 42.304503], [-7.268647, 42.304254], [-7.268448, 42.304129], [-7.268266, 42.304057], [-7.268129, 42.304051], [-7.267935, 42.303987], [-7.267713, 42.303876], [-7.267376, 42.30375], [-7.266975, 42.30363], [-7.266631, 42.303554], [-7.266396, 42.303535], [-7.266147, 42.303562], [-7.265924, 42.303631], [-7.26573, 42.303768], [-7.265594, 42.303951], [-7.265585, 42.304196], [-7.265705, 42.304465], [-7.26582, 42.304732], [-7.265912, 42.304956], [-7.265982, 42.305193], [-7.266018, 42.305407], [-7.265916, 42.305587], [-7.265694, 42.305705], [-7.265569, 42.305678], [-7.26556, 42.30551], [-7.265401, 42.30524], [-7.265115, 42.30491], [-7.264816, 42.304664], [-7.264549, 42.30454], [-7.264305, 42.304556], [-7.26412, 42.304708], [-7.263865, 42.30479], [-7.263581, 42.304789], [-7.263402, 42.304701], [-7.263354, 42.304539], [-7.262988, 42.304489], [-7.26236, 42.304558], [-7.261903, 42.304676], [-7.261689, 42.304823], [-7.261556, 42.304992], [-7.261523, 42.305158], [-7.261475, 42.305393], [-7.261419, 42.305663], [-7.261344, 42.305833], [-7.261263, 42.305877], [-7.261065, 42.305803], [-7.260782, 42.305622], [-7.260639, 42.305409], [-7.260658, 42.305196], [-7.260594, 42.304779], [-7.260459, 42.304223], [-7.260486, 42.303893], [-7.260674, 42.303841], [-7.260867, 42.303499], [-7.261035, 42.30292], [-7.261203, 42.302468], [-7.261345, 42.302214], [-7.261492, 42.301966], [-7.261622, 42.301763], [-7.261626, 42.301579], [-7.261504, 42.30144], [-7.261401, 42.301214], [-7.261333, 42.300936], [-7.261183, 42.300724], [-7.260974, 42.30061], [-7.260821, 42.300562], [-7.260747, 42.300588], [-7.260702, 42.300558], [-7.260694, 42.300476], [-7.26055, 42.300353], [-7.260293, 42.300207], [-7.260015, 42.300181], [-7.259758, 42.300279], [-7.259469, 42.300323], [-7.259194, 42.300307], [-7.258908, 42.300203], [-7.258656, 42.300025], [-7.258575, 42.299776], [-7.258678, 42.299494], [-7.258619, 42.299213], [-7.258406, 42.298975], [-7.258259, 42.298789], [-7.2582, 42.298683], [-7.25813, 42.298604], [-7.258061, 42.298563], [-7.257939, 42.298596], [-7.257783, 42.298697], [-7.25758, 42.298846], [-7.25736, 42.299022], [-7.257134, 42.299095], [-7.256937, 42.299056], [-7.256921, 42.298898], [-7.257091, 42.298647], [-7.257255, 42.29839], [-7.257389, 42.298166], [-7.257385, 42.297967], [-7.257243, 42.297822], [-7.257016, 42.297839], [-7.256738, 42.298014], [-7.256475, 42.298117], [-7.256265, 42.298132], [-7.25603, 42.298173], [-7.255805, 42.298233], [-7.255441, 42.298416], [-7.254994, 42.298694], [-7.254614, 42.298875], [-7.254359, 42.298929], [-7.254085, 42.298971], [-7.253835, 42.298994], [-7.253623, 42.299168], [-7.253482, 42.299466], [-7.25332, 42.299786], [-7.253163, 42.300077], [-7.252923, 42.30013], [-7.252638, 42.299937], [-7.252386, 42.299866], [-7.252204, 42.29993], [-7.252016, 42.300157], [-7.251849, 42.300513], [-7.251707, 42.300743], [-7.251613, 42.300812], [-7.251413, 42.300893], [-7.251136, 42.300972], [-7.250837, 42.300979], [-7.25056, 42.300911], [-7.25023, 42.300762], [-7.249898, 42.300556], [-7.249573, 42.300395], [-7.249304, 42.300304], [-7.249068, 42.300265], [-7.248902, 42.300283], [-7.248742, 42.300448], [-7.248611, 42.300735], [-7.248716, 42.301437], [-7.249041, 42.302447], [-7.249315, 42.302988], [-7.249498, 42.302978], [-7.249892, 42.302978], [-7.250438, 42.302989], [-7.250782, 42.303003], [-7.250873, 42.303019], [-7.250926, 42.303176], [-7.250935, 42.303449], [-7.250798, 42.303564], [-7.250538, 42.303503], [-7.250088, 42.303393], [-7.249518, 42.303249], [-7.248964, 42.303128], [-7.248512, 42.303048], [-7.248173, 42.302946], [-7.247999, 42.302839], [-7.24782, 42.302676], [-7.247663, 42.302482], [-7.247542, 42.3022], [-7.247475, 42.301874], [-7.247373, 42.301577], [-7.247251, 42.301355], [-7.247156, 42.301086], [-7.247104, 42.30081], [-7.24716, 42.300526], [-7.247316, 42.300277], [-7.247715, 42.300002], [-7.248295, 42.299743], [-7.248648, 42.299493], [-7.248717, 42.299291], [-7.248606, 42.29899], [-7.248331, 42.298637], [-7.248121, 42.298422], [-7.248008, 42.298378], [-7.247859, 42.298358], [-7.247697, 42.298364], [-7.247606, 42.29833], [-7.2476, 42.29826], [-7.247524, 42.298087], [-7.247389, 42.297836], [-7.247238, 42.29755], [-7.247095, 42.297271], [-7.247014, 42.29707], [-7.247008, 42.29698], [-7.247026, 42.296853], [-7.247067, 42.29671], [-7.247061, 42.296538], [-7.24701, 42.296364], [-7.246864, 42.296283], [-7.246644, 42.296305], [-7.246441, 42.296258], [-7.246286, 42.296148], [-7.246156, 42.296047], [-7.246072, 42.295971], [-7.245878, 42.295955], [-7.245604, 42.296003], [-7.24519, 42.295844], [-7.2447, 42.295503], [-7.244298, 42.295235], [-7.244048, 42.295081], [-7.243851, 42.294942], [-7.243739, 42.29484], [-7.243663, 42.294656], [-7.243634, 42.294417], [-7.243723, 42.294114], [-7.243917, 42.293791], [-7.244076, 42.293459], [-7.244176, 42.293168], [-7.244224, 42.293], [-7.244212, 42.292981], [-7.244529, 42.292868], [-7.245127, 42.292678], [-7.245642, 42.292613], [-7.245995, 42.292684], [-7.246366, 42.292722], [-7.246699, 42.292721], [-7.247044, 42.292528], [-7.24735, 42.292172], [-7.247599, 42.291842], [-7.247755, 42.291588], [-7.248041, 42.291333], [-7.248413, 42.291118], [-7.248614, 42.290857], [-7.248613, 42.290592], [-7.248486, 42.290205], [-7.248251, 42.289753], [-7.248015, 42.289466], [-7.247813, 42.289388], [-7.247542, 42.289363], [-7.247245, 42.289396], [-7.247017, 42.289374], [-7.246893, 42.289301], [-7.246773, 42.289127], [-7.246674, 42.288879], [-7.246542, 42.288615], [-7.246395, 42.288375], [-7.246282, 42.28818], [-7.246221, 42.288058], [-7.246026, 42.287958], [-7.245726, 42.287897], [-7.245504, 42.287802], [-7.245394, 42.287689], [-7.24519, 42.287652], [-7.244922, 42.287699], [-7.24456, 42.287741], [-7.24416, 42.287773], [-7.243838, 42.287808], [-7.243643, 42.287842], [-7.243424, 42.287993], [-7.243214, 42.288237], [-7.24311, 42.28845], [-7.243128, 42.288598], [-7.243165, 42.288869], [-7.243217, 42.289219], [-7.243113, 42.289575], [-7.24287, 42.289882], [-7.242523, 42.290117], [-7.242125, 42.290243], [-7.241867, 42.29036], [-7.241789, 42.290451], [-7.241531, 42.29057], [-7.241133, 42.290697], [-7.24074, 42.290805], [-7.240412, 42.290877], [-7.24011, 42.290872], [-7.23988, 42.29079], [-7.239704, 42.290742], [-7.239609, 42.290735], [-7.239522, 42.290656], [-7.239455, 42.290519], [-7.239473, 42.290289], [-7.239572, 42.29], [-7.239703, 42.289735], [-7.239846, 42.289534], [-7.239939, 42.289239], [-7.239966, 42.288895], [-7.239813, 42.288642], [-7.239502, 42.28852], [-7.239162, 42.28841], [-7.238845, 42.288329], [-7.238643, 42.288217], [-7.238588, 42.288091], [-7.2386, 42.287927], [-7.238677, 42.287751], [-7.238824, 42.287645], [-7.23902, 42.287625], [-7.23923, 42.287662], [-7.239421, 42.287751], [-7.239692, 42.287828], [-7.240001, 42.287883], [-7.24025, 42.287884], [-7.240399, 42.287831], [-7.240681, 42.287672], [-7.241051, 42.287432], [-7.241297, 42.287257], [-7.241383, 42.287174], [-7.241637, 42.286954], [-7.242019, 42.28663], [-7.24227, 42.286403], [-7.242352, 42.286307], [-7.242519, 42.286197], [-7.242744, 42.28609], [-7.242959, 42.285943], [-7.243131, 42.285777], [-7.243264, 42.285622], [-7.243339, 42.285501], [-7.243466, 42.285258], [-7.243628, 42.284932], [-7.243697, 42.284729], [-7.243665, 42.28468], [-7.243653, 42.284469], [-7.243663, 42.284128], [-7.243592, 42.283883], [-7.243449, 42.283773], [-7.243195, 42.283618], [-7.242869, 42.283444], [-7.242643, 42.283417], [-7.242551, 42.283542], [-7.24246, 42.283741], [-7.242385, 42.283985], [-7.242183, 42.284145], [-7.241887, 42.284196], [-7.241641, 42.284239], [-7.241484, 42.284266], [-7.241272, 42.284391], [-7.241038, 42.284594], [-7.240842, 42.284841], [-7.240714, 42.285094], [-7.240522, 42.285318], [-7.240294, 42.28548], [-7.239886, 42.285683], [-7.239362, 42.285896], [-7.238756, 42.286133], [-7.238162, 42.286358], [-7.237798, 42.286509], [-7.237723, 42.286563], [-7.23764, 42.286585], [-7.237562, 42.286571], [-7.237352, 42.286498], [-7.237041, 42.286375], [-7.236728, 42.286121], [-7.236462, 42.285774], [-7.236229, 42.285505], [-7.236066, 42.285357], [-7.235997, 42.285219], [-7.236031, 42.285112], [-7.236215, 42.28485], [-7.236522, 42.284472], [-7.236814, 42.284131], [-7.237048, 42.28388], [-7.237233, 42.283496], [-7.237341, 42.283039], [-7.237391, 42.282723], [-7.237376, 42.282595], [-7.237489, 42.282453], [-7.237712, 42.282317], [-7.238179, 42.282165], [-7.238818, 42.282022], [-7.239246, 42.281983], [-7.239398, 42.282054], [-7.239573, 42.282164], [-7.239744, 42.282297], [-7.24016, 42.282418], [-7.240757, 42.28251], [-7.241355, 42.28252], [-7.24186, 42.282449], [-7.242226, 42.282236], [-7.242396, 42.281914], [-7.242627, 42.281689], [-7.242885, 42.281596], [-7.243106, 42.281417], [-7.243256, 42.28118], [-7.243499, 42.280874], [-7.243799, 42.280546], [-7.243946, 42.280348], [-7.243919, 42.280312], [-7.243981, 42.280263], [-7.244121, 42.280211], [-7.244262, 42.279987], [-7.24438, 42.279626], [-7.24449, 42.279307], [-7.244573, 42.279081], [-7.244714, 42.278847], [-7.24489, 42.278641], [-7.245051, 42.278428], [-7.245171, 42.278242], [-7.245202, 42.278002], [-7.245139, 42.277745], [-7.244939, 42.27757], [-7.244633, 42.277503], [-7.244244, 42.277466], [-7.243833, 42.277464], [-7.243537, 42.277445], [-7.243403, 42.277413], [-7.243212, 42.277336], [-7.242993, 42.277227], [-7.242886, 42.276906], [-7.242906, 42.276423], [-7.242928, 42.27608], [-7.242946, 42.27593], [-7.242839, 42.275749], [-7.242623, 42.275565], [-7.242305, 42.2754], [-7.241934, 42.27528], [-7.24164, 42.275177], [-7.24147, 42.275105], [-7.241318, 42.275001], [-7.241208, 42.274882], [-7.240961, 42.27475], [-7.240613, 42.274626], [-7.24041, 42.274487], [-7.240384, 42.274353], [-7.240201, 42.274235], [-7.239889, 42.274151], [-7.239698, 42.274189], [-7.239656, 42.274344], [-7.239617, 42.27451], [-7.239587, 42.274663], [-7.239405, 42.274779], [-7.239099, 42.274842], [-7.238961, 42.274945], [-7.239011, 42.275075], [-7.239273, 42.275229], [-7.239704, 42.275385], [-7.239928, 42.275526], [-7.239908, 42.27563], [-7.239758, 42.275831], [-7.239499, 42.276097], [-7.23926, 42.276318], [-7.239078, 42.276461], [-7.238872, 42.276566], [-7.238676, 42.276619], [-7.238543, 42.276856], [-7.238494, 42.277243], [-7.238448, 42.2775], [-7.238412, 42.27759], [-7.238268, 42.277674], [-7.238038, 42.277742], [-7.23776, 42.27776], [-7.237476, 42.277726], [-7.237226, 42.2777], [-7.237047, 42.277685], [-7.236849, 42.277654], [-7.236662, 42.277613], [-7.236187, 42.277486], [-7.235495, 42.277292], [-7.235154, 42.277212], [-7.235217, 42.277256], [-7.234479, 42.277549], [-7.233054, 42.278045], [-7.232104, 42.278394], [-7.231774, 42.278543], [-7.231489, 42.278608], [-7.231293, 42.278577], [-7.231111, 42.278579], [-7.230972, 42.278612], [-7.230867, 42.278681], [-7.230815, 42.278775], [-7.230804, 42.278887], [-7.230838, 42.279001], [-7.230844, 42.279105], [-7.230823, 42.279182], [-7.230713, 42.279293], [-7.230531, 42.279422], [-7.230466, 42.279565], [-7.230527, 42.279701], [-7.230581, 42.279863], [-7.230619, 42.280028], [-7.230642, 42.280125], [-7.230645, 42.28014], [-7.230642, 42.280156], [-7.230633, 42.280171], [-7.230604, 42.280215], [-7.230561, 42.280283], [-7.230499, 42.280309], [-7.23043, 42.280287], [-7.230273, 42.28024], [-7.230054, 42.280173], [-7.229855, 42.280129], [-7.229708, 42.280113], [-7.229558, 42.280152], [-7.22943, 42.28024], [-7.229392, 42.280352], [-7.229449, 42.280472], [-7.229504, 42.280587], [-7.229549, 42.280679], [-7.229578, 42.28074], [-7.229588, 42.28076], [-7.229619, 42.280859], [-7.229667, 42.281021], [-7.229709, 42.281186], [-7.229739, 42.281327], [-7.229811, 42.281574], [-7.229914, 42.281889], [-7.229938, 42.282131], [-7.229878, 42.282263], [-7.2298, 42.282528], [-7.229717, 42.282883], [-7.229598, 42.283146], [-7.22946, 42.283275], [-7.229359, 42.283376], [-7.22931, 42.283434], [-7.229178, 42.283587], [-7.228984, 42.283813], [-7.228887, 42.283977], [-7.228902, 42.284053], [-7.228929, 42.284132], [-7.228966, 42.284203], [-7.228965, 42.284265], [-7.228926, 42.28431], [-7.228927, 42.284429], [-7.228967, 42.284603], [-7.229046, 42.284813], [-7.229153, 42.285025], [-7.229248, 42.285267], [-7.229316, 42.285502], [-7.229373, 42.285716], [-7.229408, 42.285874], [-7.229366, 42.285998], [-7.229252, 42.286067], [-7.229034, 42.286127], [-7.228746, 42.286169], [-7.22853, 42.286152], [-7.22842, 42.286081], [-7.228428, 42.285964], [-7.228553, 42.285818], [-7.228691, 42.285674], [-7.228823, 42.285552], [-7.228756, 42.285426], [-7.2285, 42.285313], [-7.228243, 42.285403], [-7.228023, 42.28568], [-7.227862, 42.28585], [-7.227784, 42.285888], [-7.227698, 42.285903], [-7.227617, 42.285893], [-7.22742, 42.2859], [-7.227137, 42.285924], [-7.226806, 42.286008], [-7.226477, 42.28614], [-7.226351, 42.286286], [-7.226447, 42.286426], [-7.226515, 42.286597], [-7.226545, 42.286773], [-7.226744, 42.286917], [-7.227082, 42.287007], [-7.22734, 42.287087], [-7.22748, 42.287145], [-7.227603, 42.287236], [-7.22769, 42.287344], [-7.227835, 42.287426], [-7.228014, 42.287469], [-7.228234, 42.28756], [-7.22846, 42.287686], [-7.228639, 42.287802], [-7.228743, 42.287891], [-7.228753, 42.288072], [-7.228669, 42.288318], [-7.228689, 42.288546], [-7.228809, 42.288723], [-7.22886, 42.288853], [-7.228833, 42.288914], [-7.228999, 42.289225], [-7.229332, 42.289737], [-7.229771, 42.290286], [-7.230247, 42.290786], [-7.230855, 42.291462], [-7.231499, 42.292209], [-7.231805, 42.29264], [-7.231725, 42.292689], [-7.231443, 42.292889], [-7.231002, 42.293208], [-7.230469, 42.293671], [-7.229927, 42.294206], [-7.229568, 42.294655], [-7.229449, 42.29495], [-7.229427, 42.295258], [-7.229508, 42.295533], [-7.229628, 42.295981], [-7.229769, 42.296535], [-7.22984, 42.296967], [-7.229829, 42.297212], [-7.229591, 42.297616], [-7.229161, 42.298116], [-7.228923, 42.298593], [-7.228911, 42.298975], [-7.229034, 42.299283], [-7.229274, 42.29947], [-7.229593, 42.299571], [-7.229943, 42.299571], [-7.230168, 42.299582], [-7.230235, 42.2996], [-7.230313, 42.299752], [-7.230389, 42.300012], [-7.230337, 42.300252], [-7.230164, 42.300434], [-7.229898, 42.300554], [-7.229581, 42.300594], [-7.229025, 42.300632], [-7.228314, 42.300664], [-7.227788, 42.300805], [-7.227525, 42.301033], [-7.22735, 42.30131], [-7.227289, 42.301594], [-7.22731, 42.301969], [-7.227409, 42.302378], [-7.227523, 42.302726], [-7.227636, 42.302959], [-7.22748, 42.303141], [-7.227081, 42.303245], [-7.226747, 42.303221], [-7.22653, 42.303073], [-7.226248, 42.302888], [-7.225945, 42.302694], [-7.225579, 42.302467], [-7.225209, 42.302241], [-7.224939, 42.301992], [-7.224812, 42.301756], [-7.224659, 42.301556], [-7.224504, 42.301422], [-7.224399, 42.301144], [-7.224361, 42.300764], [-7.224277, 42.300424], [-7.224161, 42.300176], [-7.224163, 42.299995], [-7.224283, 42.29991], [-7.224474, 42.299807], [-7.224704, 42.299703], [-7.224971, 42.299511], [-7.225232, 42.299262], [-7.225354, 42.299038], [-7.225321, 42.298872], [-7.225166, 42.298666], [-7.224915, 42.298452], [-7.224785, 42.298196], [-7.224796, 42.297936], [-7.224695, 42.29775], [-7.224496, 42.297667], [-7.224297, 42.29755], [-7.224128, 42.297418], [-7.223988, 42.297262], [-7.223899, 42.297106], [-7.223726, 42.297055], [-7.223497, 42.297116], [-7.223213, 42.297084], [-7.222917, 42.296963], [-7.22268, 42.296801], [-7.222541, 42.296621], [-7.222277, 42.296417], [-7.221929, 42.296219], [-7.221829, 42.29601], [-7.221991, 42.295821], [-7.222131, 42.29571], [-7.222228, 42.295693], [-7.222459, 42.295542], [-7.222789, 42.295281], [-7.223089, 42.295043], [-7.223313, 42.294865], [-7.223559, 42.294822], [-7.223792, 42.294922], [-7.224041, 42.294942], [-7.22427, 42.294881], [-7.224526, 42.294761], [-7.224769, 42.294601], [-7.224899, 42.294399], [-7.224894, 42.294185], [-7.224867, 42.293986], [-7.224823, 42.293833], [-7.224632, 42.293691], [-7.224325, 42.293584], [-7.224033, 42.293553], [-7.223801, 42.293604], [-7.223571, 42.293783], [-7.223377, 42.294063], [-7.223151, 42.294312], [-7.222927, 42.29449], [-7.222712, 42.294615], [-7.222538, 42.294666], [-7.222321, 42.294727], [-7.222092, 42.294788], [-7.221905, 42.294821], [-7.221788, 42.294819], [-7.22167, 42.294817], [-7.221567, 42.294813], [-7.221355, 42.294867], [-7.221066, 42.294971], [-7.220876, 42.295073], [-7.220814, 42.295159], [-7.220745, 42.295299], [-7.220679, 42.295471], [-7.220409, 42.295623], [-7.219976, 42.29573], [-7.219634, 42.295824], [-7.219436, 42.295891], [-7.219234, 42.296007], [-7.219059, 42.296155], [-7.218938, 42.296385], [-7.218888, 42.296662], [-7.218921, 42.297017], [-7.219032, 42.297395], [-7.219084, 42.297682], [-7.219071, 42.297835], [-7.219263, 42.298063], [-7.219632, 42.298332], [-7.219812, 42.298626], [-7.219777, 42.298901], [-7.219712, 42.299138], [-7.21963, 42.299303], [-7.219303, 42.299342], [-7.218783, 42.29925], [-7.218304, 42.299333], [-7.217941, 42.299578], [-7.21765, 42.299739], [-7.217476, 42.29979], [-7.217119, 42.299753], [-7.216634, 42.299633], [-7.216181, 42.299561], [-7.215828, 42.299547], [-7.215092, 42.299663], [-7.214085, 42.299891], [-7.213408, 42.300048], [-7.213165, 42.300112], [-7.213075, 42.299912], [-7.213152, 42.299481], [-7.213348, 42.299156], [-7.213633, 42.298989], [-7.213926, 42.298781], [-7.214182, 42.298565], [-7.2144, 42.29826], [-7.214545, 42.297913], [-7.214729, 42.297573], [-7.214923, 42.297293], [-7.215019, 42.296869], [-7.215003, 42.296368], [-7.215008, 42.296006], [-7.215032, 42.295841], [-7.214989, 42.295785], [-7.214886, 42.295847], [-7.214701, 42.295733], [-7.214464, 42.29546], [-7.214296, 42.295235], [-7.214222, 42.295093], [-7.214267, 42.294918], [-7.214423, 42.294736], [-7.214685, 42.294588], [-7.215012, 42.294495], [-7.215365, 42.294421], [-7.21569, 42.294377], [-7.215932, 42.294251], [-7.216054, 42.294063], [-7.216059, 42.293869], [-7.215944, 42.293699], [-7.215712, 42.29359], [-7.215398, 42.293562], [-7.214914, 42.293516], [-7.214335, 42.293462], [-7.213891, 42.293345], [-7.213651, 42.293185], [-7.213521, 42.293007], [-7.213521, 42.292841], [-7.213524, 42.292524], [-7.213531, 42.292107], [-7.213708, 42.291818], [-7.214029, 42.291703], [-7.214347, 42.291538], [-7.214613, 42.291349], [-7.214824, 42.291235], [-7.214947, 42.291214], [-7.215309, 42.291171], [-7.215855, 42.291112], [-7.216272, 42.291078], [-7.216496, 42.291075], [-7.216699, 42.291111], [-7.216848, 42.291181], [-7.217084, 42.291243], [-7.217371, 42.291288], [-7.217738, 42.291263], [-7.21813, 42.291172], [-7.218337, 42.291046], [-7.218328, 42.290904], [-7.218315, 42.290771], [-7.218301, 42.290667], [-7.218382, 42.290556], [-7.218546, 42.290456], [-7.218703, 42.290397], [-7.218829, 42.290387], [-7.219132, 42.290321], [-7.219566, 42.29021], [-7.219885, 42.290078], [-7.220039, 42.289944], [-7.220115, 42.289815], [-7.2201, 42.28971], [-7.219955, 42.289632], [-7.219702, 42.289593], [-7.219421, 42.289584], [-7.219154, 42.289606], [-7.218889, 42.289626], [-7.218668, 42.28964], [-7.21847, 42.289559], [-7.218325, 42.289393], [-7.218216, 42.289258], [-7.218159, 42.289172], [-7.217998, 42.289129], [-7.217758, 42.289135], [-7.217518, 42.289209], [-7.217315, 42.289339], [-7.217045, 42.289431], [-7.216751, 42.28947], [-7.216382, 42.289521], [-7.215996, 42.289576], [-7.215681, 42.289631], [-7.215485, 42.289676], [-7.215091, 42.2897], [-7.214559, 42.289696], [-7.214123, 42.289785], [-7.213849, 42.289951], [-7.213588, 42.2901], [-7.213378, 42.290207], [-7.213084, 42.290278], [-7.212753, 42.290299], [-7.2124, 42.290315], [-7.212081, 42.290323], [-7.211825, 42.290225], [-7.211674, 42.290037], [-7.211484, 42.289806], [-7.211286, 42.289566], [-7.211086, 42.289446], [-7.210916, 42.289462], [-7.210771, 42.289326], [-7.210674, 42.289059], [-7.210618, 42.288753], [-7.210612, 42.288455], [-7.210587, 42.288168], [-7.210546, 42.287936], [-7.210465, 42.287658], [-7.210356, 42.287378], [-7.210288, 42.287044], [-7.21027, 42.286707], [-7.210369, 42.286496], [-7.210569, 42.286441], [-7.210911, 42.286361], [-7.211342, 42.286266], [-7.211665, 42.286221], [-7.21183, 42.286232], [-7.212064, 42.286235], [-7.212332, 42.286228], [-7.212596, 42.286183], [-7.212816, 42.286105], [-7.212955, 42.285929], [-7.212991, 42.285684], [-7.212812, 42.28552], [-7.212445, 42.285464], [-7.211922, 42.285425], [-7.211324, 42.285409], [-7.210667, 42.28536], [-7.210052, 42.285287], [-7.209522, 42.285422], [-7.209158, 42.285745], [-7.209032, 42.286015], [-7.209165, 42.286192], [-7.20925, 42.286382], [-7.209274, 42.286557], [-7.209013, 42.286916], [-7.208508, 42.287402], [-7.208131, 42.287677], [-7.20794, 42.287698], [-7.207807, 42.287757], [-7.207752, 42.287846], [-7.207565, 42.287898], [-7.207273, 42.287905], [-7.206982, 42.287814], [-7.206735, 42.28764], [-7.206592, 42.287495], [-7.206573, 42.287402], [-7.206467, 42.28732], [-7.206291, 42.287261], [-7.206144, 42.287151], [-7.206049, 42.287008], [-7.205832, 42.286765], [-7.205527, 42.286459], [-7.20502, 42.286374], [-7.204389, 42.286523], [-7.204005, 42.286617], [-7.203927, 42.286642], [-7.203867, 42.286581], [-7.203835, 42.286442], [-7.203805, 42.286166], [-7.203784, 42.285793], [-7.203768, 42.28547], [-7.203761, 42.285245], [-7.203755, 42.285008], [-7.20375, 42.284793], [-7.203799, 42.284529], [-7.203893, 42.284254], [-7.204274, 42.283915], [-7.204883, 42.283562], [-7.205368, 42.28328], [-7.205653, 42.283113], [-7.205893, 42.28299], [-7.20605, 42.28293], [-7.206273, 42.282752], [-7.206529, 42.282482], [-7.206811, 42.282235], [-7.207077, 42.282049], [-7.207289, 42.281751], [-7.207414, 42.281385], [-7.207622, 42.281099], [-7.20788, 42.280936], [-7.208096, 42.280759], [-7.208237, 42.280594], [-7.208311, 42.280471], [-7.208307, 42.280407], [-7.208256, 42.280288], [-7.208167, 42.280131], [-7.208147, 42.279902], [-7.2082, 42.279635], [-7.208271, 42.279337], [-7.208348, 42.279055], [-7.208236, 42.278725], [-7.207952, 42.278398], [-7.207667, 42.278098], [-7.207427, 42.277871], [-7.207048, 42.27768], [-7.20659, 42.277555], [-7.206301, 42.277471], [-7.206226, 42.277442], [-7.206113, 42.27732], [-7.20598, 42.277123], [-7.205645, 42.276854], [-7.20516, 42.276554], [-7.204605, 42.276154], [-7.204065, 42.275717], [-7.203719, 42.275409], [-7.20362, 42.275279], [-7.203616, 42.275096], [-7.203708, 42.274888], [-7.203766, 42.274689], [-7.20378, 42.274528], [-7.203786, 42.274294], [-7.203783, 42.274024], [-7.203553, 42.273659], [-7.203131, 42.273258], [-7.202759, 42.272863], [-7.202495, 42.272536], [-7.20241, 42.272128], [-7.202515, 42.271703], [-7.202626, 42.271403], [-7.202725, 42.271272], [-7.202895, 42.271145], [-7.203109, 42.27104], [-7.203279, 42.27117], [-7.203379, 42.271514], [-7.203542, 42.271817], [-7.203742, 42.272031], [-7.204169, 42.272275], [-7.204757, 42.272512], [-7.205207, 42.272636], [-7.205449, 42.272628], [-7.205601, 42.272553], [-7.205639, 42.272422], [-7.205677, 42.272183], [-7.205709, 42.271872], [-7.206161, 42.271635], [-7.206963, 42.271507], [-7.20761, 42.27134], [-7.208, 42.27116], [-7.208402, 42.27109], [-7.208753, 42.271143], [-7.209198, 42.271108], [-7.209668, 42.270993], [-7.210288, 42.270763], [-7.210962, 42.270455], [-7.211815, 42.269891], [-7.212716, 42.269158], [-7.213253, 42.268674], [-7.213343, 42.268511], [-7.213229, 42.268366], [-7.212929, 42.26826], [-7.212791, 42.268155], [-7.212836, 42.268066], [-7.212689, 42.267907], [-7.212372, 42.267701], [-7.212166, 42.267547], [-7.212103, 42.267468], [-7.21205, 42.267364], [-7.212017, 42.26725], [-7.212056, 42.267107], [-7.212161, 42.266959], [-7.212292, 42.266855], [-7.212428, 42.266812], [-7.212587, 42.266855], [-7.212745, 42.266977], [-7.212898, 42.267075], [-7.213023, 42.267134], [-7.213279, 42.26716], [-7.213628, 42.267149], [-7.214008, 42.267073], [-7.214362, 42.266941], [-7.214844, 42.266663], [-7.215381, 42.26628], [-7.21594, 42.265836], [-7.216434, 42.265401], [-7.216805, 42.26499], [-7.216995, 42.264667], [-7.217121, 42.264271], [-7.217164, 42.263864], [-7.217238, 42.263542], [-7.217333, 42.263356], [-7.21738, 42.263293], [-7.217374, 42.263365], [-7.217426, 42.263393], [-7.217529, 42.263376], [-7.217692, 42.263282], [-7.217891, 42.263128], [-7.218207, 42.263084], [-7.218594, 42.263157], [-7.218852, 42.263166], [-7.218944, 42.26311], [-7.218899, 42.262956], [-7.218724, 42.262726], [-7.218604, 42.262541], [-7.218558, 42.262429], [-7.21849, 42.262246], [-7.21841, 42.26202], [-7.218378, 42.261808], [-7.218398, 42.261645], [-7.218533, 42.261584], [-7.218764, 42.261634], [-7.218963, 42.261686], [-7.219098, 42.261732], [-7.219407, 42.261711], [-7.219841, 42.261626], [-7.220316, 42.261598], [-7.220758, 42.261631], [-7.221178, 42.261716], [-7.221511, 42.261838], [-7.221956, 42.261956], [-7.222443, 42.262052], [-7.222985, 42.262229], [-7.223499, 42.26246], [-7.223901, 42.262634], [-7.22413, 42.262724], [-7.22438, 42.262751], [-7.224611, 42.262711], [-7.224881, 42.262632], [-7.225147, 42.262526], [-7.225489, 42.262418], [-7.225854, 42.262324], [-7.22616, 42.262244], [-7.22636, 42.26219], [-7.226707, 42.261999], [-7.227148, 42.261703], [-7.227144, 42.261314], [-7.226696, 42.260891], [-7.226388, 42.260213], [-7.226268, 42.259384], [-7.225925, 42.258636], [-7.225413, 42.258085], [-7.225074, 42.257651], [-7.22496, 42.257401], [-7.224843, 42.257263], [-7.224741, 42.257261], [-7.224714, 42.257222], [-7.224766, 42.257154], [-7.224923, 42.257005], [-7.22516, 42.2568], [-7.225271, 42.256527], [-7.22524, 42.256231], [-7.225148, 42.255949], [-7.225008, 42.255726], [-7.22482, 42.255424], [-7.224611, 42.255089], [-7.224433, 42.254689], [-7.224315, 42.254283], [-7.224366, 42.25394], [-7.224577, 42.253711], [-7.224829, 42.253541], [-7.225083, 42.253456], [-7.22551, 42.253062], [-7.226047, 42.252419], [-7.22635, 42.251943], [-7.226373, 42.251705], [-7.226184, 42.251403], [-7.225813, 42.251083], [-7.22552, 42.250769], [-7.225351, 42.25051], [-7.225436, 42.249871], [-7.225761, 42.248949], [-7.225967, 42.248311], [-7.226022, 42.248054], [-7.226027, 42.247675], [-7.225982, 42.247231], [-7.225982, 42.246842], [-7.226027, 42.246568], [-7.225854, 42.246232], [-7.225489, 42.245887], [-7.22517, 42.245595], [-7.224946, 42.245403], [-7.224671, 42.245085], [-7.224387, 42.24469], [-7.224044, 42.244181], [-7.223693, 42.243638], [-7.223456, 42.243139], [-7.223371, 42.242763], [-7.223345, 42.242229], [-7.223383, 42.241618], [-7.223442, 42.241241], [-7.223514, 42.241158], [-7.223513, 42.241101], [-7.223442, 42.241078], [-7.223583, 42.240937], [-7.223915, 42.240699], [-7.224202, 42.240439], [-7.2244, 42.240196], [-7.224575, 42.239746], [-7.2247, 42.23916], [-7.224738, 42.238582], [-7.224682, 42.2381], [-7.224644, 42.237552], [-7.224631, 42.237021], [-7.224602, 42.236556], [-7.224563, 42.236228], [-7.224273, 42.235995], [-7.223777, 42.235893], [-7.223343, 42.235872], [-7.223037, 42.235936], [-7.222776, 42.236117], [-7.222601, 42.236388], [-7.222494, 42.23657], [-7.222471, 42.236637], [-7.222391, 42.23673], [-7.222266, 42.236836], [-7.222009, 42.236925], [-7.22166, 42.236986], [-7.221208, 42.237064], [-7.220725, 42.237148], [-7.220184, 42.237236], [-7.219671, 42.237315], [-7.219191, 42.237347], [-7.218818, 42.237328], [-7.218324, 42.23734], [-7.217785, 42.237381], [-7.217314, 42.237468], [-7.216982, 42.237588], [-7.216541, 42.237597], [-7.216058, 42.237492], [-7.21562, 42.237404], [-7.215292, 42.237346], [-7.214774, 42.237328], [-7.214146, 42.237353], [-7.213661, 42.2375], [-7.213394, 42.237745], [-7.213216, 42.237974], [-7.213155, 42.238151], [-7.213028, 42.238407], [-7.212855, 42.2387], [-7.212568, 42.238886], [-7.212212, 42.238936], [-7.211828, 42.238977], [-7.211475, 42.239003], [-7.21116, 42.239038], [-7.210932, 42.239078], [-7.210607, 42.239124], [-7.210237, 42.239171], [-7.209976, 42.23921], [-7.209867, 42.239235], [-7.209673, 42.23914], [-7.209424, 42.23894], [-7.209265, 42.238668], [-7.209219, 42.238367], [-7.209223, 42.237956], [-7.209278, 42.237498], [-7.209281, 42.237121], [-7.209232, 42.236882], [-7.209205, 42.236711], [-7.209203, 42.236634], [-7.209175, 42.236538], [-7.209125, 42.236439], [-7.209027, 42.236341], [-7.208896, 42.23626], [-7.208758, 42.236175], [-7.208635, 42.236099], [-7.208459, 42.235918], [-7.208259, 42.235659], [-7.208285, 42.235361], [-7.208534, 42.235071], [-7.208715, 42.234721], [-7.2088, 42.234367], [-7.208827, 42.233993], [-7.208792, 42.233659], [-7.20889, 42.233367], [-7.209106, 42.233161], [-7.209223, 42.233048], [-7.209223, 42.233046], [-7.20952, 42.233095], [-7.210068, 42.233187], [-7.210444, 42.233164], [-7.21059, 42.233029], [-7.210722, 42.232828], [-7.21082, 42.232591], [-7.210849, 42.232311], [-7.210804, 42.232031], [-7.210701, 42.231781], [-7.210556, 42.2316], [-7.210338, 42.231474], [-7.210082, 42.231423], [-7.209849, 42.231485], [-7.209676, 42.231653], [-7.209529, 42.231757], [-7.209432, 42.231784], [-7.209284, 42.231825], [-7.209106, 42.231873], [-7.208951, 42.231872], [-7.208844, 42.231822], [-7.208679, 42.231806], [-7.208481, 42.231827], [-7.208267, 42.231782], [-7.20807, 42.231679], [-7.207942, 42.231515], [-7.207902, 42.231316], [-7.207734, 42.230981], [-7.207493, 42.230607], [-7.207464, 42.230561], [-7.207221, 42.230247], [-7.207045, 42.230085], [-7.206878, 42.229928], [-7.206748, 42.2298], [-7.206578, 42.229628], [-7.206393, 42.229441], [-7.206182, 42.229128], [-7.205975, 42.228738], [-7.205719, 42.228307], [-7.205452, 42.2279], [-7.205213, 42.22738], [-7.205179, 42.227308], [-7.204942, 42.226622], [-7.204896, 42.226239], [-7.205048, 42.226219], [-7.205091, 42.226128], [-7.205019, 42.225978], [-7.204955, 42.22581], [-7.204908, 42.22565], [-7.204957, 42.225427], [-7.205095, 42.225176], [-7.205325, 42.224882], [-7.205613, 42.224592], [-7.2059, 42.224341], [-7.206141, 42.224168], [-7.206347, 42.224066], [-7.206486, 42.224053], [-7.206904, 42.224013], [-7.207538, 42.223952], [-7.20811, 42.223802], [-7.208533, 42.223585], [-7.208866, 42.22328], [-7.209057, 42.222935], [-7.209247, 42.222473], [-7.209407, 42.221966], [-7.209523, 42.221581], [-7.209578, 42.22138], [-7.209426, 42.221159], [-7.20909, 42.220953], [-7.20842, 42.220823], [-7.207519, 42.220787], [-7.20688, 42.220644], [-7.206603, 42.220416], [-7.20634, 42.220085], [-7.206131, 42.219701], [-7.205941, 42.21935], [-7.205799, 42.219087], [-7.205578, 42.21893], [-7.205311, 42.218904], [-7.205035, 42.218861], [-7.204793, 42.218807], [-7.2046, 42.218717], [-7.204486, 42.218605], [-7.204331, 42.218463], [-7.204157, 42.218313], [-7.203898, 42.218231], [-7.203593, 42.21823], [-7.203433, 42.218214], [-7.203443, 42.218187], [-7.20344, 42.218171], [-7.203425, 42.218171], [-7.203305, 42.218118], [-7.203098, 42.218022], [-7.202889, 42.217872], [-7.202712, 42.21769], [-7.202653, 42.217356], [-7.202723, 42.216921], [-7.2028, 42.216556], [-7.202874, 42.216318], [-7.202712, 42.216059], [-7.202338, 42.215819], [-7.202059, 42.215724], [-7.201916, 42.215789], [-7.201717, 42.215902], [-7.201491, 42.216047], [-7.201276, 42.216142], [-7.201106, 42.216171], [-7.200911, 42.216133], [-7.200721, 42.216034], [-7.200491, 42.215909], [-7.200256, 42.215777], [-7.200014, 42.215611], [-7.199802, 42.215436], [-7.199592, 42.215279], [-7.199415, 42.215164], [-7.199381, 42.215012], [-7.199494, 42.214847], [-7.199634, 42.214629], [-7.199779, 42.214392], [-7.199953, 42.21419], [-7.200128, 42.214054], [-7.200324, 42.213962], [-7.200511, 42.21393], [-7.200739, 42.213783], [-7.200973, 42.213544], [-7.201194, 42.213369], [-7.201366, 42.213286], [-7.201574, 42.213136], [-7.201785, 42.21294], [-7.201774, 42.212734], [-7.201541, 42.212549], [-7.201382, 42.212335], [-7.201321, 42.212125], [-7.201237, 42.211838], [-7.201145, 42.211519], [-7.201149, 42.211201], [-7.201249, 42.210932], [-7.201558, 42.210728], [-7.202027, 42.21062], [-7.202233, 42.210362], [-7.202143, 42.209994], [-7.202043, 42.209717], [-7.201948, 42.209574], [-7.201877, 42.209364], [-7.201842, 42.209119], [-7.201732, 42.208909], [-7.201565, 42.208765], [-7.201386, 42.208682], [-7.201222, 42.20867], [-7.201026, 42.208597], [-7.200829, 42.208472], [-7.200724, 42.208347], [-7.200729, 42.20824], [-7.200708, 42.208035], [-7.200665, 42.207765], [-7.200613, 42.207487], [-7.200561, 42.207245], [-7.200304, 42.207095], [-7.199883, 42.207062], [-7.199575, 42.207066], [-7.199425, 42.207105], [-7.199034, 42.207058], [-7.198461, 42.206932], [-7.198104, 42.206872], [-7.198019, 42.206886], [-7.197827, 42.207056], [-7.197556, 42.207354], [-7.197195, 42.207546], [-7.1968, 42.207601], [-7.196556, 42.207593], [-7.1965, 42.207523], [-7.196327, 42.207496], [-7.196065, 42.207515], [-7.195775, 42.207601], [-7.195502, 42.207741], [-7.195359, 42.207953], [-7.195369, 42.208202], [-7.195316, 42.208428], [-7.195208, 42.208597], [-7.195048, 42.208616], [-7.194862, 42.208484], [-7.194678, 42.208354], [-7.194525, 42.208246], [-7.19445, 42.207961], [-7.194463, 42.207543], [-7.194421, 42.207191], [-7.194331, 42.206957], [-7.194104, 42.206681], [-7.193778, 42.206406], [-7.193508, 42.206398], [-7.193338, 42.20666], [-7.193225, 42.206941], [-7.193187, 42.207197], [-7.193176, 42.207576], [-7.193194, 42.208022], [-7.19316, 42.208457], [-7.193081, 42.208816], [-7.193002, 42.209171], [-7.192936, 42.209469], [-7.192826, 42.209626], [-7.192689, 42.209616], [-7.192401, 42.209504], [-7.192007, 42.209306], [-7.191743, 42.209109], [-7.19165, 42.208943], [-7.191578, 42.208749], [-7.191538, 42.208559], [-7.191507, 42.208411], [-7.19149, 42.208329], [-7.191417, 42.208151], [-7.191301, 42.207906], [-7.190963, 42.207703], [-7.190455, 42.207575], [-7.189997, 42.207466], [-7.189662, 42.207391], [-7.189365, 42.207289], [-7.189153, 42.207176], [-7.188987, 42.206899], [-7.188893, 42.2065], [-7.189041, 42.206214], [-7.189407, 42.206084], [-7.189775, 42.206056], [-7.19009, 42.206135], [-7.190588, 42.206219], [-7.191194, 42.206297], [-7.191819, 42.20636], [-7.192369, 42.206398], [-7.192794, 42.206315], [-7.19303, 42.206125], [-7.193286, 42.205999], [-7.19352, 42.205959], [-7.193879, 42.205897], [-7.194306, 42.205823], [-7.194661, 42.205707], [-7.19489, 42.205568], [-7.195051, 42.205414], [-7.195121, 42.205269], [-7.194912, 42.205134], [-7.194456, 42.205031], [-7.193925, 42.20496], [-7.193402, 42.204935], [-7.19307, 42.204839], [-7.192982, 42.204688], [-7.192899, 42.204406], [-7.192836, 42.204035], [-7.192686, 42.203728], [-7.192472, 42.203532], [-7.192127, 42.203349], [-7.191705, 42.203206], [-7.191315, 42.202995], [-7.191019, 42.202747], [-7.190896, 42.202534], [-7.190966, 42.202389], [-7.191042, 42.202232], [-7.191112, 42.202087], [-7.191373, 42.201898], [-7.191784, 42.201694], [-7.192393, 42.201615], [-7.193106, 42.201675], [-7.193637, 42.201457], [-7.193907, 42.200995], [-7.194155, 42.200637], [-7.194344, 42.200438], [-7.19488, 42.200111], [-7.195682, 42.199707], [-7.196399, 42.199456], [-7.19692, 42.199399], [-7.197421, 42.199367], [-7.197824, 42.199363], [-7.197987, 42.19884], [-7.197886, 42.197877], [-7.197777, 42.197168], [-7.197676, 42.19682], [-7.197546, 42.196625], [-7.197408, 42.196613], [-7.197333, 42.196485], [-7.197335, 42.196262], [-7.197177, 42.195899], [-7.196885, 42.195454], [-7.196604, 42.195054], [-7.196377, 42.194763], [-7.196158, 42.1945], [-7.195979, 42.194305], [-7.195715, 42.194115], [-7.195406, 42.193958], [-7.194995, 42.193793], [-7.194546, 42.193645], [-7.194161, 42.193492], [-7.193898, 42.193357], [-7.193494, 42.193215], [-7.193011, 42.193088], [-7.19253, 42.192756], [-7.192125, 42.19227], [-7.191858, 42.191844], [-7.19177, 42.191544], [-7.191495, 42.191013], [-7.191075, 42.190334], [-7.190786, 42.189945], [-7.190673, 42.189904], [-7.190634, 42.189815], [-7.190673, 42.18969], [-7.190644, 42.189416], [-7.190551, 42.189033], [-7.190253, 42.188527], [-7.189796, 42.187974], [-7.189578, 42.187156], [-7.189633, 42.186198], [-7.189633, 42.185506], [-7.189577, 42.185186], [-7.189563, 42.184756], [-7.189592, 42.184284], [-7.189671, 42.183898], [-7.189787, 42.183658], [-7.189793, 42.183367], [-7.189687, 42.183069], [-7.189559, 42.182697], [-7.189427, 42.182308], [-7.189043, 42.18192], [-7.188467, 42.181594], [-7.187984, 42.181283], [-7.187671, 42.181035], [-7.187213, 42.180876], [-7.186681, 42.180831], [-7.185936, 42.180826], [-7.185093, 42.180862], [-7.184522, 42.180877], [-7.184309, 42.180871], [-7.184126, 42.180865], [-7.184002, 42.180861], [-7.183819, 42.180805], [-7.183605, 42.180705], [-7.183387, 42.180579], [-7.1832, 42.180446], [-7.183081, 42.180348], [-7.183048, 42.180298], [-7.183093, 42.180142], [-7.183209, 42.179902], [-7.183467, 42.179649], [-7.183827, 42.179421], [-7.184195, 42.179164], [-7.184512, 42.178917], [-7.184927, 42.178719], [-7.185374, 42.1786], [-7.185784, 42.178563], [-7.186093, 42.178614], [-7.18638, 42.178514], [-7.186599, 42.178278], [-7.186723, 42.178155], [-7.186734, 42.178166], [-7.186864, 42.178204], [-7.187093, 42.178264], [-7.187534, 42.178057], [-7.188118, 42.177613], [-7.188834, 42.17735], [-7.189573, 42.177307], [-7.190351, 42.177258], [-7.19105, 42.177208], [-7.191552, 42.177214], [-7.191781, 42.177274], [-7.192102, 42.177443], [-7.192464, 42.177694], [-7.192886, 42.177961], [-7.193303, 42.178203], [-7.193605, 42.178383], [-7.193747, 42.178472], [-7.193655, 42.178836], [-7.193342, 42.179418], [-7.193149, 42.179831], [-7.193105, 42.18001], [-7.192968, 42.180327], [-7.192759, 42.180735], [-7.19261, 42.181085], [-7.192545, 42.181325], [-7.192477, 42.181522], [-7.192417, 42.181647], [-7.192412, 42.182274], [-7.192462, 42.183307], [-7.192662, 42.183943], [-7.192981, 42.184085], [-7.193316, 42.184196], [-7.193615, 42.18426], [-7.194076, 42.184368], [-7.19463, 42.184504], [-7.195091, 42.184617], [-7.195388, 42.184689], [-7.1959, 42.184832], [-7.196548, 42.185023], [-7.197079, 42.185248], [-7.197413, 42.185472], [-7.197789, 42.185741], [-7.19815, 42.186013], [-7.198607, 42.186297], [-7.19909, 42.186548], [-7.199464, 42.186704], [-7.199672, 42.186741], [-7.199917, 42.186795], [-7.200161, 42.186857], [-7.200564, 42.186878], [-7.201065, 42.186854], [-7.201445, 42.186873], [-7.201646, 42.186932], [-7.202081, 42.18706], [-7.202683, 42.187238], [-7.203065, 42.18737], [-7.203169, 42.187436], [-7.203226, 42.187579], [-7.203227, 42.187777], [-7.203123, 42.18792], [-7.20293, 42.187985], [-7.202741, 42.188199], [-7.202583, 42.188529], [-7.202628, 42.188816], [-7.202869, 42.189015], [-7.203308, 42.189182], [-7.203876, 42.189293], [-7.204329, 42.189379], [-7.204597, 42.189426], [-7.204928, 42.189488], [-7.205272, 42.189554], [-7.20566, 42.189679], [-7.206033, 42.189844], [-7.206529, 42.189922], [-7.207073, 42.189901], [-7.207549, 42.189872], [-7.207882, 42.189838], [-7.208134, 42.189836], [-7.208267, 42.189867], [-7.208523, 42.189917], [-7.208864, 42.189977], [-7.209177, 42.190117], [-7.209414, 42.190316], [-7.209476, 42.190492], [-7.209351, 42.19062], [-7.209154, 42.190676], [-7.208913, 42.190651], [-7.208612, 42.190653], [-7.208297, 42.190681], [-7.207948, 42.190785], [-7.207619, 42.190948], [-7.207332, 42.191099], [-7.207132, 42.191213], [-7.207173, 42.191386], [-7.207448, 42.191591], [-7.207528, 42.191801], [-7.207401, 42.191982], [-7.20735, 42.192171], [-7.20738, 42.192339], [-7.207629, 42.19249], [-7.208056, 42.192602], [-7.20839, 42.192681], [-7.20858, 42.192715], [-7.208736, 42.192818], [-7.208835, 42.192973], [-7.208917, 42.193254], [-7.208969, 42.193618], [-7.209061, 42.193868], [-7.20918, 42.193967], [-7.209302, 42.194018], [-7.209408, 42.194013], [-7.209532, 42.193905], [-7.209655, 42.193711], [-7.209822, 42.193351], [-7.210008, 42.19288], [-7.210475, 42.192511], [-7.211149, 42.192301], [-7.211822, 42.192206], [-7.212388, 42.19224], [-7.212838, 42.192314], [-7.2131, 42.192415], [-7.213292, 42.192605], [-7.213383, 42.192855], [-7.21328, 42.193038], [-7.213001, 42.193127], [-7.21262, 42.193322], [-7.212197, 42.193595], [-7.211985, 42.193834], [-7.212016, 42.194001], [-7.212306, 42.194131], [-7.212812, 42.194203], [-7.213098, 42.194319], [-7.213122, 42.194461], [-7.213012, 42.194552], [-7.212786, 42.194578], [-7.21245, 42.194593], [-7.212056, 42.194595], [-7.211643, 42.194645], [-7.211274, 42.194735], [-7.211113, 42.19485], [-7.211184, 42.19497], [-7.211348, 42.1951], [-7.211581, 42.19522], [-7.211689, 42.195424], [-7.211656, 42.195683], [-7.211654, 42.196007], [-7.211681, 42.196348], [-7.211807, 42.196614], [-7.212013, 42.196765], [-7.212263, 42.196722], [-7.212519, 42.196491], [-7.212649, 42.196238], [-7.212634, 42.196001], [-7.212794, 42.195815], [-7.213104, 42.195708], [-7.213543, 42.195582], [-7.214045, 42.195455], [-7.214529, 42.195248], [-7.214922, 42.194994], [-7.215186, 42.194667], [-7.215282, 42.194318], [-7.215393, 42.194097], [-7.215502, 42.194039], [-7.215662, 42.193989], [-7.21585, 42.193957], [-7.216088, 42.194074], [-7.21634, 42.194323], [-7.216765, 42.194444], [-7.217296, 42.194418], [-7.217765, 42.194358], [-7.218099, 42.194274], [-7.218602, 42.193963], [-7.219195, 42.193475], [-7.219487, 42.192941], [-7.219432, 42.192445], [-7.219598, 42.192013], [-7.219959, 42.191711], [-7.220177, 42.191458], [-7.220218, 42.191291], [-7.22018, 42.190959], [-7.220068, 42.190513], [-7.22011, 42.190059], [-7.220301, 42.189667], [-7.220487, 42.189368], [-7.220638, 42.189209], [-7.220819, 42.188997], [-7.221003, 42.188766], [-7.221013, 42.188534], [-7.220848, 42.188336], [-7.220604, 42.188198], [-7.220318, 42.188142], [-7.220118, 42.187924], [-7.220036, 42.187579], [-7.220152, 42.187343], [-7.220448, 42.187252], [-7.220762, 42.187262], [-7.221046, 42.187373], [-7.22156, 42.187435], [-7.222225, 42.187439], [-7.222609, 42.187322], [-7.222653, 42.187102], [-7.222633, 42.186968], [-7.222554, 42.186942], [-7.222262, 42.186776], [-7.221804, 42.186497], [-7.221373, 42.186219], [-7.221036, 42.185985], [-7.220674, 42.18581], [-7.220342, 42.185721], [-7.219755, 42.18563], [-7.219001, 42.185551], [-7.21837, 42.185383], [-7.217958, 42.185152], [-7.217613, 42.184826], [-7.217387, 42.184457], [-7.217313, 42.183947], [-7.217403, 42.183377], [-7.217452, 42.182886], [-7.217453, 42.18255], [-7.217312, 42.182321], [-7.21705, 42.182235], [-7.216814, 42.182047], [-7.216639, 42.181785], [-7.216497, 42.181517], [-7.216409, 42.181284], [-7.216032, 42.181199], [-7.215424, 42.181275], [-7.215064, 42.181211], [-7.215007, 42.181016], [-7.215203, 42.180737], [-7.215622, 42.180416], [-7.215806, 42.180021], [-7.215726, 42.179611], [-7.215877, 42.179324], [-7.216236, 42.179203], [-7.216668, 42.179183], [-7.217107, 42.179268], [-7.217424, 42.179514], [-7.217571, 42.179882], [-7.217829, 42.180257], [-7.218159, 42.180579], [-7.218486, 42.180712], [-7.21876, 42.180636], [-7.218982, 42.180518], [-7.219118, 42.180378], [-7.219318, 42.180256], [-7.219549, 42.180172], [-7.219697, 42.180131], [-7.219739, 42.180138], [-7.219974, 42.180248], [-7.220366, 42.180442], [-7.22112, 42.180652], [-7.222122, 42.180843], [-7.222824, 42.181053], [-7.223118, 42.181251], [-7.223566, 42.181213], [-7.224099, 42.180945], [-7.224566, 42.180753], [-7.224896, 42.180667], [-7.225124, 42.180572], [-7.225216, 42.180483], [-7.225262, 42.180309], [-7.225253, 42.180076], [-7.225048, 42.179922], [-7.224678, 42.17987], [-7.224349, 42.179911], [-7.22411, 42.18004], [-7.223914, 42.180137], [-7.223791, 42.180188], [-7.223563, 42.180211], [-7.223266, 42.180205], [-7.222666, 42.180127], [-7.221858, 42.17999], [-7.221344, 42.179873], [-7.221203, 42.179795], [-7.22109, 42.179554], [-7.221022, 42.179186], [-7.221171, 42.17878], [-7.221513, 42.1784], [-7.221726, 42.178141], [-7.221777, 42.178045], [-7.22175, 42.177844], [-7.221651, 42.177569], [-7.221464, 42.177404], [-7.221218, 42.177373], [-7.220794, 42.177273], [-7.220256, 42.177118], [-7.219596, 42.176868], [-7.218916, 42.176563], [-7.218385, 42.176204], [-7.218084, 42.175848], [-7.217695, 42.175575], [-7.217278, 42.175428], [-7.216797, 42.175353], [-7.216327, 42.175362], [-7.215938, 42.175421], [-7.215692, 42.175522], [-7.21564, 42.175785], [-7.215791, 42.176167], [-7.215986, 42.176616], [-7.216194, 42.177062], [-7.216346, 42.177399], [-7.216417, 42.177577], [-7.216286, 42.177821], [-7.215971, 42.178095], [-7.215563, 42.178268], [-7.215123, 42.178315], [-7.214644, 42.178319], [-7.214199, 42.17828], [-7.213747, 42.178134], [-7.213357, 42.177904], [-7.212846, 42.177766], [-7.212293, 42.177741], [-7.211734, 42.177618], [-7.211257, 42.177418], [-7.21081, 42.177239], [-7.210463, 42.17711], [-7.21013, 42.177015], [-7.209861, 42.176967], [-7.209543, 42.176849], [-7.209226, 42.176679], [-7.208969, 42.17654], [-7.208811, 42.176456], [-7.208605, 42.176233], [-7.208383, 42.175907], [-7.208155, 42.175566], [-7.207958, 42.175263], [-7.207877, 42.174919], [-7.207926, 42.174586], [-7.208061, 42.174234], [-7.20826, 42.173916], [-7.208355, 42.1736], [-7.208332, 42.173334], [-7.208341, 42.173025], [-7.20838, 42.172722], [-7.208463, 42.172532], [-7.208577, 42.172485], [-7.208822, 42.172413], [-7.209162, 42.172327], [-7.209443, 42.172074], [-7.209623, 42.171692], [-7.209735, 42.171365], [-7.209762, 42.171145], [-7.20955, 42.170991], [-7.209131, 42.170929], [-7.208822, 42.170851], [-7.208671, 42.170769], [-7.208633, 42.170571], [-7.208714, 42.170287], [-7.208818, 42.169933], [-7.208929, 42.169562], [-7.209143, 42.169248], [-7.209428, 42.169036], [-7.209676, 42.168803], [-7.209849, 42.168584], [-7.209883, 42.16833], [-7.209774, 42.168079], [-7.209507, 42.168044], [-7.209125, 42.168232], [-7.208715, 42.168486], [-7.208342, 42.168767], [-7.208026, 42.16907], [-7.207816, 42.169349], [-7.207579, 42.169588], [-7.207353, 42.169749], [-7.207085, 42.169912], [-7.206816, 42.170053], [-7.206502, 42.170261], [-7.20619, 42.170504], [-7.205957, 42.170654], [-7.20584, 42.170688], [-7.205171, 42.170592], [-7.204053, 42.170381], [-7.202958, 42.170278], [-7.202053, 42.1703], [-7.201335, 42.170271], [-7.200912, 42.170196], [-7.200595, 42.17017], [-7.200434, 42.170198], [-7.200219, 42.170157], [-7.199985, 42.170053], [-7.199811, 42.169959], [-7.199724, 42.169888], [-7.199699, 42.16974], [-7.199739, 42.169536], [-7.199839, 42.169234], [-7.199984, 42.168877], [-7.200209, 42.16842], [-7.200481, 42.167931], [-7.200599, 42.167413], [-7.200545, 42.166944], [-7.200451, 42.166436], [-7.200331, 42.165966], [-7.200167, 42.165616], [-7.199983, 42.165439], [-7.199736, 42.165269], [-7.199465, 42.165133], [-7.199165, 42.165025], [-7.198882, 42.164964], [-7.198576, 42.164864], [-7.198292, 42.164742], [-7.198033, 42.16462], [-7.197838, 42.164519], [-7.197669, 42.164309], [-7.197553, 42.164023], [-7.197544, 42.163746], [-7.197644, 42.16352], [-7.197637, 42.163386], [-7.197523, 42.163364], [-7.197501, 42.163303], [-7.197573, 42.163214], [-7.197638, 42.163069], [-7.197684, 42.162892], [-7.19761, 42.162668], [-7.197428, 42.162433], [-7.197248, 42.162182], [-7.1971, 42.161954], [-7.197074, 42.161558], [-7.197173, 42.161056], [-7.197381, 42.160555], [-7.197666, 42.16013], [-7.197892, 42.159691], [-7.198025, 42.159304], [-7.198172, 42.158866], [-7.19831, 42.158442], [-7.198405, 42.158169], [-7.198441, 42.15809], [-7.198522, 42.157912], [-7.198635, 42.157663], [-7.198822, 42.157381], [-7.199054, 42.157111], [-7.199237, 42.156918], [-7.199343, 42.156833], [-7.199467, 42.156209], [-7.199591, 42.155141], [-7.199695, 42.154176], [-7.199764, 42.153463], [-7.200046, 42.152669], [-7.200499, 42.151918], [-7.200907, 42.150897], [-7.201208, 42.149762], [-7.201495, 42.148984], [-7.201723, 42.148681], [-7.201973, 42.148368], [-7.202209, 42.148094], [-7.202609, 42.147486], [-7.203112, 42.146638], [-7.20362, 42.146106], [-7.204055, 42.145973], [-7.204579, 42.145866], [-7.205113, 42.145802], [-7.205777, 42.145735], [-7.206469, 42.145673], [-7.207368, 42.145676], [-7.208334, 42.145743], [-7.20989, 42.145584], [-7.211797, 42.145224], [-7.213284, 42.145045], [-7.214121, 42.145075], [-7.214589, 42.145216], [-7.214616, 42.145445], [-7.214481, 42.145643], [-7.214205, 42.145778], [-7.213895, 42.145959], [-7.213597, 42.146157], [-7.213618, 42.146375], [-7.213954, 42.14658], [-7.214526, 42.146639], [-7.215248, 42.146543], [-7.215965, 42.146656], [-7.216566, 42.146961], [-7.217142, 42.147178], [-7.217604, 42.147274], [-7.218194, 42.147171], [-7.218821, 42.146887], [-7.219399, 42.146818], [-7.21984, 42.146976], [-7.220227, 42.147352], [-7.220502, 42.14789], [-7.22101, 42.148609], [-7.221675, 42.149401], [-7.222189, 42.149914], [-7.222474, 42.15007], [-7.222672, 42.150147], [-7.222754, 42.150133], [-7.222903, 42.150235], [-7.223096, 42.150438], [-7.223304, 42.150773], [-7.223494, 42.151189], [-7.223724, 42.151457], [-7.223957, 42.151538], [-7.224799, 42.151569], [-7.226121, 42.151547], [-7.227102, 42.151667], [-7.227592, 42.15191], [-7.228061, 42.152091], [-7.228437, 42.152181], [-7.228741, 42.152184], [-7.228926, 42.1521], [-7.229019, 42.151944], [-7.229006, 42.151739], [-7.228809, 42.151539], [-7.228459, 42.151375], [-7.227998, 42.151222], [-7.227497, 42.151101], [-7.227112, 42.150906], [-7.226902, 42.150666], [-7.227002, 42.15049], [-7.227396, 42.150404], [-7.228062, 42.150391], [-7.228895, 42.150454], [-7.229735, 42.150477], [-7.230451, 42.150456], [-7.231107, 42.150585], [-7.231602, 42.150845], [-7.232143, 42.151228], [-7.232646, 42.151676], [-7.233171, 42.152137], [-7.233638, 42.152539], [-7.233923, 42.152911], [-7.233982, 42.153194], [-7.234279, 42.153695], [-7.234769, 42.154335], [-7.235394, 42.15475], [-7.23606, 42.154876], [-7.236708, 42.15554], [-7.237238, 42.15664], [-7.237819, 42.15755], [-7.23836, 42.158129], [-7.238982, 42.158573], [-7.239588, 42.158813], [-7.239924, 42.159101], [-7.239939, 42.159392], [-7.240133, 42.159929], [-7.240477, 42.160629], [-7.240595, 42.161077], [-7.240469, 42.161202], [-7.240285, 42.161309], [-7.240073, 42.16138], [-7.239845, 42.161551], [-7.239636, 42.161794], [-7.239695, 42.162084], [-7.240013, 42.162374], [-7.240502, 42.162448], [-7.241086, 42.162295], [-7.242806, 42.161874], [-7.245398, 42.161251], [-7.247123, 42.160979], [-7.247718, 42.161101], [-7.248435, 42.16135], [-7.249163, 42.16169], [-7.249652, 42.161845], [-7.249825, 42.161792], [-7.249987, 42.161861], [-7.250113, 42.162042], [-7.250343, 42.162372], [-7.250643, 42.162801], [-7.25107, 42.163198], [-7.251559, 42.163502], [-7.251981, 42.16379], [-7.252272, 42.164017], [-7.252449, 42.164157], [-7.252483, 42.164188], [-7.252217, 42.164485], [-7.251693, 42.165002], [-7.251295, 42.165633], [-7.251085, 42.166281], [-7.251011, 42.166865], [-7.251087, 42.167297], [-7.250878, 42.167694], [-7.250417, 42.167997], [-7.250197, 42.168496], [-7.250253, 42.169116], [-7.250354, 42.169741], [-7.250484, 42.170273], [-7.250624, 42.17066], [-7.250752, 42.170842], [-7.250846, 42.170976], [-7.25089, 42.171043], [-7.25072, 42.171062], [-7.250361, 42.171032], [-7.24995, 42.170923], [-7.24955, 42.170751], [-7.249255, 42.170341], [-7.249109, 42.169756], [-7.248826, 42.169203], [-7.248449, 42.168768], [-7.248069, 42.168393], [-7.247744, 42.168135], [-7.247663, 42.167858], [-7.247839, 42.167605], [-7.247995, 42.167397], [-7.248107, 42.167267], [-7.248074, 42.167062], [-7.247902, 42.166814], [-7.247653, 42.166747], [-7.247364, 42.166871], [-7.247106, 42.166916], [-7.246919, 42.166874], [-7.246587, 42.166802], [-7.24616, 42.166709], [-7.245905, 42.166764], [-7.245861, 42.166956], [-7.245832, 42.167272], [-7.245821, 42.167663], [-7.246019, 42.16811], [-7.246395, 42.168545], [-7.246727, 42.168939], [-7.246962, 42.169231], [-7.247545, 42.169882], [-7.248385, 42.170792], [-7.248923, 42.171431], [-7.249076, 42.1717], [-7.24925, 42.172111], [-7.249418, 42.172601], [-7.249685, 42.173006], [-7.250011, 42.173264], [-7.250486, 42.173362], [-7.251038, 42.173285], [-7.25134, 42.173243], [-7.251346, 42.173243], [-7.251431, 42.173431], [-7.251583, 42.173778], [-7.251698, 42.174222], [-7.251757, 42.174693], [-7.251652, 42.175202], [-7.251399, 42.17567], [-7.25132, 42.176174], [-7.251429, 42.176637], [-7.251622, 42.177345], [-7.251868, 42.178188], [-7.252, 42.178833], [-7.251997, 42.179181], [-7.251741, 42.179653], [-7.25127, 42.180178], [-7.250934, 42.180477], [-7.250786, 42.180502], [-7.250783, 42.180639], [-7.250927, 42.180864], [-7.251033, 42.18118], [-7.251085, 42.181537], [-7.250828, 42.181863], [-7.250302, 42.182109], [-7.249677, 42.182332], [-7.249049, 42.182499], [-7.24838, 42.182908], [-7.247771, 42.183495], [-7.247337, 42.184134], [-7.247146, 42.184726], [-7.247107, 42.185267], [-7.247225, 42.185673], [-7.247256, 42.185917], [-7.247195, 42.185962], [-7.246957, 42.186263], [-7.24658, 42.186775], [-7.246146, 42.187153], [-7.245723, 42.187338], [-7.245292, 42.187584], [-7.244919, 42.187853], [-7.244764, 42.188111], [-7.244849, 42.18832], [-7.244934, 42.188748], [-7.245003, 42.189331], [-7.2449, 42.189721], [-7.244639, 42.18986], [-7.244308, 42.190028], [-7.243956, 42.190201], [-7.243674, 42.19035], [-7.243503, 42.190454], [-7.243016, 42.190599], [-7.242286, 42.190763], [-7.241801, 42.190827], [-7.241637, 42.190781], [-7.241495, 42.190806], [-7.241396, 42.190898], [-7.241307, 42.191104], [-7.241241, 42.191395], [-7.241053, 42.191588], [-7.240772, 42.191656], [-7.240407, 42.191709], [-7.240014, 42.19174], [-7.239555, 42.191749], [-7.239099, 42.191736], [-7.238702, 42.191865], [-7.238424, 42.192118], [-7.238386, 42.192547], [-7.238594, 42.193087], [-7.239006, 42.193519], [-7.239558, 42.193777], [-7.240158, 42.193924], [-7.240714, 42.193939], [-7.241249, 42.194048], [-7.241679, 42.194233], [-7.24233, 42.194412], [-7.2431, 42.194558], [-7.243551, 42.194659], [-7.243613, 42.1947], [-7.243642, 42.194897], [-7.243633, 42.195219], [-7.243552, 42.195956], [-7.24341, 42.196993], [-7.243581, 42.197896], [-7.244038, 42.198525], [-7.244649, 42.19916], [-7.24532, 42.199702], [-7.245922, 42.200433], [-7.246363, 42.201243], [-7.246598, 42.201792], [-7.246589, 42.201996], [-7.246598, 42.202598], [-7.246623, 42.203505], [-7.246511, 42.204196], [-7.246277, 42.204566], [-7.246163, 42.204874], [-7.246187, 42.205072], [-7.246047, 42.20548], [-7.245764, 42.206036], [-7.245558, 42.206469], [-7.245458, 42.206714], [-7.2452, 42.207033], [-7.244821, 42.207378], [-7.244761, 42.207868], [-7.245027, 42.208429], [-7.245528, 42.208877], [-7.246187, 42.209143], [-7.24694, 42.209437], [-7.24767, 42.209715], [-7.248384, 42.210003], [-7.24897, 42.210255], [-7.24953, 42.210144], [-7.249978, 42.209687], [-7.250298, 42.209069], [-7.25044, 42.208386], [-7.250839, 42.20785], [-7.251433, 42.207545], [-7.251861, 42.207361], [-7.252056, 42.207327], [-7.252406, 42.207129], [-7.252856, 42.206798], [-7.25322, 42.20646], [-7.253443, 42.206168], [-7.253604, 42.20577], [-7.25368, 42.205326], [-7.253962, 42.204962], [-7.254408, 42.204733], [-7.255012, 42.20471], [-7.255682, 42.204897], [-7.256188, 42.205234], [-7.256452, 42.20567], [-7.256892, 42.206224], [-7.25744, 42.206812], [-7.258074, 42.20721], [-7.258697, 42.207354], [-7.259319, 42.207452], [-7.259842, 42.207488], [-7.260406, 42.20739], [-7.260923, 42.207173], [-7.26139, 42.206804], [-7.261732, 42.206339], [-7.262024, 42.205754], [-7.26222, 42.205138], [-7.262552, 42.204751], [-7.262967, 42.204653], [-7.263324, 42.204605], [-7.263565, 42.204614], [-7.264065, 42.204486], [-7.264745, 42.204241], [-7.265322, 42.204058], [-7.265705, 42.203966], [-7.266286, 42.203989], [-7.266974, 42.204122], [-7.26754, 42.204284], [-7.267896, 42.20445], [-7.268192, 42.204577], [-7.268383, 42.204645], [-7.26853, 42.204643], [-7.268611, 42.20457], [-7.268991, 42.20463], [-7.269612, 42.204813], [-7.270226, 42.205014], [-7.270739, 42.205202], [-7.271245, 42.205507], [-7.271667, 42.205881], [-7.271984, 42.20631], [-7.272148, 42.206729], [-7.272306, 42.207153], [-7.272433, 42.207516], [-7.272525, 42.207909], [-7.272569, 42.208272], [-7.272419, 42.208607], [-7.272098, 42.208863], [-7.271984, 42.209092], [-7.272095, 42.209258], [-7.272414, 42.209344], [-7.272891, 42.209338], [-7.273306, 42.209367], [-7.273593, 42.209425], [-7.274338, 42.209579], [-7.275425, 42.209806], [-7.276281, 42.209841], [-7.276775, 42.209678], [-7.277318, 42.209684], [-7.277827, 42.209858], [-7.27834, 42.210144], [-7.278777, 42.2105], [-7.279237, 42.210763], [-7.27965, 42.210891], [-7.28019, 42.210847], [-7.280774, 42.210638], [-7.281216, 42.210335], [-7.281447, 42.209987], [-7.281559, 42.2096], [-7.281535, 42.209234], [-7.281472, 42.208977], [-7.281378, 42.20887], [-7.28099, 42.208662], [-7.280367, 42.208385], [-7.279742, 42.208059], [-7.27921, 42.207735], [-7.278478, 42.207278], [-7.277659, 42.206757], [-7.277272, 42.206357], [-7.277374, 42.206139], [-7.277504, 42.205966], [-7.277641, 42.205865], [-7.277799, 42.20567], [-7.277952, 42.205412], [-7.277995, 42.205096], [-7.27792, 42.204769], [-7.277599, 42.204441], [-7.27708, 42.204161], [-7.276192, 42.203672], [-7.275073, 42.20305], [-7.274113, 42.202582], [-7.273459, 42.202341], [-7.272701, 42.202071], [-7.271956, 42.201814], [-7.271556, 42.201523], [-7.271562, 42.20124], [-7.271456, 42.200901], [-7.271253, 42.200556], [-7.270864, 42.20024], [-7.27035, 42.2], [-7.269641, 42.199794], [-7.268848, 42.199654], [-7.268177, 42.19951], [-7.26773, 42.199385], [-7.266999, 42.199101], [-7.266096, 42.198701], [-7.265297, 42.198374], [-7.264724, 42.198169], [-7.264264, 42.197989], [-7.263987, 42.19786], [-7.263917, 42.197556], [-7.264065, 42.197126], [-7.264061, 42.196797], [-7.263908, 42.196621], [-7.263483, 42.196627], [-7.262854, 42.196812], [-7.262229, 42.197017], [-7.261704, 42.197209], [-7.261155, 42.197359], [-7.260667, 42.197444], [-7.26004, 42.197389], [-7.25937, 42.197201], [-7.258933, 42.197092], [-7.258796, 42.197077], [-7.258744, 42.197015], [-7.258784, 42.196914], [-7.258961, 42.196601], [-7.259248, 42.196124], [-7.259756, 42.195441], [-7.260406, 42.194659], [-7.260845, 42.194069], [-7.261007, 42.193762], [-7.261086, 42.193477], [-7.261072, 42.193256], [-7.261059, 42.193117], [-7.261048, 42.193082], [-7.261025, 42.192971], [-7.260991, 42.192801], [-7.261113, 42.192578], [-7.261372, 42.192335], [-7.26181, 42.191947], [-7.262361, 42.191474], [-7.26303, 42.190877], [-7.263715, 42.190247], [-7.264395, 42.189684], [-7.264964, 42.189275], [-7.265492, 42.189195], [-7.265898, 42.189457], [-7.266385, 42.189733], [-7.266876, 42.18998], [-7.267299, 42.190207], [-7.267589, 42.190379], [-7.268278, 42.19068], [-7.269258, 42.191064], [-7.27027, 42.191417], [-7.271157, 42.191684], [-7.271826, 42.191917], [-7.272172, 42.192078], [-7.272596, 42.192305], [-7.27303, 42.192562], [-7.273799, 42.193138], [-7.274783, 42.193943], [-7.275513, 42.194441], [-7.275876, 42.194555], [-7.276712, 42.194638], [-7.277891, 42.194677], [-7.278609, 42.194745], [-7.278754, 42.19483], [-7.279188, 42.194983], [-7.279845, 42.19518], [-7.280892, 42.195598], [-7.282169, 42.196175], [-7.283219, 42.196713], [-7.283881, 42.197131], [-7.284693, 42.197579], [-7.285532, 42.197987], [-7.286217, 42.198277], [-7.286643, 42.198402], [-7.2872, 42.198642], [-7.287802, 42.198959], [-7.288407, 42.19925], [-7.288921, 42.199471], [-7.289234, 42.199597], [-7.289297, 42.199608], [-7.289488, 42.199539], [-7.289777, 42.1994], [-7.289966, 42.199271], [-7.290027, 42.199171], [-7.290199, 42.198985], [-7.290457, 42.198741], [-7.290865, 42.198455], [-7.291359, 42.198174], [-7.29168, 42.197877], [-7.291778, 42.19761], [-7.291994, 42.197234], [-7.292295, 42.196808], [-7.292572, 42.19655], [-7.292784, 42.1965], [-7.292959, 42.196459], [-7.293071, 42.196432], [-7.293198, 42.196449], [-7.293321, 42.196507], [-7.293595, 42.196459], [-7.293978, 42.196313], [-7.294188, 42.196096], [-7.294192, 42.195839], [-7.294399, 42.195611], [-7.294777, 42.195447], [-7.295179, 42.195344], [-7.295544, 42.19532], [-7.296137, 42.195281], [-7.296867, 42.195232], [-7.297495, 42.195016], [-7.297924, 42.194666], [-7.298386, 42.194522], [-7.298809, 42.194605], [-7.299287, 42.194661], [-7.299744, 42.19468], [-7.300757, 42.194599], [-7.30217, 42.194432], [-7.303131, 42.194221], [-7.303492, 42.194001], [-7.303765, 42.193655], [-7.303908, 42.193236], [-7.304033, 42.192777], [-7.30412, 42.192348], [-7.304147, 42.191949], [-7.30411, 42.19164], [-7.304057, 42.191361], [-7.303997, 42.191155], [-7.303868, 42.190815], [-7.303692, 42.190393], [-7.303521, 42.189911], [-7.303384, 42.189442], [-7.303105, 42.188979], [-7.302726, 42.188592], [-7.30223, 42.188422], [-7.301693, 42.188496], [-7.301232, 42.188545], [-7.300917, 42.18856], [-7.30067, 42.188454], [-7.300529, 42.188242], [-7.300163, 42.188125], [-7.29963, 42.188119], [-7.299308, 42.188004], [-7.299248, 42.187798], [-7.299031, 42.187452], [-7.298692, 42.187019], [-7.298305, 42.186681], [-7.29793, 42.18649], [-7.297404, 42.186465], [-7.296808, 42.186608], [-7.296429, 42.186738], [-7.296324, 42.186835], [-7.296019, 42.186973], [-7.295561, 42.187132], [-7.294913, 42.18733], [-7.294176, 42.187537], [-7.293517, 42.187695], [-7.293036, 42.187778], [-7.292504, 42.187829], [-7.292001, 42.187837], [-7.291477, 42.187769], [-7.291012, 42.187633], [-7.290388, 42.187518], [-7.289701, 42.18744], [-7.289167, 42.187384], [-7.288866, 42.187358], [-7.288692, 42.187496], [-7.288669, 42.187777], [-7.288482, 42.187939], [-7.288158, 42.187957], [-7.287905, 42.187812], [-7.287762, 42.187527], [-7.287492, 42.187381], [-7.287138, 42.187399], [-7.286754, 42.187417], [-7.286399, 42.187435], [-7.286035, 42.187354], [-7.285717, 42.187187], [-7.285293, 42.187069], [-7.284828, 42.187017], [-7.284371, 42.186952], [-7.283992, 42.186885], [-7.283534, 42.186928], [-7.283068, 42.187076], [-7.282735, 42.187158], [-7.282586, 42.187162], [-7.281893, 42.187343], [-7.280761, 42.187673], [-7.28014, 42.187877], [-7.280123, 42.187924], [-7.279859, 42.188018], [-7.279387, 42.188145], [-7.278934, 42.188152], [-7.278571, 42.188037], [-7.278033, 42.187806], [-7.277403, 42.187494], [-7.27679, 42.187228], [-7.276288, 42.187049], [-7.275872, 42.186737], [-7.275606, 42.18634], [-7.275121, 42.185847], [-7.274493, 42.185335], [-7.273766, 42.184848], [-7.273054, 42.184462], [-7.272433, 42.184113], [-7.271999, 42.183856], [-7.271571, 42.183558], [-7.271215, 42.183264], [-7.270743, 42.182926], [-7.270227, 42.182594], [-7.269778, 42.182291], [-7.269465, 42.182063], [-7.269573, 42.18185], [-7.270085, 42.181685], [-7.270355, 42.181231], [-7.27034, 42.180559], [-7.270538, 42.179836], [-7.270916, 42.179172], [-7.271963, 42.178176], [-7.273518, 42.177], [-7.274544, 42.176268], [-7.274883, 42.176094], [-7.27546, 42.175753], [-7.276185, 42.175299], [-7.276984, 42.174899], [-7.277733, 42.174615], [-7.278411, 42.174476], [-7.278913, 42.174504], [-7.279456, 42.174483], [-7.279956, 42.174415], [-7.280932, 42.174235], [-7.282233, 42.17397], [-7.282913, 42.173695], [-7.282868, 42.173452], [-7.282623, 42.173192], [-7.282216, 42.172954], [-7.281733, 42.172798], [-7.28125, 42.172747], [-7.280644, 42.172697], [-7.280007, 42.172653], [-7.279236, 42.172568], [-7.278449, 42.172455], [-7.277718, 42.172269], [-7.277157, 42.172039], [-7.276476, 42.171542], [-7.275781, 42.170853], [-7.275083, 42.17015], [-7.274489, 42.169541], [-7.27406, 42.168945], [-7.273863, 42.168456], [-7.273818, 42.168169], [-7.273933, 42.168128], [-7.274151, 42.167898], [-7.274439, 42.167515], [-7.274615, 42.167053], [-7.274653, 42.166583], [-7.274842, 42.166119], [-7.275154, 42.165731], [-7.275292, 42.165326], [-7.275237, 42.164965], [-7.275071, 42.164583], [-7.27482, 42.164238], [-7.274481, 42.163865], [-7.274107, 42.163523], [-7.273672, 42.163147], [-7.273245, 42.162796], [-7.272682, 42.162583], [-7.27207, 42.162541], [-7.271584, 42.162455], [-7.2713, 42.162338], [-7.270784, 42.162237], [-7.270114, 42.162168], [-7.269587, 42.16222], [-7.269285, 42.162384], [-7.269004, 42.162392], [-7.268786, 42.162245], [-7.268632, 42.162041], [-7.268565, 42.161812], [-7.268479, 42.161566], [-7.268389, 42.161341], [-7.268295, 42.161207], [-7.268214, 42.161184], [-7.268066, 42.16119], [-7.267876, 42.161223], [-7.267761, 42.161293], [-7.26774, 42.161389], [-7.26765, 42.161545], [-7.267506, 42.161737], [-7.267402, 42.161845], [-7.267355, 42.161854], [-7.267217, 42.161847], [-7.267012, 42.161828], [-7.266584, 42.161661], [-7.266001, 42.161374], [-7.265435, 42.161061], [-7.264976, 42.16077], [-7.264502, 42.160492], [-7.264087, 42.160268], [-7.263666, 42.15994], [-7.263305, 42.159558], [-7.26301, 42.159058], [-7.262827, 42.158515], [-7.262688, 42.158038], [-7.262614, 42.157699], [-7.262434, 42.157269], [-7.262176, 42.156814], [-7.261849, 42.156516], [-7.261503, 42.156422], [-7.261368, 42.156344], [-7.261464, 42.156295], [-7.26155, 42.156169], [-7.261613, 42.155985], [-7.261505, 42.155789], [-7.261243, 42.15561], [-7.260696, 42.155424], [-7.25995, 42.155261], [-7.259355, 42.154952], [-7.259003, 42.154547], [-7.258575, 42.154247], [-7.258136, 42.154099], [-7.257859, 42.153885], [-7.257787, 42.153639], [-7.257603, 42.153353], [-7.257334, 42.153071], [-7.256977, 42.152843], [-7.256587, 42.152704], [-7.256234, 42.152531], [-7.255972, 42.152352], [-7.255742, 42.151822], [-7.255578, 42.151021], [-7.255479, 42.150552], [-7.25546, 42.150486], [-7.255307, 42.150307], [-7.255043, 42.150042], [-7.254801, 42.149775], [-7.254618, 42.149548], [-7.254382, 42.149299], [-7.254291, 42.149216], [-7.254514, 42.149143], [-7.257549, 42.149311], [-7.258076, 42.148777], [-7.258098, 42.148267], [-7.258815, 42.14751], [-7.260092, 42.147794], [-7.260419, 42.148622], [-7.261357, 42.149788], [-7.262693, 42.150567], [-7.263856, 42.15163], [-7.265129, 42.152483], [-7.265362, 42.152696], [-7.265553, 42.152645], [-7.266119, 42.153454], [-7.266962, 42.154148], [-7.267745, 42.155143], [-7.269023, 42.15682], [-7.269536, 42.15706], [-7.27154, 42.158355], [-7.272279, 42.15903], [-7.272844, 42.159443], [-7.274058, 42.159889], [-7.274371, 42.159104], [-7.27453, 42.158638], [-7.274741, 42.158345], [-7.274756, 42.157722], [-7.274646, 42.15701], [-7.274635, 42.156465], [-7.274204, 42.155663], [-7.27366, 42.155319], [-7.273842, 42.154594], [-7.273955, 42.154136], [-7.273188, 42.153027], [-7.273003, 42.152731], [-7.272747, 42.152191], [-7.272702, 42.15187], [-7.272674, 42.151437], [-7.272481, 42.150776], [-7.272011, 42.150347], [-7.27131, 42.15014], [-7.271071, 42.150094], [-7.270685, 42.149303], [-7.269924, 42.14874], [-7.269537, 42.147415], [-7.269048, 42.146615], [-7.267608, 42.14636], [-7.266945, 42.145842], [-7.266647, 42.144819], [-7.26592, 42.144376], [-7.265113, 42.143948], [-7.263928, 42.143395], [-7.263325, 42.14258], [-7.26346, 42.14258], [-7.26354, 42.142566], [-7.263962, 42.142447], [-7.264662, 42.142242], [-7.265225, 42.142031], [-7.265564, 42.141847], [-7.26595, 42.141656], [-7.266323, 42.141487], [-7.266554, 42.14113], [-7.266608, 42.140641], [-7.266526, 42.140204], [-7.266321, 42.139885], [-7.265923, 42.139514], [-7.265394, 42.139148], [-7.264978, 42.13887], [-7.264739, 42.138724], [-7.264254, 42.13847], [-7.263597, 42.138146], [-7.262935, 42.137738], [-7.262778, 42.138114], [-7.262702, 42.138636]], [[-7.360322, 42.259403], [-7.360344, 42.259346], [-7.360342, 42.259286], [-7.360341, 42.259239], [-7.360341, 42.259237], [-7.36034, 42.259212], [-7.360338, 42.259175], [-7.360349, 42.259065], [-7.360371, 42.258974], [-7.360409, 42.258885], [-7.360457, 42.258812], [-7.360483, 42.258773], [-7.360487, 42.258727], [-7.36049, 42.258684], [-7.360492, 42.258662], [-7.360492, 42.258658], [-7.360492, 42.258657], [-7.360492, 42.258656], [-7.360493, 42.258648], [-7.360494, 42.258642], [-7.360497, 42.258596], [-7.360479, 42.258544], [-7.360473, 42.258528], [-7.360473, 42.258527], [-7.360473, 42.258526], [-7.36047, 42.258519], [-7.360463, 42.258498], [-7.360444, 42.258447], [-7.360458, 42.258332], [-7.360487, 42.258274], [-7.360509, 42.258232], [-7.360512, 42.258225], [-7.360513, 42.258223], [-7.360514, 42.258222], [-7.360514, 42.258221], [-7.360515, 42.25822], [-7.360516, 42.258217], [-7.36063, 42.258082], [-7.360687, 42.258032], [-7.360688, 42.258031], [-7.360689, 42.25803], [-7.36069, 42.258029], [-7.360691, 42.258029], [-7.360692, 42.258028], [-7.360706, 42.258015], [-7.360782, 42.257948], [-7.360864, 42.257876], [-7.360884, 42.257793], [-7.360901, 42.257716], [-7.360904, 42.257704], [-7.360905, 42.257702], [-7.360905, 42.257701], [-7.360907, 42.25769], [-7.360919, 42.257639], [-7.360939, 42.257555], [-7.360895, 42.257461], [-7.360855, 42.257373], [-7.360834, 42.257328], [-7.360819, 42.257295], [-7.360815, 42.257288], [-7.360815, 42.257286], [-7.360771, 42.257192], [-7.360735, 42.257131], [-7.360719, 42.257105], [-7.360697, 42.257069], [-7.360694, 42.257064], [-7.360693, 42.257061], [-7.360692, 42.25706], [-7.360687, 42.257051], [-7.36068, 42.25704], [-7.360667, 42.257019], [-7.36063, 42.256958], [-7.3606, 42.25693], [-7.360599, 42.25693], [-7.360599, 42.256929], [-7.360597, 42.256928], [-7.360591, 42.256922], [-7.360545, 42.25688], [-7.360486, 42.256791], [-7.360431, 42.256676], [-7.360374, 42.256517], [-7.360321, 42.256337], [-7.360271, 42.256162], [-7.360251, 42.256089], [-7.360234, 42.256029], [-7.360234, 42.256028], [-7.360233, 42.256024], [-7.360231, 42.256017], [-7.360195, 42.255878], [-7.360181, 42.255822], [-7.36018, 42.255818], [-7.360168, 42.255767], [-7.360153, 42.255707], [-7.360108, 42.255654], [-7.360066, 42.255606], [-7.360064, 42.255604], [-7.360064, 42.255603], [-7.360063, 42.255602], [-7.360061, 42.2556], [-7.360052, 42.255589], [-7.360025, 42.255558], [-7.359979, 42.255505], [-7.359903, 42.25546], [-7.359763, 42.255378], [-7.359687, 42.255333], [-7.359628, 42.255313], [-7.359519, 42.255277], [-7.35946, 42.255257], [-7.359418, 42.255262], [-7.359384, 42.255266], [-7.359383, 42.255266], [-7.359381, 42.255266], [-7.35938, 42.255266], [-7.359379, 42.255267], [-7.359378, 42.255267], [-7.359339, 42.255271], [-7.359271, 42.255262], [-7.359259, 42.255256], [-7.359257, 42.255255], [-7.359251, 42.255252], [-7.359247, 42.25525], [-7.359223, 42.255237], [-7.359187, 42.255189], [-7.359169, 42.255128], [-7.359151, 42.255062], [-7.359151, 42.255061], [-7.35915, 42.255057], [-7.359143, 42.255031], [-7.359136, 42.255], [-7.359121, 42.254933], [-7.35912, 42.254931], [-7.35912, 42.25493], [-7.359119, 42.254926], [-7.359116, 42.254912], [-7.359113, 42.254897], [-7.359108, 42.254871], [-7.359101, 42.254838], [-7.359089, 42.254806], [-7.359078, 42.254777], [-7.359077, 42.254777], [-7.359077, 42.254776], [-7.359077, 42.254775], [-7.359076, 42.254773], [-7.359066, 42.254748], [-7.359054, 42.254717], [-7.359036, 42.254687], [-7.359014, 42.254651], [-7.359012, 42.254648], [-7.359007, 42.25464], [-7.359004, 42.254636], [-7.359004, 42.254635], [-7.359003, 42.254634], [-7.359002, 42.254633], [-7.358984, 42.254604], [-7.358911, 42.254567], [-7.358903, 42.254563], [-7.358896, 42.254559], [-7.358891, 42.254557], [-7.35889, 42.254557], [-7.358885, 42.254554], [-7.358843, 42.254533], [-7.358775, 42.254498], [-7.358701, 42.254461], [-7.358572, 42.254417], [-7.358334, 42.254334], [-7.358117, 42.254248], [-7.358103, 42.254241], [-7.358102, 42.254241], [-7.358036, 42.254209], [-7.357955, 42.254171], [-7.357822, 42.254091], [-7.357737, 42.25402], [-7.357692, 42.253982], [-7.357647, 42.253964], [-7.357565, 42.253931], [-7.357521, 42.253914], [-7.357478, 42.253916], [-7.357433, 42.253919], [-7.357419, 42.25392], [-7.357414, 42.253921], [-7.357411, 42.253921], [-7.35741, 42.253921], [-7.357409, 42.253921], [-7.357408, 42.253921], [-7.357398, 42.253922], [-7.357296, 42.253911], [-7.357296, 42.25391], [-7.357295, 42.25391], [-7.357294, 42.25391], [-7.357292, 42.25391], [-7.357242, 42.253898], [-7.357187, 42.253885], [-7.357053, 42.25384], [-7.356915, 42.253782], [-7.356779, 42.253726], [-7.356778, 42.253726], [-7.356778, 42.253725], [-7.356723, 42.253703], [-7.356667, 42.253679], [-7.35656, 42.253634], [-7.356517, 42.253616], [-7.35648, 42.253601], [-7.356475, 42.253598], [-7.356474, 42.253598], [-7.356427, 42.253578], [-7.356394, 42.253567], [-7.356333, 42.253545], [-7.356299, 42.253534], [-7.35628, 42.25353], [-7.356273, 42.253529], [-7.356271, 42.253529], [-7.356271, 42.253528], [-7.35627, 42.253528], [-7.356269, 42.253528], [-7.356261, 42.253527], [-7.356243, 42.253524], [-7.356223, 42.25352], [-7.35618, 42.253523], [-7.356101, 42.253528], [-7.356058, 42.253531], [-7.355991, 42.25354], [-7.355869, 42.253557], [-7.355751, 42.253561], [-7.355655, 42.25355], [-7.355565, 42.253522], [-7.355531, 42.253503], [-7.355503, 42.253487], [-7.355502, 42.253487], [-7.355502, 42.253486], [-7.355501, 42.253486], [-7.3555, 42.253485], [-7.355496, 42.253483], [-7.355431, 42.253429], [-7.355382, 42.253369], [-7.355339, 42.253293], [-7.355324, 42.253253], [-7.35531, 42.253213], [-7.355294, 42.253169], [-7.355267, 42.253146], [-7.355216, 42.253104], [-7.355189, 42.25308], [-7.355151, 42.253078], [-7.355148, 42.253078], [-7.355147, 42.253078], [-7.355144, 42.253077], [-7.35513, 42.253076], [-7.355115, 42.253076], [-7.35508, 42.253073], [-7.354987, 42.253059], [-7.354936, 42.253049], [-7.354885, 42.253039], [-7.354758, 42.253007], [-7.354626, 42.25297], [-7.354509, 42.252932], [-7.354427, 42.252897], [-7.354364, 42.25286], [-7.354363, 42.252859], [-7.354362, 42.252858], [-7.354361, 42.252857], [-7.354358, 42.252854], [-7.354331, 42.252827], [-7.354314, 42.25281], [-7.35428, 42.252798], [-7.354219, 42.252777], [-7.354186, 42.252765], [-7.354137, 42.25276], [-7.354092, 42.252755], [-7.354047, 42.252749], [-7.353999, 42.252744], [-7.353966, 42.25275], [-7.353905, 42.25276], [-7.353873, 42.252766], [-7.353856, 42.252783], [-7.35384, 42.252799], [-7.353824, 42.252814], [-7.353761, 42.252832], [-7.353718, 42.252833], [-7.3537, 42.252834], [-7.353698, 42.252834], [-7.353697, 42.252834], [-7.353696, 42.252834], [-7.353674, 42.252834], [-7.353551, 42.252821], [-7.35355, 42.252821], [-7.353548, 42.252821], [-7.353546, 42.25282], [-7.353545, 42.25282], [-7.353541, 42.252819], [-7.353519, 42.252815], [-7.353481, 42.252808], [-7.35341, 42.252794], [-7.353288, 42.252757], [-7.353245, 42.252735], [-7.353211, 42.252718], [-7.353208, 42.252716], [-7.353205, 42.252715], [-7.353203, 42.252714], [-7.353141, 42.252658], [-7.353127, 42.252629], [-7.353125, 42.252625], [-7.353119, 42.252614], [-7.353119, 42.252613], [-7.353119, 42.252612], [-7.353112, 42.252599], [-7.353097, 42.252567], [-7.353027, 42.252533], [-7.352963, 42.252501], [-7.352948, 42.252494], [-7.352946, 42.252493], [-7.352943, 42.252491], [-7.352936, 42.252488], [-7.352929, 42.252485], [-7.352898, 42.25247], [-7.352829, 42.252435], [-7.352705, 42.252399], [-7.352637, 42.252379], [-7.352634, 42.252378], [-7.352633, 42.252378], [-7.352632, 42.252377], [-7.35263, 42.252377], [-7.352625, 42.252375], [-7.352591, 42.252365], [-7.352477, 42.252332], [-7.352288, 42.252265], [-7.352265, 42.252254], [-7.35226, 42.252252], [-7.352259, 42.252251], [-7.352258, 42.252251], [-7.352257, 42.25225], [-7.352252, 42.252248], [-7.352228, 42.252237], [-7.352167, 42.252209], [-7.352095, 42.252154], [-7.352082, 42.252109], [-7.352074, 42.252085], [-7.352051, 42.252063], [-7.352028, 42.252042], [-7.35201, 42.252024], [-7.352009, 42.252023], [-7.352008, 42.252023], [-7.352007, 42.252022], [-7.352007, 42.252021], [-7.352006, 42.252021], [-7.351983, 42.251999], [-7.351942, 42.251978], [-7.351904, 42.251959], [-7.351888, 42.25195], [-7.351886, 42.251949], [-7.351885, 42.251949], [-7.351884, 42.251948], [-7.351867, 42.25194], [-7.351826, 42.251919], [-7.351774, 42.251922], [-7.351763, 42.251923], [-7.351759, 42.251923], [-7.351749, 42.251924], [-7.351748, 42.251924], [-7.351746, 42.251924], [-7.351738, 42.251924], [-7.351726, 42.251925], [-7.351678, 42.251928], [-7.351625, 42.251932], [-7.351561, 42.251959], [-7.351502, 42.251984], [-7.351443, 42.25201], [-7.351334, 42.252039], [-7.351251, 42.252043], [-7.351181, 42.252022], [-7.351178, 42.25202], [-7.351177, 42.252018], [-7.351175, 42.252017], [-7.351174, 42.252016], [-7.351174, 42.252015], [-7.351172, 42.252014], [-7.351157, 42.252], [-7.351133, 42.251978], [-7.351108, 42.251955], [-7.351076, 42.251939], [-7.351071, 42.251936], [-7.351069, 42.251935], [-7.351068, 42.251935], [-7.351065, 42.251933], [-7.351047, 42.251923], [-7.351018, 42.251908], [-7.350986, 42.251892], [-7.350949, 42.251882], [-7.350914, 42.251873], [-7.35088, 42.251864], [-7.350843, 42.251854], [-7.350772, 42.251847], [-7.350706, 42.25184], [-7.350696, 42.251839], [-7.350695, 42.251839], [-7.350692, 42.251839], [-7.350685, 42.251838], [-7.350677, 42.251837], [-7.350662, 42.251836], [-7.35064, 42.251833], [-7.350569, 42.251826], [-7.350464, 42.251821], [-7.350367, 42.251817], [-7.350279, 42.251813], [-7.350271, 42.251812], [-7.35027, 42.251812], [-7.350166, 42.251807], [-7.350109, 42.251823], [-7.350005, 42.251852], [-7.349948, 42.251868], [-7.34994, 42.251904], [-7.349932, 42.251937], [-7.349929, 42.251952], [-7.349929, 42.251954], [-7.349928, 42.251955], [-7.349928, 42.251956], [-7.349927, 42.251961], [-7.349925, 42.251969], [-7.349925, 42.251971], [-7.349897, 42.252042], [-7.349897, 42.252043], [-7.349896, 42.252043], [-7.349895, 42.252045], [-7.349879, 42.252074], [-7.349861, 42.252106], [-7.349811, 42.252174], [-7.349753, 42.252235], [-7.349722, 42.252268], [-7.349721, 42.252296], [-7.349719, 42.252348], [-7.349718, 42.252376], [-7.349747, 42.252399], [-7.349773, 42.25242], [-7.349795, 42.252438], [-7.349799, 42.252441], [-7.349828, 42.252464], [-7.349868, 42.252471], [-7.349941, 42.252484], [-7.349981, 42.252491], [-7.350031, 42.252482], [-7.350125, 42.252466], [-7.350193, 42.252467], [-7.350224, 42.252485], [-7.350224, 42.252523], [-7.350219, 42.252532], [-7.350217, 42.252536], [-7.350214, 42.25254], [-7.350214, 42.252541], [-7.350213, 42.252542], [-7.350209, 42.252549], [-7.350194, 42.252576], [-7.350123, 42.252625], [-7.350074, 42.252644], [-7.350066, 42.252647], [-7.350065, 42.252648], [-7.350061, 42.252649], [-7.350058, 42.252651], [-7.35005, 42.252654], [-7.350025, 42.252664], [-7.349881, 42.252698], [-7.349798, 42.25271], [-7.349715, 42.252723], [-7.349562, 42.252716], [-7.349447, 42.252678], [-7.34935, 42.252603], [-7.349347, 42.252599], [-7.349347, 42.252598], [-7.349344, 42.252595], [-7.349318, 42.252553], [-7.349286, 42.252503], [-7.34922, 42.252391], [-7.349162, 42.252283], [-7.349103, 42.252162], [-7.349052, 42.252047], [-7.349, 42.251914], [-7.348956, 42.251785], [-7.348913, 42.251637], [-7.348876, 42.251493], [-7.348856, 42.251416], [-7.34883, 42.251394], [-7.34878, 42.251353], [-7.348753, 42.251331], [-7.348719, 42.251365], [-7.348657, 42.251427], [-7.348623, 42.251461], [-7.348608, 42.251502], [-7.348594, 42.25154], [-7.348586, 42.251563], [-7.348586, 42.251564], [-7.348581, 42.251577], [-7.348566, 42.251618], [-7.348571, 42.251666], [-7.348575, 42.25171], [-7.34858, 42.251754], [-7.348565, 42.251827], [-7.348547, 42.251849], [-7.348539, 42.251859], [-7.348537, 42.251861], [-7.348536, 42.251862], [-7.348536, 42.251863], [-7.348533, 42.251867], [-7.348529, 42.251871], [-7.348466, 42.251896], [-7.348438, 42.251897], [-7.348436, 42.251897], [-7.348421, 42.251897], [-7.348416, 42.251897], [-7.348385, 42.251898], [-7.348341, 42.251898], [-7.348282, 42.251933], [-7.348276, 42.251937], [-7.348174, 42.251997], [-7.348115, 42.252031], [-7.348041, 42.2521], [-7.347973, 42.252163], [-7.347905, 42.252227], [-7.347831, 42.252295], [-7.34777, 42.252362], [-7.347715, 42.252423], [-7.347659, 42.252484], [-7.347598, 42.25255], [-7.347551, 42.252614], [-7.347508, 42.252673], [-7.347464, 42.252732], [-7.347417, 42.252796], [-7.347441, 42.252818], [-7.347442, 42.252819], [-7.347463, 42.252839], [-7.347485, 42.25286], [-7.347509, 42.252882], [-7.347604, 42.252864], [-7.347669, 42.252851], [-7.34767, 42.25285], [-7.347672, 42.25285], [-7.34768, 42.252848], [-7.347685, 42.252847], [-7.347691, 42.252846], [-7.347779, 42.252829], [-7.347931, 42.252829], [-7.348037, 42.252864], [-7.348114, 42.25294], [-7.348131, 42.252987], [-7.348143, 42.253023], [-7.348144, 42.253025], [-7.348151, 42.253045], [-7.348179, 42.253135], [-7.348186, 42.253166], [-7.348193, 42.253191], [-7.348194, 42.253196], [-7.348194, 42.253197], [-7.348199, 42.25324], [-7.348199, 42.253241], [-7.348198, 42.253241], [-7.348198, 42.253242], [-7.348198, 42.253243], [-7.348193, 42.253258], [-7.348159, 42.253265], [-7.348102, 42.25326], [-7.348014, 42.253242], [-7.34796, 42.253227], [-7.347959, 42.253227], [-7.347958, 42.253227], [-7.347951, 42.253225], [-7.347932, 42.25322], [-7.347907, 42.253213], [-7.347849, 42.253198], [-7.347785, 42.2532], [-7.347727, 42.253201], [-7.347668, 42.253203], [-7.347604, 42.253205], [-7.347534, 42.253224], [-7.347524, 42.253227], [-7.347521, 42.253228], [-7.34752, 42.253228], [-7.347519, 42.253228], [-7.347499, 42.253234], [-7.34748, 42.253239], [-7.347406, 42.253259], [-7.347336, 42.253278], [-7.347306, 42.253336], [-7.34725, 42.253442], [-7.34722, 42.253499], [-7.34723, 42.253595], [-7.347238, 42.253684], [-7.347239, 42.253691], [-7.347242, 42.253722], [-7.347243, 42.253728], [-7.347243, 42.253731], [-7.347247, 42.253772], [-7.347245, 42.253919], [-7.347241, 42.253932], [-7.347241, 42.253934], [-7.347239, 42.253943], [-7.347234, 42.253966], [-7.347223, 42.254012], [-7.347178, 42.254069], [-7.347118, 42.25408], [-7.347085, 42.254085], [-7.347052, 42.254121], [-7.34699, 42.254188], [-7.346957, 42.254224], [-7.346923, 42.25429], [-7.346905, 42.254325], [-7.346897, 42.254342], [-7.346894, 42.254348], [-7.346893, 42.254349], [-7.346893, 42.25435], [-7.346892, 42.25435], [-7.346892, 42.254351], [-7.346861, 42.254412], [-7.346827, 42.254478], [-7.346843, 42.254534], [-7.346873, 42.254635], [-7.346889, 42.254691], [-7.346956, 42.254735], [-7.347017, 42.254775], [-7.347078, 42.254816], [-7.347198, 42.254919], [-7.347247, 42.254974], [-7.347296, 42.255028], [-7.34739, 42.255162], [-7.347418, 42.255212], [-7.347422, 42.25522], [-7.347423, 42.255221], [-7.347423, 42.255222], [-7.347426, 42.255226], [-7.347428, 42.25523], [-7.347465, 42.255298], [-7.347544, 42.255443], [-7.347614, 42.255572], [-7.347686, 42.255707], [-7.347751, 42.255829], [-7.347786, 42.255895], [-7.347819, 42.255936], [-7.347878, 42.256011], [-7.347911, 42.256051], [-7.34794, 42.256067], [-7.347995, 42.256096], [-7.348025, 42.256112], [-7.348034, 42.256085], [-7.348043, 42.25606], [-7.348048, 42.256043], [-7.348049, 42.256041], [-7.348049, 42.25604], [-7.34805, 42.256039], [-7.34805, 42.256037], [-7.348051, 42.256035], [-7.348061, 42.256007], [-7.348049, 42.255938], [-7.348039, 42.255873], [-7.348036, 42.255851], [-7.348035, 42.255848], [-7.348035, 42.255847], [-7.348035, 42.255846], [-7.348034, 42.255844], [-7.348029, 42.255808], [-7.348034, 42.255699], [-7.34805, 42.255664], [-7.348058, 42.255645], [-7.348058, 42.255644], [-7.348059, 42.255643], [-7.348059, 42.255641], [-7.348061, 42.255637], [-7.348065, 42.255628], [-7.348127, 42.255581], [-7.348209, 42.255567], [-7.348281, 42.25558], [-7.34833, 42.255618], [-7.348365, 42.255689], [-7.348372, 42.255734], [-7.34838, 42.25578], [-7.348388, 42.25583], [-7.348409, 42.255863], [-7.348412, 42.255869], [-7.348413, 42.255869], [-7.348417, 42.255876], [-7.348428, 42.255894], [-7.348447, 42.255925], [-7.348468, 42.255959], [-7.348502, 42.255976], [-7.348532, 42.255992], [-7.348543, 42.255997], [-7.348545, 42.255999], [-7.348546, 42.255999], [-7.348547, 42.256], [-7.348563, 42.256008], [-7.348644, 42.256058], [-7.348706, 42.256101], [-7.348708, 42.256102], [-7.348709, 42.256103], [-7.34871, 42.256104], [-7.348711, 42.256104], [-7.348723, 42.256112], [-7.348731, 42.256118], [-7.348839, 42.256197], [-7.348895, 42.256241], [-7.348908, 42.256251], [-7.348912, 42.256254], [-7.348914, 42.256256], [-7.348915, 42.256256], [-7.348918, 42.256259], [-7.348951, 42.256285], [-7.349045, 42.256368], [-7.349105, 42.256435], [-7.349142, 42.256496], [-7.349146, 42.256519], [-7.349146, 42.25652], [-7.349146, 42.256521], [-7.349146, 42.256523], [-7.349149, 42.256541], [-7.349154, 42.256566], [-7.349227, 42.256577], [-7.349295, 42.256586], [-7.349363, 42.256596], [-7.349437, 42.256606], [-7.34958, 42.256602], [-7.349844, 42.256594], [-7.35005, 42.256613], [-7.350166, 42.256655], [-7.350213, 42.256727], [-7.350182, 42.256818], [-7.350165, 42.256867], [-7.350201, 42.256899], [-7.350213, 42.25691], [-7.350214, 42.256911], [-7.350215, 42.256912], [-7.350216, 42.256913], [-7.350234, 42.256929], [-7.350267, 42.256958], [-7.350303, 42.25699], [-7.350392, 42.257005], [-7.350401, 42.257006], [-7.350402, 42.257006], [-7.350417, 42.257009], [-7.350429, 42.257011], [-7.350475, 42.257018], [-7.350557, 42.257032], [-7.350646, 42.257046], [-7.350751, 42.257037], [-7.350849, 42.257029], [-7.350946, 42.25702], [-7.351051, 42.257011], [-7.351173, 42.256978], [-7.351286, 42.256948], [-7.351362, 42.256928], [-7.351362, 42.256927], [-7.351363, 42.256927], [-7.351366, 42.256926], [-7.351377, 42.256923], [-7.351399, 42.256918], [-7.351591, 42.256877], [-7.35172, 42.256863], [-7.351807, 42.256873], [-7.351824, 42.25689], [-7.35184, 42.256906], [-7.351858, 42.256924], [-7.351888, 42.256931], [-7.351916, 42.256938], [-7.351935, 42.256943], [-7.351937, 42.256943], [-7.351938, 42.256944], [-7.351939, 42.256944], [-7.351941, 42.256944], [-7.351944, 42.256945], [-7.351975, 42.256953], [-7.352018, 42.25695], [-7.352058, 42.256947], [-7.352097, 42.256944], [-7.35214, 42.256941], [-7.352165, 42.256924], [-7.352211, 42.256893], [-7.352236, 42.256876], [-7.352242, 42.256844], [-7.352254, 42.256787], [-7.352274, 42.256732], [-7.352299, 42.256689], [-7.352333, 42.256651], [-7.352352, 42.256637], [-7.352371, 42.256623], [-7.352412, 42.256618], [-7.352431, 42.256627], [-7.352447, 42.256636], [-7.352448, 42.256636], [-7.352449, 42.256637], [-7.35245, 42.256637], [-7.35249, 42.256683], [-7.352503, 42.256706], [-7.352503, 42.256707], [-7.352504, 42.256708], [-7.352511, 42.256721], [-7.352527, 42.25675], [-7.352547, 42.256786], [-7.35257, 42.256807], [-7.352614, 42.256847], [-7.352637, 42.256868], [-7.352665, 42.256875], [-7.352715, 42.256888], [-7.352758, 42.256934], [-7.352764, 42.256948], [-7.352764, 42.256949], [-7.352765, 42.25695], [-7.352767, 42.256956], [-7.352773, 42.256971], [-7.352789, 42.257008], [-7.352811, 42.257122], [-7.352816, 42.257189], [-7.352822, 42.257257], [-7.352823, 42.257388], [-7.352817, 42.257453], [-7.352816, 42.257466], [-7.352816, 42.257467], [-7.352816, 42.257468], [-7.352814, 42.257494], [-7.352793, 42.257594], [-7.352785, 42.257616], [-7.352784, 42.257617], [-7.352784, 42.257618], [-7.352784, 42.257619], [-7.352783, 42.25762], [-7.352764, 42.257672], [-7.352748, 42.257714], [-7.352746, 42.257751], [-7.352744, 42.257784], [-7.352742, 42.257818], [-7.352741, 42.257854], [-7.352753, 42.257884], [-7.352764, 42.257912], [-7.352775, 42.25794], [-7.352796, 42.257995], [-7.352804, 42.258017], [-7.352805, 42.25802], [-7.352805, 42.258021], [-7.352806, 42.258024], [-7.352808, 42.258028], [-7.35281, 42.258035], [-7.352812, 42.258039], [-7.352825, 42.258081], [-7.352835, 42.258113], [-7.35284, 42.258131], [-7.352866, 42.25816], [-7.352873, 42.258168], [-7.352875, 42.25817], [-7.352876, 42.258171], [-7.352876, 42.258172], [-7.352879, 42.258175], [-7.35289, 42.258187], [-7.352914, 42.258214], [-7.35294, 42.258243], [-7.352986, 42.258284], [-7.353072, 42.258359], [-7.353126, 42.258437], [-7.353133, 42.258468], [-7.353133, 42.258469], [-7.353133, 42.25847], [-7.353134, 42.258472], [-7.353141, 42.258507], [-7.353119, 42.258581], [-7.353114, 42.258587], [-7.353112, 42.258589], [-7.353112, 42.25859], [-7.353108, 42.258594], [-7.353102, 42.258601], [-7.353091, 42.258614], [-7.353063, 42.258646], [-7.353033, 42.258682], [-7.353032, 42.258718], [-7.353032, 42.258722], [-7.353032, 42.258724], [-7.353032, 42.258725], [-7.353032, 42.258729], [-7.353032, 42.258751], [-7.353031, 42.258784], [-7.353031, 42.25882], [-7.353061, 42.258857], [-7.353063, 42.25886], [-7.353065, 42.258863], [-7.353067, 42.258865], [-7.353068, 42.258866], [-7.353069, 42.258867], [-7.35307, 42.258869], [-7.353088, 42.258891], [-7.353115, 42.258925], [-7.353145, 42.258961], [-7.353212, 42.258981], [-7.353249, 42.258992], [-7.353256, 42.258994], [-7.353262, 42.258996], [-7.353264, 42.258996], [-7.353266, 42.258997], [-7.353268, 42.258997], [-7.353274, 42.258999], [-7.353335, 42.259017], [-7.353402, 42.259037], [-7.353507, 42.259039], [-7.353699, 42.259044], [-7.353803, 42.259047], [-7.353879, 42.259011], [-7.354018, 42.258943], [-7.354094, 42.258907], [-7.354141, 42.258832], [-7.354184, 42.258762], [-7.354227, 42.258692], [-7.354274, 42.258617], [-7.354289, 42.258568], [-7.35429, 42.258566], [-7.354298, 42.258541], [-7.3543, 42.258532], [-7.354301, 42.258529], [-7.354305, 42.258518], [-7.354308, 42.258507], [-7.35431, 42.2585], [-7.354317, 42.258477], [-7.354333, 42.258428], [-7.354317, 42.258405], [-7.354302, 42.258384], [-7.354299, 42.258381], [-7.354295, 42.258375], [-7.354295, 42.258374], [-7.354294, 42.258374], [-7.354293, 42.258372], [-7.354287, 42.258363], [-7.354274, 42.258318], [-7.354276, 42.258297], [-7.354277, 42.258293], [-7.354277, 42.25829], [-7.354277, 42.258289], [-7.354277, 42.258288], [-7.354279, 42.258277], [-7.354303, 42.258232], [-7.354304, 42.258231], [-7.354343, 42.25819], [-7.354365, 42.258168], [-7.354371, 42.258143], [-7.354378, 42.258119], [-7.35438, 42.258109], [-7.354383, 42.258099], [-7.354384, 42.258096], [-7.35439, 42.25807], [-7.354382, 42.258041], [-7.354366, 42.257988], [-7.354365, 42.257927], [-7.354372, 42.257897], [-7.354376, 42.25788], [-7.354377, 42.257879], [-7.354377, 42.257875], [-7.35438, 42.257867], [-7.354411, 42.257797], [-7.354433, 42.257764], [-7.354455, 42.25773], [-7.354478, 42.257693], [-7.354441, 42.257664], [-7.354407, 42.257636], [-7.354389, 42.257622], [-7.354389, 42.257621], [-7.354388, 42.257621], [-7.354387, 42.257621], [-7.354386, 42.25762], [-7.354382, 42.257616], [-7.354373, 42.257609], [-7.354336, 42.25758], [-7.354239, 42.257557], [-7.354235, 42.257556], [-7.354149, 42.257537], [-7.354059, 42.257516], [-7.353891, 42.257452], [-7.353826, 42.257414], [-7.353762, 42.257376], [-7.353649, 42.257276], [-7.35357, 42.257165], [-7.353519, 42.257051], [-7.353518, 42.257044], [-7.353518, 42.257043], [-7.353518, 42.257042], [-7.353517, 42.257034], [-7.353516, 42.257032], [-7.353516, 42.25703], [-7.353513, 42.257006], [-7.353504, 42.256951], [-7.353523, 42.256848], [-7.353571, 42.256758], [-7.353634, 42.256688], [-7.353667, 42.256668], [-7.3537, 42.256648], [-7.353782, 42.256633], [-7.353809, 42.256637], [-7.353812, 42.256637], [-7.353814, 42.256637], [-7.353816, 42.256637], [-7.353824, 42.256638], [-7.353866, 42.256644], [-7.353949, 42.256674], [-7.354017, 42.256717], [-7.354081, 42.256783], [-7.354133, 42.256859], [-7.354161, 42.256901], [-7.354216, 42.256934], [-7.354238, 42.256947], [-7.354265, 42.256964], [-7.354269, 42.256966], [-7.35427, 42.256967], [-7.354271, 42.256967], [-7.354271, 42.256968], [-7.354278, 42.256971], [-7.354318, 42.256996], [-7.354373, 42.257029], [-7.354456, 42.257054], [-7.354532, 42.257077], [-7.354608, 42.2571], [-7.35475, 42.257154], [-7.354858, 42.257208], [-7.354952, 42.257271], [-7.354968, 42.257286], [-7.354977, 42.257295], [-7.354978, 42.257295], [-7.354978, 42.257296], [-7.35498, 42.257298], [-7.354984, 42.257301], [-7.355016, 42.257332], [-7.355051, 42.257366], [-7.355091, 42.257353], [-7.355166, 42.257329], [-7.355206, 42.257316], [-7.355251, 42.257257], [-7.355293, 42.257203], [-7.355325, 42.257161], [-7.355326, 42.25716], [-7.355327, 42.257159], [-7.355328, 42.257158], [-7.355332, 42.257152], [-7.355335, 42.257148], [-7.35538, 42.25709], [-7.355401, 42.257038], [-7.355405, 42.257028], [-7.355406, 42.257027], [-7.35542, 42.256991], [-7.35544, 42.256944], [-7.355461, 42.256892], [-7.355457, 42.256849], [-7.355454, 42.256809], [-7.355454, 42.256807], [-7.355454, 42.256806], [-7.355454, 42.256804], [-7.355453, 42.256795], [-7.355451, 42.256769], [-7.355469, 42.256703], [-7.355509, 42.256662], [-7.355578, 42.256638], [-7.355664, 42.256636], [-7.355739, 42.25665], [-7.355747, 42.256654], [-7.355759, 42.25666], [-7.355764, 42.256663], [-7.35579, 42.256677], [-7.355827, 42.256723], [-7.355844, 42.25678], [-7.355853, 42.256811], [-7.355878, 42.256817], [-7.355925, 42.256828], [-7.35595, 42.256834], [-7.355992, 42.256815], [-7.356005, 42.256809], [-7.356008, 42.256807], [-7.356013, 42.256805], [-7.356014, 42.256805], [-7.356015, 42.256804], [-7.35603, 42.256798], [-7.356068, 42.25678], [-7.356136, 42.256764], [-7.356159, 42.256766], [-7.356183, 42.256768], [-7.356219, 42.256794], [-7.356227, 42.256812], [-7.356227, 42.256813], [-7.356228, 42.256814], [-7.356228, 42.256815], [-7.356228, 42.256816], [-7.356238, 42.256838], [-7.356248, 42.256862], [-7.356275, 42.256863], [-7.356325, 42.256865], [-7.356352, 42.256866], [-7.356395, 42.256845], [-7.356436, 42.256825], [-7.356472, 42.256807], [-7.356473, 42.256807], [-7.356473, 42.256806], [-7.356474, 42.256806], [-7.356475, 42.256805], [-7.356476, 42.256805], [-7.35652, 42.256783], [-7.356543, 42.25675], [-7.356565, 42.25672], [-7.356586, 42.256689], [-7.356609, 42.256656], [-7.356612, 42.256612], [-7.356614, 42.256571], [-7.356617, 42.256529], [-7.356651, 42.256443], [-7.356662, 42.256429], [-7.356663, 42.256428], [-7.356664, 42.256427], [-7.356665, 42.256426], [-7.356665, 42.256425], [-7.35668, 42.256405], [-7.35671, 42.256367], [-7.356802, 42.256287], [-7.356858, 42.256251], [-7.356888, 42.256232], [-7.356906, 42.256221], [-7.356909, 42.256219], [-7.35691, 42.256219], [-7.356912, 42.256217], [-7.356913, 42.256217], [-7.356914, 42.256216], [-7.357053, 42.256154], [-7.357197, 42.256112], [-7.35737, 42.256082], [-7.357545, 42.256068], [-7.35764, 42.256061], [-7.357718, 42.256032], [-7.35779, 42.256006], [-7.357862, 42.25598], [-7.35794, 42.255951], [-7.358, 42.255901], [-7.358056, 42.255855], [-7.358112, 42.255808], [-7.358222, 42.255745], [-7.358253, 42.255737], [-7.358257, 42.255736], [-7.358265, 42.255734], [-7.358265, 42.255733], [-7.35827, 42.255732], [-7.358313, 42.255721], [-7.358401, 42.255731], [-7.358471, 42.255774], [-7.35851, 42.255798], [-7.358572, 42.255807], [-7.358617, 42.255813], [-7.35862, 42.255813], [-7.358623, 42.255814], [-7.358624, 42.255814], [-7.358625, 42.255814], [-7.358629, 42.255815], [-7.358687, 42.255823], [-7.358749, 42.255832], [-7.358835, 42.255826], [-7.358994, 42.255815], [-7.359115, 42.255821], [-7.359179, 42.255842], [-7.359197, 42.255882], [-7.359166, 42.255934], [-7.359098, 42.255976], [-7.359051, 42.255989], [-7.359004, 42.256001], [-7.358868, 42.256013], [-7.35879, 42.256012], [-7.358738, 42.256011], [-7.358728, 42.256011], [-7.358723, 42.256011], [-7.358721, 42.256011], [-7.35872, 42.256011], [-7.358717, 42.256011], [-7.358711, 42.256011], [-7.358626, 42.256009], [-7.358587, 42.256025], [-7.358586, 42.256026], [-7.358584, 42.256027], [-7.358583, 42.256027], [-7.358582, 42.256027], [-7.358582, 42.256028], [-7.358575, 42.25603], [-7.358515, 42.256055], [-7.358476, 42.256071], [-7.358482, 42.256105], [-7.358489, 42.256136], [-7.358489, 42.256138], [-7.358489, 42.25614], [-7.358495, 42.256167], [-7.358486, 42.256223], [-7.35848, 42.256233], [-7.358472, 42.256243], [-7.358458, 42.256264], [-7.358405, 42.256298], [-7.358404, 42.256298], [-7.358403, 42.256299], [-7.358402, 42.256299], [-7.358401, 42.256299], [-7.358387, 42.256304], [-7.358336, 42.256319], [-7.358298, 42.25633], [-7.358278, 42.256356], [-7.358259, 42.256379], [-7.358251, 42.256389], [-7.35825, 42.256389], [-7.358249, 42.256391], [-7.358247, 42.256394], [-7.358243, 42.256399], [-7.35824, 42.256403], [-7.358219, 42.256429], [-7.358215, 42.256469], [-7.358214, 42.256477], [-7.358213, 42.256493], [-7.358212, 42.256496], [-7.358212, 42.256497], [-7.358211, 42.256506], [-7.358208, 42.256543], [-7.358183, 42.256591], [-7.358177, 42.256593], [-7.358173, 42.256595], [-7.358172, 42.256596], [-7.358171, 42.256596], [-7.35817, 42.256596], [-7.358163, 42.256599], [-7.358144, 42.256607], [-7.358085, 42.256591], [-7.358072, 42.256583], [-7.35807, 42.256582], [-7.358069, 42.256582], [-7.358066, 42.25658], [-7.358049, 42.25657], [-7.358014, 42.256548], [-7.357976, 42.256525], [-7.357927, 42.256512], [-7.357881, 42.256501], [-7.357836, 42.25649], [-7.357787, 42.256477], [-7.357727, 42.256476], [-7.357616, 42.256474], [-7.357557, 42.256473], [-7.357503, 42.256489], [-7.357405, 42.256519], [-7.357352, 42.256535], [-7.357305, 42.256569], [-7.357262, 42.2566], [-7.357244, 42.256613], [-7.35724, 42.256616], [-7.357238, 42.256618], [-7.357233, 42.256622], [-7.35723, 42.256623], [-7.357219, 42.256631], [-7.357173, 42.256665], [-7.357194, 42.256695], [-7.357214, 42.256722], [-7.357215, 42.256724], [-7.357216, 42.256725], [-7.357223, 42.256735], [-7.357234, 42.25675], [-7.357255, 42.25678], [-7.357344, 42.256806], [-7.357509, 42.256854], [-7.357598, 42.256881], [-7.357664, 42.256896], [-7.357672, 42.256898], [-7.357687, 42.256901], [-7.357688, 42.256901], [-7.35769, 42.256902], [-7.357695, 42.256903], [-7.357701, 42.256904], [-7.357724, 42.25691], [-7.357785, 42.256924], [-7.357851, 42.256939], [-7.357893, 42.256943], [-7.357931, 42.256947], [-7.357933, 42.256947], [-7.357935, 42.256948], [-7.357939, 42.256948], [-7.357948, 42.256949], [-7.35797, 42.256951], [-7.358026, 42.256969], [-7.358038, 42.256982], [-7.358051, 42.256995], [-7.358049, 42.257032], [-7.358021, 42.257076], [-7.358006, 42.257099], [-7.358005, 42.257137], [-7.358003, 42.257182], [-7.358003, 42.257188], [-7.358003, 42.257191], [-7.358002, 42.257193], [-7.358002, 42.257206], [-7.358, 42.257243], [-7.358012, 42.257294], [-7.358023, 42.257342], [-7.358034, 42.257389], [-7.358044, 42.257485], [-7.358043, 42.25749], [-7.358043, 42.257493], [-7.358043, 42.257494], [-7.358043, 42.257497], [-7.358041, 42.257526], [-7.358039, 42.257567], [-7.358019, 42.257649], [-7.357988, 42.257719], [-7.35794, 42.257771], [-7.357913, 42.257785], [-7.357885, 42.257798], [-7.357811, 42.257804], [-7.357793, 42.257801], [-7.357786, 42.257799], [-7.357784, 42.257799], [-7.357781, 42.257798], [-7.35778, 42.257798], [-7.357778, 42.257798], [-7.357771, 42.257796], [-7.357731, 42.257788], [-7.357688, 42.25778], [-7.357657, 42.257817], [-7.357599, 42.257887], [-7.357568, 42.257925], [-7.357549, 42.25801], [-7.357547, 42.258018], [-7.357545, 42.258029], [-7.357544, 42.258033], [-7.357543, 42.258037], [-7.357542, 42.258043], [-7.35754, 42.25805], [-7.357538, 42.258059], [-7.357514, 42.258166], [-7.357495, 42.258251], [-7.3575, 42.258301], [-7.357505, 42.258347], [-7.35751, 42.258393], [-7.357515, 42.258443], [-7.357545, 42.258459], [-7.357573, 42.258473], [-7.357576, 42.258475], [-7.357577, 42.258476], [-7.357578, 42.258476], [-7.357579, 42.258477], [-7.357586, 42.258481], [-7.3576, 42.258488], [-7.357632, 42.258529], [-7.357637, 42.258575], [-7.357616, 42.258634], [-7.357608, 42.258646], [-7.357606, 42.258648], [-7.357605, 42.258649], [-7.357605, 42.25865], [-7.357603, 42.258651], [-7.357593, 42.258666], [-7.357571, 42.258698], [-7.357546, 42.258732], [-7.357543, 42.258763], [-7.357536, 42.25882], [-7.357533, 42.258851], [-7.35755, 42.258878], [-7.357582, 42.258928], [-7.357604, 42.258981], [-7.357608, 42.259005], [-7.357609, 42.25901], [-7.35761, 42.259013], [-7.35761, 42.259014], [-7.35761, 42.259017], [-7.357612, 42.259023], [-7.357612, 42.259029], [-7.357609, 42.259079], [-7.357601, 42.259102], [-7.357598, 42.259111], [-7.357597, 42.259112], [-7.357596, 42.259115], [-7.357596, 42.259117], [-7.357593, 42.259125], [-7.35757, 42.25918], [-7.357543, 42.259236], [-7.357508, 42.259302], [-7.357498, 42.25932], [-7.357497, 42.259321], [-7.357497, 42.259322], [-7.357496, 42.259323], [-7.35747, 42.259369], [-7.357449, 42.259405], [-7.357467, 42.259419], [-7.357501, 42.259446], [-7.357519, 42.25946], [-7.357576, 42.259452], [-7.357682, 42.259438], [-7.35774, 42.25943], [-7.357784, 42.259411], [-7.357825, 42.259393], [-7.357866, 42.259375], [-7.357911, 42.259356], [-7.357942, 42.259325], [-7.357945, 42.259323], [-7.357947, 42.25932], [-7.357948, 42.25932], [-7.357948, 42.259319], [-7.357971, 42.259296], [-7.358001, 42.259267], [-7.358066, 42.259255], [-7.358097, 42.259272], [-7.358128, 42.259289], [-7.358197, 42.259375], [-7.35823, 42.259438], [-7.358235, 42.259448], [-7.358236, 42.259449], [-7.358237, 42.25945], [-7.358238, 42.259453], [-7.358239, 42.259455], [-7.358256, 42.259487], [-7.358263, 42.259501], [-7.358299, 42.259569], [-7.358367, 42.259593], [-7.35843, 42.259615], [-7.358493, 42.259637], [-7.358562, 42.259661], [-7.358662, 42.259642], [-7.35867, 42.25964], [-7.358671, 42.25964], [-7.358672, 42.25964], [-7.358673, 42.25964], [-7.358674, 42.259639], [-7.358755, 42.259623], [-7.358848, 42.259605], [-7.359009, 42.259593], [-7.359065, 42.2596], [-7.359121, 42.259608], [-7.359201, 42.259652], [-7.35922, 42.259685], [-7.359238, 42.259718], [-7.359258, 42.259754], [-7.359313, 42.259776], [-7.359415, 42.259816], [-7.35947, 42.259837], [-7.35956, 42.259845], [-7.359726, 42.259859], [-7.359816, 42.259866], [-7.359884, 42.259843], [-7.359947, 42.259821], [-7.35998, 42.25981], [-7.359988, 42.259807], [-7.359991, 42.259806], [-7.359992, 42.259806], [-7.359994, 42.259805], [-7.36, 42.259803], [-7.36001, 42.259799], [-7.360079, 42.259776], [-7.360125, 42.259721], [-7.360212, 42.25962], [-7.360258, 42.259566], [-7.360281, 42.259509], [-7.360301, 42.259456], [-7.360304, 42.259449], [-7.360306, 42.259443], [-7.36031, 42.259434], [-7.360322, 42.259403]], [[-7.332323, 42.320503], [-7.331375, 42.320239], [-7.330861, 42.319847], [-7.330449, 42.319677], [-7.330104, 42.319737], [-7.329873, 42.319938], [-7.329636, 42.320489], [-7.329596, 42.320844], [-7.328953, 42.320876], [-7.328575, 42.321316], [-7.328583, 42.321342], [-7.329881, 42.321812], [-7.331021, 42.321989], [-7.331437, 42.32205], [-7.332012, 42.32203], [-7.332457, 42.321819], [-7.332662, 42.321408], [-7.332323, 42.320503]], [[-7.329502, 42.31794], [-7.329354, 42.317805], [-7.329065, 42.317561], [-7.329426, 42.31731], [-7.329805, 42.317244], [-7.330234, 42.317223], [-7.331244, 42.317208], [-7.332316, 42.317155], [-7.333084, 42.317423], [-7.333244, 42.317475], [-7.333544, 42.317262], [-7.333704, 42.316699], [-7.334076, 42.316607], [-7.33399, 42.316193], [-7.333555, 42.315948], [-7.33325, 42.315894], [-7.331209, 42.315982], [-7.330887, 42.315502], [-7.331274, 42.314845], [-7.331735, 42.314443], [-7.331703, 42.313966], [-7.331032, 42.313655], [-7.330611, 42.313701], [-7.330315, 42.313807], [-7.329349, 42.314216], [-7.328493, 42.314633], [-7.327288, 42.314602], [-7.327046, 42.314028], [-7.326926, 42.31362], [-7.326416, 42.313736], [-7.32615, 42.314184], [-7.325609, 42.314439], [-7.324508, 42.314149], [-7.323721, 42.313937], [-7.322937, 42.314476], [-7.322477, 42.314636], [-7.322138, 42.314963], [-7.32238, 42.315537], [-7.323587, 42.315943], [-7.324417, 42.315933], [-7.325186, 42.315959], [-7.325786, 42.31615], [-7.325847, 42.316728], [-7.325674, 42.317], [-7.325098, 42.317261], [-7.325344, 42.317727], [-7.325648, 42.318022], [-7.326342, 42.317794], [-7.326572, 42.317218], [-7.326573, 42.316361], [-7.32676, 42.315766], [-7.327106, 42.315464], [-7.327588, 42.315621], [-7.327567, 42.31592], [-7.328114, 42.315932], [-7.328667, 42.31621], [-7.328345, 42.316963], [-7.328423, 42.317351], [-7.32797, 42.318153], [-7.326984, 42.319236], [-7.325885, 42.319937], [-7.325859, 42.320584], [-7.326295, 42.321205], [-7.326947, 42.320957], [-7.327118, 42.320552], [-7.327446, 42.320067], [-7.32744, 42.319183], [-7.327942, 42.319042], [-7.328827, 42.318969], [-7.329356, 42.318796], [-7.329625, 42.318481], [-7.329502, 42.31794]], [[-7.330936, 42.303991], [-7.330885, 42.30262], [-7.331308, 42.301427], [-7.331224, 42.300061], [-7.331161, 42.299369], [-7.33043, 42.299158], [-7.329962, 42.299006], [-7.329786, 42.298646], [-7.329151, 42.298522], [-7.328236, 42.298525], [-7.32785, 42.299009], [-7.327418, 42.299814], [-7.327089, 42.300131], [-7.326991, 42.300278], [-7.326958, 42.300883], [-7.326885, 42.301833], [-7.327105, 42.302341], [-7.327194, 42.302404], [-7.327354, 42.303548], [-7.327622, 42.3041], [-7.328552, 42.304146], [-7.328777, 42.304315], [-7.32943, 42.304618], [-7.330174, 42.304514], [-7.330936, 42.303991]], [[-7.307979, 42.29358], [-7.308976, 42.293352], [-7.309231, 42.292847], [-7.309087, 42.292356], [-7.308697, 42.292153], [-7.308434, 42.292009], [-7.308472, 42.290889], [-7.308432, 42.290625], [-7.308518, 42.29042], [-7.308904, 42.290109], [-7.308638, 42.289829], [-7.308115, 42.289921], [-7.30743, 42.290338], [-7.307087, 42.290669], [-7.307151, 42.291011], [-7.307622, 42.291743], [-7.307531, 42.292057], [-7.306913, 42.292328], [-7.306176, 42.29194], [-7.305812, 42.29195], [-7.305511, 42.2923], [-7.305459, 42.292499], [-7.306113, 42.293227], [-7.306576, 42.293553], [-7.306725, 42.293934], [-7.306858, 42.294264], [-7.307059, 42.294446], [-7.307487, 42.294154], [-7.307979, 42.29358]], [[-7.302592, 42.294355], [-7.302583, 42.29395], [-7.303198, 42.293544], [-7.303627, 42.293008], [-7.303661, 42.292622], [-7.303714, 42.292179], [-7.303643, 42.291812], [-7.30303, 42.291973], [-7.302861, 42.292273], [-7.302536, 42.292791], [-7.302216, 42.2932], [-7.301882, 42.293312], [-7.301158, 42.293221], [-7.300926, 42.29318], [-7.300253, 42.293514], [-7.300596, 42.294431], [-7.301003, 42.294442], [-7.301572, 42.294506], [-7.301977, 42.294761], [-7.302551, 42.294715], [-7.302592, 42.294355]], [[-7.350377, 42.280789], [-7.350747, 42.280724], [-7.351367, 42.280395], [-7.351827, 42.280027], [-7.351732, 42.279601], [-7.351551, 42.27919], [-7.352002, 42.278691], [-7.352109, 42.278341], [-7.351927, 42.278129], [-7.35159, 42.277901], [-7.351365, 42.277542], [-7.351072, 42.27746], [-7.350584, 42.277634], [-7.350916, 42.278151], [-7.35104, 42.278572], [-7.35033, 42.279005], [-7.349937, 42.279295], [-7.34958, 42.279402], [-7.348936, 42.279957], [-7.349299, 42.28038], [-7.349296, 42.280978], [-7.349228, 42.281255], [-7.349341, 42.281434], [-7.349882, 42.281141], [-7.350377, 42.280789]], [[-7.356017, 42.277967], [-7.355963, 42.277446], [-7.356275, 42.277245], [-7.356445, 42.277069], [-7.356011, 42.276687], [-7.355193, 42.276848], [-7.355071, 42.277108], [-7.354621, 42.277259], [-7.353873, 42.277408], [-7.353273, 42.27722], [-7.353207, 42.27725], [-7.353551, 42.277995], [-7.353956, 42.278364], [-7.354813, 42.278416], [-7.355086, 42.278588], [-7.355806, 42.278425], [-7.356165, 42.278216], [-7.356017, 42.277967]], [[-7.300523, 42.264532], [-7.300951, 42.263444], [-7.301825, 42.261541], [-7.302119, 42.260845], [-7.303045, 42.259118], [-7.302916, 42.25762], [-7.302672, 42.256787], [-7.30241, 42.255681], [-7.301875, 42.254069], [-7.301543, 42.253574], [-7.300984, 42.253579], [-7.300489, 42.254863], [-7.301009, 42.255786], [-7.301354, 42.256325], [-7.301078, 42.257295], [-7.299401, 42.25837], [-7.298314, 42.258697], [-7.297492, 42.258656], [-7.296732, 42.259249], [-7.297, 42.259525], [-7.29728, 42.259845], [-7.297654, 42.260056], [-7.298493, 42.260371], [-7.298828, 42.260451], [-7.298957, 42.260889], [-7.298722, 42.261575], [-7.298534, 42.262207], [-7.297801, 42.263532], [-7.296737, 42.265422], [-7.29651, 42.265922], [-7.29568, 42.267126], [-7.295978, 42.267719], [-7.297218, 42.267273], [-7.297996, 42.265894], [-7.29887, 42.26505], [-7.299661, 42.264775], [-7.300523, 42.264532]], [[-7.311451, 42.256829], [-7.311744, 42.256211], [-7.311469, 42.255772], [-7.311194, 42.255955], [-7.310762, 42.256598], [-7.310348, 42.256805], [-7.30974, 42.257343], [-7.30953, 42.257623], [-7.308796, 42.257859], [-7.308168, 42.257833], [-7.307019, 42.257898], [-7.306545, 42.2579], [-7.306164, 42.258344], [-7.306268, 42.258947], [-7.305825, 42.259429], [-7.305685, 42.259697], [-7.305958, 42.259757], [-7.306298, 42.259671], [-7.306392, 42.259493], [-7.306929, 42.25921], [-7.308406, 42.259142], [-7.308744, 42.259299], [-7.309275, 42.260611], [-7.310332, 42.260481], [-7.310947, 42.259591], [-7.31152, 42.258059], [-7.311521, 42.257816], [-7.311339, 42.257443], [-7.311451, 42.256829]], [[-7.305311, 42.26141], [-7.305028, 42.261189], [-7.304433, 42.261401], [-7.304405, 42.261432], [-7.30428, 42.262373], [-7.305119, 42.262496], [-7.305621, 42.262463], [-7.306084, 42.262301], [-7.306048, 42.26193], [-7.305823, 42.261537], [-7.305311, 42.26141]], [[-7.303207, 42.250434], [-7.302268, 42.250139], [-7.301518, 42.249696], [-7.301465, 42.248329], [-7.3011, 42.247876], [-7.300629, 42.247987], [-7.300478, 42.248529], [-7.300027, 42.249898], [-7.300156, 42.250736], [-7.300053, 42.252102], [-7.300138, 42.252259], [-7.301173, 42.252881], [-7.302246, 42.252838], [-7.302909, 42.252723], [-7.302945, 42.252315], [-7.302802, 42.251566], [-7.30367, 42.250956], [-7.303207, 42.250434]], [[-7.229406, 42.216532], [-7.230261, 42.215968], [-7.230728, 42.215472], [-7.230508, 42.214717], [-7.229885, 42.213806], [-7.229544, 42.213337], [-7.228742, 42.212683], [-7.228565, 42.212601], [-7.227742, 42.211875], [-7.227384, 42.211522], [-7.226989, 42.211741], [-7.227025, 42.212566], [-7.227579, 42.213413], [-7.228065, 42.213858], [-7.227841, 42.214312], [-7.228019, 42.214923], [-7.227565, 42.215115], [-7.226928, 42.215376], [-7.226571, 42.215551], [-7.226359, 42.215173], [-7.225426, 42.215297], [-7.224196, 42.215623], [-7.223592, 42.215124], [-7.221893, 42.215419], [-7.221648, 42.215801], [-7.221985, 42.216082], [-7.223303, 42.216231], [-7.22447, 42.217086], [-7.22592, 42.217514], [-7.226742, 42.217711], [-7.227463, 42.217737], [-7.229026, 42.217503], [-7.229188, 42.216834], [-7.229406, 42.216532]], [[-7.222029, 42.213961], [-7.222097, 42.213496], [-7.221244, 42.213191], [-7.220914, 42.212757], [-7.220301, 42.211882], [-7.220214, 42.211406], [-7.220937, 42.210564], [-7.220959, 42.209767], [-7.220878, 42.209139], [-7.221307, 42.208688], [-7.22122, 42.208212], [-7.220391, 42.208167], [-7.219996, 42.208386], [-7.219983, 42.208691], [-7.220144, 42.209418], [-7.219291, 42.211038], [-7.219288, 42.211378], [-7.218888, 42.212278], [-7.218195, 42.2127], [-7.218168, 42.21278], [-7.218466, 42.214503], [-7.218779, 42.215053], [-7.219903, 42.215235], [-7.220808, 42.215192], [-7.221022, 42.214701], [-7.221336, 42.214383], [-7.222029, 42.213961]], [[-7.227137, 42.199987], [-7.227275, 42.200462], [-7.226916, 42.200923], [-7.226767, 42.201181], [-7.226987, 42.201476], [-7.227775, 42.201406], [-7.228489, 42.201547], [-7.229028, 42.201788], [-7.228232, 42.20307], [-7.228676, 42.20337], [-7.228133, 42.203955], [-7.227711, 42.204255], [-7.22681, 42.204487], [-7.226408, 42.20433], [-7.225818, 42.204055], [-7.224331, 42.2042], [-7.223442, 42.204995], [-7.223359, 42.205236], [-7.224119, 42.205746], [-7.224831, 42.206265], [-7.225113, 42.206706], [-7.225176, 42.206922], [-7.223674, 42.208239], [-7.223783, 42.208787], [-7.224485, 42.209797], [-7.225082, 42.209921], [-7.22627, 42.20945], [-7.226803, 42.209358], [-7.228974, 42.209283], [-7.229501, 42.209343], [-7.230858, 42.208579], [-7.232334, 42.208398], [-7.23267, 42.208151], [-7.232968, 42.207948], [-7.233529, 42.207776], [-7.233867, 42.207188], [-7.234037, 42.206895], [-7.234659, 42.206409], [-7.234306, 42.206244], [-7.233182, 42.206062], [-7.232741, 42.205949], [-7.23294, 42.204707], [-7.233328, 42.20464], [-7.233553, 42.204714], [-7.233742, 42.20536], [-7.23402, 42.205614], [-7.234845, 42.205471], [-7.235408, 42.204958], [-7.236778, 42.205286], [-7.23783, 42.205746], [-7.237893, 42.205961], [-7.239399, 42.20536], [-7.239356, 42.204688], [-7.239796, 42.204272], [-7.240222, 42.20416], [-7.240606, 42.203905], [-7.2411, 42.203328], [-7.240807, 42.202322], [-7.239967, 42.202241], [-7.239143, 42.202384], [-7.2386, 42.202969], [-7.238271, 42.203064], [-7.238024, 42.202918], [-7.237559, 42.202546], [-7.237644, 42.201965], [-7.237407, 42.201327], [-7.236969, 42.200874], [-7.236331, 42.200608], [-7.236084, 42.200462], [-7.235498, 42.200375], [-7.234746, 42.200241], [-7.234555, 42.199934], [-7.232748, 42.199682], [-7.231416, 42.199309], [-7.230963, 42.199501], [-7.230102, 42.200745], [-7.229508, 42.201295], [-7.228744, 42.201038], [-7.228179, 42.200637], [-7.227968, 42.200375], [-7.227885, 42.20009], [-7.227683, 42.199859], [-7.227137, 42.199987]], [[-7.206519, 42.199132], [-7.206104, 42.198616], [-7.205723, 42.19813], [-7.204684, 42.197455], [-7.202802, 42.197514], [-7.201914, 42.197436], [-7.201374, 42.197067], [-7.200957, 42.196462], [-7.200079, 42.196418], [-7.200047, 42.196638], [-7.200202, 42.197501], [-7.200848, 42.198814], [-7.200459, 42.19979], [-7.200597, 42.200015], [-7.201275, 42.201269], [-7.205107, 42.201549], [-7.205739, 42.201654], [-7.206002, 42.201483], [-7.206352, 42.200871], [-7.206518, 42.200201], [-7.206519, 42.199132]], [[-7.214914, 42.229858], [-7.215133, 42.229911], [-7.21532, 42.230271], [-7.215332, 42.230873], [-7.215477, 42.231089], [-7.215985, 42.231152], [-7.216111, 42.230466], [-7.215702, 42.229903], [-7.215509, 42.229242], [-7.216451, 42.229954], [-7.216638, 42.230315], [-7.217114, 42.22999], [-7.217166, 42.229468], [-7.21638, 42.229151], [-7.215888, 42.228723], [-7.216334, 42.228435], [-7.216125, 42.228139], [-7.215775, 42.227777], [-7.2156, 42.227596], [-7.21519, 42.227727], [-7.214735, 42.227987], [-7.214291, 42.228004], [-7.213876, 42.228257], [-7.213491, 42.228474], [-7.213019, 42.229794], [-7.212989, 42.230252], [-7.213827, 42.230047], [-7.214059, 42.229584], [-7.214685, 42.229355], [-7.214914, 42.229858]], [[-7.22737, 42.163007], [-7.227825, 42.162985], [-7.228489, 42.163154], [-7.229271, 42.162677], [-7.228805, 42.162132], [-7.228867, 42.161552], [-7.22975, 42.161683], [-7.230054, 42.162199], [-7.2309, 42.161939], [-7.231123, 42.161388], [-7.230965, 42.160846], [-7.230871, 42.16052], [-7.229934, 42.159943], [-7.229759, 42.15855], [-7.23039, 42.157814], [-7.231125, 42.157174], [-7.231568, 42.156585], [-7.231592, 42.155613], [-7.230818, 42.155064], [-7.229553, 42.154942], [-7.228581, 42.154769], [-7.227467, 42.154109], [-7.226626, 42.153856], [-7.225529, 42.154046], [-7.22518, 42.154164], [-7.224851, 42.15462], [-7.224487, 42.15548], [-7.224531, 42.156156], [-7.224736, 42.15686], [-7.225911, 42.156941], [-7.226581, 42.157394], [-7.226701, 42.157544], [-7.226968, 42.157668], [-7.226999, 42.157777], [-7.226724, 42.158678], [-7.225328, 42.160742], [-7.224735, 42.16187], [-7.224982, 42.162454], [-7.226074, 42.162776], [-7.22737, 42.163007]], [[-7.217129, 42.166287], [-7.216405, 42.166238], [-7.215823, 42.166213], [-7.215376, 42.16584], [-7.21536, 42.165667], [-7.215297, 42.165102], [-7.215181, 42.164821], [-7.214721, 42.164751], [-7.214554, 42.165105], [-7.214093, 42.165962], [-7.213965, 42.166335], [-7.21416, 42.167003], [-7.215264, 42.167313], [-7.217253, 42.167293], [-7.21786, 42.167288], [-7.218568, 42.167165], [-7.218453, 42.166885], [-7.217129, 42.166287]], [[-7.27788, 42.147465], [-7.27701, 42.146985], [-7.276636, 42.146329], [-7.27637, 42.145835], [-7.275072, 42.144963], [-7.27479, 42.144541], [-7.275078, 42.144167], [-7.275299, 42.143834], [-7.275189, 42.143323], [-7.274953, 42.142923], [-7.274559, 42.142933], [-7.274266, 42.143425], [-7.274211, 42.144053], [-7.27422, 42.144493], [-7.27476, 42.145253], [-7.274855, 42.145442], [-7.274398, 42.145375], [-7.273812, 42.145271], [-7.273622, 42.144892], [-7.27333, 42.144707], [-7.273145, 42.144209], [-7.273054, 42.143489], [-7.272866, 42.142845], [-7.272487, 42.142498], [-7.272025, 42.142549], [-7.271862, 42.143078], [-7.271941, 42.143624], [-7.272331, 42.144822], [-7.27285, 42.144967], [-7.273258, 42.145279], [-7.27377, 42.145808], [-7.273988, 42.146418], [-7.274187, 42.147237], [-7.2743, 42.147894], [-7.274433, 42.148077], [-7.274533, 42.148148], [-7.274765, 42.14799], [-7.275059, 42.147909], [-7.275415, 42.147906], [-7.275862, 42.148211], [-7.276022, 42.148625], [-7.275902, 42.149029], [-7.275944, 42.149581], [-7.276183, 42.150128], [-7.276949, 42.150848], [-7.276966, 42.150856], [-7.276694, 42.151174], [-7.276378, 42.151846], [-7.276263, 42.152766], [-7.276908, 42.153223], [-7.278098, 42.154012], [-7.278208, 42.154609], [-7.278154, 42.155519], [-7.278249, 42.156498], [-7.27802, 42.157249], [-7.278535, 42.157918], [-7.279656, 42.158908], [-7.27977, 42.159078], [-7.279941, 42.159664], [-7.27975, 42.159887], [-7.279643, 42.161708], [-7.280367, 42.162435], [-7.280313, 42.163345], [-7.280463, 42.164078], [-7.280703, 42.164463], [-7.281725, 42.164237], [-7.28167, 42.163393], [-7.282374, 42.163176], [-7.283531, 42.162975], [-7.283495, 42.162412], [-7.283218, 42.161464], [-7.283904, 42.160966], [-7.284489, 42.160342], [-7.284257, 42.159766], [-7.283837, 42.158986], [-7.284623, 42.158612], [-7.285006, 42.15883], [-7.285385, 42.158811], [-7.286475, 42.158384], [-7.286518, 42.158092], [-7.286778, 42.157668], [-7.288281, 42.157121], [-7.289554, 42.156663], [-7.289748, 42.156013], [-7.289582, 42.155662], [-7.288725, 42.155574], [-7.288024, 42.155365], [-7.287865, 42.154823], [-7.288398, 42.154019], [-7.288806, 42.153664], [-7.2887, 42.153303], [-7.287496, 42.150715], [-7.287539, 42.150423], [-7.287111, 42.149834], [-7.286747, 42.148807], [-7.286454, 42.148242], [-7.285904, 42.147674], [-7.28523, 42.147554], [-7.285, 42.147642], [-7.284343, 42.147804], [-7.284034, 42.14762], [-7.283611, 42.147267], [-7.283019, 42.146991], [-7.281743, 42.147877], [-7.280983, 42.148341], [-7.280507, 42.148852], [-7.279798, 42.148618], [-7.27935, 42.148336], [-7.279059, 42.147755], [-7.278637, 42.147558], [-7.27788, 42.147465]], [[-7.374837, 42.184315], [-7.375063, 42.183832], [-7.375857, 42.183557], [-7.37648, 42.183175], [-7.376616, 42.183322], [-7.376353, 42.184152], [-7.376523, 42.184258], [-7.377151, 42.184046], [-7.377392, 42.183459], [-7.377323, 42.182755], [-7.376915, 42.181838], [-7.375643, 42.180016], [-7.374823, 42.179103], [-7.374454, 42.178316], [-7.37424, 42.177433], [-7.374199, 42.176043], [-7.374094, 42.174903], [-7.37391, 42.174901], [-7.373423, 42.175123], [-7.373134, 42.175548], [-7.373475, 42.176238], [-7.373892, 42.177187], [-7.373489, 42.178008], [-7.372546, 42.178241], [-7.372279, 42.178117], [-7.371802, 42.178371], [-7.371882, 42.1788], [-7.372354, 42.179467], [-7.373319, 42.179776], [-7.373861, 42.180056], [-7.37401, 42.180404], [-7.373823, 42.18071], [-7.373433, 42.180948], [-7.373251, 42.181423], [-7.373207, 42.181431], [-7.374099, 42.183524], [-7.373844, 42.183909], [-7.373861, 42.184281], [-7.373991, 42.184565], [-7.374837, 42.184315]], [[-7.359537, 42.187196], [-7.360161, 42.186815], [-7.360231, 42.186428], [-7.360079, 42.185909], [-7.359257, 42.185303], [-7.359207, 42.184664], [-7.359604, 42.183981], [-7.359861, 42.183289], [-7.360365, 42.182656], [-7.360736, 42.182352], [-7.361137, 42.181839], [-7.361232, 42.181379], [-7.361719, 42.181158], [-7.361384, 42.18033], [-7.360855, 42.180253], [-7.359927, 42.180381], [-7.359246, 42.180568], [-7.358148, 42.18059], [-7.357737, 42.180287], [-7.358075, 42.179716], [-7.358342, 42.179056], [-7.358355, 42.178475], [-7.357847, 42.178155], [-7.357309, 42.178828], [-7.356951, 42.179334], [-7.356356, 42.179813], [-7.355743, 42.17992], [-7.355123, 42.180471], [-7.355112, 42.180746], [-7.355852, 42.18123], [-7.356132, 42.181556], [-7.356037, 42.182015], [-7.355921, 42.182717], [-7.356182, 42.182978], [-7.357129, 42.183698], [-7.357371, 42.183895], [-7.357631, 42.184156], [-7.357742, 42.184375], [-7.357996, 42.186648], [-7.357741, 42.187033], [-7.357516, 42.187209], [-7.357336, 42.187377], [-7.357606, 42.18767], [-7.35775, 42.18785], [-7.35776, 42.187882], [-7.357117, 42.188983], [-7.358222, 42.188517], [-7.358742, 42.187779], [-7.359059, 42.18745], [-7.359537, 42.187196]], [[-7.375403, 42.235223], [-7.374881, 42.234916], [-7.374266, 42.235023], [-7.374773, 42.236012], [-7.374882, 42.236751], [-7.374675, 42.237147], [-7.374169, 42.237076], [-7.374012, 42.236544], [-7.373506, 42.236473], [-7.373203, 42.236726], [-7.372891, 42.237499], [-7.373271, 42.237871], [-7.373844, 42.23817], [-7.374014, 42.23838], [-7.373464, 42.239993], [-7.374425, 42.240144], [-7.374855, 42.23959], [-7.375274, 42.238998], [-7.375411, 42.238866], [-7.375765, 42.238832], [-7.376188, 42.238439], [-7.376179, 42.238041], [-7.375755, 42.237517], [-7.37547, 42.2374], [-7.375375, 42.237144], [-7.375527, 42.236559], [-7.375604, 42.235907], [-7.375403, 42.235223]], [[-7.394135, 42.242261], [-7.395128, 42.241713], [-7.395731, 42.241554], [-7.396479, 42.241156], [-7.39697, 42.239762], [-7.397601, 42.238476], [-7.397371, 42.238063], [-7.397022, 42.237857], [-7.396638, 42.237657], [-7.396083, 42.237487], [-7.395585, 42.238002], [-7.395487, 42.238526], [-7.395122, 42.239979], [-7.394602, 42.240417], [-7.393672, 42.241301], [-7.39306, 42.241675], [-7.392493, 42.241587], [-7.392171, 42.24135], [-7.391457, 42.241501], [-7.391323, 42.241658], [-7.391815, 42.242347], [-7.392859, 42.243072], [-7.393466, 42.242805], [-7.394135, 42.242261]]]}}]}