{"type": "FeatureCollection", "name": "NAVACONCEJO", "features": [{"type": "Feature", "properties": {"id": "279768", "FIREDATE": "2025-08-13T02:43:00", "FINALDATE": "2025-08-21T02:43:00", "LASTUPDATE": "2025-09-01 08:51:37.799818", "COUNTRY": "ES", "PROVINCE": "Cáceres", "COMMUNE": "Navaconcejo", "AREA_HA": 17317.0, "BROADLEA": 11.4494, "CONIFER": 1.3864, "MIXED": 0.0, "SCLEROPH": 29.9174, "TRANSIT": 5.3319, "OTHERNATLC": 42.5105, "AGRIAREAS": 9.4044, "ARTIFSURF": 0.0, "OTHERLC": 0.0, "PERCNA2K": 85.1731, "CLASS": "FireSeason", "AÑO": 2025, "LATITUD": 40.197315625111614, "LONGITUD": -5.896182725216081}, "geometry": {"type": "Polygon", "coordinates": [[[-5.808714, 40.262367], [-5.808358, 40.262282], [-5.807909, 40.262167], [-5.807457, 40.261972], [-5.807003, 40.261698], [-5.806622, 40.261505], [-5.806314, 40.261394], [-5.805831, 40.261352], [-5.805172, 40.261379], [-5.804849, 40.261552], [-5.804859, 40.261872], [-5.8048, 40.262124], [-5.804671, 40.262306], [-5.804436, 40.262443], [-5.804096, 40.262534], [-5.803911, 40.262564], [-5.803881, 40.262533], [-5.803638, 40.26248], [-5.803182, 40.262407], [-5.802789, 40.262304], [-5.802458, 40.26217], [-5.80205, 40.261941], [-5.801566, 40.261617], [-5.801279, 40.261624], [-5.801188, 40.26196], [-5.80128, 40.262462], [-5.801553, 40.263129], [-5.801743, 40.2635], [-5.801849, 40.263577], [-5.801767, 40.263738], [-5.801497, 40.263983], [-5.801384, 40.264196], [-5.801429, 40.264377], [-5.801475, 40.264591], [-5.801519, 40.264838], [-5.801487, 40.265125], [-5.801376, 40.265452], [-5.801243, 40.265722], [-5.801087, 40.265935], [-5.800741, 40.266126], [-5.800206, 40.266293], [-5.799742, 40.266295], [-5.799351, 40.266131], [-5.798687, 40.265997], [-5.797751, 40.265895], [-5.79709, 40.265841], [-5.796704, 40.265837], [-5.796388, 40.265835], [-5.796143, 40.265834], [-5.79609, 40.266353], [-5.796229, 40.26739], [-5.795649, 40.268042], [-5.79435, 40.268307], [-5.79441, 40.268579], [-5.795828, 40.268858], [-5.796848, 40.269329], [-5.79747, 40.269992], [-5.798025, 40.270526], [-5.798512, 40.27093], [-5.799151, 40.271416], [-5.799941, 40.271985], [-5.800645, 40.272555], [-5.801261, 40.273125], [-5.8016, 40.273609], [-5.80166, 40.274005], [-5.80176, 40.274231], [-5.801898, 40.274288], [-5.801764, 40.274453], [-5.801355, 40.274727], [-5.800992, 40.274889], [-5.800673, 40.274941], [-5.80035, 40.274978], [-5.800024, 40.274999], [-5.799818, 40.275088], [-5.799733, 40.275245], [-5.799605, 40.275481], [-5.799436, 40.275795], [-5.799704, 40.276077], [-5.80041, 40.276328], [-5.800396, 40.276521], [-5.799663, 40.276656], [-5.799188, 40.276789], [-5.798972, 40.27692], [-5.798661, 40.277002], [-5.798255, 40.277036], [-5.798066, 40.277155], [-5.798097, 40.277356], [-5.798163, 40.277536], [-5.798265, 40.277695], [-5.798399, 40.278062], [-5.798565, 40.27864], [-5.798675, 40.279035], [-5.798729, 40.279249], [-5.798812, 40.279498], [-5.798925, 40.279782], [-5.799118, 40.280013], [-5.799392, 40.280191], [-5.799422, 40.280393], [-5.799209, 40.280618], [-5.799013, 40.280745], [-5.798833, 40.280775], [-5.798439, 40.280735], [-5.797831, 40.280628], [-5.797512, 40.280719], [-5.797482, 40.281011], [-5.797778, 40.281241], [-5.798402, 40.281409], [-5.798519, 40.281669], [-5.79813, 40.282018], [-5.798256, 40.282189], [-5.798897, 40.28218], [-5.799377, 40.282109], [-5.799697, 40.281978], [-5.799914, 40.281974], [-5.800028, 40.282099], [-5.800248, 40.28219], [-5.800574, 40.282248], [-5.800908, 40.282051], [-5.80125, 40.281598], [-5.801644, 40.28139], [-5.80209, 40.281429], [-5.802529, 40.281445], [-5.802963, 40.281438], [-5.80342, 40.281396], [-5.803898, 40.281318], [-5.804254, 40.281371], [-5.804487, 40.281556], [-5.804645, 40.281935], [-5.804728, 40.28251], [-5.804547, 40.282945], [-5.804102, 40.28324], [-5.803987, 40.283522], [-5.804199, 40.283789], [-5.804439, 40.283957], [-5.804705, 40.284025], [-5.804954, 40.284024], [-5.805185, 40.283955], [-5.805578, 40.284034], [-5.806134, 40.284261], [-5.806204, 40.28417], [-5.80579, 40.283761], [-5.805818, 40.283462], [-5.80629, 40.283274], [-5.806689, 40.283336], [-5.807017, 40.283648], [-5.807173, 40.283981], [-5.807158, 40.284333], [-5.806927, 40.284569], [-5.806481, 40.28469], [-5.80653, 40.284761], [-5.807075, 40.284784], [-5.807462, 40.28492], [-5.807691, 40.285169], [-5.807719, 40.285323], [-5.807547, 40.285383], [-5.807582, 40.28552], [-5.807823, 40.285735], [-5.808091, 40.285891], [-5.808384, 40.285986], [-5.808711, 40.286004], [-5.809069, 40.285946], [-5.809228, 40.286079], [-5.809185, 40.286404], [-5.809228, 40.286699], [-5.809357, 40.286964], [-5.809501, 40.287203], [-5.809658, 40.287416], [-5.809792, 40.287577], [-5.809903, 40.287687], [-5.810055, 40.287757], [-5.81025, 40.287789], [-5.810359, 40.287891], [-5.810381, 40.288062], [-5.810352, 40.2884], [-5.810273, 40.288906], [-5.809639, 40.289439], [-5.808452, 40.289998], [-5.807649, 40.290312], [-5.80723, 40.29038], [-5.806897, 40.290458], [-5.80665, 40.290546], [-5.806582, 40.290772], [-5.806694, 40.291135], [-5.806878, 40.291495], [-5.807134, 40.291851], [-5.807194, 40.292374], [-5.807056, 40.293064], [-5.806773, 40.293587], [-5.806344, 40.293943], [-5.805904, 40.294174], [-5.805453, 40.294279], [-5.805055, 40.294304], [-5.804709, 40.294249], [-5.804473, 40.294383], [-5.804347, 40.294706], [-5.804067, 40.294871], [-5.803633, 40.294878], [-5.803436, 40.295005], [-5.803478, 40.295253], [-5.803342, 40.295291], [-5.803029, 40.295119], [-5.802829, 40.295024], [-5.802742, 40.295007], [-5.802492, 40.295047], [-5.802082, 40.295146], [-5.801793, 40.295153], [-5.801626, 40.295069], [-5.801451, 40.295074], [-5.801267, 40.295167], [-5.801111, 40.295042], [-5.800982, 40.294697], [-5.800812, 40.294431], [-5.800598, 40.294243], [-5.800176, 40.294049], [-5.799544, 40.29385], [-5.799234, 40.293646], [-5.799243, 40.293438], [-5.79943, 40.293272], [-5.799793, 40.293149], [-5.799794, 40.29307], [-5.799432, 40.293033], [-5.799166, 40.292925], [-5.798997, 40.292746], [-5.799042, 40.292556], [-5.799303, 40.292355], [-5.799422, 40.292168], [-5.799399, 40.291997], [-5.799558, 40.291804], [-5.799898, 40.29159], [-5.799989, 40.291416], [-5.799831, 40.291283], [-5.799617, 40.291174], [-5.799347, 40.291091], [-5.799149, 40.291171], [-5.799024, 40.291414], [-5.798831, 40.291636], [-5.79857, 40.291838], [-5.798209, 40.291928], [-5.797748, 40.291908], [-5.79746, 40.291836], [-5.797345, 40.291711], [-5.797117, 40.291589], [-5.796776, 40.29147], [-5.796662, 40.291266], [-5.796776, 40.290977], [-5.79674, 40.290832], [-5.796553, 40.29083], [-5.79641, 40.290718], [-5.796313, 40.290496], [-5.796087, 40.290381], [-5.795732, 40.290375], [-5.795543, 40.290446], [-5.795518, 40.290593], [-5.79563, 40.29071], [-5.79588, 40.290797], [-5.79606, 40.290934], [-5.79617, 40.291123], [-5.796125, 40.291274], [-5.795925, 40.291386], [-5.795769, 40.291427], [-5.795658, 40.291397], [-5.795528, 40.291418], [-5.79538, 40.29149], [-5.7951, 40.291488], [-5.794686, 40.291412], [-5.794675, 40.291573], [-5.795066, 40.291971], [-5.795132, 40.292564], [-5.794875, 40.293353], [-5.794565, 40.293976], [-5.794202, 40.294433], [-5.793958, 40.294783], [-5.793833, 40.295026], [-5.79361, 40.295213], [-5.793291, 40.295344], [-5.79307, 40.295333], [-5.792948, 40.295178], [-5.792619, 40.295231], [-5.792083, 40.295493], [-5.791668, 40.295616], [-5.791373, 40.295601], [-5.79104, 40.295639], [-5.790669, 40.295731], [-5.790415, 40.295876], [-5.790278, 40.296073], [-5.789909, 40.296173], [-5.789308, 40.296175], [-5.78854, 40.2963], [-5.787606, 40.296547], [-5.787029, 40.296808], [-5.786807, 40.297083], [-5.786582, 40.297302], [-5.786354, 40.297467], [-5.786185, 40.297621], [-5.786076, 40.297766], [-5.785736, 40.297814], [-5.785163, 40.297764], [-5.784678, 40.297612], [-5.784282, 40.297358], [-5.783961, 40.296949], [-5.783716, 40.296385], [-5.783496, 40.295761], [-5.783303, 40.295077], [-5.782948, 40.29449], [-5.782431, 40.294002], [-5.782103, 40.29369], [-5.781965, 40.293553], [-5.781745, 40.293422], [-5.781444, 40.293296], [-5.78115, 40.293161], [-5.780865, 40.293016], [-5.780649, 40.29286], [-5.780503, 40.292693], [-5.779935, 40.292412], [-5.778943, 40.292017], [-5.778022, 40.291658], [-5.777173, 40.291334], [-5.776487, 40.291001], [-5.775965, 40.290656], [-5.775466, 40.290403], [-5.774989, 40.290242], [-5.774726, 40.290063], [-5.774676, 40.289864], [-5.774759, 40.289699], [-5.774976, 40.289569], [-5.775069, 40.289403], [-5.775039, 40.289201], [-5.775133, 40.289082], [-5.775352, 40.289046], [-5.775441, 40.288698], [-5.775399, 40.288037], [-5.775362, 40.287518], [-5.77533, 40.287142], [-5.775024, 40.286834], [-5.774445, 40.286594], [-5.774143, 40.286261], [-5.774119, 40.285836], [-5.774077, 40.285461], [-5.774016, 40.285137], [-5.773729, 40.284985], [-5.773215, 40.285005], [-5.772669, 40.284895], [-5.77209, 40.284655], [-5.771669, 40.284509], [-5.771407, 40.284456], [-5.771235, 40.284516], [-5.771154, 40.284688], [-5.770727, 40.284765], [-5.769955, 40.284748], [-5.769452, 40.284766], [-5.769216, 40.28482], [-5.76907, 40.284693], [-5.769013, 40.284384], [-5.768786, 40.284142], [-5.76839, 40.283968], [-5.768133, 40.283772], [-5.768016, 40.283552], [-5.767875, 40.283448], [-5.767712, 40.283458], [-5.76759, 40.28355], [-5.767508, 40.283722], [-5.767376, 40.283815], [-5.767193, 40.283829], [-5.767075, 40.283729], [-5.767021, 40.283515], [-5.766826, 40.283523], [-5.766489, 40.283752], [-5.76634, 40.283983], [-5.766377, 40.284216], [-5.766227, 40.284526], [-5.765889, 40.284915], [-5.765587, 40.285076], [-5.765321, 40.285007], [-5.765272, 40.284896], [-5.765441, 40.284742], [-5.765578, 40.284584], [-5.765683, 40.284424], [-5.765487, 40.284305], [-5.76499, 40.284226], [-5.764475, 40.284119], [-5.763943, 40.283983], [-5.763601, 40.283983], [-5.763448, 40.284119], [-5.763224, 40.284092], [-5.762927, 40.283902], [-5.762739, 40.283566], [-5.76266, 40.283086], [-5.762848, 40.282722], [-5.763304, 40.282473], [-5.763486, 40.282245], [-5.763392, 40.282037], [-5.763238, 40.281879], [-5.763024, 40.281771], [-5.762817, 40.281773], [-5.762617, 40.281885], [-5.76249, 40.28208], [-5.762436, 40.28236], [-5.76234, 40.282558], [-5.762204, 40.282675], [-5.761998, 40.282764], [-5.761723, 40.282825], [-5.761412, 40.282828], [-5.761066, 40.282773], [-5.760773, 40.282844], [-5.760532, 40.283042], [-5.760295, 40.283089], [-5.760061, 40.282984], [-5.759607, 40.282994], [-5.758933, 40.283119], [-5.758444, 40.283071], [-5.75814, 40.28285], [-5.757962, 40.282927], [-5.757911, 40.283301], [-5.757767, 40.283555], [-5.757531, 40.283689], [-5.757728, 40.283855], [-5.75836, 40.284055], [-5.758456, 40.28419], [-5.758017, 40.284262], [-5.757717, 40.28443], [-5.757555, 40.284694], [-5.757653, 40.284917], [-5.758009, 40.285098], [-5.758165, 40.285263], [-5.75812, 40.285414], [-5.75793, 40.285524], [-5.757595, 40.285594], [-5.757128, 40.285758], [-5.756528, 40.286014], [-5.756084, 40.286022], [-5.755796, 40.285783], [-5.755549, 40.285751], [-5.755345, 40.285928], [-5.755066, 40.2861], [-5.754714, 40.286269], [-5.754114, 40.286358], [-5.753266, 40.286368], [-5.752684, 40.28632], [-5.752366, 40.286212], [-5.752214, 40.286269], [-5.752228, 40.286489], [-5.751892, 40.286719], [-5.751205, 40.286957], [-5.750659, 40.287014], [-5.750254, 40.286889], [-5.750025, 40.286926], [-5.749971, 40.287126], [-5.749701, 40.287289], [-5.749214, 40.287416], [-5.74869, 40.287437], [-5.74813, 40.287353], [-5.747825, 40.287379], [-5.747776, 40.287514], [-5.747868, 40.287634], [-5.748102, 40.287739], [-5.747949, 40.287915], [-5.747409, 40.288161], [-5.746884, 40.288382], [-5.746372, 40.288576], [-5.745887, 40.28875], [-5.745428, 40.288904], [-5.745125, 40.288938], [-5.744978, 40.28885], [-5.745049, 40.288592], [-5.745335, 40.288164], [-5.745346, 40.287916], [-5.74508, 40.287848], [-5.745049, 40.287519], [-5.745253, 40.286929], [-5.745699, 40.286515], [-5.746386, 40.286276], [-5.746891, 40.286099], [-5.747215, 40.285983], [-5.747336, 40.285804], [-5.747255, 40.285563], [-5.747197, 40.285334], [-5.747163, 40.285117], [-5.747079, 40.28482], [-5.746943, 40.284445], [-5.746924, 40.284082], [-5.747023, 40.283732], [-5.74708, 40.283421], [-5.747095, 40.283148], [-5.746912, 40.282916], [-5.746531, 40.282723], [-5.746173, 40.282495], [-5.745837, 40.282231], [-5.745519, 40.282036], [-5.745217, 40.28191], [-5.744822, 40.281657], [-5.744332, 40.281275], [-5.74392, 40.281079], [-5.743585, 40.28107], [-5.743573, 40.280937], [-5.743882, 40.28068], [-5.743983, 40.280465], [-5.743877, 40.280291], [-5.743704, 40.280304], [-5.743463, 40.280502], [-5.743302, 40.28056], [-5.743219, 40.280478], [-5.74319, 40.280363], [-5.743215, 40.280216], [-5.742891, 40.280205], [-5.742217, 40.28033], [-5.741774, 40.280426], [-5.741563, 40.280492], [-5.741362, 40.280477], [-5.741172, 40.28038], [-5.741168, 40.280158], [-5.74135, 40.279811], [-5.741324, 40.279664], [-5.741089, 40.279718], [-5.740878, 40.279705], [-5.740691, 40.279623], [-5.740278, 40.279794], [-5.739637, 40.280216], [-5.739218, 40.28049], [-5.739022, 40.280618], [-5.738853, 40.280772], [-5.738712, 40.280954], [-5.738785, 40.281077], [-5.739071, 40.281142], [-5.739146, 40.281361], [-5.739011, 40.281732], [-5.739025, 40.281953], [-5.739188, 40.282022], [-5.739475, 40.282134], [-5.739888, 40.28229], [-5.740012, 40.282453], [-5.739847, 40.282623], [-5.739446, 40.28264], [-5.738811, 40.282504], [-5.738347, 40.282556], [-5.738054, 40.282794], [-5.737636, 40.282989], [-5.737093, 40.283141], [-5.736617, 40.283226], [-5.736206, 40.283245], [-5.735877, 40.283378], [-5.735627, 40.283625], [-5.735326, 40.283705], [-5.734973, 40.283619], [-5.734644, 40.283426], [-5.734341, 40.283126], [-5.734194, 40.282871], [-5.734204, 40.282663], [-5.73413, 40.282619], [-5.733974, 40.28274], [-5.733865, 40.282718], [-5.733803, 40.282553], [-5.73381, 40.282377], [-5.733888, 40.282189], [-5.733797, 40.28195], [-5.733537, 40.281658], [-5.733572, 40.281342], [-5.733901, 40.281003], [-5.734075, 40.280744], [-5.734093, 40.280566], [-5.733974, 40.280506], [-5.733718, 40.280563], [-5.733368, 40.280819], [-5.732921, 40.281273], [-5.732675, 40.281615], [-5.732629, 40.281845], [-5.732516, 40.282014], [-5.732336, 40.282123], [-5.732299, 40.282264], [-5.732405, 40.282438], [-5.73259, 40.282598], [-5.732855, 40.282746], [-5.732959, 40.282912], [-5.732902, 40.283097], [-5.732998, 40.283272], [-5.733247, 40.283438], [-5.733296, 40.283677], [-5.733146, 40.283987], [-5.733079, 40.28434], [-5.733095, 40.284735], [-5.73333, 40.284887], [-5.733785, 40.284798], [-5.734173, 40.284854], [-5.734493, 40.285057], [-5.734586, 40.285304], [-5.734452, 40.285596], [-5.734238, 40.285734], [-5.733943, 40.285718], [-5.733604, 40.285773], [-5.733221, 40.285899], [-5.732945, 40.286079], [-5.732775, 40.286313], [-5.732893, 40.286453], [-5.733299, 40.286498], [-5.733355, 40.28664], [-5.733062, 40.286879], [-5.732805, 40.286968], [-5.732582, 40.286909], [-5.732393, 40.286773], [-5.732235, 40.286559], [-5.732038, 40.28656], [-5.731801, 40.286773], [-5.731499, 40.286973], [-5.731131, 40.28716], [-5.730802, 40.287213], [-5.730512, 40.287133], [-5.730421, 40.286893], [-5.730528, 40.286494], [-5.730383, 40.286287], [-5.729985, 40.286272], [-5.729877, 40.286091], [-5.73006, 40.285743], [-5.730064, 40.285512], [-5.72989, 40.285397], [-5.729726, 40.285241], [-5.729573, 40.285043], [-5.729307, 40.284935], [-5.728929, 40.284917], [-5.72854, 40.284813], [-5.72814, 40.284624], [-5.728195, 40.284471], [-5.728706, 40.284357], [-5.728855, 40.284166], [-5.728643, 40.283898], [-5.728523, 40.283711], [-5.728496, 40.283604], [-5.728318, 40.283474], [-5.727989, 40.28332], [-5.727596, 40.283241], [-5.727138, 40.283236], [-5.726817, 40.283153], [-5.726631, 40.282992], [-5.726563, 40.282804], [-5.726613, 40.282589], [-5.726538, 40.282331], [-5.726338, 40.28203], [-5.726203, 40.282028], [-5.726132, 40.282325], [-5.725703, 40.282268], [-5.724915, 40.281855], [-5.724335, 40.281527], [-5.723963, 40.281286], [-5.723617, 40.281024], [-5.723298, 40.280741], [-5.722823, 40.280461], [-5.722193, 40.280181], [-5.721224, 40.27967], [-5.719918, 40.278928], [-5.71909, 40.278394], [-5.718739, 40.278069], [-5.718328, 40.277714], [-5.717858, 40.277329], [-5.717424, 40.276796], [-5.717025, 40.276113], [-5.716678, 40.275724], [-5.716385, 40.275628], [-5.716207, 40.275498], [-5.716145, 40.275333], [-5.715815, 40.274926], [-5.715216, 40.274275], [-5.714909, 40.273713], [-5.714894, 40.273238], [-5.714959, 40.272711], [-5.715104, 40.272131], [-5.714911, 40.27194], [-5.71438, 40.272137], [-5.714029, 40.272146], [-5.71386, 40.271967], [-5.71386, 40.27172], [-5.714031, 40.271407], [-5.714055, 40.271132], [-5.713934, 40.270897], [-5.714016, 40.270685], [-5.714301, 40.270496], [-5.71453, 40.270252], [-5.714704, 40.269954], [-5.714742, 40.269733], [-5.714644, 40.26959], [-5.714847, 40.269406], [-5.71535, 40.269182], [-5.715634, 40.269279], [-5.715698, 40.269698], [-5.71573, 40.270241], [-5.715731, 40.270909], [-5.715983, 40.271043], [-5.716484, 40.270644], [-5.716949, 40.270306], [-5.717378, 40.27003], [-5.717943, 40.269803], [-5.718645, 40.269626], [-5.719255, 40.269535], [-5.719773, 40.269531], [-5.720279, 40.269647], [-5.720774, 40.269885], [-5.721212, 40.2701], [-5.721592, 40.270293], [-5.721925, 40.270215], [-5.722211, 40.269867], [-5.722076, 40.269619], [-5.72152, 40.26947], [-5.721091, 40.269373], [-5.720789, 40.269326], [-5.720207, 40.269031], [-5.719345, 40.268487], [-5.719063, 40.268024], [-5.719361, 40.267642], [-5.720127, 40.266723], [-5.721359, 40.265267], [-5.721955, 40.264749], [-5.721915, 40.265169], [-5.721983, 40.265563], [-5.722158, 40.265932], [-5.722343, 40.266133], [-5.722538, 40.266165], [-5.722915, 40.266096], [-5.723474, 40.265926], [-5.7239, 40.265809], [-5.724196, 40.265745], [-5.724487, 40.265706], [-5.724773, 40.265692], [-5.725048, 40.265631], [-5.725312, 40.265525], [-5.725648, 40.265542], [-5.726057, 40.265682], [-5.726268, 40.265863], [-5.726282, 40.266083], [-5.726429, 40.266258], [-5.72671, 40.266387], [-5.726789, 40.266661], [-5.726666, 40.267078], [-5.726699, 40.267502], [-5.72689, 40.267932], [-5.727221, 40.268093], [-5.727692, 40.267985], [-5.727865, 40.267766], [-5.727741, 40.267437], [-5.727587, 40.267112], [-5.727403, 40.266792], [-5.727504, 40.266616], [-5.72789, 40.266586], [-5.728455, 40.266605], [-5.729199, 40.266676], [-5.729823, 40.266726], [-5.730328, 40.266755], [-5.730586, 40.266665], [-5.730596, 40.266457], [-5.730408, 40.266289], [-5.730024, 40.26616], [-5.730047, 40.265839], [-5.730478, 40.265324], [-5.730744, 40.264939], [-5.730846, 40.264683], [-5.731197, 40.264595], [-5.731797, 40.264672], [-5.732414, 40.264652], [-5.733048, 40.264533], [-5.733893, 40.264428], [-5.734948, 40.264336], [-5.735463, 40.264237], [-5.735436, 40.26413], [-5.735205, 40.263913], [-5.73477, 40.263586], [-5.734439, 40.263298], [-5.734211, 40.263049], [-5.73395, 40.262876], [-5.733656, 40.262781], [-5.733201, 40.262743], [-5.732584, 40.262764], [-5.732312, 40.262466], [-5.732386, 40.26185], [-5.732632, 40.261508], [-5.73305, 40.26144], [-5.73348, 40.261458], [-5.733921, 40.261561], [-5.733985, 40.261448], [-5.733674, 40.261116], [-5.733348, 40.260931], [-5.733006, 40.260891], [-5.732677, 40.260777], [-5.73236, 40.26059], [-5.731908, 40.260194], [-5.731321, 40.25959], [-5.731325, 40.259192], [-5.73192, 40.259], [-5.732215, 40.258729], [-5.732211, 40.25838], [-5.73188, 40.25818], [-5.731224, 40.258127], [-5.730538, 40.258079], [-5.729823, 40.258036], [-5.729246, 40.257764], [-5.72881, 40.257262], [-5.728376, 40.257062], [-5.727945, 40.257164], [-5.727625, 40.257088], [-5.727417, 40.256836], [-5.727064, 40.25675], [-5.726566, 40.256831], [-5.725979, 40.256807], [-5.725304, 40.256678], [-5.724785, 40.256468], [-5.724421, 40.256177], [-5.724165, 40.2559], [-5.724017, 40.255638], [-5.724071, 40.255359], [-5.724329, 40.255063], [-5.724355, 40.254876], [-5.724149, 40.254798], [-5.723978, 40.254571], [-5.723842, 40.254196], [-5.723981, 40.253672], [-5.724393, 40.253001], [-5.724374, 40.252551], [-5.723922, 40.252322], [-5.723706, 40.252119], [-5.723723, 40.251941], [-5.723743, 40.251771], [-5.723764, 40.251609], [-5.723831, 40.251296], [-5.723943, 40.250832], [-5.724401, 40.250591], [-5.725205, 40.250572], [-5.726008, 40.250593], [-5.726811, 40.250654], [-5.727326, 40.250761], [-5.727551, 40.250915], [-5.727944, 40.251035], [-5.728504, 40.251119], [-5.729157, 40.251203], [-5.729905, 40.251289], [-5.730371, 40.251579], [-5.730557, 40.252074], [-5.730767, 40.252373], [-5.731001, 40.252479], [-5.731232, 40.252656], [-5.73146, 40.252905], [-5.731903, 40.253056], [-5.732559, 40.253109], [-5.73303, 40.253295], [-5.733318, 40.253614], [-5.733632, 40.25396], [-5.733975, 40.254334], [-5.734213, 40.254375], [-5.734347, 40.254083], [-5.734415, 40.25369], [-5.734416, 40.253197], [-5.734857, 40.252847], [-5.735738, 40.252641], [-5.736364, 40.252325], [-5.736734, 40.251899], [-5.736898, 40.251602], [-5.736856, 40.251434], [-5.736932, 40.251239], [-5.737125, 40.251017], [-5.737181, 40.250745], [-5.737101, 40.250424], [-5.737034, 40.250157], [-5.73698, 40.249943], [-5.736805, 40.249741], [-5.736508, 40.24955], [-5.736141, 40.249491], [-5.735702, 40.249562], [-5.735352, 40.249571], [-5.73509, 40.249518], [-5.734791, 40.2494], [-5.734455, 40.249216], [-5.73417, 40.249198], [-5.733938, 40.249347], [-5.733697, 40.249338], [-5.733448, 40.249172], [-5.733198, 40.248918], [-5.732947, 40.248578], [-5.732954, 40.248314], [-5.733218, 40.248128], [-5.733353, 40.247923], [-5.733359, 40.2477], [-5.733312, 40.247429], [-5.733212, 40.247112], [-5.73337, 40.246792], [-5.733787, 40.24647], [-5.734025, 40.246177], [-5.734083, 40.245913], [-5.734193, 40.245649], [-5.734355, 40.245384], [-5.734593, 40.245218], [-5.734908, 40.245151], [-5.735019, 40.244767], [-5.734926, 40.244067], [-5.734986, 40.243684], [-5.735197, 40.243617], [-5.735355, 40.24321], [-5.735457, 40.242462], [-5.735454, 40.241954], [-5.735346, 40.241685], [-5.735491, 40.241479], [-5.73589, 40.241335], [-5.736527, 40.241311], [-5.737401, 40.241408], [-5.738153, 40.241429], [-5.738782, 40.241374], [-5.73925, 40.241298], [-5.739557, 40.241201], [-5.739827, 40.241078], [-5.740059, 40.240929], [-5.740287, 40.240804], [-5.740511, 40.240704], [-5.74072, 40.240464], [-5.740915, 40.240082], [-5.741268, 40.239921], [-5.741781, 40.239981], [-5.742064, 40.240285], [-5.742119, 40.240833], [-5.742073, 40.24123], [-5.741927, 40.241476], [-5.741695, 40.241832], [-5.741376, 40.242297], [-5.741407, 40.242419], [-5.741787, 40.242199], [-5.742226, 40.242088], [-5.742723, 40.242086], [-5.743195, 40.242066], [-5.743641, 40.242025], [-5.743836, 40.241938], [-5.743782, 40.241803], [-5.743635, 40.241589], [-5.743395, 40.241294], [-5.743267, 40.240988], [-5.74325, 40.240673], [-5.743438, 40.240595], [-5.74383, 40.240754], [-5.744094, 40.241021], [-5.744229, 40.241397], [-5.744422, 40.241628], [-5.744672, 40.241714], [-5.744986, 40.24152], [-5.745365, 40.241046], [-5.74568, 40.240732], [-5.745932, 40.24058], [-5.746314, 40.240534], [-5.746827, 40.240594], [-5.747207, 40.240746], [-5.747456, 40.240992], [-5.74768, 40.24102], [-5.747881, 40.240828], [-5.747973, 40.240574], [-5.747956, 40.240259], [-5.74833, 40.240016], [-5.749096, 40.239844], [-5.750126, 40.239819], [-5.751422, 40.239943], [-5.752519, 40.240059], [-5.753417, 40.240168], [-5.753838, 40.240028], [-5.753782, 40.239639], [-5.754006, 40.239213], [-5.754512, 40.238749], [-5.754729, 40.238333], [-5.754657, 40.237963], [-5.754445, 40.237695], [-5.754092, 40.23753], [-5.754085, 40.237253], [-5.754423, 40.236864], [-5.754925, 40.236679], [-5.755594, 40.236697], [-5.756376, 40.23688], [-5.757271, 40.237228], [-5.758004, 40.2373], [-5.758575, 40.237096], [-5.758786, 40.237149], [-5.758635, 40.23746], [-5.758404, 40.237736], [-5.758092, 40.237977], [-5.758157, 40.238197], [-5.758601, 40.238395], [-5.759134, 40.238579], [-5.759757, 40.238748], [-5.760341, 40.239051], [-5.760886, 40.239487], [-5.761535, 40.239803], [-5.762289, 40.239998], [-5.762797, 40.239916], [-5.763059, 40.239555], [-5.763128, 40.239663], [-5.763003, 40.24024], [-5.763171, 40.240539], [-5.763633, 40.240559], [-5.764225, 40.240566], [-5.764949, 40.24056], [-5.76547, 40.240611], [-5.765787, 40.240718], [-5.766099, 40.241009], [-5.766405, 40.241484], [-5.766865, 40.241791], [-5.767481, 40.24193], [-5.767951, 40.242028], [-5.768277, 40.242086], [-5.768609, 40.242128], [-5.768947, 40.242152], [-5.769337, 40.242057], [-5.769781, 40.241842], [-5.77032, 40.241802], [-5.770956, 40.241937], [-5.771069, 40.242102], [-5.770662, 40.242295], [-5.770598, 40.242576], [-5.770877, 40.242944], [-5.771194, 40.243218], [-5.771551, 40.243399], [-5.771875, 40.243203], [-5.772167, 40.242631], [-5.772667, 40.242478], [-5.773377, 40.242744], [-5.773959, 40.243079], [-5.774412, 40.243482], [-5.774843, 40.244], [-5.775251, 40.244634], [-5.775714, 40.245115], [-5.776233, 40.245444], [-5.77654, 40.245553], [-5.776636, 40.245442], [-5.776716, 40.245016], [-5.776778, 40.244274], [-5.776941, 40.243683], [-5.777203, 40.243243], [-5.777371, 40.242961], [-5.777444, 40.242838], [-5.777695, 40.242765], [-5.778125, 40.242743], [-5.778633, 40.2427], [-5.779218, 40.242637], [-5.779535, 40.242498], [-5.779585, 40.242283], [-5.779532, 40.24199], [-5.779376, 40.241617], [-5.779277, 40.24118], [-5.779234, 40.240678], [-5.77899, 40.240328], [-5.778546, 40.24013], [-5.778099, 40.240163], [-5.777647, 40.240428], [-5.777218, 40.240577], [-5.776812, 40.240611], [-5.776681, 40.240505], [-5.776827, 40.240259], [-5.77703, 40.240035], [-5.77729, 40.239834], [-5.777501, 40.23964], [-5.777662, 40.239455], [-5.777793, 40.239235], [-5.777895, 40.23898], [-5.778278, 40.238775], [-5.778944, 40.238619], [-5.779491, 40.238442], [-5.779918, 40.238245], [-5.78036, 40.237983], [-5.780817, 40.237654], [-5.781401, 40.237424], [-5.782115, 40.237292], [-5.782754, 40.237196], [-5.783319, 40.237136], [-5.784062, 40.237038], [-5.784982, 40.236905], [-5.785547, 40.236717], [-5.785756, 40.236477], [-5.785888, 40.236177], [-5.785943, 40.235818], [-5.786065, 40.23552], [-5.786254, 40.235282], [-5.786526, 40.235047], [-5.786882, 40.234814], [-5.78705, 40.234572], [-5.787028, 40.234322], [-5.786997, 40.234072], [-5.786955, 40.233825], [-5.786853, 40.233499], [-5.786689, 40.233097], [-5.78658, 40.232868], [-5.786525, 40.232813], [-5.786492, 40.232683], [-5.786482, 40.232478], [-5.786361, 40.232244], [-5.786128, 40.231979], [-5.786162, 40.231743], [-5.786462, 40.231535], [-5.786551, 40.231187], [-5.786428, 40.230698], [-5.786328, 40.230301], [-5.786252, 40.229995], [-5.786252, 40.229669], [-5.786331, 40.229322], [-5.786185, 40.229155], [-5.785815, 40.229168], [-5.785145, 40.229388], [-5.784175, 40.229816], [-5.783492, 40.229944], [-5.783095, 40.229769], [-5.782097, 40.229797], [-5.780496, 40.230025], [-5.779578, 40.230087], [-5.779345, 40.229982], [-5.778977, 40.229923], [-5.778476, 40.229909], [-5.777961, 40.229714], [-5.777432, 40.229339], [-5.777304, 40.228955], [-5.777578, 40.22856], [-5.778111, 40.22837], [-5.778902, 40.228384], [-5.77947, 40.228292], [-5.779813, 40.228093], [-5.780105, 40.227934], [-5.780345, 40.227816], [-5.78049, 40.227609], [-5.78054, 40.227315], [-5.780673, 40.226975], [-5.780887, 40.226591], [-5.781192, 40.226279], [-5.781588, 40.226039], [-5.781761, 40.22578], [-5.781712, 40.225502], [-5.781743, 40.225211], [-5.781853, 40.224907], [-5.782634, 40.224716], [-5.784086, 40.224639], [-5.784935, 40.224715], [-5.785179, 40.224946], [-5.785194, 40.225254], [-5.78498, 40.225638], [-5.785305, 40.225569], [-5.786169, 40.225047], [-5.78713, 40.224787], [-5.788188, 40.22479], [-5.788843, 40.224842], [-5.789097, 40.224944], [-5.789254, 40.225364], [-5.789315, 40.226101], [-5.789294, 40.226677], [-5.789191, 40.227092], [-5.78916, 40.227423], [-5.789202, 40.22767], [-5.789652, 40.227605], [-5.79051, 40.227227], [-5.790879, 40.22688], [-5.790759, 40.226566], [-5.791072, 40.226285], [-5.791817, 40.226036], [-5.791999, 40.226221], [-5.791615, 40.22684], [-5.79146, 40.227374], [-5.791531, 40.227824], [-5.791892, 40.22794], [-5.792542, 40.227723], [-5.792985, 40.22808], [-5.793219, 40.229012], [-5.793578, 40.229574], [-5.794061, 40.229765], [-5.794467, 40.229811], [-5.794794, 40.22971], [-5.79525, 40.229834], [-5.795836, 40.230184], [-5.79583, 40.230408], [-5.795232, 40.230505], [-5.794932, 40.230673], [-5.79493, 40.230912], [-5.79475, 40.231021], [-5.794393, 40.231], [-5.794158, 40.231181], [-5.794047, 40.231565], [-5.794097, 40.23205], [-5.794306, 40.232636], [-5.794766, 40.233102], [-5.795475, 40.233447], [-5.795877, 40.233851], [-5.795972, 40.234313], [-5.796112, 40.234703], [-5.796296, 40.235023], [-5.796522, 40.235058], [-5.796791, 40.234807], [-5.797108, 40.234708], [-5.797474, 40.23476], [-5.797669, 40.234545], [-5.797693, 40.234064], [-5.797912, 40.233822], [-5.798325, 40.233818], [-5.798822, 40.233896], [-5.799401, 40.234056], [-5.799758, 40.23395], [-5.799893, 40.233579], [-5.800136, 40.233269], [-5.800488, 40.23302], [-5.800612, 40.23273], [-5.800508, 40.232397], [-5.800526, 40.23214], [-5.800667, 40.231958], [-5.800533, 40.231757], [-5.800125, 40.231537], [-5.799975, 40.231021], [-5.800081, 40.230208], [-5.8003, 40.229759], [-5.800631, 40.229673], [-5.801168, 40.229626], [-5.801912, 40.229616], [-5.802446, 40.22972], [-5.802771, 40.229937], [-5.803153, 40.229891], [-5.803593, 40.22958], [-5.804038, 40.229452], [-5.804487, 40.229506], [-5.804925, 40.229602], [-5.805354, 40.229739], [-5.805907, 40.229466], [-5.806585, 40.228783], [-5.806735, 40.228432], [-5.806358, 40.228414], [-5.806156, 40.228272], [-5.80613, 40.228006], [-5.80643, 40.227671], [-5.807054, 40.227267], [-5.807622, 40.227055], [-5.808135, 40.227035], [-5.808323, 40.226997], [-5.808184, 40.22694], [-5.808058, 40.226809], [-5.807944, 40.226605], [-5.808027, 40.226274], [-5.808305, 40.225815], [-5.808726, 40.225675], [-5.809289, 40.225853], [-5.80984, 40.225859], [-5.810378, 40.225691], [-5.810803, 40.225567], [-5.811114, 40.225484], [-5.811262, 40.225206], [-5.811246, 40.224731], [-5.81097, 40.224458], [-5.810433, 40.224386], [-5.810042, 40.224148], [-5.809795, 40.223743], [-5.809494, 40.223331], [-5.80914, 40.222912], [-5.8093, 40.22248], [-5.809976, 40.222036], [-5.810501, 40.221895], [-5.810873, 40.222056], [-5.811232, 40.222125], [-5.811579, 40.2221], [-5.811918, 40.222172], [-5.812251, 40.222341], [-5.812448, 40.222301], [-5.81251, 40.222052], [-5.81296, 40.22174], [-5.813798, 40.221365], [-5.814572, 40.221143], [-5.81528, 40.221075], [-5.816006, 40.221243], [-5.816751, 40.221647], [-5.81754, 40.221939], [-5.818373, 40.222122], [-5.819162, 40.222414], [-5.819906, 40.222818], [-5.820767, 40.223107], [-5.821744, 40.223281], [-5.822565, 40.22333], [-5.82323, 40.223254], [-5.82385, 40.223288], [-5.824425, 40.223432], [-5.825215, 40.223439], [-5.826218, 40.223307], [-5.827114, 40.223447], [-5.827902, 40.223859], [-5.828754, 40.22395], [-5.829671, 40.223721], [-5.830455, 40.223585], [-5.831108, 40.223542], [-5.832096, 40.223309], [-5.83342, 40.222886], [-5.834321, 40.222922], [-5.834798, 40.223417], [-5.835195, 40.223758], [-5.835511, 40.223945], [-5.835807, 40.224214], [-5.836083, 40.224567], [-5.836307, 40.224673], [-5.836479, 40.224534], [-5.836692, 40.224475], [-5.836946, 40.224497], [-5.837318, 40.224572], [-5.837806, 40.224699], [-5.8382, 40.224905], [-5.8385, 40.22519], [-5.838663, 40.225179], [-5.838689, 40.224873], [-5.839193, 40.224568], [-5.840174, 40.224265], [-5.840951, 40.224098], [-5.841524, 40.224068], [-5.842082, 40.224104], [-5.842626, 40.224206], [-5.843072, 40.224451], [-5.843419, 40.22484], [-5.843794, 40.225097], [-5.844199, 40.225221], [-5.844323, 40.225098], [-5.844167, 40.224725], [-5.843957, 40.224466], [-5.843691, 40.224318], [-5.843216, 40.223871], [-5.84253, 40.223124], [-5.842233, 40.222648], [-5.842326, 40.222442], [-5.842277, 40.222203], [-5.842084, 40.221933], [-5.841799, 40.221749], [-5.841422, 40.221651], [-5.840903, 40.221442], [-5.840241, 40.22112], [-5.839822, 40.220648], [-5.839644, 40.220025], [-5.839766, 40.219727], [-5.840187, 40.219754], [-5.840574, 40.219849], [-5.840926, 40.220014], [-5.841536, 40.219883], [-5.842402, 40.219455], [-5.842554, 40.219152], [-5.841991, 40.218974], [-5.841494, 40.218936], [-5.841064, 40.219038], [-5.84082, 40.218974], [-5.840762, 40.218745], [-5.840747, 40.218318], [-5.840776, 40.217693], [-5.840848, 40.217236], [-5.840961, 40.216947], [-5.841148, 40.216535], [-5.841407, 40.216], [-5.841591, 40.21562], [-5.8417, 40.215395], [-5.841532, 40.215224], [-5.841088, 40.215106], [-5.840859, 40.21469], [-5.840845, 40.213976], [-5.840864, 40.21352], [-5.840918, 40.21332], [-5.84118, 40.213047], [-5.841652, 40.212699], [-5.841846, 40.212397], [-5.84176, 40.212141], [-5.84185, 40.21192], [-5.842113, 40.211733], [-5.842476, 40.21165], [-5.842937, 40.21167], [-5.843398, 40.21169], [-5.843859, 40.21171], [-5.843906, 40.211607], [-5.843538, 40.211381], [-5.843262, 40.211108], [-5.843078, 40.210788], [-5.842954, 40.210546], [-5.842892, 40.210381], [-5.842498, 40.210215], [-5.841771, 40.210048], [-5.841024, 40.209836], [-5.840254, 40.20958], [-5.839724, 40.209325], [-5.839431, 40.20907], [-5.839199, 40.208846], [-5.839025, 40.208651], [-5.83886, 40.208694], [-5.838703, 40.208974], [-5.838409, 40.208879], [-5.83798, 40.208409], [-5.837428, 40.20799], [-5.836755, 40.207623], [-5.836157, 40.207386], [-5.835633, 40.207281], [-5.835296, 40.207177], [-5.835146, 40.207074], [-5.834889, 40.206878], [-5.834525, 40.206587], [-5.833975, 40.206256], [-5.833239, 40.205883], [-5.832746, 40.205613], [-5.832497, 40.205447], [-5.832082, 40.205364], [-5.831502, 40.205363], [-5.831165, 40.20518], [-5.831073, 40.204813], [-5.830849, 40.2045], [-5.830493, 40.20424], [-5.830027, 40.204117], [-5.829451, 40.204132], [-5.828959, 40.20395], [-5.828553, 40.203571], [-5.828138, 40.203281], [-5.827714, 40.203079], [-5.827244, 40.203148], [-5.826728, 40.203487], [-5.826334, 40.20336], [-5.826061, 40.202769], [-5.826071, 40.202481], [-5.826365, 40.202496], [-5.826575, 40.202383], [-5.8267, 40.20214], [-5.826385, 40.202], [-5.82563, 40.201964], [-5.825264, 40.201825], [-5.825285, 40.201583], [-5.825839, 40.201437], [-5.826925, 40.201387], [-5.827587, 40.201136], [-5.827826, 40.200684], [-5.828101, 40.200503], [-5.828415, 40.200595], [-5.828743, 40.200788], [-5.829087, 40.201082], [-5.829186, 40.201106], [-5.829041, 40.200859], [-5.828916, 40.200569], [-5.828811, 40.200236], [-5.829092, 40.199912], [-5.829759, 40.199597], [-5.830341, 40.199438], [-5.830838, 40.199436], [-5.831454, 40.199375], [-5.832191, 40.199255], [-5.832843, 40.199292], [-5.83341, 40.199485], [-5.833871, 40.199712], [-5.834226, 40.199972], [-5.834645, 40.200111], [-5.835126, 40.200128], [-5.835453, 40.200233], [-5.835626, 40.200428], [-5.836264, 40.200411], [-5.837368, 40.200183], [-5.838017, 40.200291], [-5.838212, 40.200737], [-5.838655, 40.200768], [-5.839346, 40.200384], [-5.83983, 40.20021], [-5.840108, 40.200244], [-5.840448, 40.200562], [-5.840848, 40.201165], [-5.840974, 40.201621], [-5.840824, 40.201932], [-5.84109, 40.202167], [-5.841773, 40.202326], [-5.842379, 40.202386], [-5.842908, 40.202347], [-5.843338, 40.202285], [-5.843668, 40.202199], [-5.843863, 40.202024], [-5.843921, 40.20176], [-5.844175, 40.201703], [-5.844628, 40.201851], [-5.845161, 40.201955], [-5.845777, 40.202013], [-5.846262, 40.202332], [-5.846615, 40.20291], [-5.847092, 40.203198], [-5.847692, 40.203195], [-5.848393, 40.203057], [-5.849194, 40.202783], [-5.84949, 40.20256], [-5.849281, 40.202387], [-5.84899, 40.20226], [-5.848617, 40.202177], [-5.848294, 40.202008], [-5.848022, 40.20175], [-5.847647, 40.20162], [-5.84717, 40.201619], [-5.84669, 40.201522], [-5.846206, 40.201331], [-5.845653, 40.201151], [-5.84503, 40.200982], [-5.844952, 40.200836], [-5.845418, 40.200712], [-5.845975, 40.200661], [-5.846623, 40.200682], [-5.847131, 40.200806], [-5.847499, 40.201032], [-5.847802, 40.201086], [-5.848042, 40.200967], [-5.848342, 40.200926], [-5.848704, 40.200962], [-5.849045, 40.201082], [-5.849365, 40.201284], [-5.849773, 40.201464], [-5.850269, 40.201621], [-5.850551, 40.201631], [-5.85062, 40.201492], [-5.850845, 40.2014], [-5.851227, 40.201353], [-5.851576, 40.201503], [-5.851891, 40.201849], [-5.852173, 40.201938], [-5.852421, 40.20177], [-5.852636, 40.201433], [-5.852819, 40.200926], [-5.852736, 40.200677], [-5.852386, 40.200686], [-5.852001, 40.200559], [-5.851582, 40.200293], [-5.851183, 40.200271], [-5.850803, 40.200492], [-5.850519, 40.200475], [-5.85033, 40.200219], [-5.85013, 40.200125], [-5.849919, 40.200191], [-5.849754, 40.199988], [-5.849634, 40.199514], [-5.84958, 40.199094], [-5.849591, 40.198726], [-5.849515, 40.198468], [-5.849354, 40.198319], [-5.849387, 40.198123], [-5.849616, 40.197879], [-5.849912, 40.197783], [-5.850278, 40.197834], [-5.850691, 40.19791], [-5.851151, 40.19801], [-5.8516, 40.198103], [-5.852036, 40.198191], [-5.852606, 40.198233], [-5.85331, 40.198229], [-5.85391, 40.198226], [-5.854407, 40.198225], [-5.854619, 40.198118], [-5.854545, 40.197908], [-5.854424, 40.197594], [-5.854257, 40.197176], [-5.853933, 40.196879], [-5.853453, 40.196703], [-5.853103, 40.196505], [-5.852882, 40.196287], [-5.852613, 40.196164], [-5.852295, 40.196137], [-5.851993, 40.196091], [-5.851708, 40.196026], [-5.85141, 40.195709], [-5.851101, 40.195139], [-5.850801, 40.194814], [-5.850512, 40.194734], [-5.850408, 40.194569], [-5.850489, 40.194317], [-5.850272, 40.194074], [-5.849758, 40.19384], [-5.849184, 40.193783], [-5.84855, 40.193902], [-5.848088, 40.193874], [-5.847795, 40.193699], [-5.847116, 40.193556], [-5.846052, 40.193444], [-5.845469, 40.193269], [-5.845367, 40.193031], [-5.844979, 40.192887], [-5.844304, 40.192839], [-5.843721, 40.192664], [-5.84323, 40.192362], [-5.842522, 40.192223], [-5.841595, 40.192248], [-5.840995, 40.19229], [-5.84072, 40.192351], [-5.840485, 40.192445], [-5.840289, 40.192572], [-5.84014, 40.192517], [-5.840039, 40.192279], [-5.839751, 40.192167], [-5.839278, 40.192181], [-5.838719, 40.192225], [-5.838075, 40.192298], [-5.837624, 40.192276], [-5.837366, 40.192159], [-5.837107, 40.192241], [-5.836847, 40.192523], [-5.836453, 40.192563], [-5.835926, 40.192363], [-5.835668, 40.192039], [-5.83568, 40.191592], [-5.835454, 40.191271], [-5.83499, 40.191076], [-5.834804, 40.190749], [-5.834895, 40.190289], [-5.835263, 40.190101], [-5.835906, 40.190187], [-5.836478, 40.190197], [-5.83698, 40.190131], [-5.837299, 40.190039], [-5.837435, 40.189922], [-5.837597, 40.189744], [-5.837786, 40.189506], [-5.837806, 40.189296], [-5.837656, 40.189114], [-5.837379, 40.18896], [-5.836975, 40.188836], [-5.836853, 40.188601], [-5.837015, 40.188256], [-5.837044, 40.187958], [-5.836938, 40.187704], [-5.83678, 40.187364], [-5.836569, 40.186938], [-5.836794, 40.186678], [-5.837454, 40.186586], [-5.838144, 40.186362], [-5.838862, 40.186006], [-5.839466, 40.186019], [-5.839956, 40.1864], [-5.840257, 40.186812], [-5.840368, 40.187255], [-5.840678, 40.187372], [-5.841184, 40.187162], [-5.84173, 40.186945], [-5.842317, 40.186722], [-5.843027, 40.186582], [-5.843862, 40.186525], [-5.844474, 40.186401], [-5.844861, 40.186211], [-5.845177, 40.185984], [-5.845421, 40.185722], [-5.845635, 40.185544], [-5.845819, 40.18545], [-5.846207, 40.185633], [-5.846799, 40.186093], [-5.847315, 40.186454], [-5.847754, 40.186716], [-5.848182, 40.186646], [-5.848599, 40.186244], [-5.848978, 40.185776], [-5.84932, 40.185243], [-5.849628, 40.184819], [-5.849901, 40.184504], [-5.850186, 40.184402], [-5.850483, 40.184512], [-5.850815, 40.184474], [-5.851182, 40.184287], [-5.851545, 40.184164], [-5.851903, 40.184105], [-5.852073, 40.184284], [-5.852054, 40.184701], [-5.852212, 40.185001], [-5.852548, 40.185184], [-5.852734, 40.185098], [-5.852769, 40.184743], [-5.852853, 40.184586], [-5.852988, 40.184627], [-5.853186, 40.184754], [-5.853447, 40.184966], [-5.853854, 40.184899], [-5.85441, 40.184554], [-5.854721, 40.184105], [-5.854789, 40.183553], [-5.854717, 40.183144], [-5.854505, 40.182876], [-5.854261, 40.182733], [-5.853987, 40.182714], [-5.853807, 40.182617], [-5.853721, 40.18244], [-5.853869, 40.182328], [-5.854251, 40.182282], [-5.854536, 40.182259], [-5.854722, 40.18226], [-5.854962, 40.182308], [-5.855256, 40.182404], [-5.855444, 40.182246], [-5.855527, 40.181834], [-5.855786, 40.181506], [-5.856221, 40.18126], [-5.856652, 40.180998], [-5.85708, 40.180721], [-5.857501, 40.180462], [-5.857916, 40.180219], [-5.858117, 40.179987], [-5.858103, 40.179767], [-5.858178, 40.179532], [-5.858343, 40.179282], [-5.858273, 40.179087], [-5.857968, 40.178946], [-5.857621, 40.178883], [-5.857231, 40.178899], [-5.856844, 40.178637], [-5.856459, 40.178095], [-5.856475, 40.177624], [-5.856891, 40.177221], [-5.857341, 40.176869], [-5.857824, 40.176568], [-5.858384, 40.176198], [-5.859019, 40.17576], [-5.859599, 40.175307], [-5.860123, 40.17484], [-5.860921, 40.17447], [-5.861992, 40.1742], [-5.862615, 40.174328], [-5.86279, 40.174856], [-5.862952, 40.175212], [-5.863102, 40.175394], [-5.863028, 40.175716], [-5.86273, 40.176178], [-5.862368, 40.176508], [-5.861941, 40.176705], [-5.861766, 40.176917], [-5.861844, 40.177143], [-5.862037, 40.177294], [-5.862347, 40.17737], [-5.862656, 40.17728], [-5.862964, 40.177023], [-5.863025, 40.176774], [-5.86284, 40.176534], [-5.862887, 40.176391], [-5.863166, 40.176346], [-5.86345, 40.176323], [-5.86374, 40.176323], [-5.864099, 40.176145], [-5.864527, 40.175789], [-5.865136, 40.175657], [-5.865927, 40.175751], [-5.866485, 40.176033], [-5.866811, 40.176504], [-5.86718, 40.176611], [-5.867591, 40.176353], [-5.867697, 40.176033], [-5.867497, 40.175652], [-5.867358, 40.175389], [-5.86728, 40.175243], [-5.867439, 40.17497], [-5.867836, 40.174571], [-5.868279, 40.174483], [-5.86877, 40.174704], [-5.869141, 40.175025], [-5.869393, 40.175446], [-5.869746, 40.175777], [-5.870201, 40.176021], [-5.870727, 40.176094], [-5.871324, 40.175996], [-5.87197, 40.17593], [-5.872666, 40.175896], [-5.873121, 40.175606], [-5.873336, 40.175062], [-5.873586, 40.174655], [-5.87387, 40.174386], [-5.874251, 40.174173], [-5.874729, 40.174015], [-5.8751, 40.173843], [-5.875364, 40.173656], [-5.875586, 40.173676], [-5.875767, 40.1739], [-5.876002, 40.173926], [-5.876289, 40.173751], [-5.876561, 40.173516], [-5.876818, 40.173219], [-5.877007, 40.172862], [-5.87713, 40.172444], [-5.877272, 40.172063], [-5.877433, 40.171719], [-5.877686, 40.171487], [-5.878028, 40.171367], [-5.878338, 40.171364], [-5.878616, 40.171477], [-5.878744, 40.171369], [-5.878722, 40.171038], [-5.878789, 40.170685], [-5.878942, 40.17031], [-5.878863, 40.169997], [-5.878551, 40.169746], [-5.878333, 40.169456], [-5.878208, 40.169126], [-5.878117, 40.168847], [-5.878059, 40.168618], [-5.878109, 40.168363], [-5.878266, 40.168083], [-5.87818, 40.1677], [-5.87785, 40.167213], [-5.877618, 40.166829], [-5.877485, 40.166549], [-5.877442, 40.166214], [-5.877489, 40.165824], [-5.877402, 40.165481], [-5.877182, 40.165183], [-5.876783, 40.164874], [-5.876205, 40.164556], [-5.876171, 40.164172], [-5.876679, 40.163722], [-5.8769, 40.163368], [-5.876834, 40.163108], [-5.877409, 40.162593], [-5.878623, 40.161821], [-5.879579, 40.161426], [-5.880279, 40.161407], [-5.881022, 40.161396], [-5.881809, 40.161395], [-5.882515, 40.161446], [-5.883142, 40.16155], [-5.883832, 40.161818], [-5.884583, 40.162252], [-5.885152, 40.162167], [-5.885538, 40.161563], [-5.88656, 40.16122], [-5.888218, 40.161139], [-5.889438, 40.16105], [-5.890222, 40.160954], [-5.891121, 40.160822], [-5.892135, 40.160656], [-5.892821, 40.160909], [-5.893177, 40.161582], [-5.893797, 40.161862], [-5.89468, 40.161749], [-5.895308, 40.161941], [-5.895682, 40.162436], [-5.895736, 40.162857], [-5.895472, 40.163202], [-5.895619, 40.163456], [-5.896178, 40.163619], [-5.896632, 40.163942], [-5.896982, 40.164426], [-5.897763, 40.164767], [-5.898973, 40.164966], [-5.899839, 40.164951], [-5.900362, 40.164722], [-5.900781, 40.164701], [-5.901098, 40.164888], [-5.901211, 40.165171], [-5.90112, 40.165552], [-5.900972, 40.165783], [-5.900764, 40.165865], [-5.900709, 40.166057], [-5.900807, 40.166359], [-5.901337, 40.166574], [-5.902302, 40.166702], [-5.903016, 40.166863], [-5.90348, 40.167058], [-5.904268, 40.167064], [-5.905382, 40.166881], [-5.906155, 40.166905], [-5.906587, 40.167136], [-5.907575, 40.167276], [-5.909121, 40.167325], [-5.910011, 40.167075], [-5.910245, 40.166528], [-5.910509, 40.166222], [-5.910804, 40.166158], [-5.911145, 40.166277], [-5.911532, 40.166579], [-5.911588, 40.167047], [-5.911314, 40.167681], [-5.911681, 40.167946], [-5.912691, 40.167844], [-5.913417, 40.167804], [-5.913858, 40.167827], [-5.914191, 40.167876], [-5.914417, 40.16795], [-5.914614, 40.16795], [-5.914781, 40.167875], [-5.914888, 40.167722], [-5.914933, 40.167492], [-5.915262, 40.167318], [-5.915875, 40.167202], [-5.916234, 40.16723], [-5.91634, 40.167404], [-5.916646, 40.167425], [-5.917152, 40.167294], [-5.917376, 40.167114], [-5.917318, 40.166885], [-5.91736, 40.1666], [-5.917501, 40.166259], [-5.917791, 40.166052], [-5.918228, 40.16598], [-5.91877, 40.166034], [-5.919417, 40.166214], [-5.920038, 40.166335], [-5.920633, 40.166396], [-5.921062, 40.166453], [-5.921324, 40.166505], [-5.92166, 40.166482], [-5.92207, 40.166383], [-5.922494, 40.166337], [-5.922931, 40.166345], [-5.923073, 40.166457], [-5.92292, 40.166673], [-5.922977, 40.166814], [-5.923243, 40.166882], [-5.923567, 40.166773], [-5.923951, 40.166487], [-5.924547, 40.166262], [-5.925354, 40.166098], [-5.925807, 40.16584], [-5.925905, 40.16549], [-5.925972, 40.165224], [-5.926009, 40.165043], [-5.92602, 40.164716], [-5.926003, 40.164241], [-5.92642, 40.164006], [-5.92727, 40.164009], [-5.927628, 40.16407], [-5.927492, 40.164187], [-5.927638, 40.164354], [-5.928065, 40.16457], [-5.928435, 40.164804], [-5.928747, 40.165055], [-5.929164, 40.165145], [-5.929685, 40.165075], [-5.930049, 40.165326], [-5.930255, 40.165896], [-5.930492, 40.166215], [-5.930757, 40.166283], [-5.931044, 40.166228], [-5.931351, 40.16605], [-5.93174, 40.166074], [-5.932212, 40.166298], [-5.932395, 40.166571], [-5.932289, 40.16689], [-5.932461, 40.167077], [-5.932909, 40.16713], [-5.933146, 40.16733], [-5.933172, 40.167676], [-5.933362, 40.167812], [-5.933716, 40.167737], [-5.934137, 40.167803], [-5.934624, 40.16801], [-5.935063, 40.167985], [-5.935455, 40.16773], [-5.936009, 40.167464], [-5.936726, 40.167187], [-5.937304, 40.166972], [-5.937742, 40.166821], [-5.938207, 40.166776], [-5.938699, 40.166838], [-5.939103, 40.166756], [-5.939419, 40.166529], [-5.939877, 40.166374], [-5.940477, 40.166291], [-5.940754, 40.165991], [-5.940705, 40.165474], [-5.940232, 40.165282], [-5.939333, 40.165414], [-5.939028, 40.165273], [-5.939317, 40.164859], [-5.939367, 40.164525], [-5.939178, 40.16427], [-5.93866, 40.164069], [-5.937815, 40.163921], [-5.937109, 40.163711], [-5.936543, 40.163439], [-5.936234, 40.163243], [-5.936183, 40.163124], [-5.936413, 40.162967], [-5.936923, 40.162772], [-5.937165, 40.162581], [-5.937138, 40.162394], [-5.937124, 40.162174], [-5.937121, 40.16192], [-5.937322, 40.161608], [-5.937726, 40.16124], [-5.938236, 40.160798], [-5.938851, 40.160283], [-5.939273, 40.159943], [-5.9395, 40.159779], [-5.939633, 40.159566], [-5.93967, 40.159305], [-5.939795, 40.159022], [-5.940008, 40.158717], [-5.9403, 40.158724], [-5.940671, 40.159045], [-5.941103, 40.15899], [-5.941594, 40.158559], [-5.941942, 40.158215], [-5.942147, 40.157959], [-5.942387, 40.157681], [-5.942663, 40.157381], [-5.943047, 40.157095], [-5.943537, 40.156824], [-5.944366, 40.156496], [-5.945533, 40.156113], [-5.946458, 40.155921], [-5.947141, 40.15592], [-5.947509, 40.15586], [-5.947561, 40.15574], [-5.947394, 40.155529], [-5.947007, 40.155226], [-5.946619, 40.154924], [-5.946232, 40.154622], [-5.946248, 40.154317], [-5.946667, 40.15401], [-5.947121, 40.153839], [-5.94761, 40.153807], [-5.947796, 40.153601], [-5.94768, 40.153223], [-5.947716, 40.152875], [-5.947904, 40.152557], [-5.948206, 40.152277], [-5.948621, 40.152033], [-5.948991, 40.151654], [-5.949316, 40.15114], [-5.949564, 40.150645], [-5.949734, 40.150172], [-5.950234, 40.149899], [-5.951065, 40.149825], [-5.9515, 40.149499], [-5.95154, 40.14892], [-5.951154, 40.148379], [-5.950343, 40.147876], [-5.949613, 40.147694], [-5.948965, 40.147833], [-5.948296, 40.148014], [-5.947608, 40.148239], [-5.947164, 40.148368], [-5.946965, 40.148401], [-5.946628, 40.148337], [-5.946152, 40.148177], [-5.945671, 40.147954], [-5.945184, 40.147668], [-5.944748, 40.147541], [-5.944362, 40.147572], [-5.944153, 40.147726], [-5.944119, 40.148002], [-5.944304, 40.148202], [-5.944709, 40.148327], [-5.944624, 40.148563], [-5.944049, 40.148912], [-5.94355, 40.149066], [-5.943125, 40.149025], [-5.942804, 40.148903], [-5.942587, 40.1487], [-5.942219, 40.148514], [-5.941699, 40.148345], [-5.941147, 40.148125], [-5.940561, 40.147856], [-5.94015, 40.147828], [-5.939914, 40.148042], [-5.939787, 40.148317], [-5.939769, 40.148654], [-5.939729, 40.148987], [-5.939667, 40.149316], [-5.939748, 40.149676], [-5.939971, 40.150069], [-5.940265, 40.15049], [-5.940627, 40.150939], [-5.940989, 40.151428], [-5.941351, 40.151957], [-5.941593, 40.15226], [-5.941716, 40.152335], [-5.941856, 40.152479], [-5.942014, 40.152692], [-5.9419, 40.15306], [-5.941515, 40.153585], [-5.940977, 40.153793], [-5.940287, 40.153684], [-5.939717, 40.153642], [-5.939268, 40.153668], [-5.93906, 40.15383], [-5.939094, 40.154127], [-5.938813, 40.154244], [-5.938217, 40.154183], [-5.9379, 40.153786], [-5.93786, 40.153051], [-5.937984, 40.152285], [-5.938271, 40.151486], [-5.937833, 40.151209], [-5.936672, 40.151454], [-5.93601, 40.151254], [-5.935846, 40.15061], [-5.935908, 40.149888], [-5.936195, 40.149089], [-5.936606, 40.148297], [-5.937141, 40.147511], [-5.938161, 40.146981], [-5.939664, 40.146707], [-5.940224, 40.146225], [-5.93984, 40.145537], [-5.939251, 40.145352], [-5.938458, 40.14567], [-5.93775, 40.145773], [-5.937127, 40.145661], [-5.936596, 40.145359], [-5.936157, 40.144868], [-5.936047, 40.144362], [-5.936265, 40.143843], [-5.937012, 40.143412], [-5.938288, 40.143067], [-5.939802, 40.142697], [-5.941554, 40.142302], [-5.942827, 40.142012], [-5.943619, 40.141828], [-5.944511, 40.141761], [-5.945503, 40.141813], [-5.946282, 40.141577], [-5.946848, 40.141054], [-5.947463, 40.140792], [-5.948127, 40.14079], [-5.948802, 40.141041], [-5.949489, 40.141546], [-5.950255, 40.141876], [-5.951098, 40.142032], [-5.951846, 40.142017], [-5.952497, 40.141829], [-5.952597, 40.141531], [-5.952143, 40.141122], [-5.952592, 40.140686], [-5.953943, 40.140222], [-5.955167, 40.139604], [-5.956264, 40.138832], [-5.957227, 40.13815], [-5.958056, 40.137557], [-5.958722, 40.137152], [-5.959226, 40.136935], [-5.959961, 40.136733], [-5.960928, 40.136547], [-5.961846, 40.136033], [-5.962716, 40.135192], [-5.963454, 40.13507], [-5.96406, 40.135669], [-5.964772, 40.136061], [-5.965588, 40.136249], [-5.966249, 40.136583], [-5.966756, 40.137063], [-5.96737, 40.137485], [-5.968091, 40.13785], [-5.96878, 40.137669], [-5.969434, 40.136944], [-5.970218, 40.136452], [-5.971132, 40.136194], [-5.971634, 40.135762], [-5.971725, 40.135157], [-5.972395, 40.134563], [-5.973646, 40.133981], [-5.974719, 40.13332], [-5.975615, 40.132582], [-5.976242, 40.131955], [-5.976601, 40.131439], [-5.976979, 40.131001], [-5.977377, 40.13064], [-5.97728, 40.130468], [-5.976691, 40.130485], [-5.976574, 40.130303], [-5.976932, 40.129922], [-5.977612, 40.129501], [-5.978613, 40.12904], [-5.979608, 40.128554], [-5.980596, 40.128042], [-5.98124, 40.127546], [-5.981537, 40.127067], [-5.982189, 40.126745], [-5.983196, 40.126579], [-5.983807, 40.126438], [-5.984022, 40.126322], [-5.984336, 40.125908], [-5.984749, 40.125195], [-5.984833, 40.124698], [-5.984586, 40.124416], [-5.984635, 40.124059], [-5.98498, 40.123627], [-5.984848, 40.123313], [-5.984239, 40.123118], [-5.984481, 40.122796], [-5.985573, 40.122347], [-5.986207, 40.121954], [-5.986383, 40.121616], [-5.986495, 40.121302], [-5.986544, 40.121012], [-5.986685, 40.120674], [-5.986919, 40.120286], [-5.986933, 40.119686], [-5.986726, 40.118875], [-5.986429, 40.118461], [-5.986041, 40.118444], [-5.985895, 40.118146], [-5.985992, 40.117566], [-5.985888, 40.11712], [-5.985582, 40.116809], [-5.985376, 40.116413], [-5.985272, 40.115933], [-5.985387, 40.115317], [-5.98572, 40.114564], [-5.986281, 40.113747], [-5.98707, 40.112865], [-5.987784, 40.112203], [-5.988424, 40.111762], [-5.98904, 40.111438], [-5.989635, 40.111233], [-5.990546, 40.110935], [-5.991775, 40.110544], [-5.992721, 40.110213], [-5.993386, 40.109942], [-5.994183, 40.109777], [-5.995111, 40.109717], [-5.995691, 40.109454], [-5.995921, 40.108986], [-5.996261, 40.108568], [-5.996708, 40.108198], [-5.997213, 40.108088], [-5.997775, 40.108237], [-5.998225, 40.108357], [-5.998563, 40.108449], [-5.999088, 40.108523], [-5.999801, 40.10858], [-6.000351, 40.10861], [-6.000736, 40.108613], [-6.001101, 40.108365], [-6.001446, 40.107865], [-6.001894, 40.107704], [-6.002445, 40.107881], [-6.003001, 40.107903], [-6.003562, 40.10777], [-6.00419, 40.107767], [-6.004886, 40.107894], [-6.005433, 40.108052], [-6.00583, 40.108241], [-6.006382, 40.108626], [-6.007089, 40.109208], [-6.007798, 40.109453], [-6.008509, 40.109362], [-6.008613, 40.109191], [-6.008112, 40.108938], [-6.007767, 40.108646], [-6.007578, 40.108315], [-6.007221, 40.108078], [-6.006696, 40.107937], [-6.006295, 40.107735], [-6.006019, 40.107472], [-6.005576, 40.10731], [-6.004967, 40.10725], [-6.004525, 40.107161], [-6.004251, 40.107046], [-6.004045, 40.106818], [-6.003906, 40.106478], [-6.003829, 40.106109], [-6.003815, 40.105708], [-6.004082, 40.105382], [-6.004629, 40.105131], [-6.005031, 40.10489], [-6.005287, 40.104659], [-6.005554, 40.104441], [-6.005834, 40.104233], [-6.006081, 40.103971], [-6.006298, 40.103653], [-6.006527, 40.103387], [-6.006769, 40.103172], [-6.006842, 40.103013], [-6.006746, 40.102908], [-6.006777, 40.102688], [-6.006937, 40.102353], [-6.007117, 40.102135], [-6.007319, 40.102034], [-6.007572, 40.101724], [-6.007876, 40.101204], [-6.008224, 40.101093], [-6.008614, 40.101391], [-6.00877, 40.101694], [-6.008691, 40.102002], [-6.008827, 40.102161], [-6.009179, 40.10217], [-6.009645, 40.102046], [-6.010226, 40.101789], [-6.010465, 40.101904], [-6.010362, 40.10239], [-6.010267, 40.102775], [-6.010182, 40.103058], [-6.009852, 40.103341], [-6.009277, 40.103624], [-6.009189, 40.103793], [-6.009588, 40.103848], [-6.010079, 40.103753], [-6.010663, 40.103509], [-6.011434, 40.103482], [-6.012391, 40.103673], [-6.013003, 40.10388], [-6.013269, 40.104104], [-6.013662, 40.104207], [-6.014182, 40.104188], [-6.01448, 40.104502], [-6.014556, 40.105147], [-6.014772, 40.105547], [-6.015126, 40.105704], [-6.015434, 40.105404], [-6.015696, 40.104649], [-6.016001, 40.104163], [-6.016347, 40.103944], [-6.016413, 40.103484], [-6.0162, 40.102781], [-6.016024, 40.102125], [-6.015887, 40.101517], [-6.015739, 40.101038], [-6.01558, 40.100688], [-6.015376, 40.100433], [-6.015125, 40.100273], [-6.014926, 40.10028], [-6.014778, 40.100452], [-6.014503, 40.100437], [-6.014102, 40.100235], [-6.013991, 40.100005], [-6.01417, 40.099747], [-6.014199, 40.099514], [-6.014076, 40.099306], [-6.013874, 40.099098], [-6.013594, 40.098889], [-6.013392, 40.098573], [-6.013267, 40.098151], [-6.013262, 40.097789], [-6.013378, 40.097488], [-6.013585, 40.097239], [-6.013885, 40.097042], [-6.014099, 40.096718], [-6.014229, 40.096267], [-6.014425, 40.095972], [-6.014687, 40.095835], [-6.014933, 40.095667], [-6.015162, 40.095468], [-6.015461, 40.095304], [-6.01583, 40.095176], [-6.016227, 40.095057], [-6.016653, 40.094946], [-6.016917, 40.094815], [-6.017018, 40.094664], [-6.01715, 40.094461], [-6.017312, 40.094206], [-6.017785, 40.093765], [-6.018569, 40.093139], [-6.019196, 40.092511], [-6.019665, 40.091883], [-6.019555, 40.091553], [-6.018865, 40.091519], [-6.018467, 40.091223], [-6.018359, 40.090663], [-6.018558, 40.09014], [-6.019063, 40.089654], [-6.019508, 40.089513], [-6.019892, 40.089718], [-6.020557, 40.089621], [-6.021504, 40.089223], [-6.022199, 40.088866], [-6.022643, 40.088551], [-6.023143, 40.088354], [-6.0237, 40.088275], [-6.024362, 40.088099], [-6.02513, 40.087824], [-6.025846, 40.087477], [-6.026508, 40.087059], [-6.027054, 40.0867], [-6.027484, 40.0864], [-6.027748, 40.086061], [-6.027843, 40.085683], [-6.028127, 40.08532], [-6.028598, 40.084974], [-6.029004, 40.084685], [-6.029347, 40.084454], [-6.029617, 40.084107], [-6.029814, 40.083645], [-6.029705, 40.083287], [-6.029292, 40.083033], [-6.028829, 40.082895], [-6.028316, 40.082872], [-6.027934, 40.082741], [-6.027681, 40.082501], [-6.027693, 40.082345], [-6.027971, 40.082272], [-6.028177, 40.082083], [-6.028309, 40.081779], [-6.02864, 40.08157], [-6.02917, 40.081456], [-6.029622, 40.081173], [-6.029996, 40.080721], [-6.030302, 40.080449], [-6.030541, 40.080356], [-6.030781, 40.080236], [-6.031023, 40.080088], [-6.031348, 40.080202], [-6.031758, 40.080577], [-6.032059, 40.080937], [-6.032252, 40.081281], [-6.032363, 40.081652], [-6.032395, 40.082049], [-6.032428, 40.082319], [-6.032464, 40.082461], [-6.032661, 40.082582], [-6.033019, 40.082684], [-6.033559, 40.08285], [-6.034281, 40.083079], [-6.034801, 40.083134], [-6.03512, 40.083014], [-6.035496, 40.083119], [-6.03593, 40.08345], [-6.036192, 40.083347], [-6.036282, 40.082808], [-6.036489, 40.082458], [-6.036815, 40.082297], [-6.037124, 40.082172], [-6.037416, 40.082083], [-6.037607, 40.081978], [-6.037698, 40.081855], [-6.037686, 40.081736], [-6.037569, 40.081621], [-6.037567, 40.081441], [-6.037678, 40.081194], [-6.03762, 40.080828], [-6.037392, 40.080342], [-6.037406, 40.079849], [-6.037663, 40.07935], [-6.03803, 40.079041], [-6.038506, 40.078922], [-6.03902, 40.078743], [-6.03957, 40.078504], [-6.040205, 40.078358], [-6.040926, 40.078306], [-6.041564, 40.078173], [-6.042121, 40.07796], [-6.042593, 40.077754], [-6.042979, 40.077556], [-6.043202, 40.077264], [-6.043261, 40.076879], [-6.043615, 40.076692], [-6.044264, 40.076705], [-6.044787, 40.076941], [-6.045183, 40.077399], [-6.045382, 40.077769], [-6.045384, 40.07805], [-6.045737, 40.078133], [-6.04644, 40.078016], [-6.046975, 40.077988], [-6.047339, 40.078048], [-6.047735, 40.077714], [-6.04816, 40.076986], [-6.048539, 40.076654], [-6.04887, 40.07672], [-6.049273, 40.076727], [-6.049749, 40.076675], [-6.050115, 40.076742], [-6.050372, 40.076928], [-6.050923, 40.076964], [-6.051767, 40.076851], [-6.052466, 40.076748], [-6.053019, 40.076656], [-6.053724, 40.076613], [-6.054581, 40.076619], [-6.055063, 40.07676], [-6.055168, 40.077038], [-6.055331, 40.077266], [-6.055551, 40.077445], [-6.055641, 40.077933], [-6.0556, 40.078732], [-6.055326, 40.079268], [-6.054819, 40.07954], [-6.054442, 40.07981], [-6.054196, 40.080079], [-6.054013, 40.080352], [-6.053891, 40.080627], [-6.053775, 40.081029], [-6.053665, 40.081557], [-6.053702, 40.082014], [-6.053888, 40.0824], [-6.05412, 40.082556], [-6.054398, 40.082483], [-6.054569, 40.082535], [-6.054631, 40.082713], [-6.054721, 40.082825], [-6.054838, 40.082873], [-6.054932, 40.083139], [-6.055003, 40.083624], [-6.055151, 40.083895], [-6.055375, 40.083952], [-6.055464, 40.084233], [-6.055418, 40.084737], [-6.055051, 40.085013], [-6.054365, 40.085059], [-6.054255, 40.085245], [-6.054722, 40.085571], [-6.054966, 40.085913], [-6.054988, 40.086272], [-6.054738, 40.086595], [-6.054218, 40.086883], [-6.054057, 40.087144], [-6.054257, 40.08738], [-6.054673, 40.087573], [-6.055305, 40.087723], [-6.055703, 40.087878], [-6.055866, 40.088039], [-6.055996, 40.088306], [-6.056091, 40.08868], [-6.056162, 40.089131], [-6.05621, 40.08966], [-6.056379, 40.089982], [-6.05667, 40.090094], [-6.056845, 40.090576], [-6.056904, 40.091425], [-6.056765, 40.091945], [-6.05643, 40.092135], [-6.056358, 40.092368], [-6.056551, 40.092645], [-6.056672, 40.092913], [-6.056721, 40.093174], [-6.056704, 40.093452], [-6.056622, 40.093747], [-6.056457, 40.094198], [-6.05621, 40.094803], [-6.055881, 40.09526], [-6.055471, 40.09557], [-6.055027, 40.095818], [-6.054551, 40.096004], [-6.054454, 40.096242], [-6.054737, 40.09653], [-6.054996, 40.096622], [-6.055231, 40.096516], [-6.055774, 40.096587], [-6.056623, 40.096835], [-6.056667, 40.09711], [-6.055905, 40.097411], [-6.055274, 40.097677], [-6.054774, 40.097907], [-6.054268, 40.098253], [-6.053756, 40.098714], [-6.053348, 40.098929], [-6.053043, 40.098899], [-6.052729, 40.098898], [-6.052404, 40.098925], [-6.052103, 40.099015], [-6.051828, 40.099168], [-6.051483, 40.099218], [-6.051068, 40.099166], [-6.050781, 40.09914], [-6.050624, 40.099139], [-6.050297, 40.099193], [-6.049801, 40.099303], [-6.049422, 40.099426], [-6.04916, 40.099563], [-6.048885, 40.09979], [-6.048599, 40.100106], [-6.048299, 40.100404], [-6.047986, 40.100684], [-6.048111, 40.100865], [-6.048673, 40.100946], [-6.049205, 40.10118], [-6.049705, 40.101567], [-6.050107, 40.101843], [-6.050411, 40.102007], [-6.050858, 40.102115], [-6.051447, 40.102165], [-6.052036, 40.102248], [-6.052625, 40.102365], [-6.05319, 40.102695], [-6.05373, 40.103236], [-6.053883, 40.103633], [-6.053651, 40.103887], [-6.053631, 40.104118], [-6.053824, 40.104328], [-6.053914, 40.104575], [-6.053899, 40.104859], [-6.05423, 40.104992], [-6.054906, 40.104974], [-6.055226, 40.105129], [-6.055187, 40.105458], [-6.055015, 40.105708], [-6.054709, 40.10588], [-6.054494, 40.106097], [-6.054368, 40.106359], [-6.053942, 40.10647], [-6.053216, 40.106429], [-6.052581, 40.10634], [-6.052039, 40.106201], [-6.051618, 40.106057], [-6.051317, 40.105905], [-6.05108, 40.10573], [-6.050907, 40.10553], [-6.0506, 40.105386], [-6.050158, 40.105298], [-6.049875, 40.105251], [-6.049751, 40.105245], [-6.049673, 40.105144], [-6.04964, 40.104948], [-6.049164, 40.104859], [-6.048242, 40.104878], [-6.04748, 40.10487], [-6.046877, 40.104835], [-6.045965, 40.104752], [-6.044743, 40.104619], [-6.043717, 40.1045], [-6.042887, 40.104396], [-6.042336, 40.10436], [-6.042064, 40.104391], [-6.042166, 40.104482], [-6.042641, 40.104631], [-6.042807, 40.104839], [-6.042665, 40.105104], [-6.042418, 40.105367], [-6.042064, 40.105626], [-6.042, 40.105852], [-6.042223, 40.106043], [-6.042168, 40.106274], [-6.041835, 40.106544], [-6.041325, 40.106669], [-6.040639, 40.106648], [-6.040113, 40.106608], [-6.039748, 40.106547], [-6.039515, 40.10666], [-6.039413, 40.106945], [-6.038998, 40.107135], [-6.03827, 40.107228], [-6.037608, 40.107405], [-6.03701, 40.107665], [-6.036629, 40.107782], [-6.036465, 40.107756], [-6.036301, 40.107864], [-6.036135, 40.108106], [-6.035713, 40.108337], [-6.035035, 40.108556], [-6.034778, 40.108814], [-6.03494, 40.109109], [-6.035397, 40.109255], [-6.036147, 40.109252], [-6.0368, 40.109278], [-6.037356, 40.109333], [-6.037627, 40.109094], [-6.037613, 40.108559], [-6.037852, 40.108331], [-6.038344, 40.108411], [-6.038561, 40.108644], [-6.038502, 40.109029], [-6.038655, 40.109185], [-6.039021, 40.109111], [-6.039347, 40.109158], [-6.039634, 40.109325], [-6.039752, 40.109514], [-6.039701, 40.109724], [-6.039492, 40.11], [-6.039125, 40.110343], [-6.03875, 40.110485], [-6.038369, 40.110428], [-6.037921, 40.110488], [-6.037408, 40.110667], [-6.037065, 40.110831], [-6.036893, 40.110981], [-6.037239, 40.111138], [-6.038103, 40.111304], [-6.038753, 40.111458], [-6.039192, 40.1116], [-6.039785, 40.111529], [-6.040534, 40.111244], [-6.041022, 40.111102], [-6.04125, 40.111105], [-6.041576, 40.111084], [-6.042002, 40.111041], [-6.04253, 40.111054], [-6.043159, 40.111124], [-6.043715, 40.111146], [-6.044198, 40.11112], [-6.044629, 40.111062], [-6.045008, 40.110972], [-6.045434, 40.110794], [-6.045908, 40.110527], [-6.046616, 40.110289], [-6.047558, 40.110079], [-6.048263, 40.109963], [-6.048728, 40.109939], [-6.049037, 40.11019], [-6.049188, 40.110715], [-6.049475, 40.110916], [-6.049898, 40.110792], [-6.05029, 40.110788], [-6.050651, 40.110902], [-6.051224, 40.110922], [-6.052008, 40.110845], [-6.052566, 40.110632], [-6.052896, 40.110282], [-6.053207, 40.11013], [-6.053498, 40.110175], [-6.053769, 40.110244], [-6.05402, 40.110337], [-6.054366, 40.110394], [-6.054808, 40.110414], [-6.055351, 40.110452], [-6.055994, 40.110507], [-6.056533, 40.110256], [-6.056968, 40.109701], [-6.057359, 40.109454], [-6.057707, 40.109517], [-6.057785, 40.109686], [-6.057593, 40.109959], [-6.057362, 40.110219], [-6.057093, 40.110465], [-6.057045, 40.110621], [-6.057219, 40.110686], [-6.057318, 40.110938], [-6.057343, 40.111377], [-6.056812, 40.113338], [-6.055725, 40.116821], [-6.05528, 40.11864], [-6.055477, 40.118795], [-6.05541, 40.118907], [-6.055078, 40.118976], [-6.054852, 40.119429], [-6.054734, 40.120268], [-6.054662, 40.120944], [-6.054636, 40.121459], [-6.054776, 40.121698], [-6.055081, 40.12166], [-6.055286, 40.121472], [-6.055392, 40.121132], [-6.055833, 40.121046], [-6.056609, 40.121212], [-6.056876, 40.12147], [-6.056633, 40.121819], [-6.056455, 40.122285], [-6.056341, 40.122868], [-6.05618, 40.12323], [-6.055972, 40.123372], [-6.055969, 40.123842], [-6.056173, 40.124641], [-6.056171, 40.125111], [-6.055962, 40.125253], [-6.055652, 40.125338], [-6.055239, 40.125366], [-6.054859, 40.12545], [-6.054509, 40.125588], [-6.054164, 40.125672], [-6.053822, 40.125702], [-6.053501, 40.125816], [-6.053202, 40.126013], [-6.052842, 40.126247], [-6.052422, 40.126518], [-6.052172, 40.126533], [-6.052093, 40.126291], [-6.052178, 40.126008], [-6.052428, 40.125685], [-6.052533, 40.125379], [-6.052495, 40.12509], [-6.052413, 40.125043], [-6.052288, 40.125238], [-6.052143, 40.125457], [-6.051977, 40.125699], [-6.051688, 40.125969], [-6.051274, 40.126265], [-6.051032, 40.126312], [-6.050963, 40.126109], [-6.05102, 40.125717], [-6.051204, 40.125136], [-6.051246, 40.124787], [-6.051146, 40.124669], [-6.05085, 40.124879], [-6.050358, 40.125417], [-6.049819, 40.125802], [-6.049231, 40.126034], [-6.048854, 40.126029], [-6.048688, 40.125788], [-6.048644, 40.125513], [-6.048723, 40.125205], [-6.048672, 40.124972], [-6.048492, 40.124814], [-6.048139, 40.124664], [-6.047614, 40.124523], [-6.047165, 40.124376], [-6.046794, 40.124222], [-6.046478, 40.124046], [-6.046218, 40.123848], [-6.04596, 40.123555], [-6.045704, 40.123168], [-6.04536, 40.123017], [-6.044927, 40.123102], [-6.044495, 40.123294], [-6.044065, 40.123594], [-6.043815, 40.123642], [-6.043746, 40.123439], [-6.043571, 40.1233], [-6.043289, 40.123226], [-6.043187, 40.122927], [-6.043264, 40.122404], [-6.04314, 40.122297], [-6.042817, 40.122606], [-6.042562, 40.122876], [-6.042377, 40.123108], [-6.04232, 40.123332], [-6.042393, 40.123549], [-6.042322, 40.12399], [-6.042107, 40.124657], [-6.042322, 40.125017], [-6.042965, 40.125072], [-6.043283, 40.125153], [-6.043275, 40.125262], [-6.043231, 40.125397], [-6.04315, 40.125558], [-6.043181, 40.12568], [-6.043325, 40.125764], [-6.043565, 40.125851], [-6.043903, 40.125943], [-6.044102, 40.126071], [-6.044162, 40.126236], [-6.044023, 40.12638], [-6.043688, 40.126502], [-6.043391, 40.126505], [-6.043134, 40.126386], [-6.042892, 40.126158], [-6.042666, 40.125819], [-6.042382, 40.125564], [-6.042042, 40.125392], [-6.041644, 40.125203], [-6.041189, 40.124997], [-6.040778, 40.124857], [-6.040409, 40.124783], [-6.040154, 40.124604], [-6.040012, 40.124319], [-6.03965, 40.124305], [-6.039069, 40.124563], [-6.03868, 40.124822], [-6.038484, 40.125082], [-6.038606, 40.125317], [-6.039043, 40.125527], [-6.039644, 40.126065], [-6.040406, 40.126932], [-6.041179, 40.127529], [-6.041961, 40.127856], [-6.042411, 40.12811], [-6.042527, 40.128292], [-6.04241, 40.12852], [-6.04206, 40.128793], [-6.041713, 40.128837], [-6.041369, 40.128652], [-6.04093, 40.128611], [-6.040397, 40.128712], [-6.039975, 40.128702], [-6.039664, 40.128579], [-6.039467, 40.128423], [-6.039384, 40.128236], [-6.039284, 40.128152], [-6.039167, 40.128171], [-6.038946, 40.12847], [-6.038621, 40.129047], [-6.038275, 40.129574], [-6.037907, 40.130051], [-6.037505, 40.130292], [-6.037069, 40.130297], [-6.036812, 40.130387], [-6.036734, 40.130561], [-6.036916, 40.130793], [-6.037357, 40.131082], [-6.037721, 40.13131], [-6.038008, 40.131478], [-6.038074, 40.131668], [-6.037919, 40.131882], [-6.037679, 40.131868], [-6.037355, 40.131626], [-6.03705, 40.13163], [-6.036764, 40.131878], [-6.036438, 40.132141], [-6.036071, 40.132416], [-6.035754, 40.132442], [-6.035487, 40.132217], [-6.035091, 40.132276], [-6.034567, 40.132618], [-6.034324, 40.1329], [-6.034363, 40.133122], [-6.034556, 40.133298], [-6.034904, 40.133428], [-6.035136, 40.133618], [-6.035252, 40.133867], [-6.035469, 40.133999], [-6.035788, 40.134014], [-6.036127, 40.133904], [-6.036487, 40.13367], [-6.036681, 40.133644], [-6.03671, 40.133827], [-6.036504, 40.134083], [-6.036064, 40.134411], [-6.035954, 40.13463], [-6.036174, 40.134742], [-6.036542, 40.134916], [-6.037057, 40.135153], [-6.037288, 40.135376], [-6.037237, 40.135586], [-6.0371, 40.135803], [-6.036878, 40.136028], [-6.036743, 40.136185], [-6.036695, 40.136273], [-6.036448, 40.136227], [-6.036, 40.136046], [-6.035713, 40.13602], [-6.035588, 40.136148], [-6.035653, 40.136298], [-6.035907, 40.136471], [-6.03608, 40.136637], [-6.036173, 40.136796], [-6.036054, 40.136842], [-6.035723, 40.136776], [-6.035307, 40.136792], [-6.034807, 40.136888], [-6.034622, 40.137019], [-6.034752, 40.137186], [-6.035003, 40.137278], [-6.035375, 40.137297], [-6.035569, 40.137547], [-6.035587, 40.138027], [-6.035506, 40.138329], [-6.035328, 40.138453], [-6.035482, 40.138575], [-6.035967, 40.138696], [-6.036559, 40.138618], [-6.037258, 40.138341], [-6.037699, 40.138255], [-6.037883, 40.138359], [-6.038129, 40.138264], [-6.038439, 40.137971], [-6.038872, 40.13792], [-6.039427, 40.13811], [-6.039657, 40.13836], [-6.039562, 40.138671], [-6.039631, 40.138908], [-6.039865, 40.139071], [-6.039918, 40.139351], [-6.039792, 40.139747], [-6.03952, 40.139913], [-6.039101, 40.139848], [-6.038866, 40.139713], [-6.038813, 40.139507], [-6.038657, 40.13958], [-6.038397, 40.139931], [-6.038172, 40.140076], [-6.037981, 40.140014], [-6.037791, 40.140092], [-6.037602, 40.140311], [-6.037504, 40.140543], [-6.037496, 40.140786], [-6.037897, 40.140988], [-6.038707, 40.141149], [-6.039168, 40.141516], [-6.039279, 40.142088], [-6.039081, 40.142376], [-6.038575, 40.142379], [-6.038293, 40.142506], [-6.038235, 40.142758], [-6.038591, 40.142954], [-6.039361, 40.143095], [-6.039668, 40.143272], [-6.039513, 40.143486], [-6.039381, 40.143621], [-6.039274, 40.14368], [-6.039097, 40.143877], [-6.03885, 40.144213], [-6.038622, 40.144378], [-6.03841, 40.144373], [-6.038183, 40.144337], [-6.037938, 40.14427], [-6.037557, 40.144112], [-6.037039, 40.143862], [-6.036821, 40.143623], [-6.036902, 40.143394], [-6.036846, 40.143243], [-6.036652, 40.143167], [-6.036276, 40.142894], [-6.035719, 40.142422], [-6.035407, 40.142192], [-6.03534, 40.142203], [-6.035431, 40.142114], [-6.03568, 40.141925], [-6.03576, 40.141623], [-6.035672, 40.141208], [-6.035642, 40.140851], [-6.035671, 40.140551], [-6.035637, 40.140281], [-6.035541, 40.140042], [-6.035383, 40.1398], [-6.035163, 40.139554], [-6.034891, 40.139311], [-6.034567, 40.139069], [-6.034228, 40.138836], [-6.033874, 40.138613], [-6.033595, 40.138478], [-6.033391, 40.138431], [-6.033058, 40.138325], [-6.032596, 40.13816], [-6.03214, 40.138048], [-6.031687, 40.137988], [-6.031361, 40.137874], [-6.031161, 40.137706], [-6.03107, 40.137419], [-6.031089, 40.137013], [-6.030922, 40.136631], [-6.030569, 40.136274], [-6.030121, 40.136059], [-6.029578, 40.135988], [-6.029159, 40.136057], [-6.028863, 40.136268], [-6.028555, 40.136292], [-6.028234, 40.13613], [-6.028051, 40.135925], [-6.028005, 40.135678], [-6.027859, 40.135722], [-6.027612, 40.136058], [-6.027433, 40.136383], [-6.027321, 40.136697], [-6.027291, 40.136991], [-6.027343, 40.137264], [-6.027318, 40.137443], [-6.027217, 40.137527], [-6.027081, 40.13761], [-6.02691, 40.137692], [-6.02676, 40.137757], [-6.026633, 40.137805], [-6.026379, 40.13784], [-6.026, 40.137862], [-6.025797, 40.138057], [-6.025768, 40.138424], [-6.025715, 40.138869], [-6.025638, 40.139392], [-6.025516, 40.139701], [-6.025348, 40.139796], [-6.025197, 40.140096], [-6.025064, 40.140602], [-6.02535, 40.140903], [-6.026057, 40.141001], [-6.026447, 40.141124], [-6.02652, 40.141274], [-6.026666, 40.141504], [-6.026885, 40.141817], [-6.027374, 40.142226], [-6.028132, 40.142732], [-6.028657, 40.143041], [-6.028948, 40.143154], [-6.02919, 40.143315], [-6.029383, 40.143525], [-6.029367, 40.143736], [-6.029141, 40.143947], [-6.029005, 40.144131], [-6.028957, 40.144287], [-6.029073, 40.144402], [-6.029355, 40.144476], [-6.029266, 40.144813], [-6.028807, 40.145413], [-6.028505, 40.14567], [-6.028361, 40.145587], [-6.028333, 40.145269], [-6.02842, 40.144718], [-6.028336, 40.14449], [-6.02808, 40.144586], [-6.027795, 40.144909], [-6.027481, 40.145457], [-6.027081, 40.145604], [-6.026596, 40.145349], [-6.026167, 40.145071], [-6.025793, 40.14477], [-6.025154, 40.144661], [-6.024248, 40.144744], [-6.023606, 40.144729], [-6.023228, 40.144617], [-6.022833, 40.144508], [-6.022422, 40.144402], [-6.022062, 40.144327], [-6.021754, 40.144284], [-6.021323, 40.144241], [-6.02077, 40.144198], [-6.020075, 40.144145], [-6.019237, 40.144083], [-6.018665, 40.14417], [-6.018359, 40.144409], [-6.018027, 40.14441], [-6.01767, 40.144174], [-6.01744, 40.144232], [-6.017337, 40.144585], [-6.01739, 40.144824], [-6.017597, 40.144951], [-6.017966, 40.145098], [-6.018498, 40.145265], [-6.018873, 40.145499], [-6.019089, 40.145799], [-6.019169, 40.146148], [-6.019113, 40.146546], [-6.018704, 40.146896], [-6.017941, 40.147197], [-6.01743, 40.147422], [-6.017172, 40.147572], [-6.017207, 40.147848], [-6.017536, 40.14825], [-6.017949, 40.148498], [-6.018445, 40.14859], [-6.018801, 40.148927], [-6.019019, 40.149509], [-6.018893, 40.150214], [-6.018423, 40.151044], [-6.018031, 40.151464], [-6.01772, 40.151475], [-6.017398, 40.151448], [-6.017066, 40.151382], [-6.016778, 40.15145], [-6.016532, 40.151652], [-6.016211, 40.151698], [-6.015816, 40.151589], [-6.015526, 40.150999], [-6.015341, 40.149929], [-6.014856, 40.149465], [-6.014071, 40.149609], [-6.013702, 40.149878], [-6.013751, 40.150272], [-6.013928, 40.150626], [-6.014235, 40.150937], [-6.014234, 40.151246], [-6.013928, 40.151552], [-6.013587, 40.151863], [-6.013213, 40.15218], [-6.012892, 40.152361], [-6.012624, 40.152405], [-6.012378, 40.15254], [-6.012156, 40.152765], [-6.011864, 40.152786], [-6.011503, 40.152604], [-6.011113, 40.152514], [-6.010694, 40.152516], [-6.010255, 40.152475], [-6.009796, 40.152389], [-6.009279, 40.152314], [-6.008703, 40.152248], [-6.008445, 40.152505], [-6.008505, 40.153086], [-6.008865, 40.153436], [-6.009525, 40.153555], [-6.010094, 40.153696], [-6.010572, 40.153859], [-6.011099, 40.15404], [-6.011675, 40.15424], [-6.012205, 40.154468], [-6.012689, 40.154723], [-6.012914, 40.154955], [-6.01288, 40.155162], [-6.012604, 40.155348], [-6.012087, 40.155515], [-6.011841, 40.155716], [-6.011866, 40.155954], [-6.012102, 40.156022], [-6.012549, 40.155921], [-6.013191, 40.155594], [-6.014029, 40.155039], [-6.014571, 40.15456], [-6.014818, 40.154157], [-6.015365, 40.154039], [-6.016212, 40.154208], [-6.016809, 40.154251], [-6.017155, 40.154166], [-6.017468, 40.154128], [-6.01775, 40.154135], [-6.017998, 40.154081], [-6.018214, 40.153965], [-6.018506, 40.154118], [-6.018876, 40.15454], [-6.019398, 40.154735], [-6.020072, 40.154704], [-6.020309, 40.15488], [-6.020109, 40.155262], [-6.019828, 40.155738], [-6.019466, 40.156308], [-6.01889, 40.156417], [-6.018101, 40.156064], [-6.017593, 40.155752], [-6.017367, 40.155481], [-6.017041, 40.155575], [-6.016616, 40.156034], [-6.016199, 40.156352], [-6.015789, 40.156527], [-6.015034, 40.156551], [-6.013935, 40.156424], [-6.013637, 40.156487], [-6.014138, 40.156739], [-6.014371, 40.156969], [-6.014337, 40.157176], [-6.01448, 40.157428], [-6.0148, 40.157724], [-6.014937, 40.158124], [-6.01489, 40.158629], [-6.014883, 40.159046], [-6.014915, 40.159376], [-6.015085, 40.159496], [-6.015394, 40.159405], [-6.015742, 40.159535], [-6.016129, 40.159887], [-6.016565, 40.16009], [-6.017051, 40.160144], [-6.017403, 40.160086], [-6.017622, 40.159915], [-6.017904, 40.159956], [-6.018247, 40.160208], [-6.018631, 40.160205], [-6.019055, 40.159947], [-6.019463, 40.159658], [-6.019853, 40.159338], [-6.020629, 40.159364], [-6.021791, 40.159736], [-6.022431, 40.160087], [-6.02255, 40.160416], [-6.022516, 40.16073], [-6.02233, 40.16103], [-6.022155, 40.161408], [-6.021992, 40.161864], [-6.021753, 40.162333], [-6.021438, 40.162815], [-6.02173, 40.163136], [-6.022628, 40.163296], [-6.023106, 40.163217], [-6.023165, 40.162899], [-6.023565, 40.162651], [-6.024307, 40.162475], [-6.025247, 40.161876], [-6.026386, 40.160855], [-6.027821, 40.159692], [-6.029551, 40.158385], [-6.030481, 40.157815], [-6.030611, 40.157982], [-6.030599, 40.158245], [-6.030447, 40.158606], [-6.030624, 40.159027], [-6.031131, 40.159506], [-6.031023, 40.160148], [-6.030302, 40.160953], [-6.029753, 40.16158], [-6.029379, 40.162032], [-6.029297, 40.162569], [-6.029508, 40.163192], [-6.029771, 40.163705], [-6.030084, 40.16411], [-6.030618, 40.164559], [-6.031373, 40.165051], [-6.031893, 40.165307], [-6.032178, 40.165327], [-6.032507, 40.16542], [-6.032882, 40.165587], [-6.03342, 40.165605], [-6.034122, 40.165475], [-6.034554, 40.165525], [-6.034717, 40.165753], [-6.034758, 40.165947], [-6.034677, 40.166109], [-6.034865, 40.166299], [-6.035323, 40.166518], [-6.035498, 40.166825], [-6.035388, 40.167219], [-6.034841, 40.167612], [-6.033857, 40.168003], [-6.033722, 40.167851], [-6.034436, 40.167155], [-6.034667, 40.166721], [-6.034413, 40.166548], [-6.033979, 40.166493], [-6.033365, 40.166554], [-6.032598, 40.166359], [-6.031678, 40.165907], [-6.03094, 40.165687], [-6.030383, 40.165698], [-6.030027, 40.165569], [-6.029871, 40.1653], [-6.02991, 40.165112], [-6.030146, 40.165006], [-6.030091, 40.164827], [-6.029747, 40.164575], [-6.029224, 40.164373], [-6.02852, 40.164221], [-6.027941, 40.164176], [-6.027484, 40.164238], [-6.027124, 40.164472], [-6.026861, 40.164878], [-6.026526, 40.165383], [-6.02612, 40.165987], [-6.025556, 40.166725], [-6.024834, 40.167596], [-6.024524, 40.168131], [-6.024627, 40.168329], [-6.024549, 40.168536], [-6.024289, 40.168754], [-6.023922, 40.16913], [-6.023446, 40.169665], [-6.022826, 40.170318], [-6.02206, 40.171089], [-6.021442, 40.171889], [-6.020972, 40.172719], [-6.020508, 40.17344], [-6.020052, 40.174052], [-6.019693, 40.174461], [-6.01943, 40.174665], [-6.019201, 40.175173], [-6.019005, 40.175984], [-6.01871, 40.176851], [-6.018316, 40.177776], [-6.017697, 40.179019], [-6.016854, 40.180582], [-6.016137, 40.181338], [-6.015547, 40.181288], [-6.015058, 40.181362], [-6.014672, 40.18156], [-6.014289, 40.18167], [-6.01391, 40.181692], [-6.013607, 40.181776], [-6.013382, 40.181921], [-6.013158, 40.181971], [-6.012937, 40.181927], [-6.012899, 40.181672], [-6.013042, 40.181205], [-6.013343, 40.180672], [-6.013803, 40.180072], [-6.01436, 40.179343], [-6.015016, 40.178482], [-6.015394, 40.177977], [-6.015496, 40.177826], [-6.015373, 40.177343], [-6.015025, 40.176528], [-6.014659, 40.176259], [-6.014275, 40.176537], [-6.013737, 40.176828], [-6.013045, 40.17713], [-6.012705, 40.177515], [-6.01272, 40.177983], [-6.012271, 40.178211], [-6.011358, 40.178201], [-6.010707, 40.178047], [-6.010316, 40.177749], [-6.009837, 40.177479], [-6.009268, 40.177237], [-6.008841, 40.176798], [-6.008556, 40.17616], [-6.008628, 40.175685], [-6.009055, 40.175373], [-6.009178, 40.175031], [-6.008996, 40.174658], [-6.008528, 40.1744], [-6.007774, 40.174256], [-6.007125, 40.174215], [-6.006582, 40.174278], [-6.006218, 40.174533], [-6.006034, 40.174979], [-6.005883, 40.175347], [-6.005764, 40.175635], [-6.005737, 40.175975], [-6.005802, 40.176367], [-6.005922, 40.176703], [-6.006098, 40.176982], [-6.006088, 40.177145], [-6.005889, 40.177192], [-6.005494, 40.177149], [-6.004901, 40.177019], [-6.004484, 40.17686], [-6.004244, 40.176671], [-6.004022, 40.176486], [-6.003819, 40.176305], [-6.003718, 40.17598], [-6.003721, 40.175509], [-6.003588, 40.17533], [-6.003319, 40.175441], [-6.003052, 40.175492], [-6.002787, 40.175482], [-6.002703, 40.175597], [-6.002798, 40.175836], [-6.003079, 40.176112], [-6.003543, 40.176425], [-6.003534, 40.17656], [-6.003051, 40.176519], [-6.002669, 40.176703], [-6.002389, 40.177112], [-6.002056, 40.177214], [-6.001672, 40.177009], [-6.001553, 40.176713], [-6.001699, 40.176326], [-6.001683, 40.175987], [-6.001503, 40.175694], [-6.001214, 40.176071], [-6.000816, 40.177117], [-6.000107, 40.177663], [-5.999087, 40.177711], [-5.998387, 40.177571], [-5.998006, 40.177245], [-5.997596, 40.177212], [-5.997155, 40.177473], [-5.996815, 40.177341], [-5.996577, 40.176817], [-5.996314, 40.176403], [-5.996028, 40.176102], [-5.995712, 40.175993], [-5.995366, 40.176077], [-5.995006, 40.176418], [-5.994634, 40.177016], [-5.99424, 40.17739], [-5.993823, 40.17754], [-5.99321, 40.177399], [-5.992401, 40.176969], [-5.991824, 40.176661], [-5.99148, 40.176477], [-5.991204, 40.176905], [-5.990997, 40.177946], [-5.990937, 40.17864], [-5.991026, 40.178988], [-5.990576, 40.17966], [-5.989587, 40.180655], [-5.988857, 40.181567], [-5.988386, 40.182397], [-5.988353, 40.182953], [-5.988757, 40.183235], [-5.989424, 40.183622], [-5.990353, 40.184113], [-5.991145, 40.184546], [-5.991801, 40.184921], [-5.992331, 40.185182], [-5.992736, 40.18533], [-5.993176, 40.185103], [-5.993653, 40.184501], [-5.99432, 40.18427], [-5.995178, 40.18441], [-5.995564, 40.184655], [-5.995478, 40.185005], [-5.995475, 40.185475], [-5.995555, 40.186066], [-5.995467, 40.186611], [-5.995209, 40.18711], [-5.995967, 40.188025], [-5.99774, 40.189357], [-5.998536, 40.190252], [-5.998356, 40.190712], [-5.997735, 40.191156], [-5.996672, 40.191587], [-5.995988, 40.191787], [-5.995683, 40.191757], [-5.995366, 40.191816], [-5.995036, 40.191964], [-5.994492, 40.191886], [-5.993732, 40.191582], [-5.993233, 40.191443], [-5.992995, 40.191469], [-5.992525, 40.191547], [-5.991823, 40.191676], [-5.991508, 40.191641], [-5.991579, 40.191441], [-5.991577, 40.191226], [-5.991501, 40.190997], [-5.991078, 40.190879], [-5.990306, 40.190872], [-5.989804, 40.190787], [-5.98957, 40.190625], [-5.988842, 40.190342], [-5.98762, 40.18994], [-5.98684, 40.189659], [-5.986502, 40.1895], [-5.986039, 40.189328], [-5.98545, 40.189143], [-5.98499, 40.189192], [-5.984659, 40.189475], [-5.984161, 40.189611], [-5.983493, 40.1896], [-5.982906, 40.189663], [-5.982398, 40.189801], [-5.982023, 40.19001], [-5.98178, 40.190292], [-5.981425, 40.190445], [-5.980959, 40.190468], [-5.980583, 40.190402], [-5.980299, 40.190248], [-5.98007, 40.18993], [-5.979895, 40.189449], [-5.97985, 40.1891], [-5.979935, 40.188885], [-5.979799, 40.188625], [-5.979442, 40.188322], [-5.979253, 40.187957], [-5.979232, 40.187531], [-5.979293, 40.187152], [-5.979436, 40.186819], [-5.979673, 40.186478], [-5.980004, 40.186128], [-5.979989, 40.185862], [-5.979628, 40.18568], [-5.97939, 40.185606], [-5.979276, 40.185638], [-5.979053, 40.185829], [-5.978722, 40.186179], [-5.978202, 40.186506], [-5.977493, 40.186811], [-5.976964, 40.186992], [-5.976617, 40.187049], [-5.976221, 40.186799], [-5.975777, 40.186242], [-5.975442, 40.186004], [-5.975219, 40.186085], [-5.975045, 40.18602], [-5.97492, 40.185808], [-5.974292, 40.185243], [-5.973158, 40.184324], [-5.972581, 40.183842], [-5.97256, 40.183796], [-5.972426, 40.183599], [-5.97218, 40.18325], [-5.97183, 40.182939], [-5.971376, 40.182665], [-5.970806, 40.182591], [-5.970121, 40.182717], [-5.969525, 40.182748], [-5.969019, 40.182684], [-5.968748, 40.182165], [-5.96871, 40.181191], [-5.968261, 40.180903], [-5.9674, 40.1813], [-5.966543, 40.181508], [-5.965691, 40.181528], [-5.965132, 40.1816], [-5.964867, 40.181724], [-5.964756, 40.182044], [-5.964799, 40.182561], [-5.964486, 40.182981], [-5.963817, 40.183306], [-5.963156, 40.183388], [-5.962503, 40.183228], [-5.96226, 40.182959], [-5.962426, 40.182582], [-5.962728, 40.18215], [-5.963163, 40.181662], [-5.962958, 40.181475], [-5.962112, 40.181587], [-5.961507, 40.18168], [-5.96114, 40.181754], [-5.960715, 40.181871], [-5.960232, 40.182031], [-5.95989, 40.182235], [-5.95969, 40.182483], [-5.959193, 40.182692], [-5.958397, 40.182864], [-5.957813, 40.183114], [-5.957442, 40.183444], [-5.957214, 40.183649], [-5.95713, 40.18373], [-5.957171, 40.183891], [-5.957337, 40.184132], [-5.957271, 40.184458], [-5.956973, 40.18487], [-5.956699, 40.185096], [-5.956447, 40.185138], [-5.956164, 40.18509], [-5.955849, 40.184954], [-5.955632, 40.184822], [-5.955512, 40.184694], [-5.955379, 40.184615], [-5.955231, 40.184586], [-5.955093, 40.184642], [-5.954963, 40.184784], [-5.954748, 40.184866], [-5.954447, 40.184889], [-5.953951, 40.184918], [-5.95326, 40.184951], [-5.95286, 40.185164], [-5.95275, 40.185558], [-5.952554, 40.185819], [-5.952271, 40.185946], [-5.951711, 40.185877], [-5.950875, 40.185612], [-5.950368, 40.185615], [-5.950192, 40.185885], [-5.949853, 40.186411], [-5.949352, 40.187191], [-5.949042, 40.187833], [-5.948925, 40.188335], [-5.948305, 40.188719], [-5.947183, 40.188984], [-5.94663, 40.188874], [-5.946647, 40.188388], [-5.9465, 40.187876], [-5.946188, 40.187336], [-5.945736, 40.187142], [-5.945145, 40.187293], [-5.944758, 40.187424], [-5.944577, 40.187534], [-5.944113, 40.187704], [-5.943366, 40.187935], [-5.942935, 40.188234], [-5.942819, 40.188602], [-5.942531, 40.188985], [-5.942072, 40.189382], [-5.941751, 40.189771], [-5.941567, 40.19015], [-5.941308, 40.1903], [-5.940973, 40.190221], [-5.940543, 40.190386], [-5.940017, 40.190794], [-5.94004, 40.191221], [-5.940612, 40.191665], [-5.940836, 40.192098], [-5.94071, 40.19252], [-5.940484, 40.192906], [-5.940158, 40.193258], [-5.939537, 40.193535], [-5.938622, 40.193736], [-5.937722, 40.193883], [-5.936836, 40.193975], [-5.93613, 40.194158], [-5.935605, 40.194432], [-5.934634, 40.194672], [-5.933217, 40.194879], [-5.932296, 40.19511], [-5.931872, 40.195368], [-5.931819, 40.195712], [-5.932138, 40.196143], [-5.932233, 40.196517], [-5.932103, 40.196833], [-5.931929, 40.197083], [-5.931711, 40.197266], [-5.931133, 40.197468], [-5.930194, 40.19769], [-5.929221, 40.197743], [-5.928212, 40.197627], [-5.927474, 40.197547], [-5.927008, 40.197503], [-5.926784, 40.19762], [-5.926803, 40.197899], [-5.926648, 40.198186], [-5.926321, 40.198481], [-5.926051, 40.19866], [-5.925839, 40.198722], [-5.925715, 40.199024], [-5.925677, 40.199567], [-5.925598, 40.199942], [-5.925475, 40.20015], [-5.925267, 40.200225], [-5.924972, 40.200166], [-5.924778, 40.200298], [-5.924686, 40.200622], [-5.924485, 40.200796], [-5.924176, 40.20082], [-5.924157, 40.200951], [-5.924427, 40.201188], [-5.925033, 40.201337], [-5.925975, 40.201397], [-5.926421, 40.201706], [-5.92637, 40.202265], [-5.926995, 40.202833], [-5.928296, 40.203411], [-5.929265, 40.203782], [-5.929901, 40.203946], [-5.930389, 40.204181], [-5.93073, 40.204488], [-5.930897, 40.204836], [-5.930891, 40.205227], [-5.931108, 40.205567], [-5.931549, 40.205857], [-5.931646, 40.206136], [-5.931399, 40.206405], [-5.93135, 40.206728], [-5.931498, 40.207106], [-5.931646, 40.207585], [-5.931793, 40.208165], [-5.931744, 40.208489], [-5.931499, 40.208556], [-5.93157, 40.20894], [-5.931958, 40.209641], [-5.932136, 40.21031], [-5.932105, 40.210946], [-5.931863, 40.211234], [-5.931411, 40.211174], [-5.931175, 40.211072], [-5.931156, 40.210927], [-5.931194, 40.210767], [-5.931289, 40.21059], [-5.931114, 40.210384], [-5.930669, 40.210148], [-5.930267, 40.209906], [-5.929906, 40.209656], [-5.929658, 40.209301], [-5.929524, 40.20884], [-5.929477, 40.208412], [-5.929516, 40.208016], [-5.929382, 40.208004], [-5.929074, 40.208377], [-5.928749, 40.208786], [-5.928407, 40.209232], [-5.928097, 40.209558], [-5.927817, 40.209765], [-5.927728, 40.209934], [-5.927831, 40.210064], [-5.928049, 40.210163], [-5.92838, 40.210229], [-5.928401, 40.210414], [-5.92811, 40.210716], [-5.927847, 40.210921], [-5.927612, 40.211027], [-5.927368, 40.211167], [-5.927115, 40.211343], [-5.92673, 40.211413], [-5.926214, 40.211377], [-5.925804, 40.211451], [-5.9255, 40.211635], [-5.925602, 40.211793], [-5.926107, 40.211925], [-5.926689, 40.211977], [-5.927347, 40.211949], [-5.92771, 40.212104], [-5.927778, 40.212442], [-5.927484, 40.213007], [-5.926828, 40.213799], [-5.926248, 40.214203], [-5.925744, 40.214219], [-5.925201, 40.214489], [-5.924617, 40.215015], [-5.923992, 40.215278], [-5.923328, 40.21528], [-5.922687, 40.215271], [-5.92207, 40.215252], [-5.92151, 40.215183], [-5.921008, 40.215064], [-5.920421, 40.215167], [-5.919751, 40.215492], [-5.919213, 40.215647], [-5.918807, 40.215633], [-5.918122, 40.215759], [-5.917157, 40.216025], [-5.915763, 40.216254], [-5.91394, 40.216446], [-5.912339, 40.21648], [-5.910961, 40.216358], [-5.909925, 40.216172], [-5.909232, 40.215923], [-5.908705, 40.215708], [-5.908344, 40.215525], [-5.907937, 40.21523], [-5.907484, 40.214821], [-5.907244, 40.214773], [-5.907218, 40.215086], [-5.907044, 40.215262], [-5.906722, 40.215302], [-5.906592, 40.215377], [-5.906655, 40.215487], [-5.906701, 40.215668], [-5.906729, 40.215918], [-5.906593, 40.216209], [-5.906292, 40.21654], [-5.905876, 40.216729], [-5.905346, 40.216776], [-5.904987, 40.216881], [-5.904802, 40.217046], [-5.904719, 40.216825], [-5.904741, 40.216217], [-5.904335, 40.215928], [-5.903503, 40.215957], [-5.902659, 40.216082], [-5.901806, 40.216303], [-5.901137, 40.216251], [-5.900652, 40.215928], [-5.900234, 40.215728], [-5.899883, 40.215652], [-5.899607, 40.215529], [-5.899407, 40.215361], [-5.899222, 40.21529], [-5.899055, 40.215318], [-5.898995, 40.215496], [-5.899042, 40.215823], [-5.89888, 40.216011], [-5.898507, 40.216059], [-5.898256, 40.216207], [-5.898127, 40.216456], [-5.898036, 40.21672], [-5.897984, 40.216997], [-5.89801, 40.217241], [-5.898116, 40.217451], [-5.898288, 40.217577], [-5.898526, 40.217619], [-5.898631, 40.217998], [-5.898602, 40.218714], [-5.899038, 40.218743], [-5.899939, 40.218085], [-5.900457, 40.217886], [-5.900593, 40.218146], [-5.900697, 40.218283], [-5.900771, 40.218298], [-5.900924, 40.218521], [-5.901156, 40.218953], [-5.901295, 40.218983], [-5.901341, 40.218614], [-5.901727, 40.218409], [-5.902452, 40.218371], [-5.902977, 40.218513], [-5.903304, 40.218835], [-5.903826, 40.218998], [-5.904544, 40.219001], [-5.904954, 40.219168], [-5.905056, 40.219501], [-5.905485, 40.219746], [-5.906243, 40.219903], [-5.906701, 40.220123], [-5.90686, 40.220406], [-5.907124, 40.220483], [-5.907494, 40.220355], [-5.907871, 40.220428], [-5.908255, 40.2207], [-5.908788, 40.220767], [-5.909471, 40.220628], [-5.909983, 40.220719], [-5.910327, 40.221038], [-5.910905, 40.221178], [-5.911717, 40.221139], [-5.912523, 40.22104], [-5.913323, 40.220882], [-5.913993, 40.220973], [-5.914535, 40.221314], [-5.914706, 40.221574], [-5.914506, 40.221755], [-5.914372, 40.221951], [-5.914304, 40.222164], [-5.914497, 40.222441], [-5.914951, 40.222782], [-5.915297, 40.223148], [-5.915536, 40.223539], [-5.915549, 40.224107], [-5.915335, 40.224853], [-5.914826, 40.225433], [-5.914021, 40.225847], [-5.913407, 40.226149], [-5.912983, 40.22634], [-5.912683, 40.226537], [-5.912507, 40.22674], [-5.912078, 40.226777], [-5.911398, 40.226647], [-5.911286, 40.226793], [-5.911743, 40.227214], [-5.911882, 40.227695], [-5.911704, 40.228234], [-5.911484, 40.228471], [-5.911223, 40.228407], [-5.91098, 40.228621], [-5.910755, 40.229115], [-5.910737, 40.229493], [-5.910926, 40.229757], [-5.91093, 40.229978], [-5.910747, 40.230156], [-5.910444, 40.230165], [-5.910019, 40.230007], [-5.909723, 40.22974], [-5.909558, 40.229365], [-5.909068, 40.228982], [-5.908251, 40.228592], [-5.907797, 40.228593], [-5.907703, 40.228984], [-5.907936, 40.229282], [-5.908495, 40.229485], [-5.909045, 40.229791], [-5.909586, 40.230199], [-5.90995, 40.230736], [-5.910136, 40.231404], [-5.910145, 40.231785], [-5.909977, 40.231879], [-5.9103, 40.232048], [-5.911113, 40.23229], [-5.911752, 40.232393], [-5.912215, 40.232358], [-5.912472, 40.232436], [-5.912521, 40.23263], [-5.912237, 40.232824], [-5.911622, 40.233019], [-5.911118, 40.233101], [-5.910725, 40.233072], [-5.910439, 40.232978], [-5.910259, 40.23282], [-5.909912, 40.232762], [-5.909398, 40.232806], [-5.909042, 40.232784], [-5.908845, 40.232696], [-5.908641, 40.232649], [-5.908429, 40.232643], [-5.908027, 40.23285], [-5.907433, 40.23327], [-5.907274, 40.233645], [-5.90755, 40.233975], [-5.90747, 40.234176], [-5.907033, 40.234248], [-5.906764, 40.234393], [-5.906662, 40.234611], [-5.906379, 40.234738], [-5.905915, 40.234773], [-5.905656, 40.235064], [-5.905602, 40.23561], [-5.905929, 40.235966], [-5.906636, 40.236132], [-5.9069, 40.236484], [-5.906722, 40.237023], [-5.906299, 40.237254], [-5.905631, 40.237175], [-5.905082, 40.237218], [-5.904651, 40.237383], [-5.904146, 40.237358], [-5.903567, 40.237145], [-5.903154, 40.237172], [-5.902907, 40.237441], [-5.902332, 40.237448], [-5.901427, 40.237194], [-5.900944, 40.236944], [-5.900882, 40.236699], [-5.900568, 40.23667], [-5.900003, 40.236857], [-5.899812, 40.237036], [-5.899995, 40.237207], [-5.900456, 40.237366], [-5.901193, 40.237514], [-5.90178, 40.237793], [-5.902217, 40.238205], [-5.90264, 40.238458], [-5.903049, 40.238552], [-5.90336, 40.238742], [-5.903572, 40.23903], [-5.903649, 40.23954], [-5.90359, 40.240275], [-5.90352, 40.241206], [-5.903438, 40.242333], [-5.903274, 40.243172], [-5.903029, 40.243722], [-5.902705, 40.244104], [-5.902304, 40.244317], [-5.901998, 40.244213], [-5.901786, 40.243791], [-5.901638, 40.243346], [-5.901554, 40.242877], [-5.901595, 40.242414], [-5.901759, 40.241957], [-5.901659, 40.24184], [-5.901295, 40.24206], [-5.901015, 40.242301], [-5.900818, 40.242561], [-5.900571, 40.242897], [-5.900272, 40.243308], [-5.89991, 40.243502], [-5.899484, 40.243478], [-5.898978, 40.243346], [-5.898392, 40.243106], [-5.897605, 40.242833], [-5.896617, 40.242525], [-5.895799, 40.24223], [-5.895149, 40.241947], [-5.894083, 40.241746], [-5.892601, 40.241627], [-5.891776, 40.24148], [-5.891609, 40.241306], [-5.891349, 40.241382], [-5.890994, 40.241709], [-5.890715, 40.241989], [-5.890512, 40.242224], [-5.890402, 40.242517], [-5.890386, 40.242868], [-5.890477, 40.243055], [-5.890675, 40.243076], [-5.890962, 40.243311], [-5.891338, 40.243759], [-5.891611, 40.244077], [-5.891781, 40.244264], [-5.891819, 40.244553], [-5.891725, 40.244944], [-5.891396, 40.244958], [-5.890832, 40.244594], [-5.890394, 40.24435], [-5.890082, 40.244227], [-5.889732, 40.244224], [-5.889341, 40.244341], [-5.888852, 40.244516], [-5.888263, 40.244746], [-5.887818, 40.244752], [-5.887517, 40.244533], [-5.887276, 40.24427], [-5.887093, 40.243965], [-5.88685, 40.243797], [-5.886544, 40.243766], [-5.886222, 40.243598], [-5.885881, 40.243291], [-5.885586, 40.243058], [-5.885336, 40.242897], [-5.885061, 40.242989], [-5.884763, 40.243333], [-5.884528, 40.243647], [-5.884354, 40.24393], [-5.884247, 40.244163], [-5.884205, 40.244344], [-5.884544, 40.244577], [-5.885264, 40.244862], [-5.885606, 40.245141], [-5.88557, 40.245415], [-5.885282, 40.245556], [-5.884742, 40.245564], [-5.884343, 40.245717], [-5.884085, 40.246014], [-5.883634, 40.246061], [-5.882987, 40.245858], [-5.882694, 40.245564], [-5.882754, 40.245179], [-5.88264, 40.244902], [-5.882353, 40.244734], [-5.882168, 40.244456], [-5.882087, 40.244067], [-5.882155, 40.243606], [-5.88237, 40.243074], [-5.882391, 40.242708], [-5.882218, 40.242509], [-5.881864, 40.242318], [-5.881328, 40.242138], [-5.880915, 40.242165], [-5.880625, 40.2424], [-5.880557, 40.242653], [-5.880713, 40.242923], [-5.880985, 40.2431], [-5.881374, 40.243184], [-5.881607, 40.24338], [-5.881686, 40.24369], [-5.881491, 40.243856], [-5.881025, 40.243878], [-5.880644, 40.243793], [-5.88035, 40.243599], [-5.880149, 40.243391], [-5.88004, 40.243167], [-5.879823, 40.243035], [-5.879497, 40.242994], [-5.879092, 40.243121], [-5.878606, 40.243415], [-5.87831, 40.243799], [-5.878202, 40.244273], [-5.878053, 40.244445], [-5.877863, 40.244315], [-5.877622, 40.244127], [-5.877332, 40.243879], [-5.877179, 40.243931], [-5.877163, 40.244282], [-5.876887, 40.244368], [-5.876351, 40.244187], [-5.876028, 40.24426], [-5.875919, 40.244587], [-5.875701, 40.244763], [-5.875375, 40.24479], [-5.875106, 40.244867], [-5.874893, 40.244996], [-5.874471, 40.245126], [-5.873839, 40.245256], [-5.873267, 40.245383], [-5.872756, 40.245507], [-5.872592, 40.245688], [-5.872775, 40.245927], [-5.873407, 40.246038], [-5.874488, 40.246022], [-5.875473, 40.245975], [-5.876364, 40.245896], [-5.876693, 40.246023], [-5.876463, 40.246356], [-5.876594, 40.246704], [-5.877088, 40.247066], [-5.877641, 40.247452], [-5.878252, 40.247862], [-5.878756, 40.248296], [-5.879152, 40.248754], [-5.879243, 40.249216], [-5.879028, 40.249681], [-5.878466, 40.249987], [-5.877559, 40.250136], [-5.876645, 40.250225], [-5.875725, 40.250255], [-5.875043, 40.250259], [-5.8746, 40.250237], [-5.874233, 40.250237], [-5.87394, 40.250258], [-5.873754, 40.25049], [-5.873673, 40.250933], [-5.873409, 40.251271], [-5.872961, 40.251506], [-5.872646, 40.251678], [-5.872463, 40.251788], [-5.872118, 40.251945], [-5.87161, 40.252149], [-5.8711, 40.252313], [-5.870588, 40.252437], [-5.86995, 40.252474], [-5.869185, 40.252425], [-5.868714, 40.252361], [-5.868537, 40.252283], [-5.868342, 40.252207], [-5.868132, 40.252135], [-5.867734, 40.252361], [-5.867149, 40.252886], [-5.86656, 40.253083], [-5.865967, 40.252952], [-5.865408, 40.253097], [-5.864884, 40.253518], [-5.86464, 40.253833], [-5.864676, 40.254042], [-5.864773, 40.254288], [-5.864932, 40.25457], [-5.865209, 40.254558], [-5.865604, 40.254252], [-5.86604, 40.254315], [-5.866517, 40.254747], [-5.866615, 40.255134], [-5.866333, 40.255475], [-5.866132, 40.256132], [-5.86601, 40.257105], [-5.865767, 40.257735], [-5.865402, 40.258023], [-5.864946, 40.258225], [-5.864397, 40.258341], [-5.863753, 40.258319], [-5.863012, 40.258158], [-5.862333, 40.258035], [-5.861716, 40.257948], [-5.861222, 40.258069], [-5.86085, 40.258398], [-5.860489, 40.258564], [-5.86014, 40.258568], [-5.859396, 40.25881], [-5.858257, 40.259291], [-5.85722, 40.259655], [-5.856285, 40.259902], [-5.855686, 40.260094], [-5.855423, 40.260231], [-5.855061, 40.260324], [-5.854601, 40.260372], [-5.854097, 40.260354], [-5.853551, 40.260269], [-5.85322, 40.260276], [-5.853105, 40.260375], [-5.852912, 40.260306], [-5.852642, 40.260068], [-5.852489, 40.259704], [-5.852453, 40.259213], [-5.852229, 40.259022], [-5.851819, 40.259129], [-5.851349, 40.259072], [-5.85082, 40.258849], [-5.850256, 40.25866], [-5.849656, 40.258503], [-5.849208, 40.258529], [-5.848911, 40.258739], [-5.848645, 40.258863], [-5.848409, 40.258901], [-5.848209, 40.258974], [-5.848043, 40.259082], [-5.84778, 40.259111], [-5.847417, 40.259063], [-5.847205, 40.259125], [-5.847144, 40.259296], [-5.846896, 40.259665], [-5.846461, 40.260233], [-5.846072, 40.260564], [-5.845729, 40.260661], [-5.845446, 40.260647], [-5.845222, 40.260522], [-5.844979, 40.260568], [-5.844719, 40.260785], [-5.844043, 40.260983], [-5.84295, 40.261162], [-5.842248, 40.261189], [-5.841937, 40.261065], [-5.8414, 40.261052], [-5.840637, 40.26115], [-5.840065, 40.261277], [-5.839684, 40.261433], [-5.839212, 40.261436], [-5.838649, 40.261287], [-5.838324, 40.261313], [-5.838235, 40.261515], [-5.838001, 40.261527], [-5.837623, 40.261347], [-5.837394, 40.261203], [-5.837315, 40.261095], [-5.837104, 40.260955], [-5.836763, 40.260783], [-5.83601, 40.260503], [-5.834845, 40.260116], [-5.834119, 40.259772], [-5.833832, 40.25947], [-5.833546, 40.259027], [-5.833258, 40.258443], [-5.832984, 40.258085], [-5.832723, 40.257953], [-5.832444, 40.257885], [-5.832145, 40.25788], [-5.831699, 40.257537], [-5.831107, 40.256855], [-5.83049, 40.256661], [-5.829846, 40.256954], [-5.829519, 40.257331], [-5.829509, 40.257792], [-5.829242, 40.258051], [-5.828717, 40.258106], [-5.828046, 40.258039], [-5.827228, 40.25785], [-5.82646, 40.257721], [-5.825742, 40.25765], [-5.825431, 40.257942], [-5.825526, 40.258598], [-5.825221, 40.258983], [-5.824515, 40.259098], [-5.82388, 40.259148], [-5.823316, 40.259132], [-5.822916, 40.259144], [-5.822681, 40.259182], [-5.822434, 40.259384], [-5.822176, 40.259748], [-5.822006, 40.260044], [-5.821923, 40.260272], [-5.821645, 40.26021], [-5.821171, 40.259858], [-5.820833, 40.259698], [-5.820632, 40.259731], [-5.820392, 40.259824], [-5.820116, 40.259976], [-5.819776, 40.260018], [-5.819374, 40.25995], [-5.819161, 40.259923], [-5.819137, 40.25994], [-5.819114, 40.259917], [-5.819091, 40.259854], [-5.81878, 40.259953], [-5.81818, 40.260212], [-5.817674, 40.260287], [-5.817262, 40.26018], [-5.816879, 40.26033], [-5.816527, 40.260736], [-5.816141, 40.260906], [-5.815722, 40.26084], [-5.815382, 40.260708], [-5.815122, 40.260509], [-5.814847, 40.260252], [-5.814558, 40.259937], [-5.814311, 40.259655], [-5.814109, 40.259406], [-5.813726, 40.259415], [-5.813163, 40.259681], [-5.812795, 40.26013], [-5.812622, 40.260762], [-5.812191, 40.261], [-5.811504, 40.260843], [-5.810907, 40.261008], [-5.810399, 40.261493], [-5.809886, 40.261914], [-5.809367, 40.262271], [-5.808977, 40.262422], [-5.808714, 40.262367]], [[-5.863505, 40.22707], [-5.863588, 40.22711], [-5.863669, 40.227117], [-5.863733, 40.227096], [-5.863778, 40.227048], [-5.863806, 40.226972], [-5.863815, 40.226869], [-5.863844, 40.226789], [-5.863892, 40.226734], [-5.863959, 40.226702], [-5.864046, 40.226695], [-5.864111, 40.226725], [-5.864154, 40.226793], [-5.864177, 40.226898], [-5.864177, 40.22704], [-5.864209, 40.227139], [-5.864271, 40.227193], [-5.864365, 40.227203], [-5.864489, 40.227169], [-5.864579, 40.227105], [-5.864635, 40.227011], [-5.864657, 40.226887], [-5.864644, 40.226733], [-5.864674, 40.226613], [-5.864745, 40.226526], [-5.864858, 40.226474], [-5.865013, 40.226455], [-5.865162, 40.226468], [-5.865306, 40.226513], [-5.865445, 40.226588], [-5.865578, 40.226696], [-5.86567, 40.226737], [-5.865722, 40.226711], [-5.865732, 40.22662], [-5.865701, 40.226462], [-5.865654, 40.226337], [-5.865591, 40.226245], [-5.865512, 40.226187], [-5.865417, 40.226162], [-5.865291, 40.226157], [-5.865136, 40.226172], [-5.86495, 40.226207], [-5.864734, 40.226263], [-5.864491, 40.226318], [-5.864221, 40.226372], [-5.863925, 40.226426], [-5.863601, 40.226479], [-5.863381, 40.226552], [-5.863263, 40.226646], [-5.863247, 40.226761], [-5.863335, 40.226896], [-5.863421, 40.226999], [-5.863505, 40.22707]]]}}]}