{"type": "FeatureCollection", "name": "NAVASDELREY", "features": [{"type": "Feature", "properties": {"id": "592438", "FIREDATE": "2026-07-23T13:53:00", "FINALDATE": "2026-07-26T03:49:00", "LASTUPDATE": "2026-08-03 09:57:51.340482", "COUNTRY": "ES", "PROVINCE": "Madrid", "COMMUNE": "Navas del Rey", "AREA_HA": 19939.0, "BROADLEA": 24.0529, "CONIFER": 13.0287, "MIXED": 19.8687, "SCLEROPH": 19.4428, "TRANSIT": 7.5065, "OTHERNATLC": 4.3045, "AGRIAREAS": 9.556, "ARTIFSURF": 2.1397, "OTHERLC": 0.1002, "PERCNA2K": 99.0234, "CLASS": "FireSeason", "AÑO": 2026, "LATITUD": 40.372937296750024, "LONGITUD": -4.284651335309269}, "geometry": {"type": "Polygon", "coordinates": [[[-4.23608, 40.401207], [-4.236299, 40.4013], [-4.236745, 40.401202], [-4.237411, 40.400941], [-4.237959, 40.40073], [-4.237735, 40.400306], [-4.236937, 40.400357], [-4.236164, 40.400144], [-4.235939, 40.400079], [-4.235424, 40.399299], [-4.234818, 40.397845], [-4.234727, 40.397443], [-4.234973, 40.397052], [-4.234999, 40.39651], [-4.23484, 40.396229], [-4.234961, 40.396041], [-4.235318, 40.395298], [-4.235487, 40.395279], [-4.235693, 40.395249], [-4.235336, 40.394616], [-4.234974, 40.394146], [-4.234635, 40.393967], [-4.2344, 40.394227], [-4.234101, 40.393989], [-4.233802, 40.394175], [-4.23369, 40.394497], [-4.233382, 40.39464], [-4.232681, 40.394743], [-4.232584, 40.394691], [-4.231598, 40.394476], [-4.231515, 40.394263], [-4.231267, 40.394192], [-4.231032, 40.394159], [-4.230962, 40.393956], [-4.230526, 40.393882], [-4.230495, 40.393536], [-4.230024, 40.393271], [-4.229913, 40.392783], [-4.229939, 40.392753], [-4.230674, 40.391915], [-4.23077, 40.391809], [-4.233486, 40.391779], [-4.236423, 40.391533], [-4.240256, 40.391546], [-4.245129, 40.391522], [-4.245769, 40.391704], [-4.246155, 40.39222], [-4.246716, 40.392184], [-4.2466, 40.391146], [-4.246908, 40.391055], [-4.247442, 40.391298], [-4.248209, 40.391645], [-4.248956, 40.391902], [-4.250132, 40.39191], [-4.250198, 40.391955], [-4.251237, 40.392169], [-4.251915, 40.39176], [-4.252336, 40.391192], [-4.253358, 40.391493], [-4.253591, 40.391065], [-4.253261, 40.390579], [-4.25356, 40.390282], [-4.254254, 40.390265], [-4.254588, 40.390179], [-4.254956, 40.390571], [-4.255471, 40.390398], [-4.255375, 40.389975], [-4.255501, 40.389942], [-4.255157, 40.389233], [-4.254687, 40.389105], [-4.25425, 40.388635], [-4.254499, 40.388598], [-4.25507, 40.388205], [-4.255342, 40.388109], [-4.255363, 40.387235], [-4.255561, 40.386812], [-4.255383, 40.386191], [-4.25617, 40.385457], [-4.256456, 40.384938], [-4.256233, 40.384605], [-4.25663, 40.383928], [-4.256576, 40.383851], [-4.255875, 40.383026], [-4.256982, 40.382245], [-4.256733, 40.381635], [-4.256106, 40.381783], [-4.255605, 40.381997], [-4.25507, 40.381907], [-4.254933, 40.381786], [-4.25407, 40.381378], [-4.253205, 40.380802], [-4.253112, 40.380784], [-4.253041, 40.380582], [-4.252557, 40.38017], [-4.251933, 40.379801], [-4.25159, 40.380012], [-4.251379, 40.380273], [-4.251537, 40.380876], [-4.251535, 40.380877], [-4.251455, 40.38117], [-4.251472, 40.38173], [-4.25128, 40.38218], [-4.251086, 40.382293], [-4.250371, 40.382538], [-4.250041, 40.382699], [-4.249749, 40.383191], [-4.24938, 40.383667], [-4.247907, 40.383967], [-4.245862, 40.384491], [-4.245764, 40.384539], [-4.243323, 40.383937], [-4.239623, 40.382982], [-4.238823, 40.38303], [-4.238075, 40.383968], [-4.237868, 40.384114], [-4.237496, 40.384329], [-4.237204, 40.384234], [-4.236873, 40.383568], [-4.236774, 40.383261], [-4.236593, 40.383126], [-4.236427, 40.383058], [-4.236067, 40.383456], [-4.235935, 40.383798], [-4.236046, 40.384288], [-4.236222, 40.385067], [-4.236115, 40.38552], [-4.236005, 40.385698], [-4.234955, 40.386496], [-4.234967, 40.38658], [-4.233982, 40.387315], [-4.233957, 40.387405], [-4.233616, 40.387781], [-4.233103, 40.38815], [-4.232488, 40.388632], [-4.232009, 40.388963], [-4.231696, 40.389019], [-4.231591, 40.389097], [-4.231067, 40.389426], [-4.230535, 40.389321], [-4.230352, 40.388912], [-4.230817, 40.388454], [-4.230921, 40.388255], [-4.231226, 40.387752], [-4.231123, 40.38756], [-4.230958, 40.387493], [-4.230401, 40.387941], [-4.230154, 40.388436], [-4.229195, 40.389218], [-4.228669, 40.38941], [-4.227934, 40.388806], [-4.227479, 40.387588], [-4.227049, 40.387147], [-4.226192, 40.387455], [-4.225871, 40.387754], [-4.224789, 40.388394], [-4.224523, 40.38857], [-4.224415, 40.388538], [-4.22394, 40.388509], [-4.223445, 40.388582], [-4.223289, 40.388833], [-4.223, 40.388875], [-4.222476, 40.388821], [-4.222121, 40.388997], [-4.221743, 40.388873], [-4.221359, 40.388804], [-4.221404, 40.38864], [-4.222312, 40.388131], [-4.222288, 40.387664], [-4.22231, 40.387648], [-4.222708, 40.387352], [-4.223459, 40.387054], [-4.223504, 40.38701], [-4.223727, 40.387006], [-4.22394, 40.387007], [-4.223978, 40.38694], [-4.224146, 40.386977], [-4.22448, 40.386569], [-4.224346, 40.386278], [-4.224686, 40.385788], [-4.225075, 40.385437], [-4.225127, 40.385103], [-4.225187, 40.384801], [-4.225506, 40.38433], [-4.226157, 40.384006], [-4.226273, 40.383956], [-4.226126, 40.383684], [-4.225732, 40.383448], [-4.225094, 40.383639], [-4.224757, 40.383655], [-4.224615, 40.383219], [-4.224397, 40.383236], [-4.224383, 40.383186], [-4.224003, 40.382771], [-4.223855, 40.382479], [-4.224339, 40.381907], [-4.224997, 40.38156], [-4.225763, 40.38151], [-4.226048, 40.3815], [-4.226397, 40.381418], [-4.226614, 40.381292], [-4.226565, 40.380891], [-4.226451, 40.380751], [-4.225817, 40.380844], [-4.224541, 40.380811], [-4.223377, 40.38073], [-4.223003, 40.380345], [-4.222543, 40.379942], [-4.221973, 40.379774], [-4.221059, 40.379531], [-4.220765, 40.377692], [-4.218799, 40.37732], [-4.218621, 40.37744], [-4.218509, 40.377488], [-4.218311, 40.377517], [-4.218416, 40.37816], [-4.218612, 40.378665], [-4.218931, 40.378807], [-4.219261, 40.378821], [-4.21933, 40.379125], [-4.218717, 40.379308], [-4.218572, 40.379392], [-4.216545, 40.380112], [-4.216387, 40.379826], [-4.216226, 40.379528], [-4.216169, 40.379537], [-4.215211, 40.379524], [-4.214994, 40.378915], [-4.215715, 40.378586], [-4.216076, 40.378422], [-4.216691, 40.378149], [-4.216888, 40.377967], [-4.217227, 40.377704], [-4.217686, 40.377271], [-4.217852, 40.377125], [-4.217638, 40.376882], [-4.216762, 40.376704], [-4.215122, 40.376669], [-4.214645, 40.376495], [-4.214557, 40.376448], [-4.214554, 40.376447], [-4.213721, 40.375226], [-4.213805, 40.375057], [-4.214049, 40.374568], [-4.214639, 40.37436], [-4.215622, 40.374308], [-4.216198, 40.374743], [-4.216468, 40.374703], [-4.216446, 40.374432], [-4.216935, 40.374483], [-4.217538, 40.374333], [-4.217982, 40.373658], [-4.217904, 40.373487], [-4.217737, 40.372749], [-4.218135, 40.37205], [-4.218089, 40.371843], [-4.217777, 40.371522], [-4.217268, 40.371383], [-4.216732, 40.371827], [-4.216769, 40.372341], [-4.216862, 40.372754], [-4.21681, 40.373402], [-4.216485, 40.373724], [-4.215512, 40.37347], [-4.215045, 40.372989], [-4.215447, 40.371954], [-4.215819, 40.371839], [-4.21561, 40.371442], [-4.215517, 40.371422], [-4.215698, 40.371285], [-4.216681, 40.370871], [-4.217845, 40.370336], [-4.218317, 40.370045], [-4.219017, 40.369752], [-4.219001, 40.36904], [-4.218793, 40.368578], [-4.218393, 40.368001], [-4.217603, 40.367164], [-4.216956, 40.366686], [-4.216692, 40.366709], [-4.216015, 40.366919], [-4.215804, 40.367363], [-4.215507, 40.367422], [-4.214493, 40.367792], [-4.213932, 40.368335], [-4.213572, 40.368848], [-4.213255, 40.36912], [-4.212592, 40.369058], [-4.212293, 40.368925], [-4.211989, 40.368764], [-4.211545, 40.369005], [-4.21189, 40.369513], [-4.21215, 40.369475], [-4.212588, 40.369382], [-4.212874, 40.369456], [-4.212174, 40.370084], [-4.211385, 40.370533], [-4.211368, 40.370536], [-4.21097, 40.369797], [-4.210912, 40.369389], [-4.21056, 40.36956], [-4.209841, 40.36943], [-4.209564, 40.368883], [-4.210638, 40.367875], [-4.210692, 40.367831], [-4.211025, 40.367554], [-4.211685, 40.367252], [-4.21233, 40.366717], [-4.212253, 40.366376], [-4.211729, 40.365924], [-4.211213, 40.365676], [-4.210933, 40.365453], [-4.210849, 40.365083], [-4.21028, 40.364925], [-4.210175, 40.364181], [-4.21037, 40.363589], [-4.209638, 40.363642], [-4.209291, 40.36339], [-4.209507, 40.362711], [-4.209628, 40.362431], [-4.209659, 40.362103], [-4.209954, 40.362242], [-4.210421, 40.362558], [-4.210679, 40.362648], [-4.210908, 40.362729], [-4.211205, 40.362059], [-4.210977, 40.36187], [-4.210939, 40.361857], [-4.210606, 40.361742], [-4.210501, 40.361515], [-4.210719, 40.361079], [-4.21127, 40.360849], [-4.211466, 40.360767], [-4.212646, 40.360272], [-4.212682, 40.359963], [-4.212544, 40.359357], [-4.211811, 40.359262], [-4.211791, 40.359262], [-4.211002, 40.359299], [-4.210571, 40.358674], [-4.210755, 40.358324], [-4.210728, 40.358085], [-4.21073, 40.357863], [-4.209643, 40.356788], [-4.209666, 40.356421], [-4.210131, 40.356029], [-4.211581, 40.355333], [-4.212552, 40.354847], [-4.213117, 40.354664], [-4.214206, 40.354237], [-4.214781, 40.353381], [-4.215467, 40.35305], [-4.215472, 40.352901], [-4.215677, 40.352101], [-4.216092, 40.351714], [-4.217774, 40.350609], [-4.219112, 40.350888], [-4.219405, 40.350816], [-4.219598, 40.350817], [-4.219828, 40.350635], [-4.220779, 40.350911], [-4.221192, 40.350347], [-4.221079, 40.350186], [-4.22024, 40.349894], [-4.219264, 40.34968], [-4.219349, 40.34869], [-4.220026, 40.348265], [-4.221223, 40.348091], [-4.222815, 40.346761], [-4.22322, 40.346673], [-4.225095, 40.346932], [-4.226435, 40.347388], [-4.22766, 40.347683], [-4.228232, 40.348844], [-4.228156, 40.349359], [-4.227122, 40.34957], [-4.22644, 40.350143], [-4.225898, 40.350311], [-4.225861, 40.350317], [-4.225212, 40.351034], [-4.225319, 40.351167], [-4.225983, 40.351366], [-4.227139, 40.351523], [-4.227916, 40.351884], [-4.228373, 40.352024], [-4.229807, 40.351874], [-4.230346, 40.351351], [-4.230491, 40.350796], [-4.23038, 40.350308], [-4.230517, 40.350229], [-4.230642, 40.35027], [-4.23113, 40.350377], [-4.231919, 40.349935], [-4.232147, 40.348894], [-4.2322, 40.34862], [-4.231543, 40.348449], [-4.230955, 40.348239], [-4.23094, 40.347322], [-4.231326, 40.346466], [-4.231387, 40.345538], [-4.232026, 40.344437], [-4.232298, 40.34342], [-4.232312, 40.342973], [-4.232056, 40.342181], [-4.231435, 40.34121], [-4.23152, 40.341185], [-4.231396, 40.340999], [-4.231889, 40.340428], [-4.232089, 40.339876], [-4.232117, 40.339736], [-4.232146, 40.339732], [-4.232493, 40.34009], [-4.232718, 40.340831], [-4.232843, 40.341242], [-4.233068, 40.341323], [-4.233629, 40.340923], [-4.233872, 40.340819], [-4.234731, 40.340557], [-4.235762, 40.340406], [-4.236739, 40.340536], [-4.236713, 40.339768], [-4.23666, 40.339534], [-4.236589, 40.339218], [-4.237016, 40.338883], [-4.23719, 40.338938], [-4.23775, 40.339116], [-4.238668, 40.339641], [-4.239103, 40.340645], [-4.239873, 40.341168], [-4.240247, 40.341249], [-4.240745, 40.341358], [-4.240999, 40.340912], [-4.240905, 40.340494], [-4.239993, 40.339606], [-4.239716, 40.338647], [-4.239661, 40.338405], [-4.239098, 40.338011], [-4.238314, 40.337422], [-4.237986, 40.337259], [-4.23718, 40.336861], [-4.236806, 40.336257], [-4.236627, 40.335465], [-4.236718, 40.33443], [-4.237415, 40.333715], [-4.23853, 40.333378], [-4.238661, 40.333066], [-4.238492, 40.332318], [-4.238498, 40.332137], [-4.238745, 40.331886], [-4.239155, 40.331628], [-4.239856, 40.331723], [-4.240179, 40.331909], [-4.240752, 40.332059], [-4.241714, 40.332583], [-4.242441, 40.333105], [-4.243374, 40.332987], [-4.244654, 40.333051], [-4.245773, 40.333444], [-4.246165, 40.333728], [-4.246566, 40.334568], [-4.247099, 40.334849], [-4.24745, 40.334852], [-4.248486, 40.335185], [-4.248887, 40.335611], [-4.249344, 40.336512], [-4.252173, 40.337512], [-4.25631, 40.338855], [-4.256912, 40.339038], [-4.257495, 40.338903], [-4.258808, 40.339143], [-4.260688, 40.339966], [-4.260953, 40.340263], [-4.262374, 40.34185], [-4.26416, 40.343219], [-4.266591, 40.34456], [-4.267738, 40.345317], [-4.269151, 40.345762], [-4.270118, 40.346886], [-4.270204, 40.346986], [-4.271347, 40.347521], [-4.274609, 40.348853], [-4.276433, 40.350369], [-4.276488, 40.350131], [-4.276676, 40.350303], [-4.278329, 40.350404], [-4.280423, 40.350612], [-4.28159, 40.351667], [-4.282384, 40.354174], [-4.282549, 40.355336], [-4.282318, 40.355576], [-4.282438, 40.356337], [-4.282532, 40.356753], [-4.284123, 40.357401], [-4.285102, 40.35736], [-4.285966, 40.357868], [-4.286469, 40.358553], [-4.286439, 40.359008], [-4.286283, 40.359379], [-4.286226, 40.359715], [-4.286522, 40.359959], [-4.28693, 40.359756], [-4.287318, 40.359227], [-4.287847, 40.359088], [-4.288426, 40.359167], [-4.288876, 40.359265], [-4.290086, 40.359764], [-4.2911, 40.359758], [-4.291993, 40.359689], [-4.292922, 40.359778], [-4.294379, 40.360076], [-4.294947, 40.36069], [-4.29573, 40.360957], [-4.295893, 40.361378], [-4.296092, 40.362036], [-4.296546, 40.362828], [-4.296888, 40.363561], [-4.29713, 40.364079], [-4.297568, 40.365236], [-4.298115, 40.365671], [-4.298277, 40.365838], [-4.298667, 40.366239], [-4.299388, 40.366668], [-4.300309, 40.366666], [-4.301472, 40.366743], [-4.30235, 40.366882], [-4.302818, 40.36708], [-4.302925, 40.367151], [-4.302937, 40.367445], [-4.303412, 40.367794], [-4.304057, 40.367929], [-4.304509, 40.368094], [-4.305197, 40.368627], [-4.306683, 40.36986], [-4.307628, 40.370733], [-4.308237, 40.371392], [-4.309225, 40.37195], [-4.310278, 40.372543], [-4.311113, 40.372684], [-4.311121, 40.372656], [-4.311474, 40.372725], [-4.311646, 40.372733], [-4.311478, 40.372366], [-4.311262, 40.372169], [-4.311248, 40.372157], [-4.311265, 40.37209], [-4.310323, 40.371481], [-4.309579, 40.371238], [-4.308953, 40.370758], [-4.307441, 40.369661], [-4.306513, 40.36861], [-4.305579, 40.367932], [-4.305548, 40.367647], [-4.305428, 40.367299], [-4.305178, 40.36698], [-4.304691, 40.366759], [-4.30431, 40.366632], [-4.304337, 40.366532], [-4.303972, 40.366242], [-4.302342, 40.366081], [-4.300164, 40.366248], [-4.299438, 40.366126], [-4.297853, 40.364851], [-4.297561, 40.363786], [-4.297143, 40.362607], [-4.296702, 40.361431], [-4.296184, 40.360899], [-4.296222, 40.360892], [-4.296088, 40.36042], [-4.292786, 40.359183], [-4.29099, 40.35916], [-4.289888, 40.359014], [-4.288547, 40.358289], [-4.287826, 40.35735], [-4.286186, 40.356955], [-4.284588, 40.356862], [-4.283561, 40.356459], [-4.283114, 40.355787], [-4.283065, 40.355571], [-4.283085, 40.355567], [-4.283135, 40.354383], [-4.282933, 40.353775], [-4.282825, 40.3533], [-4.282732, 40.35275], [-4.282522, 40.352388], [-4.282416, 40.351643], [-4.282391, 40.351108], [-4.281292, 40.350214], [-4.281124, 40.349896], [-4.280233, 40.349634], [-4.279705, 40.349564], [-4.278668, 40.349643], [-4.277888, 40.349586], [-4.276545, 40.349587], [-4.276537, 40.349585], [-4.276516, 40.349492], [-4.275484, 40.348671], [-4.274532, 40.347891], [-4.274038, 40.347423], [-4.272929, 40.346884], [-4.271737, 40.346599], [-4.271001, 40.34621], [-4.271037, 40.346172], [-4.270774, 40.345778], [-4.269939, 40.344968], [-4.269024, 40.34457], [-4.267791, 40.343918], [-4.26717, 40.343477], [-4.265875, 40.342934], [-4.264914, 40.342143], [-4.264156, 40.341289], [-4.263688, 40.340758], [-4.263624, 40.340596], [-4.263588, 40.340507], [-4.263606, 40.340204], [-4.263982, 40.339949], [-4.264704, 40.339877], [-4.265277, 40.339953], [-4.265324, 40.339927], [-4.265534, 40.339849], [-4.265906, 40.340004], [-4.266667, 40.340252], [-4.267094, 40.340325], [-4.26854, 40.339978], [-4.269023, 40.338796], [-4.269068, 40.338686], [-4.268621, 40.337491], [-4.268512, 40.337013], [-4.268909, 40.336954], [-4.2698, 40.337004], [-4.271782, 40.336173], [-4.272473, 40.336117], [-4.273485, 40.336958], [-4.274448, 40.337582], [-4.276481, 40.336204], [-4.277174, 40.335382], [-4.277473, 40.334889], [-4.279568, 40.335076], [-4.280457, 40.33589], [-4.280988, 40.336937], [-4.282803, 40.337436], [-4.285145, 40.337677], [-4.28614, 40.337666], [-4.288081, 40.339496], [-4.288681, 40.339813], [-4.292317, 40.340583], [-4.293583, 40.341252], [-4.29488, 40.341772], [-4.29785, 40.341795], [-4.300128, 40.342334], [-4.302001, 40.342618], [-4.306798, 40.341994], [-4.308094, 40.34127], [-4.309131, 40.340477], [-4.309941, 40.340064], [-4.309165, 40.339405], [-4.308718, 40.339236], [-4.307643, 40.338828], [-4.307118, 40.338052], [-4.30781, 40.33651], [-4.308104, 40.335506], [-4.307301, 40.334424], [-4.306614, 40.333698], [-4.306992, 40.332762], [-4.30768, 40.332317], [-4.308007, 40.330746], [-4.308516, 40.32897], [-4.308822, 40.327224], [-4.308756, 40.326014], [-4.309823, 40.325255], [-4.30934, 40.324708], [-4.309025, 40.32464], [-4.30938, 40.323898], [-4.308614, 40.323493], [-4.307969, 40.324278], [-4.307247, 40.324729], [-4.306343, 40.325034], [-4.306481, 40.324324], [-4.306947, 40.323738], [-4.307221, 40.323296], [-4.3066, 40.32287], [-4.306852, 40.322661], [-4.307403, 40.32212], [-4.307242, 40.321741], [-4.306425, 40.321114], [-4.306916, 40.32064], [-4.308262, 40.320959], [-4.309135, 40.321175], [-4.309145, 40.320887], [-4.309589, 40.320534], [-4.310468, 40.320118], [-4.311028, 40.319288], [-4.309669, 40.318913], [-4.30926, 40.319088], [-4.308551, 40.319595], [-4.307502, 40.319922], [-4.30644, 40.320193], [-4.305942, 40.319979], [-4.305462, 40.319187], [-4.305021, 40.318562], [-4.304526, 40.318693], [-4.304196, 40.319546], [-4.303802, 40.320121], [-4.30161, 40.322339], [-4.300413, 40.322343], [-4.298925, 40.322389], [-4.297961, 40.322761], [-4.297198, 40.3227], [-4.297072, 40.322144], [-4.297576, 40.321725], [-4.297616, 40.320915], [-4.297663, 40.320793], [-4.298617, 40.3194], [-4.298311, 40.319031], [-4.297391, 40.318937], [-4.296868, 40.318611], [-4.296562, 40.318254], [-4.296159, 40.319118], [-4.295724, 40.319182], [-4.296283, 40.320651], [-4.295864, 40.321115], [-4.295324, 40.32039], [-4.294977, 40.319521], [-4.294391, 40.320239], [-4.293509, 40.320311], [-4.293307, 40.319422], [-4.292718, 40.319796], [-4.29244, 40.319894], [-4.292085, 40.320636], [-4.292445, 40.32156], [-4.292306, 40.32227], [-4.291364, 40.322408], [-4.290595, 40.322981], [-4.289983, 40.322266], [-4.28888, 40.322026], [-4.288032, 40.32192], [-4.287185, 40.321815], [-4.286337, 40.32171], [-4.286078, 40.32123], [-4.28633, 40.321021], [-4.286995, 40.320981], [-4.287212, 40.320949], [-4.287392, 40.32075], [-4.287335, 40.319839], [-4.287574, 40.319574], [-4.287848, 40.319132], [-4.286928, 40.319037], [-4.28649, 40.318756], [-4.287028, 40.31816], [-4.287183, 40.31785], [-4.28725, 40.317297], [-4.286087, 40.317072], [-4.285638, 40.316985], [-4.284815, 40.316991], [-4.283993, 40.316997], [-4.283662, 40.316528], [-4.281957, 40.316606], [-4.281125, 40.3169], [-4.280719, 40.31742], [-4.279644, 40.317635], [-4.280691, 40.318286], [-4.281138, 40.318278], [-4.282084, 40.318484], [-4.282311, 40.318649], [-4.283071, 40.319201], [-4.283745, 40.320194], [-4.282321, 40.320518], [-4.282507, 40.321007], [-4.281735, 40.321236], [-4.280575, 40.321406], [-4.279671, 40.321711], [-4.278861, 40.321772], [-4.27795, 40.321389], [-4.277405, 40.321296], [-4.276919, 40.321138], [-4.276433, 40.321104], [-4.276387, 40.321101], [-4.276333, 40.321146], [-4.275883, 40.32152], [-4.275946, 40.321798], [-4.276022, 40.322132], [-4.275905, 40.322608], [-4.275703, 40.32304], [-4.27583, 40.323596], [-4.275184, 40.324381], [-4.27617, 40.323776], [-4.276419, 40.323222], [-4.276595, 40.322679], [-4.276781, 40.323169], [-4.276895, 40.32367], [-4.27721, 40.323739], [-4.277321, 40.323895], [-4.277907, 40.324498], [-4.279174, 40.325462], [-4.278835, 40.326603], [-4.277794, 40.326641], [-4.275919, 40.326629], [-4.27573, 40.327116], [-4.274435, 40.327019], [-4.272559, 40.327007], [-4.272666, 40.326819], [-4.273716, 40.326492], [-4.273952, 40.325883], [-4.273334, 40.325801], [-4.271922, 40.326181], [-4.271383, 40.325455], [-4.272149, 40.324538], [-4.272146, 40.324254], [-4.271326, 40.324544], [-4.270261, 40.32447], [-4.269262, 40.325019], [-4.268647, 40.325282], [-4.267863, 40.325454], [-4.266955, 40.325415], [-4.266655, 40.325746], [-4.266454, 40.326178], [-4.266703, 40.326946], [-4.265956, 40.327285], [-4.265206, 40.32728], [-4.263996, 40.327228], [-4.26351, 40.327069], [-4.263148, 40.327122], [-4.262776, 40.327464], [-4.262041, 40.327859], [-4.261647, 40.327112], [-4.261424, 40.326456], [-4.260506, 40.326705], [-4.259577, 40.326899], [-4.258524, 40.32688], [-4.25876, 40.327593], [-4.259312, 40.328374], [-4.257802, 40.328653], [-4.256642, 40.328822], [-4.256138, 40.329241], [-4.255227, 40.328857], [-4.255233, 40.328224], [-4.254445, 40.328052], [-4.254218, 40.327051], [-4.254565, 40.326598], [-4.254997, 40.32619], [-4.256091, 40.32672], [-4.25686, 40.326147], [-4.257654, 40.325686], [-4.258697, 40.325993], [-4.25952, 40.325987], [-4.25975, 40.326011], [-4.260847, 40.325563], [-4.261052, 40.325476], [-4.261373, 40.324911], [-4.261455, 40.324843], [-4.261114, 40.324432], [-4.262479, 40.324175], [-4.263737, 40.324105], [-4.264767, 40.324356], [-4.265792, 40.323919], [-4.265256, 40.323538], [-4.263759, 40.323872], [-4.263607, 40.323205], [-4.264256, 40.322765], [-4.265741, 40.322375], [-4.266718, 40.322059], [-4.266941, 40.321394], [-4.267726, 40.321222], [-4.267962, 40.320613], [-4.268463, 40.31985], [-4.269166, 40.318655], [-4.270023, 40.318472], [-4.270852, 40.317833], [-4.270823, 40.317377], [-4.270634, 40.316543], [-4.270533, 40.316098], [-4.270271, 40.315275], [-4.269745, 40.315927], [-4.269436, 40.316547], [-4.269285, 40.317201], [-4.268186, 40.317305], [-4.267499, 40.317578], [-4.265721, 40.317666], [-4.264728, 40.317582], [-4.26296, 40.317381], [-4.263269, 40.316761], [-4.263789, 40.316742], [-4.265097, 40.316895], [-4.265989, 40.316535], [-4.265721, 40.316344], [-4.265286, 40.315086], [-4.265248, 40.31492], [-4.265885, 40.314424], [-4.265916, 40.313902], [-4.263559, 40.314075], [-4.263401, 40.314041], [-4.262598, 40.313469], [-4.261555, 40.313162], [-4.260644, 40.312779], [-4.260241, 40.312321], [-4.260162, 40.311643], [-4.260729, 40.311502], [-4.261526, 40.311385], [-4.262531, 40.311525], [-4.263073, 40.311273], [-4.264217, 40.310704], [-4.264623, 40.310184], [-4.265137, 40.309477], [-4.265884, 40.309138], [-4.265909, 40.307927], [-4.26716, 40.307169], [-4.269075, 40.306371], [-4.270241, 40.305568], [-4.270339, 40.305668], [-4.271211, 40.305885], [-4.271252, 40.306396], [-4.272352, 40.306293], [-4.273086, 40.305898], [-4.274003, 40.305648], [-4.27434, 40.305484], [-4.274312, 40.305028], [-4.273319, 40.304944], [-4.273064, 40.304809], [-4.27318, 40.304332], [-4.272832, 40.303788], [-4.272352, 40.303649], [-4.270902, 40.30254], [-4.270269, 40.302059], [-4.269969, 40.301068], [-4.269777, 40.29989], [-4.270139, 40.298515], [-4.271153, 40.298366], [-4.271651, 40.297259], [-4.270139, 40.297193], [-4.270904, 40.296276], [-4.270992, 40.295344], [-4.27143, 40.294303], [-4.272702, 40.293312], [-4.274545, 40.292524], [-4.275405, 40.291364], [-4.276075, 40.29069], [-4.277354, 40.290388], [-4.278025, 40.289715], [-4.2791, 40.290821], [-4.280124, 40.291705], [-4.281761, 40.291005], [-4.281997, 40.290396], [-4.282634, 40.2899], [-4.282085, 40.289463], [-4.28356, 40.289362], [-4.285238, 40.289173], [-4.282837, 40.285848], [-4.289605, 40.283015], [-4.290402, 40.282898], [-4.291488, 40.282738], [-4.29203, 40.282486], [-4.293095, 40.282559], [-4.293775, 40.282919], [-4.293155, 40.283815], [-4.293741, 40.284418], [-4.294428, 40.284145], [-4.295388, 40.283429], [-4.294525, 40.282924], [-4.29591, 40.282433], [-4.296692, 40.283237], [-4.29661, 40.283537], [-4.296601, 40.283826], [-4.297505, 40.28352], [-4.298012, 40.283446], [-4.298979, 40.283418], [-4.299956, 40.284424], [-4.300501, 40.284516], [-4.300642, 40.284151], [-4.300749, 40.283963], [-4.30109, 40.284143], [-4.301216, 40.284699], [-4.301002, 40.285075], [-4.301308, 40.285432], [-4.30281, 40.284464], [-4.302759, 40.284242], [-4.303638, 40.283825], [-4.305282, 40.283813], [-4.305694, 40.283983], [-4.306485, 40.284498], [-4.307443, 40.28476], [-4.308725, 40.284801], [-4.308996, 40.285152], [-4.309866, 40.284867], [-4.30993, 40.284724], [-4.310146, 40.284366], [-4.309718, 40.284167], [-4.308843, 40.284623], [-4.308934, 40.284087], [-4.309303, 40.283837], [-4.309952, 40.283512], [-4.310282, 40.283464], [-4.310885, 40.283919], [-4.310977, 40.283838], [-4.310973, 40.283493], [-4.311332, 40.283096], [-4.311668, 40.283075], [-4.311353, 40.282751], [-4.310657, 40.282494], [-4.310327, 40.281792], [-4.310303, 40.281501], [-4.310435, 40.280959], [-4.311017, 40.28071], [-4.311513, 40.280833], [-4.311595, 40.28083], [-4.312042, 40.28029], [-4.311493, 40.279854], [-4.312435, 40.279715], [-4.312815, 40.279084], [-4.311197, 40.279208], [-4.310494, 40.279081], [-4.310777, 40.27835], [-4.311949, 40.278235], [-4.31238, 40.277827], [-4.313369, 40.277566], [-4.314707, 40.277197], [-4.316127, 40.276528], [-4.314574, 40.275952], [-4.314941, 40.275266], [-4.313549, 40.275069], [-4.312469, 40.274595], [-4.312525, 40.274185], [-4.312114, 40.274188], [-4.311676, 40.273907], [-4.311331, 40.273872], [-4.310233, 40.273488], [-4.310623, 40.274379], [-4.309844, 40.275068], [-4.309335, 40.27497], [-4.308645, 40.274239], [-4.307266, 40.272947], [-4.307326, 40.27222], [-4.307872, 40.272484], [-4.308318, 40.272304], [-4.308689, 40.271962], [-4.308668, 40.271706], [-4.308531, 40.271267], [-4.309743, 40.270341], [-4.309789, 40.270708], [-4.31043, 40.270729], [-4.310852, 40.270609], [-4.310946, 40.270366], [-4.312438, 40.269686], [-4.31284, 40.269972], [-4.313931, 40.269668], [-4.314151, 40.269319], [-4.313578, 40.269432], [-4.313233, 40.269397], [-4.312899, 40.269245], [-4.312474, 40.26902], [-4.312031, 40.268884], [-4.31212, 40.269273], [-4.311095, 40.269539], [-4.310275, 40.269717], [-4.309427, 40.268951], [-4.307762, 40.269857], [-4.308014, 40.270309], [-4.3078, 40.270685], [-4.308175, 40.271348], [-4.307881, 40.271535], [-4.307634, 40.2716], [-4.307612, 40.271172], [-4.307053, 40.271513], [-4.306659, 40.271427], [-4.306232, 40.27103], [-4.305654, 40.270627], [-4.305506, 40.270304], [-4.305481, 40.270213], [-4.30501, 40.270262], [-4.304611, 40.270321], [-4.3039, 40.270483], [-4.303423, 40.270524], [-4.302558, 40.270508], [-4.302344, 40.270223], [-4.301577, 40.270307], [-4.301124, 40.270949], [-4.300956, 40.271692], [-4.299983, 40.27103], [-4.300215, 40.270737], [-4.300436, 40.270389], [-4.30024, 40.270188], [-4.299859, 40.270158], [-4.299105, 40.269636], [-4.29862, 40.269478], [-4.298333, 40.269865], [-4.299784, 40.271146], [-4.299873, 40.271535], [-4.299959, 40.271752], [-4.29946, 40.272026], [-4.29855, 40.272304], [-4.297941, 40.271761], [-4.297383, 40.271614], [-4.296383, 40.27133], [-4.29586, 40.271004], [-4.295152, 40.27085], [-4.293411, 40.270272], [-4.292969, 40.269475], [-4.292817, 40.268808], [-4.293445, 40.268773], [-4.294121, 40.268616], [-4.294812, 40.268199], [-4.295446, 40.268192], [-4.29555, 40.26832], [-4.296136, 40.268923], [-4.297372, 40.268598], [-4.297999, 40.268391], [-4.298424, 40.268616], [-4.298836, 40.268124], [-4.298417, 40.267927], [-4.298033, 40.268213], [-4.296879, 40.267579], [-4.296559, 40.266994], [-4.296501, 40.265422], [-4.296441, 40.264827], [-4.296251, 40.264482], [-4.296016, 40.264602], [-4.296079, 40.264219], [-4.296113, 40.264042], [-4.295841, 40.263996], [-4.295927, 40.263552], [-4.295442, 40.263394], [-4.293712, 40.263849], [-4.29392, 40.263445], [-4.294998, 40.263085], [-4.294771, 40.262084], [-4.294077, 40.262158], [-4.293804, 40.262111], [-4.293922, 40.261807], [-4.293859, 40.261529], [-4.293962, 40.261485], [-4.29476, 40.26154], [-4.294961, 40.261108], [-4.295245, 40.261038], [-4.295815, 40.261241], [-4.296342, 40.261422], [-4.29689, 40.261859], [-4.296577, 40.261962], [-4.295922, 40.261714], [-4.296008, 40.261931], [-4.296319, 40.262144], [-4.29605, 40.262442], [-4.29624, 40.262788], [-4.296679, 40.26258], [-4.2971, 40.262288], [-4.297523, 40.262341], [-4.298265, 40.262806], [-4.298366, 40.263251], [-4.298879, 40.263204], [-4.29977, 40.263504], [-4.299411, 40.26258], [-4.299507, 40.262509], [-4.300066, 40.262829], [-4.300537, 40.26342], [-4.301111, 40.263968], [-4.301562, 40.263815], [-4.301033, 40.263462], [-4.301296, 40.263136], [-4.301658, 40.263083], [-4.302527, 40.262955], [-4.303206, 40.263143], [-4.304618, 40.262935], [-4.304572, 40.262568], [-4.305425, 40.26204], [-4.305867, 40.262176], [-4.306277, 40.262662], [-4.306608, 40.263131], [-4.306681, 40.263259], [-4.307453, 40.262403], [-4.30814, 40.26279], [-4.308867, 40.263028], [-4.309491, 40.263137], [-4.309672, 40.263111], [-4.309865, 40.263164], [-4.309903, 40.262646], [-4.308947, 40.261896], [-4.308907, 40.261557], [-4.307986, 40.26129], [-4.307596, 40.261549], [-4.306917, 40.261361], [-4.305766, 40.261731], [-4.305336, 40.261651], [-4.306315, 40.261019], [-4.306772, 40.260722], [-4.307094, 40.260329], [-4.307533, 40.260121], [-4.308825, 40.259385], [-4.309176, 40.259448], [-4.309546, 40.259595], [-4.310118, 40.25931], [-4.309953, 40.258587], [-4.310177, 40.257922], [-4.311855, 40.256583], [-4.312098, 40.256662], [-4.31302, 40.255779], [-4.313512, 40.255477], [-4.314501, 40.255216], [-4.314455, 40.254849], [-4.315064, 40.254731], [-4.31524, 40.254849], [-4.315686, 40.254668], [-4.318341, 40.254335], [-4.319099, 40.2552], [-4.319616, 40.254348], [-4.32023, 40.254085], [-4.320449, 40.254225], [-4.32106, 40.25494], [-4.321527, 40.254526], [-4.322109, 40.254124], [-4.322872, 40.253696], [-4.323062, 40.253869], [-4.323809, 40.253702], [-4.324298, 40.254204], [-4.324566, 40.253906], [-4.325608, 40.253551], [-4.325805, 40.253264], [-4.326399, 40.252918], [-4.326867, 40.253165], [-4.327747, 40.25292], [-4.328426, 40.253107], [-4.330764, 40.252533], [-4.330829, 40.252322], [-4.331257, 40.25223], [-4.33132, 40.252508], [-4.331552, 40.252704], [-4.332277, 40.25277], [-4.33394, 40.253501], [-4.33471, 40.253761], [-4.335011, 40.253602], [-4.335604, 40.254233], [-4.335874, 40.254107], [-4.336572, 40.254378], [-4.336994, 40.254919], [-4.338329, 40.254866], [-4.33831, 40.254899], [-4.338751, 40.254746], [-4.338948, 40.255119], [-4.339542, 40.255262], [-4.339531, 40.255378], [-4.33946, 40.255561], [-4.339536, 40.255895], [-4.339381, 40.256033], [-4.339806, 40.256257], [-4.340293, 40.256588], [-4.340806, 40.256541], [-4.341368, 40.256544], [-4.341942, 40.256603], [-4.342705, 40.256663], [-4.343122, 40.256688], [-4.343558, 40.256796], [-4.343715, 40.25683], [-4.343846, 40.256581], [-4.34455, 40.256879], [-4.345066, 40.257665], [-4.345295, 40.257689], [-4.345339, 40.257223], [-4.345963, 40.256843], [-4.346318, 40.257251], [-4.346772, 40.25727], [-4.347884, 40.257882], [-4.348748, 40.257898], [-4.349608, 40.258058], [-4.35023, 40.257995], [-4.350876, 40.258532], [-4.35212, 40.259067], [-4.352591, 40.258997], [-4.354258, 40.258924], [-4.354164, 40.259167], [-4.35473, 40.259515], [-4.354846, 40.259699], [-4.354735, 40.260031], [-4.355086, 40.260095], [-4.355288, 40.260323], [-4.356148, 40.260484], [-4.356789, 40.260504], [-4.35747, 40.260375], [-4.358174, 40.260673], [-4.358406, 40.260869], [-4.358841, 40.260805], [-4.359767, 40.261587], [-4.360148, 40.262106], [-4.360728, 40.261532], [-4.361473, 40.26168], [-4.362175, 40.261806], [-4.362421, 40.26223], [-4.364081, 40.262617], [-4.365082, 40.262411], [-4.366, 40.262333], [-4.368097, 40.26234], [-4.36885, 40.262688], [-4.369174, 40.262956], [-4.369437, 40.262964], [-4.370088, 40.262534], [-4.370534, 40.263014], [-4.371067, 40.262562], [-4.371743, 40.263065], [-4.372354, 40.263119], [-4.373789, 40.263337], [-4.373903, 40.263838], [-4.374188, 40.263939], [-4.374623, 40.263875], [-4.374858, 40.264415], [-4.374952, 40.26466], [-4.376202, 40.264561], [-4.376449, 40.264496], [-4.376579, 40.264247], [-4.377092, 40.2642], [-4.377869, 40.264487], [-4.377121, 40.265144], [-4.376754, 40.265342], [-4.376968, 40.266115], [-4.376674, 40.266302], [-4.376167, 40.266377], [-4.375861, 40.267169], [-4.37541, 40.267322], [-4.375166, 40.267732], [-4.374932, 40.267853], [-4.374906, 40.26823], [-4.374277, 40.268754], [-4.373953, 40.268975], [-4.374208, 40.269109], [-4.374189, 40.269515], [-4.374005, 40.269858], [-4.373671, 40.269706], [-4.372697, 40.270195], [-4.372356, 40.270504], [-4.372111, 40.270741], [-4.372258, 40.271553], [-4.372077, 40.272068], [-4.371644, 40.272305], [-4.371305, 40.272786], [-4.369574, 40.273731], [-4.370351, 40.274019], [-4.37061, 40.274498], [-4.370303, 40.274629], [-4.370032, 40.274756], [-4.369647, 40.27487], [-4.369395, 40.27508], [-4.368341, 40.274891], [-4.368122, 40.275239], [-4.367657, 40.275337], [-4.367191, 40.275262], [-4.367074, 40.275273], [-4.36692, 40.275388], [-4.366552, 40.275414], [-4.36635, 40.275227], [-4.365356, 40.274929], [-4.363981, 40.274644], [-4.363436, 40.274601], [-4.363302, 40.274457], [-4.36311, 40.274455], [-4.361839, 40.274443], [-4.361036, 40.274533], [-4.360565, 40.274603], [-4.359717, 40.274986], [-4.359489, 40.275135], [-4.359126, 40.275677], [-4.358889, 40.276114], [-4.358607, 40.276357], [-4.358577, 40.27639], [-4.358452, 40.276006], [-4.358071, 40.275977], [-4.358374, 40.27665], [-4.357866, 40.276553], [-4.357598, 40.276363], [-4.357739, 40.275997], [-4.357759, 40.275592], [-4.357473, 40.27549], [-4.357291, 40.275345], [-4.35707, 40.275032], [-4.356833, 40.274981], [-4.35655, 40.275052], [-4.356142, 40.274738], [-4.355482, 40.274635], [-4.355171, 40.274422], [-4.355096, 40.274749], [-4.354809, 40.274475], [-4.354835, 40.274098], [-4.355361, 40.274106], [-4.355624, 40.27378], [-4.355588, 40.273297], [-4.355048, 40.273061], [-4.354842, 40.272976], [-4.354414, 40.272579], [-4.353808, 40.272382], [-4.353714, 40.272625], [-4.353694, 40.273031], [-4.353142, 40.272911], [-4.352989, 40.273221], [-4.353022, 40.273532], [-4.353531, 40.273629], [-4.354232, 40.273583], [-4.354493, 40.273746], [-4.354533, 40.274085], [-4.35425, 40.274156], [-4.354213, 40.27465], [-4.354002, 40.274709], [-4.353884, 40.275014], [-4.35366, 40.275018], [-4.353271, 40.274789], [-4.352925, 40.275242], [-4.35291, 40.275503], [-4.352503, 40.27585], [-4.352008, 40.275981], [-4.351676, 40.276001], [-4.351433, 40.275922], [-4.350694, 40.27629], [-4.350342, 40.276227], [-4.349907, 40.27563], [-4.349881, 40.276007], [-4.350023, 40.276302], [-4.349281, 40.276498], [-4.3489, 40.276468], [-4.348466, 40.276532], [-4.348091, 40.27653], [-4.347823, 40.27634], [-4.347608, 40.276055], [-4.347174, 40.276119], [-4.346628, 40.276516], [-4.346077, 40.276396], [-4.346224, 40.276058], [-4.346536, 40.275782], [-4.346653, 40.275478], [-4.347169, 40.275114], [-4.347229, 40.275048], [-4.34672, 40.274951], [-4.346445, 40.275221], [-4.346142, 40.275697], [-4.34581, 40.275717], [-4.346231, 40.274937], [-4.345793, 40.274656], [-4.346194, 40.274281], [-4.346492, 40.27395], [-4.346501, 40.27415], [-4.34708, 40.274064], [-4.347549, 40.273823], [-4.347953, 40.273792], [-4.3476, 40.273556], [-4.346975, 40.273275], [-4.346737, 40.273052], [-4.346176, 40.27322], [-4.345918, 40.273402], [-4.345584, 40.27325], [-4.345166, 40.273714], [-4.344939, 40.273374], [-4.344959, 40.272969], [-4.344992, 40.272619], [-4.344653, 40.272612], [-4.34423, 40.272071], [-4.344079, 40.272064], [-4.344187, 40.272537], [-4.343918, 40.272835], [-4.343945, 40.273119], [-4.344437, 40.273305], [-4.34433, 40.273493], [-4.343815, 40.274028], [-4.343538, 40.274127], [-4.343618, 40.273655], [-4.343596, 40.273228], [-4.343594, 40.273055], [-4.343554, 40.272716], [-4.343297, 40.27241], [-4.343172, 40.272026], [-4.342823, 40.272135], [-4.34265, 40.272361], [-4.341926, 40.272468], [-4.34165, 40.272739], [-4.341539, 40.273071], [-4.341351, 40.27307], [-4.341022, 40.272774], [-4.340718, 40.272589], [-4.340538, 40.272127], [-4.340446, 40.272054], [-4.340299, 40.272392], [-4.340234, 40.272603], [-4.340062, 40.272829], [-4.33987, 40.272972], [-4.339762, 40.2725], [-4.339417, 40.272464], [-4.339272, 40.272486], [-4.33894, 40.272506], [-4.338992, 40.27224], [-4.338831, 40.271861], [-4.338548, 40.271443], [-4.338552, 40.2714], [-4.337737, 40.271333], [-4.337932, 40.270873], [-4.337821, 40.270717], [-4.337577, 40.270466], [-4.337582, 40.270321], [-4.337857, 40.270051], [-4.337438, 40.269854], [-4.33691, 40.269673], [-4.336854, 40.270084], [-4.336405, 40.26992], [-4.336464, 40.270342], [-4.336043, 40.269973], [-4.335541, 40.269904], [-4.335123, 40.269879], [-4.334982, 40.270245], [-4.334601, 40.270215], [-4.334557, 40.27002], [-4.334717, 40.269738], [-4.334276, 40.269774], [-4.334079, 40.270062], [-4.333812, 40.269871], [-4.333593, 40.269731], [-4.333056, 40.269839], [-4.33281, 40.270076], [-4.332561, 40.269969], [-4.332479, 40.269608], [-4.332145, 40.269456], [-4.33183, 40.269387], [-4.331481, 40.269496], [-4.331194, 40.269223], [-4.330939, 40.269088], [-4.330847, 40.269015], [-4.330566, 40.269258], [-4.330243, 40.268989], [-4.33023, 40.268932], [-4.330177, 40.269028], [-4.329954, 40.268543], [-4.329672, 40.268786], [-4.328928, 40.268637], [-4.328877, 40.268415], [-4.329414, 40.268307], [-4.328999, 40.267966], [-4.328987, 40.26791], [-4.329864, 40.267982], [-4.329733, 40.26757], [-4.329418, 40.267502], [-4.328953, 40.267599], [-4.328287, 40.267467], [-4.3275, 40.267296], [-4.327065, 40.26736], [-4.326788, 40.267458], [-4.326393, 40.2672], [-4.326298, 40.267444], [-4.326556, 40.268412], [-4.326031, 40.269064], [-4.325853, 40.269435], [-4.325915, 40.269541], [-4.326705, 40.269396], [-4.328518, 40.271111], [-4.32771, 40.271345], [-4.326828, 40.271418], [-4.326704, 40.271439], [-4.326632, 40.271705], [-4.326289, 40.272503], [-4.325748, 40.272755], [-4.32509, 40.273484], [-4.325154, 40.273762], [-4.32568, 40.274432], [-4.325466, 40.274808], [-4.325555, 40.275197], [-4.325792, 40.275909], [-4.325748, 40.276376], [-4.32556, 40.276863], [-4.325869, 40.277565], [-4.324915, 40.277648], [-4.325574, 40.27824], [-4.325152, 40.27836], [-4.3253, 40.278683], [-4.325713, 40.278852], [-4.326211, 40.279066], [-4.326227, 40.279466], [-4.326133, 40.279563], [-4.326417, 40.279586], [-4.32664, 40.279259], [-4.326929, 40.279217], [-4.327669, 40.279108], [-4.328284, 40.279376], [-4.328225, 40.279679], [-4.328045, 40.280195], [-4.328126, 40.280739], [-4.328597, 40.281127], [-4.327071, 40.281711], [-4.326681, 40.281866], [-4.325814, 40.281798], [-4.325527, 40.282085], [-4.326266, 40.282286], [-4.326543, 40.282572], [-4.327018, 40.2826], [-4.32763, 40.282673], [-4.328133, 40.282828], [-4.328198, 40.283112], [-4.328592, 40.283348], [-4.329316, 40.283536], [-4.329959, 40.283931], [-4.33017, 40.284487], [-4.330191, 40.285138], [-4.329986, 40.285919], [-4.329983, 40.286279], [-4.330312, 40.28623], [-4.330151, 40.286646], [-4.330652, 40.286605], [-4.331082, 40.286248], [-4.331124, 40.285686], [-4.3317, 40.285601], [-4.332186, 40.286052], [-4.332657, 40.28644], [-4.333214, 40.286456], [-4.333731, 40.285922], [-4.333872, 40.285608], [-4.334401, 40.286248], [-4.333988, 40.28798], [-4.334625, 40.287979], [-4.334809, 40.287854], [-4.335073, 40.287521], [-4.336221, 40.287515], [-4.336688, 40.287512], [-4.337209, 40.287369], [-4.3372, 40.287142], [-4.336659, 40.286634], [-4.336551, 40.28616], [-4.336577, 40.286091], [-4.337245, 40.286221], [-4.33818, 40.286214], [-4.338253, 40.285974], [-4.336786, 40.285701], [-4.336632, 40.285397], [-4.337185, 40.285021], [-4.336744, 40.284956], [-4.336914, 40.284767], [-4.337711, 40.284715], [-4.338922, 40.284243], [-4.339017, 40.284098], [-4.338715, 40.283522], [-4.338319, 40.28309], [-4.337937, 40.282722], [-4.33765, 40.282209], [-4.336912, 40.281208], [-4.336886, 40.280721], [-4.337383, 40.280289], [-4.337723, 40.279912], [-4.337916, 40.280014], [-4.337983, 40.280494], [-4.337803, 40.281011], [-4.337739, 40.281478], [-4.338179, 40.281543], [-4.338514, 40.281331], [-4.338807, 40.281124], [-4.339049, 40.281252], [-4.339717, 40.281382], [-4.339842, 40.281559], [-4.339992, 40.282027], [-4.34055, 40.282239], [-4.341083, 40.281964], [-4.341663, 40.28152], [-4.341787, 40.280946], [-4.34203, 40.280518], [-4.342348, 40.280047], [-4.34231, 40.279693], [-4.341972, 40.279514], [-4.341383, 40.279732], [-4.341182, 40.279598], [-4.340606, 40.279683], [-4.340233, 40.280097], [-4.33993, 40.280077], [-4.339353, 40.279411], [-4.33899, 40.279497], [-4.338709, 40.279571], [-4.339032, 40.278935], [-4.338769, 40.278713], [-4.338754, 40.27865], [-4.338888, 40.278303], [-4.339172, 40.277869], [-4.339487, 40.277758], [-4.340283, 40.277706], [-4.340559, 40.277796], [-4.340966, 40.277899], [-4.341139, 40.278102], [-4.341017, 40.278871], [-4.341409, 40.278911], [-4.341623, 40.278357], [-4.341725, 40.278244], [-4.342004, 40.277974], [-4.342118, 40.277729], [-4.342024, 40.277318], [-4.342042, 40.277022], [-4.342314, 40.27672], [-4.342866, 40.276345], [-4.343196, 40.276296], [-4.343602, 40.2764], [-4.34434, 40.27665], [-4.344877, 40.276767], [-4.345293, 40.277097], [-4.345231, 40.27776], [-4.345198, 40.278549], [-4.345164, 40.278586], [-4.344769, 40.278906], [-4.344778, 40.279133], [-4.345218, 40.279199], [-4.345589, 40.279144], [-4.345906, 40.279228], [-4.346248, 40.279798], [-4.346252, 40.280189], [-4.345238, 40.280404], [-4.345303, 40.280689], [-4.346406, 40.281049], [-4.347689, 40.282199], [-4.348642, 40.282646], [-4.349084, 40.282907], [-4.349328, 40.283231], [-4.34978, 40.283719], [-4.350201, 40.283886], [-4.350747, 40.28423], [-4.350875, 40.284603], [-4.350579, 40.285169], [-4.350549, 40.285598], [-4.350446, 40.286267], [-4.349911, 40.286345], [-4.349134, 40.286297], [-4.34855, 40.28635], [-4.348484, 40.286621], [-4.348995, 40.286807], [-4.349552, 40.286823], [-4.349684, 40.287032], [-4.350086, 40.2873], [-4.350764, 40.287101], [-4.351142, 40.287078], [-4.351459, 40.287162], [-4.352013, 40.286982], [-4.35166, 40.286741], [-4.351576, 40.286557], [-4.351807, 40.286262], [-4.351737, 40.286141], [-4.351278, 40.285621], [-4.351632, 40.285308], [-4.351954, 40.285227], [-4.35236, 40.285331], [-4.352835, 40.285359], [-4.353482, 40.286145], [-4.35381, 40.286652], [-4.354226, 40.286983], [-4.354281, 40.287595], [-4.354018, 40.288124], [-4.354291, 40.288573], [-4.354349, 40.288826], [-4.353823, 40.289132], [-4.354018, 40.28943], [-4.354069, 40.289651], [-4.353887, 40.289972], [-4.353874, 40.290105], [-4.353816, 40.290407], [-4.353254, 40.290556], [-4.353036, 40.290718], [-4.352752, 40.291152], [-4.352517, 40.291056], [-4.352214, 40.291036], [-4.351875, 40.291412], [-4.351509, 40.291303], [-4.351447, 40.291214], [-4.35082, 40.291078], [-4.350413, 40.290975], [-4.350193, 40.290942], [-4.349847, 40.290732], [-4.349419, 40.290533], [-4.349188, 40.290829], [-4.349508, 40.291108], [-4.349715, 40.291274], [-4.349766, 40.291495], [-4.349322, 40.291789], [-4.349056, 40.291926], [-4.348794, 40.291899], [-4.348617, 40.292056], [-4.34858, 40.292454], [-4.348176, 40.292546], [-4.347585, 40.292568], [-4.348062, 40.292791], [-4.348688, 40.292928], [-4.348977, 40.292885], [-4.349159, 40.292564], [-4.349189, 40.292135], [-4.349561, 40.292276], [-4.349823, 40.292303], [-4.350062, 40.292235], [-4.350252, 40.291946], [-4.350409, 40.29189], [-4.350921, 40.29152], [-4.351165, 40.291844], [-4.351387, 40.292072], [-4.351626, 40.29256], [-4.351644, 40.293014], [-4.35146, 40.293139], [-4.350879, 40.293388], [-4.350379, 40.293625], [-4.350444, 40.29391], [-4.350289, 40.294161], [-4.350352, 40.29425], [-4.35078, 40.294448], [-4.351172, 40.294488], [-4.351051, 40.294702], [-4.351094, 40.294892], [-4.351415, 40.295367], [-4.351267, 40.29565], [-4.351285, 40.296105], [-4.351365, 40.296452], [-4.351437, 40.296768], [-4.351412, 40.297033], [-4.351348, 40.2975], [-4.351428, 40.297847], [-4.351418, 40.297994], [-4.351677, 40.298007], [-4.352025, 40.298413], [-4.351965, 40.299271], [-4.352161, 40.299568], [-4.352202, 40.300869], [-4.352369, 40.30104], [-4.35245, 40.301583], [-4.352476, 40.30207], [-4.352817, 40.302444], [-4.352649, 40.302828], [-4.352857, 40.302993], [-4.353668, 40.303004], [-4.354488, 40.303242], [-4.355004, 40.303264], [-4.356467, 40.303146], [-4.356712, 40.304221], [-4.356762, 40.304997], [-4.356446, 40.306971], [-4.35628, 40.308322], [-4.356568, 40.308063], [-4.357077, 40.308805], [-4.358503, 40.309084], [-4.35988, 40.309894], [-4.361416, 40.310843], [-4.361949, 40.311123], [-4.362634, 40.311512], [-4.362643, 40.31174], [-4.362219, 40.311933], [-4.361802, 40.312158], [-4.361695, 40.312435], [-4.361728, 40.312952], [-4.361618, 40.313589], [-4.361366, 40.31379], [-4.360806, 40.314134], [-4.360548, 40.314498], [-4.360243, 40.314837], [-4.360283, 40.315387], [-4.360248, 40.31598], [-4.35971, 40.316419], [-4.359869, 40.316558], [-4.360736, 40.316626], [-4.36124, 40.316781], [-4.361867, 40.316917], [-4.362184, 40.317001], [-4.362661, 40.317224], [-4.363104, 40.317485], [-4.363251, 40.317758], [-4.363636, 40.317766], [-4.363792, 40.31789], [-4.364156, 40.318179], [-4.364328, 40.317679], [-4.364951, 40.317433], [-4.365469, 40.317131], [-4.365988, 40.317055], [-4.366508, 40.316978], [-4.368067, 40.316748], [-4.369163, 40.316623], [-4.369775, 40.316946], [-4.370634, 40.316872], [-4.370688, 40.316953], [-4.371187, 40.317272], [-4.371944, 40.317421], [-4.372475, 40.317457], [-4.373467, 40.318206], [-4.373474, 40.318216], [-4.373432, 40.318247], [-4.373162, 40.318466], [-4.373054, 40.318645], [-4.373246, 40.318829], [-4.37343, 40.319635], [-4.373167, 40.319788], [-4.37327, 40.320149], [-4.373114, 40.320302], [-4.372635, 40.320536], [-4.372412, 40.320863], [-4.371964, 40.320766], [-4.371691, 40.32097], [-4.3713, 40.321305], [-4.371249, 40.321737], [-4.371873, 40.321857], [-4.372613, 40.321928], [-4.373303, 40.322153], [-4.373734, 40.321991], [-4.373689, 40.321606], [-4.373422, 40.321465], [-4.373453, 40.321134], [-4.373791, 40.320937], [-4.374286, 40.320864], [-4.374755, 40.321056], [-4.374495, 40.321503], [-4.37474, 40.321549], [-4.37473, 40.321631], [-4.374786, 40.321665], [-4.374778, 40.321902], [-4.375193, 40.322135], [-4.375686, 40.322519], [-4.37575, 40.322281], [-4.375755, 40.322264], [-4.375808, 40.322027], [-4.376385, 40.32204], [-4.376748, 40.322231], [-4.376919, 40.322419], [-4.377407, 40.322689], [-4.377715, 40.322921], [-4.378092, 40.323078], [-4.378446, 40.32314], [-4.37873, 40.323261], [-4.378883, 40.323467], [-4.379143, 40.323952], [-4.379427, 40.323795], [-4.379732, 40.323456], [-4.379868, 40.323583], [-4.37984, 40.323832], [-4.379674, 40.324134], [-4.379549, 40.324333], [-4.379709, 40.324472], [-4.380012, 40.324493], [-4.380083, 40.324711], [-4.380342, 40.32482], [-4.380605, 40.324944], [-4.380179, 40.325144], [-4.380047, 40.325206], [-4.380166, 40.325379], [-4.380271, 40.325532], [-4.380077, 40.325708], [-4.379661, 40.325673], [-4.379513, 40.325661], [-4.379268, 40.325893], [-4.379429, 40.32608], [-4.379383, 40.32616], [-4.380146, 40.327469], [-4.38082, 40.328051], [-4.381604, 40.328439], [-4.381958, 40.328297], [-4.381573, 40.327288], [-4.381099, 40.326736], [-4.381013, 40.326363], [-4.381051, 40.326358], [-4.382102, 40.327239], [-4.382998, 40.327611], [-4.383804, 40.327613], [-4.384117, 40.32792], [-4.384776, 40.328378], [-4.384807, 40.3284], [-4.385246, 40.329562], [-4.386416, 40.330915], [-4.387196, 40.330765], [-4.388114, 40.33063], [-4.388333, 40.330597], [-4.389733, 40.33039], [-4.39023, 40.330386], [-4.391018, 40.33027], [-4.391361, 40.329594], [-4.391274, 40.329017], [-4.391238, 40.328467], [-4.391139, 40.328031], [-4.390791, 40.327701], [-4.390094, 40.327422], [-4.389176, 40.327558], [-4.38844, 40.327112], [-4.387962, 40.326211], [-4.387826, 40.326089], [-4.387808, 40.325904], [-4.387889, 40.325517], [-4.388019, 40.325155], [-4.387698, 40.325333], [-4.38718, 40.325115], [-4.386712, 40.325101], [-4.386201, 40.32456], [-4.386102, 40.32413], [-4.386009, 40.324129], [-4.385969, 40.323825], [-4.385427, 40.324151], [-4.384566, 40.324669], [-4.384325, 40.324368], [-4.38407, 40.324193], [-4.383545, 40.32371], [-4.381575, 40.321896], [-4.381236, 40.321131], [-4.381276, 40.320991], [-4.381363, 40.320439], [-4.381592, 40.319768], [-4.381724, 40.319226], [-4.381656, 40.318746], [-4.381681, 40.318633], [-4.381744, 40.318582], [-4.382084, 40.318384], [-4.382738, 40.318544], [-4.383516, 40.318735], [-4.384799, 40.319098], [-4.384944, 40.319436], [-4.385488, 40.319568], [-4.38553, 40.319578], [-4.385877, 40.320164], [-4.385854, 40.320365], [-4.386531, 40.321045], [-4.386826, 40.320872], [-4.386927, 40.320662], [-4.387321, 40.320522], [-4.387594, 40.320971], [-4.388005, 40.32109], [-4.388372, 40.321395], [-4.38847, 40.321822], [-4.388553, 40.322185], [-4.389113, 40.322396], [-4.389236, 40.322656], [-4.389708, 40.323043], [-4.389867, 40.32346], [-4.389903, 40.323896], [-4.390283, 40.324069], [-4.390753, 40.324538], [-4.390793, 40.324156], [-4.391483, 40.324103], [-4.391742, 40.32449], [-4.391773, 40.325089], [-4.391785, 40.325158], [-4.391836, 40.325456], [-4.39224, 40.325363], [-4.392637, 40.325517], [-4.392876, 40.325629], [-4.393392, 40.32565], [-4.393399, 40.325607], [-4.393437, 40.325382], [-4.393649, 40.325286], [-4.393893, 40.325872], [-4.394149, 40.326026], [-4.394424, 40.326244], [-4.394492, 40.326867], [-4.394476, 40.32701], [-4.394421, 40.327539], [-4.394454, 40.328339], [-4.394413, 40.328978], [-4.393589, 40.329473], [-4.393778, 40.330136], [-4.394497, 40.329512], [-4.39463, 40.329434], [-4.395138, 40.32887], [-4.395775, 40.328729], [-4.395789, 40.328755], [-4.396875, 40.330846], [-4.397634, 40.332833], [-4.397887, 40.333937], [-4.398017, 40.334002], [-4.398446, 40.334368], [-4.398499, 40.334686], [-4.398147, 40.335024], [-4.398091, 40.335522], [-4.398081, 40.33585], [-4.398243, 40.336185], [-4.398693, 40.336478], [-4.399038, 40.33659], [-4.399049, 40.336626], [-4.400703, 40.338199], [-4.401459, 40.339243], [-4.401787, 40.339922], [-4.401948, 40.340625], [-4.401585, 40.34167], [-4.401566, 40.341721], [-4.401614, 40.341823], [-4.401319, 40.342103], [-4.401226, 40.342925], [-4.400323, 40.343274], [-4.400276, 40.343231], [-4.400161, 40.343473], [-4.399912, 40.343733], [-4.400014, 40.344285], [-4.399868, 40.344764], [-4.400134, 40.345182], [-4.399899, 40.345642], [-4.399641, 40.346003], [-4.400054, 40.346146], [-4.400342, 40.346517], [-4.399737, 40.346932], [-4.400146, 40.347098], [-4.400518, 40.348038], [-4.400532, 40.34803], [-4.400789, 40.347666], [-4.401162, 40.347806], [-4.401428, 40.348224], [-4.401185, 40.348652], [-4.400803, 40.348788], [-4.400713, 40.34882], [-4.400456, 40.349185], [-4.400457, 40.349213], [-4.400482, 40.349671], [-4.399969, 40.35011], [-4.400009, 40.350283], [-4.400194, 40.350954], [-4.399558, 40.351747], [-4.39948, 40.351791], [-4.399195, 40.351946], [-4.398757, 40.352228], [-4.398749, 40.35288], [-4.398651, 40.352963], [-4.397749, 40.353727], [-4.396977, 40.354612], [-4.396188, 40.354873], [-4.396015, 40.354721], [-4.395557, 40.354316], [-4.395493, 40.354036], [-4.394955, 40.353609], [-4.394603, 40.353445], [-4.394325, 40.353052], [-4.393666, 40.353197], [-4.393212, 40.353409], [-4.3929, 40.354106], [-4.392627, 40.355111], [-4.392732, 40.355433], [-4.393331, 40.356092], [-4.392086, 40.356728], [-4.392087, 40.356784], [-4.392117, 40.357261], [-4.391349, 40.357676], [-4.390613, 40.358005], [-4.390496, 40.358865], [-4.390493, 40.358867], [-4.390228, 40.359065], [-4.389484, 40.359356], [-4.389238, 40.359653], [-4.389418, 40.359867], [-4.3897, 40.360527], [-4.389527, 40.360914], [-4.389742, 40.361624], [-4.389939, 40.36173], [-4.389389, 40.363433], [-4.389483, 40.363841], [-4.389022, 40.364479], [-4.38823, 40.365294], [-4.387583, 40.365855], [-4.387367, 40.366094], [-4.38664, 40.366306], [-4.386525, 40.36634], [-4.385755, 40.366565], [-4.385506, 40.366491], [-4.385465, 40.366478], [-4.384298, 40.366392], [-4.383941, 40.36616], [-4.382943, 40.366075], [-4.381946, 40.36599], [-4.380291, 40.366131], [-4.380298, 40.366311], [-4.38047, 40.367501], [-4.380514, 40.367641], [-4.380718, 40.368292], [-4.380481, 40.369904], [-4.3802, 40.370175], [-4.37995, 40.369952], [-4.379644, 40.370291], [-4.379138, 40.369941], [-4.379422, 40.370922], [-4.379209, 40.371127], [-4.377872, 40.371919], [-4.377776, 40.371985], [-4.377496, 40.372078], [-4.376942, 40.372418], [-4.376936, 40.372422], [-4.37666, 40.372529], [-4.37584, 40.372845], [-4.375197, 40.373202], [-4.375187, 40.37353], [-4.375929, 40.37342], [-4.376208, 40.37315], [-4.376392, 40.373083], [-4.376714, 40.373397], [-4.37674, 40.374185], [-4.376679, 40.374708], [-4.376911, 40.375435], [-4.37728, 40.375507], [-4.377325, 40.375794], [-4.3772, 40.375993], [-4.376999, 40.376234], [-4.376974, 40.376401], [-4.377117, 40.37656], [-4.37765, 40.376563], [-4.377768, 40.376986], [-4.377664, 40.377181], [-4.377211, 40.376971], [-4.376863, 40.37694], [-4.376721, 40.377435], [-4.376191, 40.377448], [-4.375934, 40.377257], [-4.375947, 40.376847], [-4.375834, 40.376635], [-4.375907, 40.376396], [-4.375929, 40.376213], [-4.375539, 40.375813], [-4.375612, 40.375574], [-4.375775, 40.375354], [-4.375794, 40.375312], [-4.375946, 40.374985], [-4.375787, 40.374846], [-4.375685, 40.374861], [-4.375477, 40.374891], [-4.375371, 40.374613], [-4.375336, 40.374531], [-4.375279, 40.374398], [-4.374814, 40.37432], [-4.374796, 40.374331], [-4.374483, 40.37436], [-4.373172, 40.374494], [-4.372794, 40.374985], [-4.37239, 40.375361], [-4.372092, 40.375524], [-4.371651, 40.375628], [-4.371087, 40.375711], [-4.371027, 40.37572], [-4.368, 40.377482], [-4.367772, 40.377253], [-4.367219, 40.377629], [-4.367208, 40.378063], [-4.365489, 40.379485], [-4.365464, 40.379533], [-4.364732, 40.37989], [-4.364718, 40.380363], [-4.36471, 40.380628], [-4.3644, 40.380609], [-4.364169, 40.380594], [-4.36401, 40.38083], [-4.36396, 40.380948], [-4.362357, 40.382185], [-4.362256, 40.38224], [-4.362241, 40.382672], [-4.361879, 40.382978], [-4.361598, 40.383417], [-4.36155, 40.383584], [-4.360963, 40.383591], [-4.360103, 40.383691], [-4.359093, 40.384118], [-4.359127, 40.384418], [-4.35924, 40.385065], [-4.358827, 40.385378], [-4.358321, 40.38536], [-4.358149, 40.385246], [-4.357851, 40.38535], [-4.357386, 40.385285], [-4.357068, 40.384802], [-4.356879, 40.384108], [-4.356774, 40.384049], [-4.356143, 40.383558], [-4.355813, 40.383328], [-4.355315, 40.383043], [-4.355265, 40.382746], [-4.355285, 40.382658], [-4.354826, 40.382582], [-4.354918, 40.38196], [-4.354954, 40.381378], [-4.354961, 40.381161], [-4.354832, 40.380763], [-4.354469, 40.380657], [-4.353944, 40.380908], [-4.353739, 40.381327], [-4.35344, 40.381746], [-4.35312, 40.381907], [-4.353126, 40.381936], [-4.351953, 40.382311], [-4.350787, 40.382641], [-4.349863, 40.382547], [-4.349548, 40.382319], [-4.349765, 40.381869], [-4.34994, 40.381484], [-4.349641, 40.38075], [-4.349341, 40.380261], [-4.349317, 40.37998], [-4.348485, 40.380179], [-4.347392, 40.379942], [-4.346742, 40.379785], [-4.345191, 40.379814], [-4.344497, 40.37988], [-4.343846, 40.380338], [-4.343824, 40.380341], [-4.342775, 40.380713], [-4.341321, 40.380547], [-4.340711, 40.380564], [-4.340287, 40.380464], [-4.339627, 40.379747], [-4.337938, 40.380104], [-4.335582, 40.380849], [-4.333821, 40.380891], [-4.333968, 40.380751], [-4.333654, 40.380785], [-4.332799, 40.38082], [-4.331707, 40.38073], [-4.331049, 40.380713], [-4.330181, 40.38043], [-4.329589, 40.380312], [-4.32892, 40.38025], [-4.328396, 40.37978], [-4.328317, 40.379564], [-4.328255, 40.379163], [-4.327875, 40.378671], [-4.327609, 40.378026], [-4.326884, 40.377586], [-4.325063, 40.376645], [-4.324953, 40.37652], [-4.324421, 40.375919], [-4.324221, 40.375173], [-4.323283, 40.375493], [-4.323121, 40.375699], [-4.322923, 40.375696], [-4.322504, 40.375434], [-4.322449, 40.375323], [-4.321836, 40.375393], [-4.321012, 40.375024], [-4.320541, 40.374578], [-4.320404, 40.37398], [-4.32063, 40.373199], [-4.320776, 40.372662], [-4.320352, 40.371539], [-4.319903, 40.370588], [-4.319897, 40.370575], [-4.319783, 40.370077], [-4.319501, 40.369577], [-4.31944, 40.369457], [-4.319029, 40.36924], [-4.318523, 40.368973], [-4.317458, 40.368872], [-4.316135, 40.369556], [-4.31579, 40.369813], [-4.315035, 40.370337], [-4.312993, 40.371848], [-4.312413, 40.372209], [-4.312324, 40.372339], [-4.312107, 40.372698], [-4.311821, 40.372936], [-4.311784, 40.372985], [-4.311658, 40.373156], [-4.311488, 40.373344], [-4.311291, 40.373602], [-4.311336, 40.373987], [-4.311667, 40.374436], [-4.311713, 40.374638], [-4.311666, 40.374689], [-4.311706, 40.375239], [-4.311628, 40.375642], [-4.31165, 40.376068], [-4.311236, 40.376353], [-4.311274, 40.376707], [-4.31119, 40.377274], [-4.311226, 40.377432], [-4.311381, 40.377736], [-4.311519, 40.377781], [-4.311903, 40.377716], [-4.311913, 40.377728], [-4.312657, 40.378433], [-4.312691, 40.378621], [-4.312741, 40.378842], [-4.31301, 40.379003], [-4.313136, 40.379078], [-4.313392, 40.379269], [-4.31326, 40.379811], [-4.313261, 40.379829], [-4.313269, 40.380038], [-4.313322, 40.380455], [-4.313387, 40.38074], [-4.313834, 40.380815], [-4.314007, 40.380844], [-4.314305, 40.381029], [-4.314714, 40.381328], [-4.314971, 40.381519], [-4.315361, 40.381364], [-4.315878, 40.381386], [-4.316396, 40.381604], [-4.316536, 40.381844], [-4.31663, 40.382255], [-4.317039, 40.382554], [-4.317193, 40.382858], [-4.31728, 40.383237], [-4.317332, 40.383654], [-4.3168, 40.384124], [-4.316589, 40.384318], [-4.31614, 40.384776], [-4.316149, 40.385004], [-4.316138, 40.385332], [-4.31604, 40.385836], [-4.316062, 40.385931], [-4.316415, 40.386173], [-4.316885, 40.386365], [-4.317094, 40.38653], [-4.317481, 40.386735], [-4.317727, 40.387254], [-4.316386, 40.387353], [-4.316521, 40.387757], [-4.317103, 40.388064], [-4.317633, 40.388149], [-4.318096, 40.38831], [-4.318353, 40.388501], [-4.318527, 40.388704], [-4.318465, 40.389366], [-4.318438, 40.390742], [-4.317891, 40.391148], [-4.317355, 40.391227], [-4.316857, 40.39166], [-4.316748, 40.391741], [-4.31729, 40.392249], [-4.31735, 40.392698], [-4.317432, 40.392686], [-4.317659, 40.392747], [-4.3179, 40.392682], [-4.317932, 40.39269], [-4.318291, 40.392527], [-4.318521, 40.392787], [-4.31856, 40.392848], [-4.318804, 40.392908], [-4.318911, 40.393187], [-4.318755, 40.393438], [-4.318656, 40.393478], [-4.318475, 40.393708], [-4.318373, 40.393821], [-4.317818, 40.394001], [-4.317578, 40.394068], [-4.317686, 40.394542], [-4.316897, 40.394822], [-4.316443, 40.394888], [-4.315418, 40.394876], [-4.314998, 40.394905], [-4.314544, 40.394972], [-4.314168, 40.39519], [-4.31384, 40.395434], [-4.313488, 40.395943], [-4.313203, 40.396377], [-4.313748, 40.396525], [-4.313917, 40.396893], [-4.313912, 40.397057], [-4.314127, 40.397254], [-4.314558, 40.397647], [-4.31486, 40.398224], [-4.314809, 40.398558], [-4.314875, 40.399038], [-4.314976, 40.39948], [-4.315725, 40.399958], [-4.316046, 40.400433], [-4.316109, 40.400522], [-4.317413, 40.40082], [-4.318187, 40.401033], [-4.318889, 40.401681], [-4.319486, 40.402246], [-4.31967, 40.402677], [-4.320267, 40.402589], [-4.320309, 40.402583], [-4.320411, 40.402608], [-4.320559, 40.402661], [-4.320573, 40.402666], [-4.320674, 40.402782], [-4.320714, 40.402956], [-4.320734, 40.403043], [-4.320776, 40.403134], [-4.320818, 40.403226], [-4.320861, 40.403318], [-4.320903, 40.40341], [-4.320965, 40.403539], [-4.321088, 40.403799], [-4.321149, 40.403929], [-4.321267, 40.404026], [-4.321385, 40.404123], [-4.321503, 40.404219], [-4.321664, 40.404408], [-4.321706, 40.4045], [-4.321748, 40.404592], [-4.321791, 40.404683], [-4.321905, 40.404765], [-4.322019, 40.404846], [-4.322134, 40.404927], [-4.322311, 40.405097], [-4.322437, 40.405274], [-4.322523, 40.405466], [-4.32257, 40.405671], [-4.322594, 40.405774], [-4.322648, 40.405921], [-4.322758, 40.406215], [-4.322837, 40.406465], [-4.322884, 40.40667], [-4.322858, 40.406886], [-4.32281, 40.406999], [-4.322761, 40.407113], [-4.322663, 40.40729], [-4.322614, 40.407355], [-4.322564, 40.407419], [-4.322353, 40.407613], [-4.322335, 40.407628], [-4.322029, 40.407873], [-4.321866, 40.408003], [-4.3218, 40.408087], [-4.321668, 40.408253], [-4.321601, 40.408336], [-4.321555, 40.408457], [-4.321461, 40.4087], [-4.321414, 40.408821], [-4.321402, 40.40885], [-4.321387, 40.40889], [-4.32136, 40.40896], [-4.321333, 40.409029], [-4.321306, 40.409098], [-4.321268, 40.40921], [-4.32123, 40.409322], [-4.321191, 40.409433], [-4.321117, 40.409588], [-4.321082, 40.409631], [-4.321046, 40.409674], [-4.321011, 40.409716], [-4.321033, 40.409757], [-4.321056, 40.409798], [-4.321079, 40.409839], [-4.321104, 40.409985], [-4.32111, 40.410197], [-4.321065, 40.410375], [-4.32097, 40.410519], [-4.320861, 40.410649], [-4.320739, 40.410765], [-4.320593, 40.410828], [-4.320509, 40.410832], [-4.320424, 40.410836], [-4.32019, 40.410789], [-4.319889, 40.410686], [-4.319739, 40.410635], [-4.319615, 40.410604], [-4.319609, 40.410603], [-4.319366, 40.410543], [-4.319242, 40.410512], [-4.319087, 40.410486], [-4.318799, 40.410437], [-4.318776, 40.410433], [-4.318504, 40.410359], [-4.318386, 40.410311], [-4.318269, 40.410263], [-4.317995, 40.41014], [-4.31784, 40.410065], [-4.317684, 40.40999], [-4.317528, 40.409915], [-4.317376, 40.409855], [-4.317224, 40.409796], [-4.317072, 40.409737], [-4.316847, 40.40962], [-4.316751, 40.409543], [-4.316701, 40.409504], [-4.316399, 40.409264], [-4.316373, 40.409249], [-4.316179, 40.409231], [-4.315703, 40.409203], [-4.314988, 40.409243], [-4.314705, 40.408566], [-4.314476, 40.408306], [-4.313967, 40.40776], [-4.313565, 40.407493], [-4.312872, 40.407072], [-4.312677, 40.406774], [-4.312357, 40.406495], [-4.312054, 40.406474], [-4.311175, 40.405982], [-4.310821, 40.40574], [-4.310254, 40.405497], [-4.30971, 40.405338], [-4.309763, 40.404655], [-4.309142, 40.404452], [-4.308891, 40.404195], [-4.308781, 40.403525], [-4.308702, 40.403178], [-4.308253, 40.403081], [-4.308249, 40.402689], [-4.308059, 40.402227], [-4.307652, 40.402124], [-4.307288, 40.40221], [-4.307021, 40.402339], [-4.307414, 40.402611], [-4.307381, 40.402621], [-4.307005, 40.402839], [-4.307077, 40.403155], [-4.30672, 40.403273], [-4.306647, 40.403512], [-4.306823, 40.403911], [-4.307107, 40.404033], [-4.307392, 40.404206], [-4.307453, 40.404243], [-4.307382, 40.404678], [-4.307073, 40.404821], [-4.307009, 40.404843], [-4.306559, 40.404995], [-4.306326, 40.405094], [-4.306344, 40.405319], [-4.306349, 40.405385], [-4.305828, 40.405527], [-4.3055, 40.405771], [-4.305344, 40.406022], [-4.304689, 40.405955], [-4.304311, 40.405978], [-4.304092, 40.406141], [-4.304087, 40.406196], [-4.30408, 40.406273], [-4.304067, 40.406406], [-4.303974, 40.406746], [-4.303845, 40.406928], [-4.304043, 40.407207], [-4.30416, 40.407372], [-4.303859, 40.407547], [-4.303039, 40.407504], [-4.302391, 40.407468], [-4.302146, 40.4077], [-4.301918, 40.407636], [-4.30162, 40.407455], [-4.301572, 40.407425], [-4.301541, 40.407478], [-4.301233, 40.407998], [-4.301141, 40.407593], [-4.300332, 40.407826], [-4.300262, 40.409082], [-4.300664, 40.410621], [-4.300483, 40.411387], [-4.300368, 40.412131], [-4.299746, 40.412412], [-4.299768, 40.413237], [-4.299757, 40.413249], [-4.299192, 40.413065], [-4.298958, 40.413165], [-4.298803, 40.413416], [-4.299362, 40.413628], [-4.299375, 40.413655], [-4.29937, 40.413661], [-4.299383, 40.415476], [-4.299404, 40.415569], [-4.298916, 40.416033], [-4.298668, 40.416433], [-4.298339, 40.416482], [-4.298003, 40.416632], [-4.297733, 40.416577], [-4.297509, 40.416904], [-4.297747, 40.416978], [-4.297734, 40.417403], [-4.297975, 40.418054], [-4.298362, 40.418216], [-4.298573, 40.418577], [-4.298548, 40.418842], [-4.298421, 40.41922], [-4.298192, 40.419588], [-4.298219, 40.41983], [-4.297458, 40.421113], [-4.297126, 40.421891], [-4.297053, 40.422318], [-4.296611, 40.42261], [-4.296271, 40.422507], [-4.296011, 40.42282], [-4.29587, 40.42299], [-4.295778, 40.422761], [-4.294679, 40.422484], [-4.293327, 40.422812], [-4.292564, 40.423939], [-4.292225, 40.424093], [-4.291435, 40.424053], [-4.290706, 40.424134], [-4.290245, 40.424201], [-4.289795, 40.424163], [-4.289649, 40.424419], [-4.289781, 40.424998], [-4.29, 40.425745], [-4.290016, 40.425743], [-4.290341, 40.425859], [-4.290743, 40.426126], [-4.290566, 40.426283], [-4.290098, 40.426286], [-4.289872, 40.426285], [-4.289763, 40.426406], [-4.289335, 40.426469], [-4.287817, 40.426665], [-4.287696, 40.426742], [-4.28729, 40.426665], [-4.286986, 40.426891], [-4.286957, 40.427281], [-4.287346, 40.42795], [-4.288256, 40.428952], [-4.288528, 40.429222], [-4.288311, 40.429487], [-4.288452, 40.429728], [-4.28881, 40.429806], [-4.289201, 40.429842], [-4.289348, 40.429972], [-4.289573, 40.430438], [-4.289394, 40.430691], [-4.289328, 40.430792], [-4.288459, 40.431532], [-4.288209, 40.431713], [-4.288829, 40.43204], [-4.289409, 40.432151], [-4.290617, 40.433149], [-4.291369, 40.433268], [-4.291477, 40.433742], [-4.290843, 40.434324], [-4.291179, 40.434863], [-4.290649, 40.434973], [-4.290084, 40.434925], [-4.289605, 40.435257], [-4.289604, 40.435812], [-4.28854, 40.435446], [-4.287903, 40.435833], [-4.287776, 40.436211], [-4.287277, 40.436643], [-4.286578, 40.436942], [-4.286161, 40.436611], [-4.284929, 40.436628], [-4.2838, 40.436728], [-4.283205, 40.437861], [-4.282745, 40.43734], [-4.282346, 40.438019], [-4.28205, 40.43803], [-4.281034, 40.437689], [-4.280393, 40.437685], [-4.279356, 40.438], [-4.27852, 40.438449], [-4.278629, 40.437617], [-4.279234, 40.437463], [-4.279158, 40.436756], [-4.279454, 40.435994], [-4.279707, 40.435794], [-4.279941, 40.434388], [-4.280006, 40.434263], [-4.279829, 40.433977], [-4.279475, 40.433076], [-4.279339, 40.432857], [-4.279258, 40.43261], [-4.278958, 40.431479], [-4.278495, 40.431318], [-4.278293, 40.431371], [-4.278213, 40.431392], [-4.277903, 40.431339], [-4.277607, 40.43135], [-4.277333, 40.431455], [-4.277074, 40.43182], [-4.276177, 40.431625], [-4.275909, 40.431515], [-4.274739, 40.432317], [-4.274259, 40.433205], [-4.273916, 40.433391], [-4.273516, 40.433586], [-4.272656, 40.433712], [-4.272287, 40.433652], [-4.272158, 40.433217], [-4.271927, 40.432593], [-4.272053, 40.432234], [-4.273001, 40.431846], [-4.273365, 40.431361], [-4.273303, 40.430744], [-4.272794, 40.430753], [-4.272734, 40.430755], [-4.27266, 40.430198], [-4.273105, 40.429142], [-4.273356, 40.428621], [-4.272755, 40.428183], [-4.27171, 40.427649], [-4.269773, 40.427023], [-4.269091, 40.426921], [-4.268582, 40.427238], [-4.268213, 40.427353], [-4.268099, 40.427551], [-4.268396, 40.427811], [-4.268859, 40.428107], [-4.268904, 40.428303], [-4.268684, 40.428496], [-4.267855, 40.428679], [-4.26729, 40.428262], [-4.267451, 40.427662], [-4.267006, 40.427204], [-4.266654, 40.427256], [-4.266399, 40.427154], [-4.265277, 40.427421], [-4.265022, 40.427103], [-4.264017, 40.427185], [-4.264351, 40.427802], [-4.264339, 40.427839], [-4.264476, 40.428789], [-4.265628, 40.429793], [-4.26594, 40.430353], [-4.265518, 40.430819], [-4.265204, 40.430946], [-4.264808, 40.431408], [-4.265373, 40.433427], [-4.265921, 40.434559], [-4.267119, 40.435535], [-4.267038, 40.43565], [-4.267574, 40.435962], [-4.268835, 40.436726], [-4.268861, 40.436838], [-4.268551, 40.437068], [-4.268035, 40.43719], [-4.266885, 40.437312], [-4.266594, 40.437493], [-4.266238, 40.438054], [-4.265431, 40.438751], [-4.265237, 40.438964], [-4.265927, 40.439603], [-4.266656, 40.439889], [-4.267102, 40.440125], [-4.266691, 40.440439], [-4.266498, 40.440653], [-4.266704, 40.441293], [-4.266871, 40.441893], [-4.266161, 40.442621], [-4.266128, 40.442742], [-4.265856, 40.443406], [-4.266039, 40.444212], [-4.265769, 40.444224], [-4.265853, 40.444293], [-4.266184, 40.444929], [-4.266233, 40.445635], [-4.266431, 40.446176], [-4.265301, 40.446284], [-4.264703, 40.4466], [-4.264784, 40.446959], [-4.265383, 40.447955], [-4.264116, 40.448767], [-4.264825, 40.449918], [-4.264726, 40.450303], [-4.264065, 40.450343], [-4.263879, 40.450342], [-4.263998, 40.450866], [-4.262933, 40.451421], [-4.262478, 40.451716], [-4.262657, 40.45283], [-4.262562, 40.453557], [-4.262044, 40.45406], [-4.261303, 40.454245], [-4.261189, 40.454555], [-4.260502, 40.454503], [-4.260248, 40.455111], [-4.260271, 40.455559], [-4.259525, 40.455909], [-4.258998, 40.456528], [-4.258078, 40.457835], [-4.257631, 40.458292], [-4.256929, 40.459177], [-4.256696, 40.459361], [-4.256726, 40.459838], [-4.256934, 40.460409], [-4.257465, 40.461028], [-4.257897, 40.461532], [-4.257947, 40.462096], [-4.2585, 40.462797], [-4.258143, 40.463301], [-4.257668, 40.464152], [-4.25726, 40.464603], [-4.256766, 40.464675], [-4.256121, 40.46495], [-4.255357, 40.465393], [-4.254809, 40.465232], [-4.254814, 40.464732], [-4.254816, 40.464569], [-4.254705, 40.464255], [-4.253673, 40.463864], [-4.252646, 40.464014], [-4.25196, 40.464626], [-4.251619, 40.464856], [-4.250316, 40.465348], [-4.248699, 40.465494], [-4.248451, 40.46544], [-4.247634, 40.465649], [-4.247118, 40.466146], [-4.247483, 40.466544], [-4.247796, 40.466709], [-4.248379, 40.466841], [-4.248385, 40.466892], [-4.248051, 40.467342], [-4.248652, 40.468255], [-4.249081, 40.468994], [-4.249157, 40.469517], [-4.248109, 40.470471], [-4.247839, 40.471011], [-4.247631, 40.472009], [-4.247829, 40.47288], [-4.247794, 40.472915], [-4.248034, 40.473182], [-4.247816, 40.473476], [-4.247226, 40.473518], [-4.247188, 40.473507], [-4.246829, 40.473402], [-4.246605, 40.473544], [-4.246247, 40.474229], [-4.24611, 40.474561], [-4.246026, 40.474763], [-4.246235, 40.474929], [-4.247351, 40.475443], [-4.247886, 40.476042], [-4.24726, 40.476548], [-4.246376, 40.476677], [-4.245767, 40.476635], [-4.245717, 40.476162], [-4.245731, 40.475724], [-4.245589, 40.475351], [-4.245386, 40.475268], [-4.245118, 40.475158], [-4.244591, 40.474973], [-4.244306, 40.475604], [-4.24323, 40.476766], [-4.241592, 40.478097], [-4.24139, 40.479087], [-4.241361, 40.479203], [-4.241211, 40.47935], [-4.241276, 40.479457], [-4.240709, 40.480256], [-4.240574, 40.481074], [-4.24046, 40.482217], [-4.240751, 40.482911], [-4.24095, 40.483312], [-4.24086, 40.483387], [-4.240034, 40.483405], [-4.23951, 40.483216], [-4.238471, 40.482999], [-4.237935, 40.482995], [-4.237046, 40.483207], [-4.236806, 40.483324], [-4.236781, 40.48345], [-4.235967, 40.48391], [-4.236009, 40.48416], [-4.235772, 40.484619], [-4.235429, 40.48474], [-4.2354, 40.485023], [-4.234934, 40.485562], [-4.234478, 40.486264], [-4.233936, 40.486588], [-4.233706, 40.486528], [-4.232466, 40.486946], [-4.23194, 40.487105], [-4.231189, 40.487214], [-4.230913, 40.487164], [-4.230916, 40.487194], [-4.230411, 40.487453], [-4.230333, 40.488174], [-4.229934, 40.489435], [-4.229596, 40.489546], [-4.227662, 40.489551], [-4.227165, 40.489315], [-4.22715, 40.489316], [-4.226293, 40.48938], [-4.226049, 40.489881], [-4.225099, 40.489899], [-4.224813, 40.490276], [-4.223772, 40.490126], [-4.223237, 40.489987], [-4.222885, 40.490172], [-4.222712, 40.490566], [-4.22256, 40.490571], [-4.222368, 40.490949], [-4.221726, 40.490782], [-4.221235, 40.49069], [-4.220851, 40.490877], [-4.220451, 40.490805], [-4.219863, 40.490662], [-4.219625, 40.490925], [-4.220104, 40.491345], [-4.219921, 40.491666], [-4.219993, 40.491982], [-4.219976, 40.492474], [-4.22005, 40.492985], [-4.219978, 40.49342], [-4.21986, 40.494025], [-4.219994, 40.49443], [-4.21977, 40.494757], [-4.219793, 40.495047], [-4.219969, 40.495446], [-4.220366, 40.495878], [-4.220464, 40.495976], [-4.22057, 40.496353], [-4.220699, 40.496921], [-4.220787, 40.49731], [-4.220568, 40.497693], [-4.220339, 40.497844], [-4.220116, 40.497826], [-4.219813, 40.497552], [-4.219686, 40.497185], [-4.218381, 40.496862], [-4.218293, 40.497353], [-4.217418, 40.498341], [-4.217146, 40.498867], [-4.216425, 40.499028], [-4.216242, 40.499297], [-4.216213, 40.499601], [-4.215413, 40.500166], [-4.212673, 40.500902], [-4.212152, 40.501408], [-4.21153, 40.501573], [-4.211071, 40.50149], [-4.210863, 40.501109], [-4.210893, 40.500918], [-4.210549, 40.500912], [-4.210315, 40.501171], [-4.209524, 40.501884], [-4.209212, 40.501911], [-4.208616, 40.501867], [-4.208274, 40.501655], [-4.208244, 40.501304], [-4.208279, 40.500813], [-4.208366, 40.500445], [-4.208925, 40.499784], [-4.208964, 40.499741], [-4.209498, 40.499402], [-4.209824, 40.498793], [-4.210795, 40.498334], [-4.211178, 40.497951], [-4.210855, 40.498101], [-4.211616, 40.497541], [-4.212029, 40.496883], [-4.212184, 40.496169], [-4.212118, 40.495337], [-4.211292, 40.495252], [-4.210791, 40.495306], [-4.210594, 40.495728], [-4.210183, 40.49661], [-4.209948, 40.496756], [-4.209633, 40.497737], [-4.208924, 40.498382], [-4.208659, 40.49872], [-4.20846, 40.499029], [-4.208364, 40.499259], [-4.208128, 40.499825], [-4.207955, 40.499925], [-4.207716, 40.499946], [-4.207342, 40.499604], [-4.206793, 40.499815], [-4.207237, 40.50014], [-4.207192, 40.500223], [-4.207548, 40.500714], [-4.207209, 40.501268], [-4.206713, 40.501882], [-4.206494, 40.502101], [-4.205779, 40.502012], [-4.205833, 40.502188], [-4.20577, 40.503262], [-4.205477, 40.506748], [-4.205303, 40.506939], [-4.205028, 40.506606], [-4.204882, 40.506198], [-4.204232, 40.505726], [-4.203526, 40.5054], [-4.202825, 40.505101], [-4.202408, 40.504858], [-4.202028, 40.504775], [-4.201567, 40.504496], [-4.200911, 40.503997], [-4.200339, 40.504025], [-4.200217, 40.503725], [-4.200005, 40.502983], [-4.199865, 40.50249], [-4.199833, 40.502191], [-4.199789, 40.50218], [-4.199791, 40.501683], [-4.199593, 40.50119], [-4.198814, 40.50114], [-4.198453, 40.500866], [-4.19802, 40.501027], [-4.197309, 40.500902], [-4.196508, 40.500757], [-4.196648, 40.500247], [-4.195856, 40.50033], [-4.19593, 40.500841], [-4.195502, 40.500838], [-4.194924, 40.500922], [-4.194187, 40.501062], [-4.194201, 40.501876], [-4.194602, 40.501949], [-4.194785, 40.501628], [-4.195155, 40.501378], [-4.195933, 40.501233], [-4.196457, 40.501287], [-4.197037, 40.501398], [-4.197921, 40.501531], [-4.198063, 40.501967], [-4.197838, 40.502294], [-4.197662, 40.502646], [-4.19774, 40.503076], [-4.197706, 40.503095], [-4.197267, 40.503311], [-4.197079, 40.503518], [-4.197211, 40.503941], [-4.197506, 40.504045], [-4.197821, 40.504157], [-4.19807, 40.5043], [-4.198245, 40.504275], [-4.198315, 40.504264], [-4.198574, 40.504531], [-4.198304, 40.504695], [-4.197903, 40.504601], [-4.197204, 40.504385], [-4.196816, 40.504427], [-4.196603, 40.504527], [-4.195994, 40.504948], [-4.195476, 40.505134], [-4.194115, 40.505429], [-4.194092, 40.505407], [-4.191509, 40.506335], [-4.190862, 40.505925], [-4.190607, 40.50593], [-4.190066, 40.506368], [-4.188967, 40.506038], [-4.188323, 40.505642], [-4.186851, 40.506117], [-4.18517, 40.506231], [-4.184338, 40.506515], [-4.183473, 40.506837], [-4.182233, 40.507017], [-4.181474, 40.506866], [-4.180188, 40.506466], [-4.17979, 40.506127], [-4.179794, 40.506094], [-4.179727, 40.505614], [-4.179364, 40.505895], [-4.17888, 40.505639], [-4.178201, 40.506097], [-4.177979, 40.506134], [-4.176843, 40.50545], [-4.176503, 40.505271], [-4.176047, 40.505141], [-4.174287, 40.505658], [-4.173947, 40.50623], [-4.173286, 40.506326], [-4.17188, 40.506335], [-4.168983, 40.506168], [-4.168081, 40.506121], [-4.167587, 40.505713], [-4.166975, 40.506066], [-4.166474, 40.506096], [-4.166234, 40.506333], [-4.165571, 40.506234], [-4.165259, 40.505985], [-4.165267, 40.505815], [-4.162299, 40.503924], [-4.161277, 40.503409], [-4.161069, 40.502989], [-4.160711, 40.502357], [-4.160177, 40.501633], [-4.159453, 40.501432], [-4.157819, 40.501292], [-4.15759, 40.501231], [-4.157104, 40.500854], [-4.156604, 40.500007], [-4.155719, 40.499499], [-4.155308, 40.499181], [-4.154894, 40.498982], [-4.154555, 40.498984], [-4.152697, 40.498806], [-4.151867, 40.49895], [-4.151283, 40.499075], [-4.151279, 40.49908], [-4.150573, 40.49922], [-4.149931, 40.499313], [-4.14979, 40.499127], [-4.150371, 40.498647], [-4.150569, 40.498585], [-4.150774, 40.498359], [-4.150076, 40.498101], [-4.149474, 40.497895], [-4.149385, 40.497941], [-4.149203, 40.497953], [-4.147581, 40.498055], [-4.147387, 40.498065], [-4.146751, 40.498627], [-4.146098, 40.498346], [-4.145298, 40.497201], [-4.144962, 40.496911], [-4.144418, 40.496351], [-4.144285, 40.496088], [-4.14484, 40.496045], [-4.145287, 40.496281], [-4.145793, 40.49602], [-4.146053, 40.495211], [-4.146224, 40.494659], [-4.14635, 40.494566], [-4.146923, 40.494708], [-4.147132, 40.494979], [-4.147322, 40.495384], [-4.147228, 40.495624], [-4.147101, 40.49615], [-4.14701, 40.496615], [-4.14746, 40.496869], [-4.148532, 40.496281], [-4.148773, 40.496232], [-4.148732, 40.496066], [-4.150984, 40.493924], [-4.151214, 40.493903], [-4.15128, 40.493211], [-4.151518, 40.492631], [-4.152028, 40.492821], [-4.152327, 40.493059], [-4.152805, 40.493216], [-4.153201, 40.493553], [-4.153294, 40.493713], [-4.153604, 40.494247], [-4.154191, 40.49467], [-4.155042, 40.494735], [-4.155598, 40.494804], [-4.156345, 40.494846], [-4.156881, 40.495258], [-4.157426, 40.495818], [-4.157389, 40.4962], [-4.1575, 40.496691], [-4.158386, 40.496149], [-4.158719, 40.496101], [-4.159297, 40.496374], [-4.159266, 40.496887], [-4.159247, 40.497567], [-4.159653, 40.499144], [-4.159728, 40.499585], [-4.15963, 40.500126], [-4.159904, 40.500142], [-4.160104, 40.500088], [-4.16018, 40.50031], [-4.160533, 40.500711], [-4.161553, 40.500864], [-4.162062, 40.500791], [-4.16257, 40.500717], [-4.162726, 40.500242], [-4.162834, 40.499849], [-4.163028, 40.499545], [-4.162723, 40.499212], [-4.162578, 40.499007], [-4.162911, 40.498883], [-4.165136, 40.49856], [-4.166238, 40.49835], [-4.166613, 40.49812], [-4.166908, 40.497826], [-4.167062, 40.497384], [-4.16729, 40.497343], [-4.167303, 40.497328], [-4.167133, 40.496945], [-4.166886, 40.496661], [-4.165822, 40.496459], [-4.16562, 40.496386], [-4.165368, 40.496295], [-4.165188, 40.496015], [-4.16476, 40.495375], [-4.164696, 40.495091], [-4.165138, 40.494836], [-4.165462, 40.495159], [-4.165906, 40.495502], [-4.166561, 40.495892], [-4.16692, 40.496101], [-4.167398, 40.496114], [-4.167426, 40.496105], [-4.167778, 40.496404], [-4.168307, 40.496902], [-4.168526, 40.497278], [-4.168711, 40.497637], [-4.169036, 40.497602], [-4.169066, 40.497924], [-4.169057, 40.497943], [-4.168951, 40.498169], [-4.169079, 40.498542], [-4.169396, 40.498627], [-4.169373, 40.498336], [-4.169507, 40.497794], [-4.169509, 40.497787], [-4.169707, 40.497706], [-4.170071, 40.497418], [-4.170441, 40.497397], [-4.170709, 40.497261], [-4.170736, 40.496923], [-4.171481, 40.496416], [-4.172169, 40.496363], [-4.172146, 40.496072], [-4.171617, 40.496084], [-4.171703, 40.495694], [-4.172148, 40.494787], [-4.173463, 40.494188], [-4.174688, 40.49415], [-4.175123, 40.494304], [-4.175122, 40.494291], [-4.175812, 40.494724], [-4.177921, 40.495346], [-4.17831, 40.495615], [-4.178243, 40.495901], [-4.177138, 40.496087], [-4.17677, 40.496492], [-4.177006, 40.496809], [-4.177871, 40.497009], [-4.179073, 40.497537], [-4.18002, 40.497951], [-4.180248, 40.498671], [-4.181186, 40.49861], [-4.18145, 40.498578], [-4.181945, 40.498827], [-4.18245, 40.498486], [-4.182919, 40.498734], [-4.183565, 40.498691], [-4.183596, 40.498687], [-4.184152, 40.498963], [-4.185174, 40.499141], [-4.185501, 40.499453], [-4.186251, 40.499376], [-4.186704, 40.499114], [-4.186939, 40.498802], [-4.189164, 40.498504], [-4.189348, 40.498301], [-4.189764, 40.497388], [-4.189622, 40.496906], [-4.188862, 40.49659], [-4.188475, 40.496044], [-4.187682, 40.495583], [-4.186135, 40.495557], [-4.18528, 40.495405], [-4.185156, 40.495147], [-4.183412, 40.494974], [-4.183363, 40.494178], [-4.18327, 40.493916], [-4.182434, 40.493987], [-4.181809, 40.493978], [-4.180982, 40.493947], [-4.179417, 40.493121], [-4.178557, 40.492217], [-4.176294, 40.49222], [-4.173998, 40.491926], [-4.172858, 40.491239], [-4.172508, 40.490562], [-4.172243, 40.489823], [-4.172223, 40.489672], [-4.173904, 40.488991], [-4.176149, 40.488773], [-4.176648, 40.489008], [-4.176976, 40.489678], [-4.177482, 40.490098], [-4.178076, 40.489877], [-4.178363, 40.489588], [-4.178863, 40.489275], [-4.179217, 40.489234], [-4.17963, 40.489174], [-4.179745, 40.488928], [-4.17926, 40.488739], [-4.179471, 40.48845], [-4.17977, 40.488038], [-4.17983, 40.487267], [-4.179875, 40.486946], [-4.18032, 40.486971], [-4.181188, 40.487181], [-4.181189, 40.487832], [-4.181803, 40.488083], [-4.181835, 40.488097], [-4.18187, 40.488249], [-4.182857, 40.48963], [-4.183036, 40.49003], [-4.183235, 40.490652], [-4.183352, 40.491039], [-4.183792, 40.491558], [-4.183857, 40.491974], [-4.183647, 40.492341], [-4.183681, 40.492363], [-4.183539, 40.49249], [-4.183542, 40.492882], [-4.183524, 40.493178], [-4.183921, 40.492859], [-4.184067, 40.492604], [-4.184228, 40.492705], [-4.184596, 40.492001], [-4.185008, 40.491186], [-4.184723, 40.490751], [-4.184969, 40.490519], [-4.185287, 40.490377], [-4.185512, 40.490277], [-4.18553, 40.489981], [-4.185242, 40.48976], [-4.185087, 40.488992], [-4.185039, 40.488393], [-4.185968, 40.487967], [-4.186987, 40.487549], [-4.188044, 40.487037], [-4.188529, 40.486719], [-4.188844, 40.486561], [-4.189366, 40.486149], [-4.189603, 40.486159], [-4.190094, 40.485998], [-4.190466, 40.485697], [-4.190666, 40.485287], [-4.190812, 40.485154], [-4.191257, 40.485179], [-4.192499, 40.484841], [-4.192854, 40.484206], [-4.193775, 40.484005], [-4.193725, 40.483829], [-4.19413, 40.48375], [-4.194353, 40.483475], [-4.194783, 40.483413], [-4.195628, 40.483362], [-4.195779, 40.483049], [-4.196221, 40.482621], [-4.196599, 40.482469], [-4.197279, 40.482394], [-4.197805, 40.482754], [-4.198535, 40.483595], [-4.199564, 40.484076], [-4.200202, 40.484371], [-4.200071, 40.484633], [-4.200433, 40.484969], [-4.20138, 40.48551], [-4.201869, 40.486265], [-4.20238, 40.4867], [-4.204472, 40.485716], [-4.204854, 40.485441], [-4.205511, 40.484982], [-4.205851, 40.484665], [-4.205854, 40.484398], [-4.205479, 40.483724], [-4.205063, 40.483008], [-4.205159, 40.482314], [-4.20465, 40.481466], [-4.204419, 40.481427], [-4.202737, 40.481842], [-4.202296, 40.481857], [-4.20147, 40.481711], [-4.200948, 40.481787], [-4.199955, 40.481325], [-4.200077, 40.480603], [-4.200537, 40.480536], [-4.201086, 40.480577], [-4.201433, 40.480988], [-4.201983, 40.481175], [-4.203526, 40.480707], [-4.203257, 40.4798], [-4.203277, 40.47919], [-4.203308, 40.478627], [-4.20326, 40.478416], [-4.202878, 40.478132], [-4.202355, 40.478062], [-4.201831, 40.477847], [-4.200445, 40.478171], [-4.199736, 40.477983], [-4.200019, 40.477553], [-4.200172, 40.477385], [-4.200232, 40.476672], [-4.199549, 40.476456], [-4.198412, 40.475918], [-4.197897, 40.475605], [-4.197866, 40.475619], [-4.197446, 40.475065], [-4.196985, 40.474655], [-4.196554, 40.474132], [-4.196863, 40.47387], [-4.197561, 40.473573], [-4.197813, 40.473558], [-4.198182, 40.473808], [-4.198163, 40.474353], [-4.198702, 40.475229], [-4.199545, 40.474694], [-4.199874, 40.474147], [-4.199715, 40.473194], [-4.199524, 40.472965], [-4.198697, 40.472785], [-4.199184, 40.473236], [-4.198781, 40.473719], [-4.198178, 40.473318], [-4.197728, 40.473024], [-4.197498, 40.472764], [-4.197764, 40.472431], [-4.197264, 40.471896], [-4.196709, 40.471939], [-4.195116, 40.472041], [-4.194183, 40.471904], [-4.193709, 40.471834], [-4.192495, 40.471728], [-4.192177, 40.471579], [-4.19181, 40.47096], [-4.192067, 40.470467], [-4.193063, 40.470166], [-4.193045, 40.470143], [-4.193834, 40.470199], [-4.194438, 40.470322], [-4.195545, 40.469992], [-4.195248, 40.469531], [-4.19366, 40.468584], [-4.192343, 40.467136], [-4.191811, 40.46673], [-4.191152, 40.466973], [-4.190916, 40.467386], [-4.190697, 40.467442], [-4.190345, 40.467532], [-4.18957, 40.467266], [-4.189531, 40.466851], [-4.189346, 40.466395], [-4.189655, 40.466308], [-4.190154, 40.466187], [-4.190749, 40.466043], [-4.190916, 40.465809], [-4.191002, 40.46546], [-4.190646, 40.465076], [-4.190731, 40.464978], [-4.190138, 40.464601], [-4.189879, 40.463807], [-4.189349, 40.463457], [-4.188975, 40.463329], [-4.188633, 40.462993], [-4.188601, 40.462734], [-4.188533, 40.462317], [-4.18824, 40.462075], [-4.187857, 40.462375], [-4.187911, 40.462732], [-4.187516, 40.463095], [-4.186653, 40.462916], [-4.185518, 40.46306], [-4.184795, 40.463145], [-4.184424, 40.462915], [-4.184152, 40.462183], [-4.183554, 40.461884], [-4.183237, 40.461422], [-4.183017, 40.46115], [-4.18315, 40.461082], [-4.182803, 40.461056], [-4.182248, 40.46069], [-4.182316, 40.460616], [-4.182426, 40.460495], [-4.183405, 40.460161], [-4.183317, 40.45977], [-4.183361, 40.459721], [-4.183823, 40.459675], [-4.184528, 40.459233], [-4.184509, 40.45915], [-4.184437, 40.458587], [-4.183937, 40.458341], [-4.182941, 40.458847], [-4.182717, 40.459326], [-4.182566, 40.459518], [-4.182351, 40.459549], [-4.181715, 40.459068], [-4.181364, 40.458992], [-4.180523, 40.459199], [-4.179622, 40.459266], [-4.179068, 40.458901], [-4.178396, 40.458509], [-4.177504, 40.458491], [-4.177252, 40.458973], [-4.176864, 40.459221], [-4.17645, 40.459491], [-4.175894, 40.45934], [-4.17568, 40.458649], [-4.174887, 40.457596], [-4.173836, 40.457366], [-4.172627, 40.457486], [-4.172129, 40.456364], [-4.173077, 40.455764], [-4.173328, 40.455213], [-4.173147, 40.454937], [-4.173335, 40.454894], [-4.174369, 40.454834], [-4.174415, 40.454601], [-4.174515, 40.453905], [-4.174534, 40.453902], [-4.174827, 40.453799], [-4.174959, 40.453946], [-4.175328, 40.45409], [-4.175747, 40.453847], [-4.176775, 40.454106], [-4.177449, 40.454553], [-4.178237, 40.454893], [-4.179246, 40.454806], [-4.179588, 40.454483], [-4.179838, 40.454623], [-4.180554, 40.455039], [-4.181042, 40.455445], [-4.181252, 40.455869], [-4.181356, 40.456331], [-4.181415, 40.456842], [-4.181435, 40.457056], [-4.181583, 40.457208], [-4.181853, 40.457277], [-4.182476, 40.457403], [-4.183052, 40.456821], [-4.183542, 40.45636], [-4.183851, 40.456098], [-4.184151, 40.455924], [-4.184772, 40.455791], [-4.185184, 40.455861], [-4.185677, 40.455789], [-4.18655, 40.45577], [-4.186908, 40.455978], [-4.187935, 40.456262], [-4.188695, 40.456368], [-4.189883, 40.456867], [-4.190196, 40.456496], [-4.190479, 40.456], [-4.190384, 40.455581], [-4.190377, 40.4553], [-4.190261, 40.455035], [-4.189938, 40.454735], [-4.188901, 40.454778], [-4.188666, 40.454617], [-4.188009, 40.454713], [-4.187308, 40.45462], [-4.186754, 40.45392], [-4.186837, 40.45354], [-4.186684, 40.453237], [-4.186422, 40.45308], [-4.186202, 40.452484], [-4.18585, 40.452427], [-4.185385, 40.452126], [-4.185148, 40.452204], [-4.184818, 40.45262], [-4.184228, 40.452641], [-4.183408, 40.452392], [-4.182874, 40.452535], [-4.182593, 40.452792], [-4.182127, 40.453359], [-4.181694, 40.453573], [-4.181256, 40.453637], [-4.180518, 40.453701], [-4.180696, 40.453264], [-4.180461, 40.453101], [-4.180234, 40.453058], [-4.179679, 40.453139], [-4.178753, 40.453153], [-4.177986, 40.453082], [-4.177386, 40.453139], [-4.176595, 40.453315], [-4.175826, 40.453321], [-4.175754, 40.452393], [-4.175993, 40.451874], [-4.176018, 40.451461], [-4.175766, 40.451135], [-4.174943, 40.45077], [-4.174865, 40.450736], [-4.17483, 40.450317], [-4.175288, 40.450069], [-4.175823, 40.449901], [-4.176116, 40.449797], [-4.176387, 40.449773], [-4.176605, 40.449809], [-4.177065, 40.449886], [-4.177426, 40.44991], [-4.177907, 40.449764], [-4.178166, 40.448985], [-4.178127, 40.448964], [-4.179478, 40.448237], [-4.179454, 40.448203], [-4.179277, 40.447937], [-4.179521, 40.447722], [-4.179899, 40.447712], [-4.180274, 40.447851], [-4.181114, 40.448163], [-4.182095, 40.448491], [-4.183147, 40.448741], [-4.18385, 40.448617], [-4.184055, 40.447713], [-4.184519, 40.447175], [-4.185595, 40.446884], [-4.185933, 40.4467], [-4.186236, 40.446096], [-4.186367, 40.445382], [-4.186209, 40.445203], [-4.18506, 40.444653], [-4.184961, 40.444085], [-4.185845, 40.443463], [-4.186346, 40.442315], [-4.186656, 40.44097], [-4.186633, 40.44048], [-4.186478, 40.440054], [-4.187469, 40.43926], [-4.187106, 40.43882], [-4.187068, 40.438781], [-4.186209, 40.438995], [-4.185814, 40.439187], [-4.185426, 40.43931], [-4.183153, 40.437419], [-4.182488, 40.436936], [-4.182081, 40.436808], [-4.181648, 40.436863], [-4.181173, 40.436923], [-4.180985, 40.437274], [-4.180657, 40.437203], [-4.180144, 40.437295], [-4.180017, 40.437518], [-4.180494, 40.437857], [-4.18038, 40.437942], [-4.179672, 40.43796], [-4.179283, 40.437914], [-4.178725, 40.437416], [-4.178732, 40.436853], [-4.1778, 40.436767], [-4.177605, 40.436693], [-4.178113, 40.43638], [-4.17848, 40.436037], [-4.178936, 40.435494], [-4.179002, 40.435195], [-4.179282, 40.435154], [-4.179751, 40.434966], [-4.180488, 40.434587], [-4.181273, 40.433825], [-4.18141, 40.433447], [-4.180966, 40.43237], [-4.180781, 40.432142], [-4.181192, 40.431894], [-4.18159, 40.432177], [-4.182126, 40.432679], [-4.182686, 40.43321], [-4.182749, 40.433269], [-4.183027, 40.433416], [-4.184211, 40.43275], [-4.186092, 40.43251], [-4.187451, 40.432619], [-4.190105, 40.433238], [-4.19289, 40.43365], [-4.193016, 40.4336], [-4.193242, 40.433674], [-4.194375, 40.43413], [-4.194535, 40.43413], [-4.195698, 40.43425], [-4.195485, 40.433568], [-4.196074, 40.433727], [-4.196645, 40.434447], [-4.1973, 40.434641], [-4.19754, 40.434673], [-4.197907, 40.435266], [-4.198054, 40.435587], [-4.198195, 40.435893], [-4.198513, 40.43627], [-4.198751, 40.436681], [-4.199364, 40.437974], [-4.199705, 40.438192], [-4.200358, 40.438119], [-4.200957, 40.438321], [-4.201403, 40.438747], [-4.201979, 40.439108], [-4.20275, 40.439554], [-4.203595, 40.43943], [-4.203812, 40.439488], [-4.204694, 40.43927], [-4.205344, 40.438284], [-4.205467, 40.437285], [-4.205433, 40.437196], [-4.206243, 40.437315], [-4.207218, 40.437081], [-4.207601, 40.437361], [-4.208962, 40.437752], [-4.210131, 40.438231], [-4.213071, 40.439853], [-4.21398, 40.44035], [-4.214306, 40.440384], [-4.214503, 40.439969], [-4.214164, 40.43941], [-4.213885, 40.438882], [-4.213706, 40.438441], [-4.213246, 40.438285], [-4.212592, 40.438441], [-4.21251, 40.438311], [-4.212336, 40.438011], [-4.212213, 40.437704], [-4.213744, 40.43744], [-4.215259, 40.437219], [-4.217155, 40.436577], [-4.217945, 40.435853], [-4.217695, 40.435219], [-4.217186, 40.434258], [-4.2168, 40.433258], [-4.216476, 40.433001], [-4.215799, 40.43276], [-4.215962, 40.432205], [-4.215633, 40.431575], [-4.215054, 40.431816], [-4.214439, 40.432119], [-4.214017, 40.432045], [-4.213113, 40.431634], [-4.212995, 40.431224], [-4.21284, 40.430878], [-4.212645, 40.43013], [-4.21255, 40.4299], [-4.212167, 40.429743], [-4.211004, 40.429243], [-4.210573, 40.429305], [-4.210653, 40.429722], [-4.210602, 40.429943], [-4.209832, 40.4299], [-4.210016, 40.429385], [-4.210096, 40.429163], [-4.209589, 40.42883], [-4.209157, 40.429048], [-4.208458, 40.429538], [-4.20777, 40.429968], [-4.206662, 40.430556], [-4.206554, 40.430734], [-4.206404, 40.430982], [-4.206159, 40.43158], [-4.206104, 40.432229], [-4.206065, 40.432506], [-4.205755, 40.43259], [-4.20546, 40.432633], [-4.20507, 40.432476], [-4.204879, 40.432077], [-4.204984, 40.431538], [-4.205293, 40.431222], [-4.205739, 40.43089], [-4.205878, 40.430787], [-4.20633, 40.429984], [-4.206403, 40.429527], [-4.206378, 40.429414], [-4.206062, 40.428917], [-4.20534, 40.428634], [-4.204849, 40.428706], [-4.204256, 40.428656], [-4.203785, 40.428705], [-4.203264, 40.428529], [-4.20242, 40.428827], [-4.202439, 40.429135], [-4.202431, 40.429213], [-4.201116, 40.42956], [-4.200294, 40.429622], [-4.199752, 40.42986], [-4.199514, 40.429397], [-4.199211, 40.429629], [-4.199166, 40.429728], [-4.199137, 40.429793], [-4.198771, 40.430238], [-4.198781, 40.430577], [-4.198938, 40.43127], [-4.198836, 40.431608], [-4.198296, 40.43138], [-4.197986, 40.430897], [-4.19753, 40.430061], [-4.197235, 40.429542], [-4.197267, 40.429197], [-4.197893, 40.428816], [-4.198136, 40.428321], [-4.19853, 40.428227], [-4.198685, 40.42819], [-4.199419, 40.427895], [-4.199795, 40.427398], [-4.199971, 40.426997], [-4.199663, 40.426617], [-4.199481, 40.426302], [-4.199435, 40.426003], [-4.199605, 40.425773], [-4.200127, 40.425817], [-4.200886, 40.425536], [-4.201648, 40.425169], [-4.202029, 40.425182], [-4.202937, 40.425169], [-4.203374, 40.424645], [-4.202924, 40.424523], [-4.202141, 40.424109], [-4.201637, 40.423553], [-4.201044, 40.423486], [-4.200696, 40.423437], [-4.200958, 40.423201], [-4.200555, 40.423143], [-4.200259, 40.422739], [-4.200708, 40.42227], [-4.201435, 40.422254], [-4.201622, 40.422145], [-4.202263, 40.421775], [-4.202821, 40.421917], [-4.203229, 40.422037], [-4.204481, 40.422146], [-4.205068, 40.422284], [-4.205875, 40.422234], [-4.205938, 40.421866], [-4.205237, 40.42161], [-4.204733, 40.421191], [-4.20477, 40.42058], [-4.205014, 40.420366], [-4.206977, 40.420124], [-4.206821, 40.420729], [-4.207253, 40.420958], [-4.209045, 40.420607], [-4.209833, 40.419954], [-4.209725, 40.418962], [-4.210196, 40.418333], [-4.211165, 40.417834], [-4.212256, 40.417227], [-4.212466, 40.416994], [-4.212517, 40.416315], [-4.212709, 40.415615], [-4.21285, 40.414945], [-4.212584, 40.414805], [-4.211703, 40.415045], [-4.211058, 40.415296], [-4.209982, 40.415453], [-4.2098, 40.415166], [-4.20958, 40.414839], [-4.209552, 40.414328], [-4.20939, 40.414128], [-4.208652, 40.413967], [-4.208208, 40.413942], [-4.207672, 40.413774], [-4.206946, 40.413924], [-4.206481, 40.414194], [-4.206137, 40.414222], [-4.20482, 40.414346], [-4.203603, 40.414524], [-4.203316, 40.415193], [-4.203271, 40.416028], [-4.202588, 40.41624], [-4.202238, 40.415596], [-4.202194, 40.415401], [-4.201564, 40.415202], [-4.20135, 40.415174], [-4.201563, 40.414824], [-4.201063, 40.414941], [-4.200794, 40.414508], [-4.201513, 40.413747], [-4.202329, 40.412815], [-4.201773, 40.412476], [-4.20115, 40.412147], [-4.201057, 40.411583], [-4.202072, 40.411225], [-4.202412, 40.410913], [-4.203349, 40.411118], [-4.204108, 40.411138], [-4.204771, 40.410799], [-4.205182, 40.410588], [-4.205416, 40.410048], [-4.205632, 40.409551], [-4.205956, 40.408559], [-4.206401, 40.407497], [-4.206768, 40.407155], [-4.206801, 40.40715], [-4.207485, 40.40684], [-4.208741, 40.406185], [-4.209422, 40.406157], [-4.210234, 40.406124], [-4.210458, 40.405751], [-4.211747, 40.40509], [-4.214042, 40.404335], [-4.214442, 40.404435], [-4.214779, 40.404412], [-4.214838, 40.404219], [-4.214671, 40.40394], [-4.216107, 40.403626], [-4.216415, 40.402996], [-4.217658, 40.402814], [-4.217915, 40.403335], [-4.21804, 40.403267], [-4.218103, 40.403369], [-4.219038, 40.403167], [-4.219126, 40.402991], [-4.21997, 40.40277], [-4.220238, 40.402633], [-4.220966, 40.402462], [-4.221337, 40.402407], [-4.221253, 40.402224], [-4.220735, 40.402006], [-4.220568, 40.40188], [-4.220755, 40.401777], [-4.222606, 40.400603], [-4.223678, 40.399516], [-4.224877, 40.398566], [-4.225326, 40.398211], [-4.225906, 40.397861], [-4.226561, 40.398456], [-4.226932, 40.398562], [-4.227292, 40.398804], [-4.227384, 40.398814], [-4.227787, 40.399205], [-4.228119, 40.399238], [-4.228453, 40.399491], [-4.229066, 40.399565], [-4.229479, 40.399602], [-4.230363, 40.399555], [-4.231448, 40.399641], [-4.231845, 40.399795], [-4.232003, 40.399922], [-4.231772, 40.400074], [-4.23109, 40.400718], [-4.231144, 40.401134], [-4.231644, 40.401595], [-4.232379, 40.401676], [-4.232925, 40.401923], [-4.233414, 40.402253], [-4.23471, 40.402064], [-4.23608, 40.401207]], [[-4.213691, 40.472246], [-4.214126, 40.4723], [-4.21456, 40.472178], [-4.214991, 40.47238], [-4.215117, 40.471243], [-4.215265, 40.471045], [-4.215126, 40.470771], [-4.215186, 40.470527], [-4.215791, 40.470144], [-4.216055, 40.469781], [-4.216394, 40.469408], [-4.216565, 40.469148], [-4.216554, 40.46859], [-4.216068, 40.468484], [-4.215623, 40.467371], [-4.215917, 40.466798], [-4.215993, 40.466287], [-4.216553, 40.466382], [-4.217311, 40.46633], [-4.217803, 40.466464], [-4.217898, 40.466716], [-4.217903, 40.467245], [-4.21804, 40.467343], [-4.218457, 40.467311], [-4.218779, 40.467205], [-4.219017, 40.466729], [-4.218617, 40.466493], [-4.218112, 40.466302], [-4.217923, 40.465976], [-4.217822, 40.465873], [-4.217492, 40.465774], [-4.216743, 40.465353], [-4.214855, 40.464833], [-4.214846, 40.464452], [-4.214473, 40.464506], [-4.214387, 40.464636], [-4.213617, 40.464631], [-4.212464, 40.464298], [-4.212293, 40.464559], [-4.212197, 40.464985], [-4.211826, 40.465216], [-4.211634, 40.465214], [-4.211673, 40.464708], [-4.211491, 40.464587], [-4.211049, 40.464505], [-4.210943, 40.464373], [-4.207407, 40.465065], [-4.206747, 40.464867], [-4.206438, 40.464352], [-4.205552, 40.46401], [-4.20552, 40.463868], [-4.20484, 40.464261], [-4.204283, 40.464519], [-4.20403, 40.464762], [-4.202696, 40.464986], [-4.202507, 40.465337], [-4.200726, 40.466303], [-4.200363, 40.466739], [-4.199874, 40.466957], [-4.199346, 40.467005], [-4.199462, 40.467518], [-4.199846, 40.468021], [-4.200103, 40.468308], [-4.201388, 40.468209], [-4.202965, 40.468715], [-4.203297, 40.468991], [-4.203943, 40.468956], [-4.204674, 40.469467], [-4.20539, 40.469569], [-4.206717, 40.469994], [-4.208967, 40.470756], [-4.210301, 40.471209], [-4.212386, 40.472937], [-4.21327, 40.472425], [-4.213691, 40.472246]], [[-4.225098, 40.467506], [-4.225441, 40.466984], [-4.22558, 40.466581], [-4.225846, 40.466395], [-4.226165, 40.466614], [-4.226427, 40.466752], [-4.226599, 40.466492], [-4.226602, 40.466167], [-4.227196, 40.465904], [-4.22713, 40.46612], [-4.22733, 40.466326], [-4.227432, 40.466606], [-4.227068, 40.466865], [-4.226799, 40.467375], [-4.227372, 40.467527], [-4.227657, 40.467427], [-4.22808, 40.467424], [-4.228125, 40.466946], [-4.227983, 40.466319], [-4.228569, 40.466528], [-4.228608, 40.466022], [-4.229087, 40.466099], [-4.229378, 40.466027], [-4.229883, 40.466218], [-4.230481, 40.466308], [-4.230882, 40.466043], [-4.232618, 40.466232], [-4.23275, 40.4658], [-4.23196, 40.465709], [-4.231492, 40.465512], [-4.231277, 40.46575], [-4.230343, 40.465533], [-4.230227, 40.465697], [-4.229145, 40.465678], [-4.229006, 40.465404], [-4.229386, 40.4642], [-4.229153, 40.463852], [-4.229051, 40.462895], [-4.228715, 40.46209], [-4.228805, 40.461812], [-4.228614, 40.46131], [-4.228883, 40.460799], [-4.229058, 40.460214], [-4.228775, 40.459814], [-4.229163, 40.459492], [-4.229566, 40.459404], [-4.229804, 40.459605], [-4.230016, 40.459692], [-4.229932, 40.459321], [-4.229599, 40.458869], [-4.230041, 40.458275], [-4.229495, 40.458413], [-4.229084, 40.458297], [-4.228526, 40.457024], [-4.228853, 40.456093], [-4.229367, 40.455988], [-4.229519, 40.455642], [-4.229628, 40.455273], [-4.229859, 40.454768], [-4.230144, 40.45399], [-4.231221, 40.454157], [-4.231344, 40.454021], [-4.23168, 40.454149], [-4.231923, 40.454202], [-4.232184, 40.454164], [-4.232231, 40.45454], [-4.232394, 40.454751], [-4.232805, 40.454868], [-4.233339, 40.454849], [-4.233875, 40.455006], [-4.234244, 40.455276], [-4.234657, 40.455569], [-4.235136, 40.455646], [-4.235201, 40.455254], [-4.235617, 40.455223], [-4.236018, 40.454958], [-4.236241, 40.454926], [-4.236962, 40.454879], [-4.236984, 40.45464], [-4.236314, 40.454738], [-4.236117, 40.454208], [-4.236295, 40.453976], [-4.236625, 40.454075], [-4.237174, 40.454289], [-4.23724, 40.454073], [-4.23711, 40.453503], [-4.237708, 40.453592], [-4.237716, 40.45312], [-4.237534, 40.452999], [-4.237065, 40.453304], [-4.236599, 40.453283], [-4.236262, 40.453156], [-4.236005, 40.452869], [-4.235704, 40.45256], [-4.235459, 40.452331], [-4.235424, 40.451835], [-4.235375, 40.451283], [-4.235837, 40.451451], [-4.236173, 40.450902], [-4.235984, 40.450576], [-4.235561, 40.449901], [-4.235134, 40.449375], [-4.234736, 40.449315], [-4.234254, 40.449562], [-4.234234, 40.450154], [-4.233881, 40.450294], [-4.234056, 40.451063], [-4.233742, 40.451374], [-4.234233, 40.451332], [-4.234477, 40.451561], [-4.234307, 40.451998], [-4.234386, 40.452517], [-4.233857, 40.452388], [-4.233729, 40.451995], [-4.233679, 40.451943], [-4.233347, 40.451667], [-4.233278, 40.45153], [-4.233478, 40.451059], [-4.233525, 40.450758], [-4.232909, 40.45126], [-4.232656, 40.451503], [-4.232352, 40.451518], [-4.231983, 40.451248], [-4.231449, 40.45059], [-4.231203, 40.44883], [-4.231039, 40.448618], [-4.231569, 40.44807], [-4.232049, 40.447646], [-4.231184, 40.446713], [-4.230352, 40.446775], [-4.229992, 40.446887], [-4.229845, 40.447085], [-4.22991, 40.44737], [-4.22908, 40.447609], [-4.22901, 40.447472], [-4.229169, 40.447154], [-4.229259, 40.446876], [-4.229606, 40.446708], [-4.229267, 40.446404], [-4.22878, 40.446121], [-4.228486, 40.44584], [-4.227848, 40.445403], [-4.226813, 40.444907], [-4.226243, 40.445108], [-4.225483, 40.445911], [-4.22524, 40.445858], [-4.225241, 40.445269], [-4.224999, 40.444965], [-4.225017, 40.444197], [-4.224956, 40.443926], [-4.224462, 40.443616], [-4.223711, 40.443019], [-4.223376, 40.442979], [-4.2233, 40.442563], [-4.22296, 40.442672], [-4.222657, 40.442525], [-4.222829, 40.442264], [-4.222945, 40.4421], [-4.222824, 40.441735], [-4.222579, 40.441756], [-4.222369, 40.441934], [-4.222286, 40.44199], [-4.221705, 40.441633], [-4.221432, 40.441702], [-4.220969, 40.441608], [-4.220754, 40.441595], [-4.220474, 40.441459], [-4.220301, 40.441632], [-4.220468, 40.441858], [-4.220245, 40.44189], [-4.219978, 40.441649], [-4.219726, 40.441554], [-4.219768, 40.4414], [-4.219643, 40.441271], [-4.21915, 40.441387], [-4.218839, 40.441712], [-4.218646, 40.441623], [-4.218342, 40.441976], [-4.218525, 40.442023], [-4.218654, 40.442166], [-4.218842, 40.442404], [-4.219116, 40.442423], [-4.219272, 40.442518], [-4.219384, 40.44259], [-4.219553, 40.442992], [-4.219278, 40.443224], [-4.21938, 40.443503], [-4.219534, 40.444011], [-4.21973, 40.444026], [-4.220614, 40.445296], [-4.220708, 40.445798], [-4.220599, 40.446079], [-4.22077, 40.446157], [-4.220904, 40.44649], [-4.220731, 40.446663], [-4.221028, 40.446782], [-4.221057, 40.44691], [-4.220941, 40.447162], [-4.221072, 40.447231], [-4.221207, 40.447403], [-4.221053, 40.447573], [-4.221074, 40.447835], [-4.22083, 40.447944], [-4.220773, 40.448203], [-4.220875, 40.448482], [-4.221204, 40.448493], [-4.221215, 40.448285], [-4.221251, 40.448192], [-4.221425, 40.448108], [-4.221616, 40.447932], [-4.221665, 40.448234], [-4.222019, 40.448271], [-4.222009, 40.448479], [-4.221584, 40.448555], [-4.221599, 40.448789], [-4.221641, 40.449401], [-4.221988, 40.449659], [-4.222213, 40.449715], [-4.222565, 40.449487], [-4.22267, 40.449781], [-4.222127, 40.450272], [-4.221986, 40.450411], [-4.221732, 40.450477], [-4.22154, 40.450564], [-4.22147, 40.450766], [-4.22135, 40.450916], [-4.221197, 40.451085], [-4.221356, 40.451195], [-4.221367, 40.451414], [-4.221339, 40.451712], [-4.221276, 40.451942], [-4.221482, 40.452089], [-4.221433, 40.452464], [-4.219866, 40.452001], [-4.219567, 40.451868], [-4.219352, 40.451767], [-4.219339, 40.452137], [-4.219384, 40.452586], [-4.219205, 40.45273], [-4.218904, 40.452421], [-4.218702, 40.452465], [-4.218674, 40.452086], [-4.218473, 40.452219], [-4.218321, 40.452565], [-4.218296, 40.452878], [-4.21827, 40.453102], [-4.218144, 40.453224], [-4.21822, 40.453389], [-4.218272, 40.453617], [-4.218419, 40.453758], [-4.218552, 40.454092], [-4.218901, 40.454188], [-4.218683, 40.454411], [-4.219019, 40.454539], [-4.218703, 40.455012], [-4.218439, 40.455625], [-4.219074, 40.455458], [-4.219169, 40.455709], [-4.218238, 40.456096], [-4.218057, 40.456313], [-4.217895, 40.456705], [-4.217523, 40.456759], [-4.217651, 40.457153], [-4.217768, 40.457415], [-4.217934, 40.457553], [-4.218167, 40.457563], [-4.218209, 40.457749], [-4.218058, 40.457844], [-4.217811, 40.458027], [-4.218038, 40.458009], [-4.218088, 40.458149], [-4.218323, 40.457997], [-4.218526, 40.457702], [-4.218461, 40.457417], [-4.218601, 40.457103], [-4.218671, 40.456989], [-4.218968, 40.456769], [-4.219499, 40.456397], [-4.219562, 40.456167], [-4.219839, 40.45595], [-4.220085, 40.455929], [-4.219877, 40.456283], [-4.220208, 40.456132], [-4.220398, 40.456207], [-4.220414, 40.45594], [-4.220582, 40.455916], [-4.220809, 40.456324], [-4.221191, 40.456313], [-4.221325, 40.456396], [-4.221377, 40.456624], [-4.221892, 40.456519], [-4.221906, 40.456414], [-4.221954, 40.456201], [-4.222302, 40.456209], [-4.222623, 40.456354], [-4.222694, 40.456579], [-4.22244, 40.456734], [-4.221948, 40.45685], [-4.221585, 40.456947], [-4.221388, 40.457182], [-4.221133, 40.457499], [-4.220881, 40.45783], [-4.2206, 40.457606], [-4.220326, 40.457499], [-4.220377, 40.4573], [-4.219793, 40.457356], [-4.219748, 40.457583], [-4.219647, 40.45773], [-4.219552, 40.457818], [-4.220299, 40.458312], [-4.220291, 40.458446], [-4.220203, 40.458739], [-4.220163, 40.459157], [-4.220216, 40.459473], [-4.220232, 40.459883], [-4.220127, 40.460266], [-4.219993, 40.460609], [-4.219751, 40.460983], [-4.219562, 40.461335], [-4.219292, 40.461757], [-4.219485, 40.461758], [-4.219754, 40.461675], [-4.219868, 40.461246], [-4.220006, 40.461005], [-4.220082, 40.460832], [-4.22017, 40.46054], [-4.220649, 40.460617], [-4.220341, 40.460279], [-4.220443, 40.46022], [-4.221013, 40.460019], [-4.22126, 40.459497], [-4.221386, 40.459376], [-4.221683, 40.459244], [-4.221786, 40.458596], [-4.221912, 40.458386], [-4.222205, 40.458152], [-4.222454, 40.457895], [-4.222884, 40.45767], [-4.223094, 40.457919], [-4.223218, 40.45821], [-4.223413, 40.458138], [-4.223737, 40.458208], [-4.224124, 40.458387], [-4.223672, 40.457923], [-4.223304, 40.457742], [-4.223208, 40.457402], [-4.22331, 40.457005], [-4.223765, 40.457233], [-4.223956, 40.457396], [-4.224095, 40.457332], [-4.224439, 40.457237], [-4.225042, 40.457606], [-4.225082, 40.457865], [-4.225693, 40.457761], [-4.225989, 40.45788], [-4.226884, 40.458264], [-4.22689, 40.458543], [-4.225739, 40.458726], [-4.22549, 40.459071], [-4.224968, 40.45931], [-4.225023, 40.45964], [-4.225101, 40.459982], [-4.224971, 40.460428], [-4.22466, 40.460665], [-4.224835, 40.461096], [-4.22481, 40.461409], [-4.224631, 40.461641], [-4.224558, 40.462078], [-4.224694, 40.463104], [-4.223524, 40.462862], [-4.223301, 40.462895], [-4.222783, 40.462985], [-4.2223, 40.462894], [-4.222009, 40.462965], [-4.221535, 40.463506], [-4.221879, 40.46375], [-4.222056, 40.464019], [-4.221871, 40.464222], [-4.221538, 40.464448], [-4.221054, 40.464268], [-4.221176, 40.464633], [-4.221531, 40.464758], [-4.221493, 40.465013], [-4.22162, 40.465319], [-4.222117, 40.465305], [-4.222434, 40.465259], [-4.222374, 40.465592], [-4.222937, 40.465613], [-4.223595, 40.465885], [-4.223299, 40.466105], [-4.222621, 40.466086], [-4.222663, 40.466271], [-4.223019, 40.466484], [-4.223003, 40.466751], [-4.223096, 40.467076], [-4.223413, 40.46703], [-4.224247, 40.466894], [-4.224679, 40.467184], [-4.225098, 40.467506]], [[-4.234943, 40.445487], [-4.235791, 40.445157], [-4.236052, 40.445118], [-4.236872, 40.445175], [-4.237851, 40.444915], [-4.238401, 40.444628], [-4.238536, 40.444373], [-4.238639, 40.444152], [-4.238675, 40.44397], [-4.238654, 40.443708], [-4.23922, 40.443154], [-4.240138, 40.442284], [-4.239447, 40.44212], [-4.239837, 40.441974], [-4.240045, 40.441708], [-4.239311, 40.441521], [-4.239968, 40.441366], [-4.240052, 40.44106], [-4.24023, 40.440827], [-4.240639, 40.440768], [-4.24095, 40.440104], [-4.241469, 40.439851], [-4.241887, 40.439319], [-4.24222, 40.439094], [-4.242689, 40.43879], [-4.242569, 40.438601], [-4.242035, 40.43862], [-4.241348, 40.438809], [-4.241537, 40.438457], [-4.242082, 40.438319], [-4.242734, 40.438312], [-4.243056, 40.438206], [-4.243322, 40.43802], [-4.24378, 40.437835], [-4.244009, 40.437831], [-4.244467, 40.437646], [-4.244784, 40.437688], [-4.245208, 40.437185], [-4.244634, 40.436856], [-4.244333, 40.437224], [-4.244242, 40.436825], [-4.244237, 40.436296], [-4.243525, 40.436547], [-4.245221, 40.434533], [-4.246666, 40.432938], [-4.24717, 40.432452], [-4.247093, 40.43211], [-4.247219, 40.430972], [-4.247191, 40.430682], [-4.246521, 40.43078], [-4.246989, 40.430299], [-4.247103, 40.429281], [-4.247039, 40.428996], [-4.247445, 40.428583], [-4.247883, 40.428313], [-4.248491, 40.427606], [-4.248681, 40.427254], [-4.248865, 40.427051], [-4.249164, 40.426506], [-4.249632, 40.426026], [-4.249361, 40.425682], [-4.249656, 40.425286], [-4.250118, 40.425631], [-4.25077, 40.424946], [-4.251972, 40.423975], [-4.252173, 40.423504], [-4.252394, 40.423295], [-4.252714, 40.423013], [-4.253091, 40.422811], [-4.252496, 40.422898], [-4.252092, 40.42281], [-4.251642, 40.422522], [-4.251315, 40.422776], [-4.250938, 40.422978], [-4.250626, 40.422788], [-4.250333, 40.423361], [-4.250048, 40.423462], [-4.249434, 40.424141], [-4.249127, 40.425157], [-4.248813, 40.425468], [-4.248638, 40.425376], [-4.24814, 40.425213], [-4.247676, 40.425369], [-4.247324, 40.425686], [-4.246865, 40.425694], [-4.246108, 40.425746], [-4.246098, 40.426042], [-4.246496, 40.426101], [-4.246847, 40.426462], [-4.24692, 40.426952], [-4.246825, 40.427378], [-4.24676, 40.427771], [-4.246751, 40.428067], [-4.246063, 40.428255], [-4.245815, 40.42835], [-4.245503, 40.428838], [-4.245293, 40.428927], [-4.245065, 40.428431], [-4.244917, 40.427952], [-4.244663, 40.428018], [-4.244786, 40.42856], [-4.244947, 40.429096], [-4.244845, 40.429493], [-4.244754, 40.429772], [-4.244316, 40.430042], [-4.243881, 40.429988], [-4.242918, 40.429981], [-4.242952, 40.429623], [-4.24272, 40.429451], [-4.241758, 40.429444], [-4.241397, 40.429379], [-4.240962, 40.429325], [-4.240426, 40.429168], [-4.24107, 40.428956], [-4.241505, 40.42901], [-4.241829, 40.42908], [-4.242049, 40.428695], [-4.242219, 40.428935], [-4.242343, 40.428976], [-4.243177, 40.428412], [-4.243248, 40.428048], [-4.242575, 40.428471], [-4.2414, 40.428377], [-4.241303, 40.428627], [-4.240622, 40.428844], [-4.239853, 40.429016], [-4.239434, 40.428694], [-4.239007, 40.428845], [-4.238258, 40.429102], [-4.23747, 40.429187], [-4.237441, 40.429398], [-4.237983, 40.429583], [-4.23814, 40.429767], [-4.238522, 40.430094], [-4.239114, 40.430331], [-4.23938, 40.430822], [-4.239582, 40.431205], [-4.239913, 40.43148], [-4.24068, 40.43181], [-4.240472, 40.432076], [-4.239925, 40.432038], [-4.239329, 40.432125], [-4.238541, 40.432211], [-4.239158, 40.431709], [-4.239077, 40.431691], [-4.237954, 40.431826], [-4.237695, 40.43204], [-4.237762, 40.432501], [-4.2382, 40.432909], [-4.237855, 40.433253], [-4.23738, 40.433529], [-4.236446, 40.433312], [-4.236137, 40.433475], [-4.235369, 40.433646], [-4.235723, 40.43436], [-4.235225, 40.434874], [-4.234558, 40.434648], [-4.234276, 40.434424], [-4.234016, 40.435139], [-4.233996, 40.435731], [-4.233094, 40.43548], [-4.233443, 40.434987], [-4.233069, 40.434865], [-4.232882, 40.435393], [-4.232862, 40.435985], [-4.232323, 40.436152], [-4.232077, 40.435746], [-4.231613, 40.43658], [-4.231338, 40.437062], [-4.230454, 40.436896], [-4.230367, 40.437527], [-4.229941, 40.437854], [-4.230131, 40.43818], [-4.230145, 40.438414], [-4.230179, 40.438732], [-4.23, 40.438788], [-4.230153, 40.439296], [-4.230448, 40.439577], [-4.230791, 40.439733], [-4.230919, 40.439449], [-4.231122, 40.439331], [-4.231555, 40.439709], [-4.231705, 40.439864], [-4.231676, 40.440075], [-4.230673, 40.440398], [-4.231019, 40.440907], [-4.231231, 40.440993], [-4.231218, 40.441614], [-4.230745, 40.441565], [-4.23076, 40.441798], [-4.230248, 40.442256], [-4.229977, 40.442413], [-4.229247, 40.442078], [-4.228745, 40.44224], [-4.228557, 40.44209], [-4.228211, 40.442259], [-4.227847, 40.442518], [-4.227493, 40.442481], [-4.227083, 40.442541], [-4.2269, 40.442921], [-4.226475, 40.443248], [-4.226259, 40.443486], [-4.226792, 40.443968], [-4.226633, 40.444285], [-4.22646, 40.444369], [-4.226997, 40.444703], [-4.227596, 40.444969], [-4.228552, 40.445625], [-4.228962, 40.445565], [-4.229459, 40.445551], [-4.229319, 40.445954], [-4.229996, 40.446562], [-4.234288, 40.445818], [-4.234943, 40.445487]], [[-4.205556, 40.501138], [-4.205948, 40.500983], [-4.205704, 40.500659], [-4.205611, 40.500248], [-4.205749, 40.499542], [-4.205683, 40.499062], [-4.205536, 40.49879], [-4.205099, 40.49856], [-4.205125, 40.498295], [-4.205751, 40.498236], [-4.206048, 40.498226], [-4.206596, 40.497819], [-4.206574, 40.497724], [-4.206334, 40.497041], [-4.206494, 40.49643], [-4.205922, 40.496546], [-4.205461, 40.497332], [-4.205209, 40.497727], [-4.204812, 40.498046], [-4.204866, 40.497908], [-4.205225, 40.497235], [-4.205359, 40.496693], [-4.20515, 40.496528], [-4.204074, 40.496489], [-4.203974, 40.496046], [-4.204227, 40.495846], [-4.204639, 40.49559], [-4.204766, 40.495213], [-4.204847, 40.495005], [-4.205237, 40.494654], [-4.205174, 40.494565], [-4.20447, 40.494472], [-4.204273, 40.494729], [-4.203746, 40.49448], [-4.203166, 40.494368], [-4.202965, 40.494985], [-4.203218, 40.496287], [-4.203185, 40.497271], [-4.20332, 40.497676], [-4.203824, 40.497831], [-4.203436, 40.498377], [-4.203558, 40.498915], [-4.203526, 40.499148], [-4.202913, 40.49927], [-4.203728, 40.500228], [-4.204213, 40.500484], [-4.204086, 40.500862], [-4.204622, 40.501535], [-4.204937, 40.501228], [-4.205556, 40.501138]], [[-4.209615, 40.490066], [-4.209642, 40.489997], [-4.209811, 40.489613], [-4.209872, 40.489506], [-4.210131, 40.489142], [-4.210211, 40.488934], [-4.210104, 40.48846], [-4.210014, 40.488441], [-4.209784, 40.488931], [-4.209699, 40.489499], [-4.209136, 40.489646], [-4.209132, 40.489255], [-4.208848, 40.489133], [-4.208798, 40.488912], [-4.20903, 40.488617], [-4.209123, 40.488277], [-4.209073, 40.488055], [-4.209125, 40.487721], [-4.208581, 40.487768], [-4.208922, 40.487392], [-4.208959, 40.486799], [-4.208283, 40.486832], [-4.208494, 40.486442], [-4.208381, 40.486132], [-4.20803, 40.486281], [-4.207741, 40.486323], [-4.206879, 40.486285], [-4.206427, 40.486547], [-4.2061, 40.486236], [-4.205942, 40.486291], [-4.205364, 40.486376], [-4.204662, 40.486478], [-4.204394, 40.486615], [-4.203852, 40.486857], [-4.203144, 40.487123], [-4.203848, 40.487217], [-4.204455, 40.487259], [-4.204483, 40.487385], [-4.204368, 40.487631], [-4.204516, 40.487903], [-4.205011, 40.487831], [-4.205597, 40.487778], [-4.206726, 40.487679], [-4.207328, 40.487885], [-4.207825, 40.488009], [-4.207635, 40.488298], [-4.206877, 40.488343], [-4.206227, 40.488111], [-4.205539, 40.488276], [-4.206009, 40.488469], [-4.206519, 40.48846], [-4.206536, 40.488719], [-4.205806, 40.48889], [-4.20648, 40.489413], [-4.205975, 40.489258], [-4.205018, 40.489364], [-4.204142, 40.489263], [-4.20431, 40.490382], [-4.206603, 40.490146], [-4.208329, 40.490417], [-4.208904, 40.489941], [-4.209615, 40.490066]], [[-4.216898, 40.481364], [-4.217153, 40.480609], [-4.216895, 40.480222], [-4.216125, 40.479649], [-4.215787, 40.480416], [-4.215374, 40.480477], [-4.215288, 40.480848], [-4.216087, 40.481548], [-4.216374, 40.48131], [-4.216898, 40.481364]], [[-4.217582, 40.470849], [-4.217904, 40.470574], [-4.218238, 40.470166], [-4.217881, 40.469532], [-4.217428, 40.469794], [-4.216872, 40.469973], [-4.216757, 40.470219], [-4.217064, 40.470631], [-4.216679, 40.470818], [-4.216954, 40.471463], [-4.217317, 40.471182], [-4.217582, 40.470849]], [[-4.21714, 40.476791], [-4.216939, 40.476657], [-4.216662, 40.476567], [-4.216515, 40.476294], [-4.216271, 40.475971], [-4.216082, 40.475704], [-4.215696, 40.475695], [-4.215188, 40.4759], [-4.215185, 40.47626], [-4.215786, 40.476466], [-4.21652, 40.476881], [-4.217176, 40.476949], [-4.21714, 40.476791]], [[-4.231641, 40.455934], [-4.230928, 40.455613], [-4.230722, 40.455643], [-4.230395, 40.456083], [-4.230453, 40.456336], [-4.230991, 40.456453], [-4.231352, 40.456727], [-4.231776, 40.45709], [-4.232589, 40.457101], [-4.233308, 40.456702], [-4.232174, 40.456215], [-4.231641, 40.455934]], [[-4.234818, 40.463535], [-4.235001, 40.463214], [-4.235346, 40.463229], [-4.235516, 40.463041], [-4.235651, 40.462695], [-4.235585, 40.462215], [-4.235218, 40.462105], [-4.235175, 40.461915], [-4.235213, 40.461518], [-4.235183, 40.461196], [-4.234811, 40.46125], [-4.234718, 40.46159], [-4.23463, 40.461766], [-4.234474, 40.462018], [-4.234745, 40.462272], [-4.234644, 40.462581], [-4.234413, 40.462876], [-4.23421, 40.463297], [-4.234097, 40.463738], [-4.234696, 40.463749], [-4.234818, 40.463535]], [[-4.239923, 40.449402], [-4.240114, 40.449113], [-4.240469, 40.4488], [-4.240695, 40.448669], [-4.240774, 40.448265], [-4.240919, 40.447591], [-4.240882, 40.447238], [-4.240607, 40.447343], [-4.240239, 40.447789], [-4.240187, 40.448123], [-4.239889, 40.448689], [-4.23957, 40.44916], [-4.238965, 40.449313], [-4.239143, 40.449908], [-4.239857, 40.449673], [-4.239923, 40.449402]], [[-4.215576, 40.462196], [-4.215247, 40.46244], [-4.214619, 40.463054], [-4.21504, 40.463221], [-4.215804, 40.46226], [-4.215576, 40.462196]], [[-4.231153, 40.367598], [-4.23111, 40.367409], [-4.230903, 40.367341], [-4.230676, 40.367374], [-4.230399, 40.367562], [-4.230138, 40.367632], [-4.230031, 40.367158], [-4.230418, 40.366987], [-4.230603, 40.366862], [-4.230755, 40.366595], [-4.231062, 40.36673], [-4.231274, 40.366536], [-4.231369, 40.366391], [-4.231494, 40.366193], [-4.231478, 40.365934], [-4.23169, 40.36574], [-4.231884, 40.365565], [-4.232372, 40.365461], [-4.232443, 40.365304], [-4.231941, 40.365344], [-4.231284, 40.365359], [-4.23089, 40.365122], [-4.230637, 40.365323], [-4.230433, 40.365173], [-4.230214, 40.365335], [-4.229992, 40.365482], [-4.229639, 40.365713], [-4.229372, 40.36585], [-4.229281, 40.366011], [-4.22917, 40.366272], [-4.22893, 40.366437], [-4.228514, 40.366759], [-4.228445, 40.366835], [-4.228339, 40.36721], [-4.228445, 40.367586], [-4.228333, 40.367749], [-4.228284, 40.368001], [-4.228419, 40.368128], [-4.228569, 40.367943], [-4.228713, 40.367922], [-4.228852, 40.36769], [-4.229656, 40.367948], [-4.229926, 40.368104], [-4.231032, 40.36791], [-4.230872, 40.36777], [-4.231153, 40.367598]], [[-4.2722, 40.363044], [-4.272184, 40.362785], [-4.272318, 40.362438], [-4.272515, 40.362181], [-4.272816, 40.362006], [-4.273176, 40.361529], [-4.273149, 40.360847], [-4.272758, 40.361002], [-4.272183, 40.361283], [-4.272165, 40.360828], [-4.272342, 40.360671], [-4.272898, 40.360492], [-4.272917, 40.360391], [-4.272338, 40.36028], [-4.272172, 40.360109], [-4.272672, 40.359872], [-4.272457, 40.359675], [-4.271756, 40.359778], [-4.271252, 40.359623], [-4.271062, 40.359912], [-4.27074, 40.359992], [-4.269467, 40.360015], [-4.269799, 40.360914], [-4.270319, 40.361327], [-4.27074, 40.361494], [-4.271187, 40.361396], [-4.271561, 40.360982], [-4.271927, 40.361092], [-4.271697, 40.361582], [-4.271434, 40.362111], [-4.271625, 40.363324], [-4.272207, 40.363075], [-4.2722, 40.363044]], [[-4.33881, 40.363739], [-4.339258, 40.363837], [-4.339187, 40.364272], [-4.339519, 40.364419], [-4.339911, 40.364459], [-4.340614, 40.364551], [-4.341162, 40.36434], [-4.341163, 40.363785], [-4.341328, 40.36376], [-4.34198, 40.363632], [-4.342094, 40.363386], [-4.342713, 40.363295], [-4.343091, 40.363272], [-4.342979, 40.363158], [-4.342558, 40.362991], [-4.342699, 40.362677], [-4.342787, 40.3625], [-4.342213, 40.362226], [-4.342139, 40.361714], [-4.342306, 40.36133], [-4.342704, 40.361206], [-4.34322, 40.361228], [-4.343417, 40.36097], [-4.344069, 40.360842], [-4.343983, 40.360463], [-4.344022, 40.360261], [-4.344577, 40.360081], [-4.34507, 40.359813], [-4.345783, 40.359577], [-4.346167, 40.360141], [-4.346681, 40.359967], [-4.346937, 40.359407], [-4.34709, 40.35896], [-4.346926, 40.358428], [-4.346544, 40.35806], [-4.346019, 40.358562], [-4.345631, 40.358913], [-4.345061, 40.35903], [-4.344351, 40.358906], [-4.344139, 40.358349], [-4.34382, 40.35807], [-4.342232, 40.358206], [-4.341541, 40.358536], [-4.340951, 40.358754], [-4.340408, 40.358801], [-4.339975, 40.358767], [-4.339487, 40.358871], [-4.338664, 40.358437], [-4.336921, 40.358825], [-4.336497, 40.358463], [-4.336477, 40.357812], [-4.336586, 40.357731], [-4.337462, 40.357275], [-4.337294, 40.356353], [-4.337915, 40.355902], [-4.339387, 40.355261], [-4.340175, 40.354981], [-4.340331, 40.35473], [-4.339671, 40.354827], [-4.339524, 40.354555], [-4.339139, 40.354546], [-4.33879, 40.354696], [-4.338366, 40.354333], [-4.338301, 40.354049], [-4.336922, 40.35435], [-4.33626, 40.354252], [-4.3359, 40.353978], [-4.335838, 40.353334], [-4.336025, 40.352849], [-4.336339, 40.352542], [-4.336575, 40.352082], [-4.336871, 40.351516], [-4.336719, 40.351408], [-4.335789, 40.351251], [-4.335294, 40.351324], [-4.334918, 40.351543], [-4.334409, 40.351552], [-4.33405, 40.35203], [-4.333742, 40.352173], [-4.333441, 40.352348], [-4.333772, 40.352495], [-4.333828, 40.352552], [-4.333214, 40.353035], [-4.333912, 40.354042], [-4.334009, 40.3554], [-4.334058, 40.355425], [-4.335434, 40.355484], [-4.335766, 40.355631], [-4.336068, 40.356207], [-4.335934, 40.356553], [-4.335846, 40.356729], [-4.336139, 40.357078], [-4.335564, 40.357359], [-4.335113, 40.357621], [-4.334744, 40.357872], [-4.334089, 40.357805], [-4.333509, 40.356943], [-4.332919, 40.357716], [-4.332258, 40.357617], [-4.331827, 40.357223], [-4.331404, 40.356861], [-4.331133, 40.356607], [-4.330998, 40.357509], [-4.330728, 40.358006], [-4.330427, 40.358181], [-4.330264, 40.3584], [-4.330017, 40.358437], [-4.330105, 40.359012], [-4.329772, 40.35942], [-4.329161, 40.359543], [-4.328979, 40.359863], [-4.328748, 40.360159], [-4.328141, 40.360672], [-4.327713, 40.360474], [-4.327249, 40.360869], [-4.326952, 40.361435], [-4.326518, 40.361401], [-4.326357, 40.361066], [-4.325846, 40.36088], [-4.325861, 40.360388], [-4.326015, 40.35994], [-4.326165, 40.359853], [-4.326705, 40.360165], [-4.327028, 40.360085], [-4.327079, 40.359751], [-4.326779, 40.359371], [-4.326717, 40.359282], [-4.325795, 40.359352], [-4.325456, 40.359173], [-4.32561, 40.358726], [-4.32583, 40.358008], [-4.32593, 40.357699], [-4.326598, 40.35783], [-4.326834, 40.35737], [-4.326888, 40.357232], [-4.327278, 40.357076], [-4.326785, 40.356594], [-4.326226, 40.356382], [-4.325216, 40.355878], [-4.323218, 40.354963], [-4.32357, 40.356316], [-4.322372, 40.356296], [-4.321202, 40.356207], [-4.320327, 40.356107], [-4.320047, 40.356932], [-4.320022, 40.357197], [-4.320365, 40.357767], [-4.320665, 40.358147], [-4.320448, 40.358506], [-4.319454, 40.358815], [-4.318244, 40.358928], [-4.317551, 40.359063], [-4.316877, 40.359096], [-4.316438, 40.359226], [-4.316498, 40.359675], [-4.315756, 40.359784], [-4.316434, 40.360141], [-4.316889, 40.36027], [-4.316975, 40.359899], [-4.316946, 40.359772], [-4.317695, 40.359695], [-4.318376, 40.359692], [-4.3191, 40.35988], [-4.320031, 40.360037], [-4.320309, 40.360323], [-4.320711, 40.36059], [-4.321252, 40.361098], [-4.321741, 40.361745], [-4.322205, 40.362101], [-4.322804, 40.362111], [-4.32334, 40.362032], [-4.323961, 40.361582], [-4.324368, 40.361685], [-4.324867, 40.362004], [-4.324815, 40.362338], [-4.324722, 40.362678], [-4.324009, 40.362913], [-4.323425, 40.362967], [-4.322683, 40.363076], [-4.322653, 40.363505], [-4.323786, 40.36324], [-4.324401, 40.363509], [-4.324814, 40.364199], [-4.322089, 40.365515], [-4.321763, 40.365955], [-4.322352, 40.366293], [-4.32285, 40.36586], [-4.323141, 40.365458], [-4.323874, 40.365122], [-4.324863, 40.364976], [-4.325313, 40.365269], [-4.325518, 40.365794], [-4.32577, 40.366149], [-4.326031, 40.366176], [-4.326342, 40.366228], [-4.326226, 40.365723], [-4.326838, 40.365045], [-4.3272, 40.364763], [-4.327492, 40.364361], [-4.327398, 40.36395], [-4.32752, 40.363736], [-4.32706, 40.363216], [-4.328004, 40.362685], [-4.328681, 40.363598], [-4.32936, 40.3634], [-4.329726, 40.363509], [-4.33012, 40.363745], [-4.330255, 40.36415], [-4.330609, 40.364392], [-4.330747, 40.364437], [-4.330694, 40.36402], [-4.330443, 40.363665], [-4.33048, 40.363268], [-4.330965, 40.362968], [-4.331725, 40.362562], [-4.332067, 40.362381], [-4.332584, 40.363154], [-4.33322, 40.362766], [-4.333578, 40.362844], [-4.334231, 40.364022], [-4.337865, 40.363519], [-4.338295, 40.363913], [-4.33881, 40.363739]], [[-4.386543, 40.337589], [-4.386098, 40.337132], [-4.385764, 40.33679], [-4.385556, 40.336624], [-4.384572, 40.336606], [-4.384665, 40.336266], [-4.385329, 40.336005], [-4.384681, 40.335219], [-4.384192, 40.334572], [-4.383758, 40.335094], [-4.383542, 40.335452], [-4.382822, 40.335657], [-4.382807, 40.336149], [-4.382067, 40.336454], [-4.382891, 40.336888], [-4.382516, 40.337858], [-4.382288, 40.338349], [-4.380802, 40.338927], [-4.379649, 40.338543], [-4.379049, 40.338337], [-4.377682, 40.338507], [-4.377972, 40.339215], [-4.379561, 40.339274], [-4.380566, 40.339387], [-4.381, 40.339421], [-4.38284, 40.339084], [-4.383906, 40.339089], [-4.384746, 40.339226], [-4.388083, 40.338733], [-4.387745, 40.337999], [-4.386543, 40.337589]], [[-4.394345, 40.337252], [-4.395004, 40.337154], [-4.39552, 40.337176], [-4.395705, 40.336495], [-4.395272, 40.336462], [-4.394584, 40.336433], [-4.394766, 40.336112], [-4.394405, 40.335839], [-4.39385, 40.335463], [-4.394098, 40.335427], [-4.39487, 40.335639], [-4.395275, 40.335546], [-4.395479, 40.33532], [-4.39622, 40.335211], [-4.39618, 40.334661], [-4.395031, 40.334668], [-4.394467, 40.334621], [-4.395274, 40.33424], [-4.394862, 40.333746], [-4.395422, 40.333957], [-4.395938, 40.333979], [-4.396695, 40.332821], [-4.39486, 40.331688], [-4.394751, 40.33177], [-4.394506, 40.332002], [-4.394556, 40.332223], [-4.395416, 40.332259], [-4.3956, 40.332689], [-4.394919, 40.332692], [-4.394197, 40.332701], [-4.393367, 40.332236], [-4.392347, 40.33206], [-4.391535, 40.332049], [-4.390908, 40.331913], [-4.390157, 40.332351], [-4.39005, 40.332628], [-4.39041, 40.332902], [-4.390575, 40.333433], [-4.390245, 40.333481], [-4.389541, 40.332638], [-4.38902, 40.332781], [-4.3891, 40.333128], [-4.389244, 40.33376], [-4.389658, 40.333895], [-4.390155, 40.334017], [-4.390695, 40.334329], [-4.390084, 40.334452], [-4.38989, 40.334906], [-4.391273, 40.334995], [-4.391631, 40.335628], [-4.392128, 40.335751], [-4.392568, 40.335816], [-4.392912, 40.336386], [-4.392853, 40.336689], [-4.392833, 40.337345], [-4.393941, 40.337344], [-4.394345, 40.337252]], [[-4.337521, 40.293595], [-4.337184, 40.293611], [-4.336711, 40.293028], [-4.335982, 40.293005], [-4.335406, 40.29309], [-4.334843, 40.292487], [-4.335054, 40.292292], [-4.335421, 40.291846], [-4.336011, 40.291825], [-4.336095, 40.291257], [-4.336422, 40.291013], [-4.336508, 40.290641], [-4.336385, 40.290104], [-4.335665, 40.290863], [-4.335398, 40.291001], [-4.334703, 40.29094], [-4.333846, 40.291099], [-4.333768, 40.291502], [-4.33403, 40.29228], [-4.333771, 40.292449], [-4.333809, 40.292803], [-4.334277, 40.29355], [-4.334709, 40.29414], [-4.33503, 40.294615], [-4.335327, 40.2948], [-4.336307, 40.295178], [-4.335724, 40.295231], [-4.335758, 40.295945], [-4.338406, 40.295424], [-4.338201, 40.293592], [-4.337521, 40.293595]], [[-4.332928, 40.292671], [-4.331985, 40.293202], [-4.331666, 40.293673], [-4.330308, 40.293874], [-4.33021, 40.294378], [-4.330255, 40.294763], [-4.330406, 40.295427], [-4.330906, 40.295941], [-4.331374, 40.295938], [-4.331651, 40.295472], [-4.332041, 40.295317], [-4.332193, 40.295425], [-4.33249, 40.29561], [-4.332743, 40.295409], [-4.333006, 40.295632], [-4.333196, 40.296094], [-4.33339, 40.296196], [-4.334051, 40.296294], [-4.335245, 40.296118], [-4.333404, 40.292895], [-4.332928, 40.292671]], [[-4.319702, 40.303927], [-4.320103, 40.303444], [-4.320326, 40.303117], [-4.320226, 40.302674], [-4.320036, 40.302212], [-4.31937, 40.300971], [-4.318926, 40.300514], [-4.318333, 40.30034], [-4.317908, 40.299782], [-4.317478, 40.299388], [-4.317073, 40.29948], [-4.317022, 40.299815], [-4.316408, 40.300297], [-4.316224, 40.303231], [-4.316267, 40.30342], [-4.315872, 40.30374], [-4.316477, 40.303781], [-4.319368, 40.304891], [-4.319566, 40.304078], [-4.319702, 40.303927]], [[-4.286894, 40.312653], [-4.286644, 40.312396], [-4.286439, 40.312149], [-4.286268, 40.311863], [-4.286072, 40.311566], [-4.286072, 40.31119], [-4.285781, 40.310563], [-4.285268, 40.31121], [-4.28503, 40.311474], [-4.284568, 40.311688], [-4.284484, 40.31188], [-4.284388, 40.312303], [-4.284116, 40.312604], [-4.284109, 40.312948], [-4.284521, 40.313263], [-4.284484, 40.31366], [-4.28647, 40.313973], [-4.286992, 40.312802], [-4.286894, 40.312653]], [[-4.366644, 40.376652], [-4.366652, 40.376129], [-4.367179, 40.375822], [-4.367979, 40.37541], [-4.368663, 40.375048], [-4.368783, 40.374638], [-4.368749, 40.374121], [-4.368694, 40.373508], [-4.368518, 40.37311], [-4.36815, 40.372805], [-4.367918, 40.373655], [-4.367678, 40.373724], [-4.367168, 40.372982], [-4.367103, 40.372698], [-4.367186, 40.37213], [-4.36753, 40.372145], [-4.367838, 40.372002], [-4.368391, 40.371626], [-4.368472, 40.371418], [-4.368451, 40.370768], [-4.369399, 40.370628], [-4.368988, 40.369578], [-4.366753, 40.369679], [-4.366556, 40.369937], [-4.366446, 40.370574], [-4.366646, 40.371263], [-4.36645, 40.371521], [-4.365856, 40.371347], [-4.365466, 40.369641], [-4.364952, 40.369815], [-4.364219, 40.370151], [-4.362866, 40.370384], [-4.362747, 40.370793], [-4.36288, 40.371002], [-4.363505, 40.370943], [-4.36342, 40.371314], [-4.363883, 40.371475], [-4.364615, 40.371138], [-4.36479, 40.371341], [-4.364561, 40.371832], [-4.36451, 40.372166], [-4.364795, 40.372483], [-4.365232, 40.372158], [-4.365659, 40.37216], [-4.365927, 40.372774], [-4.365747, 40.37329], [-4.365538, 40.37368], [-4.365104, 40.373646], [-4.36511, 40.372927], [-4.364617, 40.373195], [-4.364334, 40.37438], [-4.365709, 40.374243], [-4.365534, 40.374595], [-4.365311, 40.374922], [-4.364956, 40.375236], [-4.36483, 40.375614], [-4.364221, 40.375932], [-4.364412, 40.376394], [-4.364297, 40.376639], [-4.364074, 40.376966], [-4.364299, 40.37739], [-4.364752, 40.377323], [-4.364929, 40.377722], [-4.365169, 40.377654], [-4.365355, 40.377724], [-4.365879, 40.377778], [-4.366023, 40.377103], [-4.366644, 40.376652]], [[-4.370308, 40.374413], [-4.370533, 40.374282], [-4.370584, 40.374503], [-4.370862, 40.374789], [-4.371192, 40.37474], [-4.371209, 40.374999], [-4.370891, 40.37547], [-4.371288, 40.375346], [-4.371478, 40.375057], [-4.371766, 40.375015], [-4.372247, 40.374878], [-4.372409, 40.374658], [-4.372764, 40.374345], [-4.373055, 40.373943], [-4.372437, 40.374034], [-4.372455, 40.373182], [-4.372144, 40.37313], [-4.37179, 40.373443], [-4.371446, 40.373429], [-4.371094, 40.373383], [-4.370551, 40.37343], [-4.370313, 40.373694], [-4.370102, 40.373888], [-4.370133, 40.37421], [-4.370026, 40.374488], [-4.369318, 40.374559], [-4.369601, 40.375236], [-4.370523, 40.375166], [-4.370308, 40.374413]], [[-4.371726, 40.372048], [-4.371674, 40.371631], [-4.371543, 40.371063], [-4.371224, 40.370783], [-4.370791, 40.3715], [-4.370713, 40.371904], [-4.37103, 40.372543], [-4.371612, 40.372294], [-4.371726, 40.372048]]]}}]}