{"type": "FeatureCollection", "name": "NIEBLA", "features": [{"type": "Feature", "properties": {"id": "606000", "FIREDATE": "2026-08-07T01:28:00", "FINALDATE": "2026-08-14T09:07:00", "LASTUPDATE": "2026-08-07 13:23:48.807084", "COUNTRY": "ES", "PROVINCE": "Huelva", "COMMUNE": "Niebla", "AREA_HA": 43772.0, "BROADLEA": 23.0205, "CONIFER": 5.71, "MIXED": 2.2078, "SCLEROPH": 8.0365, "TRANSIT": 58.3973, "OTHERNATLC": 0.9566, "AGRIAREAS": 1.5114, "ARTIFSURF": 0.0525, "OTHERLC": 0.1073, "PERCNA2K": 43.2594, "CLASS": "30DAYS", "AÑO": 2026, "LATITUD": 37.53751490351809, "LONGITUD": -6.518098309445697}, "geometry": {"type": "Polygon", "coordinates": [[[-6.632235, 37.609313], [-6.632636, 37.609175], [-6.632515, 37.60885], [-6.632127, 37.608703], [-6.631729, 37.608744], [-6.631471, 37.608663], [-6.630938, 37.608612], [-6.630733, 37.609043], [-6.630229, 37.609216], [-6.629695, 37.609373], [-6.629276, 37.609676], [-6.629035, 37.610071], [-6.628735, 37.610436], [-6.62858, 37.610802], [-6.628827, 37.610947], [-6.629005, 37.611153], [-6.62889, 37.611376], [-6.628746, 37.611594], [-6.628572, 37.611805], [-6.628338, 37.611948], [-6.628105, 37.612091], [-6.627834, 37.612196], [-6.627539, 37.612259], [-6.627228, 37.612258], [-6.62693, 37.612254], [-6.626646, 37.612305], [-6.626434, 37.612478], [-6.626333, 37.612699], [-6.626248, 37.612928], [-6.62615, 37.61316], [-6.626006, 37.613378], [-6.625842, 37.613576], [-6.625641, 37.613793], [-6.625392, 37.613927], [-6.625099, 37.614058], [-6.624831, 37.614173], [-6.624562, 37.614289], [-6.624313, 37.614423], [-6.624082, 37.614577], [-6.62379, 37.614595], [-6.6235, 37.614567], [-6.623192, 37.614633], [-6.622918, 37.614557], [-6.622621, 37.614554], [-6.622636, 37.614788], [-6.622641, 37.615036], [-6.622388, 37.615159], [-6.622106, 37.615277], [-6.621841, 37.615403], [-6.621815, 37.615645], [-6.621858, 37.615874], [-6.621873, 37.616109], [-6.621726, 37.616316], [-6.621477, 37.61645], [-6.621133, 37.616545], [-6.620829, 37.616576], [-6.62054, 37.616548], [-6.620264, 37.616631], [-6.620117, 37.616838], [-6.619835, 37.616956], [-6.619639, 37.617137], [-6.619511, 37.617363], [-6.619261, 37.617497], [-6.619098, 37.617696], [-6.619263, 37.617904], [-6.619332, 37.618129], [-6.619064, 37.618244], [-6.618687, 37.618322], [-6.618411, 37.618235], [-6.618136, 37.618149], [-6.617863, 37.618073], [-6.617579, 37.61801], [-6.617306, 37.617934], [-6.617225, 37.617912], [-6.617258, 37.618089], [-6.617091, 37.618383], [-6.616717, 37.618435], [-6.616364, 37.618571], [-6.616018, 37.618735], [-6.615742, 37.61896], [-6.615783, 37.619277], [-6.616008, 37.619516], [-6.616381, 37.619612], [-6.616577, 37.619886], [-6.61677, 37.620146], [-6.617115, 37.620276], [-6.617475, 37.620168], [-6.617797, 37.619979], [-6.618206, 37.619995], [-6.618296, 37.620288], [-6.61802, 37.620513], [-6.617692, 37.620674], [-6.617311, 37.620697], [-6.616934, 37.620661], [-6.61656, 37.620566], [-6.616215, 37.620436], [-6.615856, 37.620323], [-6.615568, 37.620124], [-6.615251, 37.619959], [-6.614931, 37.619781], [-6.614738, 37.619521], [-6.614733, 37.619198], [-6.614762, 37.618869], [-6.614474, 37.61867], [-6.614093, 37.61862], [-6.613793, 37.61882], [-6.613777, 37.619132], [-6.613748, 37.619461], [-6.613535, 37.619719], [-6.613238, 37.619933], [-6.61279, 37.619983], [-6.612424, 37.619916], [-6.612079, 37.619786], [-6.611702, 37.619676], [-6.611325, 37.619566], [-6.610881, 37.61963], [-6.610711, 37.61991], [-6.610889, 37.620187], [-6.611149, 37.620421], [-6.611116, 37.620735], [-6.610749, 37.620889], [-6.610424, 37.621064], [-6.610065, 37.620951], [-6.609776, 37.620752], [-6.609552, 37.620512], [-6.609408, 37.620229], [-6.609184, 37.619989], [-6.608835, 37.619845], [-6.60858, 37.620081], [-6.608706, 37.620368], [-6.608691, 37.62068], [-6.608331, 37.620787], [-6.607974, 37.620909], [-6.608118, 37.621193], [-6.608159, 37.621509], [-6.607855, 37.621695], [-6.607485, 37.621614], [-6.607193, 37.621401], [-6.607, 37.621141], [-6.606804, 37.620866], [-6.606678, 37.62058], [-6.606658, 37.620275], [-6.60679, 37.619986], [-6.606897, 37.619673], [-6.606771, 37.619387], [-6.606628, 37.619103], [-6.606555, 37.618807], [-6.606609, 37.618504], [-6.6068, 37.618234], [-6.606893, 37.617938], [-6.606891, 37.61763], [-6.606833, 37.617535], [-6.606491, 37.617582], [-6.606248, 37.617588], [-6.606224, 37.617703], [-6.606164, 37.618037], [-6.605907, 37.618309], [-6.605519, 37.618539], [-6.605111, 37.618692], [-6.604804, 37.618925], [-6.604807, 37.619264], [-6.60479, 37.619606], [-6.604533, 37.619878], [-6.604226, 37.62011], [-6.603945, 37.62037], [-6.603592, 37.620578], [-6.603192, 37.620762], [-6.602757, 37.620887], [-6.602365, 37.621021], [-6.601962, 37.621109], [-6.601528, 37.621073], [-6.601196, 37.620873], [-6.600999, 37.620568], [-6.600748, 37.620289], [-6.600463, 37.620032], [-6.600161, 37.619795], [-6.599845, 37.619576], [-6.599512, 37.619376], [-6.59923, 37.619135], [-6.598964, 37.618875], [-6.598663, 37.618637], [-6.598299, 37.618475], [-6.597877, 37.618404], [-6.597462, 37.618364], [-6.597032, 37.618344], [-6.59668, 37.618147], [-6.596717, 37.617801], [-6.596746, 37.617746], [-6.596487, 37.617743], [-6.596525, 37.61762], [-6.596624, 37.61735], [-6.596643, 37.617058], [-6.596361, 37.616952], [-6.59607, 37.616871], [-6.59577, 37.616816], [-6.595471, 37.616761], [-6.595162, 37.616791], [-6.594854, 37.616762], [-6.594615, 37.616587], [-6.594443, 37.616377], [-6.594257, 37.61617], [-6.594076, 37.615925], [-6.593786, 37.615844], [-6.593466, 37.615768], [-6.593186, 37.615914], [-6.592889, 37.615991], [-6.592586, 37.616044], [-6.592275, 37.616003], [-6.592024, 37.615843], [-6.591786, 37.615669], [-6.591492, 37.615576], [-6.591172, 37.615561], [-6.590835, 37.615536], [-6.590637, 37.615343], [-6.590341, 37.615239], [-6.590035, 37.615341], [-6.589766, 37.615473], [-6.589463, 37.615526], [-6.589241, 37.615722], [-6.589118, 37.61596], [-6.588968, 37.616203], [-6.588776, 37.616405], [-6.588623, 37.616637], [-6.588578, 37.616885], [-6.588652, 37.617185], [-6.588798, 37.617412], [-6.58893, 37.617641], [-6.588839, 37.617885], [-6.588712, 37.618021], [-6.588435, 37.61807], [-6.58838, 37.61826], [-6.588213, 37.618625], [-6.58798, 37.619001], [-6.588072, 37.619376], [-6.588191, 37.619765], [-6.588006, 37.620152], [-6.587683, 37.620451], [-6.587222, 37.620663], [-6.586766, 37.620799], [-6.586292, 37.620958], [-6.585849, 37.621148], [-6.585397, 37.621302], [-6.584915, 37.621425], [-6.584463, 37.621579], [-6.583994, 37.621662], [-6.583507, 37.62158], [-6.583097, 37.621336], [-6.582642, 37.621193], [-6.582147, 37.621169], [-6.581802, 37.621472], [-6.581314, 37.621577], [-6.580801, 37.621574], [-6.580332, 37.621471], [-6.579891, 37.621288], [-6.579472, 37.621101], [-6.579049, 37.620897], [-6.5788, 37.620549], [-6.578399, 37.620341], [-6.577909, 37.620148], [-6.577593, 37.619813], [-6.577778, 37.619426], [-6.577686, 37.619051], [-6.577249, 37.618886], [-6.57679, 37.618725], [-6.576299, 37.618719], [-6.575772, 37.618756], [-6.57529, 37.618692], [-6.57484, 37.618473], [-6.574392, 37.618646], [-6.574109, 37.619012], [-6.573623, 37.619024], [-6.573374, 37.618676], [-6.573349, 37.61829], [-6.573369, 37.617895], [-6.573384, 37.617482], [-6.573546, 37.61734], [-6.573615, 37.617227], [-6.573799, 37.616949], [-6.574073, 37.616742], [-6.574528, 37.616388], [-6.574692, 37.616099], [-6.574638, 37.615805], [-6.574549, 37.615518], [-6.574495, 37.615225], [-6.574549, 37.614926], [-6.574512, 37.61463], [-6.574475, 37.614333], [-6.574484, 37.614154], [-6.57449, 37.614028], [-6.574544, 37.61373], [-6.574835, 37.613519], [-6.575182, 37.613386], [-6.575555, 37.613363], [-6.575895, 37.613202], [-6.575643, 37.612987], [-6.575538, 37.612703], [-6.575518, 37.612403], [-6.575426, 37.612102], [-6.575056, 37.612138], [-6.574785, 37.612359], [-6.574418, 37.612482], [-6.574054, 37.612546], [-6.57366, 37.612558], [-6.573311, 37.612461], [-6.572987, 37.612316], [-6.572676, 37.612155], [-6.572352, 37.61201], [-6.57201, 37.611868], [-6.571696, 37.611693], [-6.571583, 37.611592], [-6.571594, 37.611575], [-6.571774, 37.61128], [-6.572031, 37.610987], [-6.572277, 37.610727], [-6.57216, 37.610407], [-6.572084, 37.610095], [-6.572404, 37.609899], [-6.572779, 37.609771], [-6.573281, 37.609682], [-6.573438, 37.609376], [-6.573495, 37.609056], [-6.573466, 37.608825], [-6.57356, 37.608784], [-6.573792, 37.608642], [-6.573717, 37.608441], [-6.573523, 37.608221], [-6.57327, 37.608174], [-6.57315, 37.608195], [-6.573014, 37.608219], [-6.572748, 37.608226], [-6.572479, 37.608222], [-6.57223, 37.608297], [-6.572083, 37.608475], [-6.571861, 37.608606], [-6.571448, 37.608638], [-6.571229, 37.608525], [-6.571228, 37.608365], [-6.571228, 37.608311], [-6.571278, 37.608099], [-6.571203, 37.607898], [-6.571304, 37.607687], [-6.571636, 37.607639], [-6.5717, 37.607434], [-6.571442, 37.607368], [-6.571213, 37.607266], [-6.570923, 37.607276], [-6.570664, 37.607312], [-6.570408, 37.607357], [-6.570147, 37.607332], [-6.569894, 37.607285], [-6.569611, 37.607325], [-6.5694, 37.607453], [-6.569302, 37.607674], [-6.569252, 37.607887], [-6.569253, 37.608022], [-6.568872, 37.608061], [-6.568474, 37.608178], [-6.568128, 37.608347], [-6.568052, 37.60867], [-6.568222, 37.608965], [-6.568525, 37.609175], [-6.568409, 37.60949], [-6.568081, 37.609734], [-6.567942, 37.610037], [-6.568115, 37.610347], [-6.568489, 37.610451], [-6.568373, 37.610766], [-6.567998, 37.610894], [-6.567604, 37.610948], [-6.567203, 37.610972], [-6.566863, 37.61098], [-6.566798, 37.610982], [-6.566394, 37.610991], [-6.565986, 37.610986], [-6.565585, 37.61101], [-6.565184, 37.611035], [-6.564783, 37.611059], [-6.564463, 37.611255], [-6.564194, 37.611504], [-6.56383, 37.611676], [-6.563443, 37.61176], [-6.563116, 37.612004], [-6.562962, 37.612325], [-6.562823, 37.612628], [-6.562684, 37.612932], [-6.562509, 37.613241], [-6.562351, 37.613548], [-6.562253, 37.613859], [-6.562118, 37.614177], [-6.56225, 37.614479], [-6.562368, 37.614799], [-6.562277, 37.61514], [-6.562105, 37.615171], [-6.561884, 37.615375], [-6.56155, 37.615555], [-6.561212, 37.615721], [-6.560884, 37.61593], [-6.560579, 37.61615], [-6.560291, 37.616367], [-6.559957, 37.616547], [-6.559582, 37.616719], [-6.559208, 37.616816], [-6.558968, 37.61707], [-6.558832, 37.617366], [-6.558458, 37.617538], [-6.558116, 37.617765], [-6.558002, 37.618072], [-6.557805, 37.618349], [-6.55747, 37.618529], [-6.557139, 37.618724], [-6.556877, 37.618967], [-6.556658, 37.619232], [-6.556522, 37.619529], [-6.556633, 37.619827], [-6.55701, 37.619897], [-6.557413, 37.619916], [-6.557662, 37.62016], [-6.5577, 37.620471], [-6.557438, 37.620714], [-6.557074, 37.620929], [-6.556772, 37.621164], [-6.556829, 37.621472], [-6.556653, 37.62176], [-6.556297, 37.621929], [-6.556024, 37.622204], [-6.555685, 37.622369], [-6.555282, 37.622577], [-6.554929, 37.62276], [-6.554559, 37.622871], [-6.554167, 37.622819], [-6.553809, 37.62267], [-6.553454, 37.622536], [-6.553063, 37.622408], [-6.552879, 37.622123], [-6.552789, 37.622046], [-6.552616, 37.621897], [-6.552231, 37.62195], [-6.552216, 37.621957], [-6.551998, 37.621807], [-6.551454, 37.621524], [-6.550909, 37.62124], [-6.550717, 37.620717], [-6.550276, 37.620339], [-6.549969, 37.619862], [-6.549656, 37.619361], [-6.549264, 37.618924], [-6.549261, 37.618393], [-6.549874, 37.618183], [-6.549926, 37.617617], [-6.549649, 37.617135], [-6.549232, 37.616727], [-6.54884, 37.61629], [-6.548815, 37.616252], [-6.548965, 37.615962], [-6.548943, 37.615619], [-6.549047, 37.615287], [-6.549195, 37.614964], [-6.549481, 37.614699], [-6.549767, 37.614434], [-6.550081, 37.614197], [-6.550418, 37.613972], [-6.550815, 37.61382], [-6.551275, 37.613672], [-6.551616, 37.613464], [-6.551957, 37.613255], [-6.552342, 37.613055], [-6.552707, 37.612859], [-6.553048, 37.61265], [-6.553452, 37.612446], [-6.553857, 37.612243], [-6.554234, 37.612011], [-6.554508, 37.611699], [-6.554787, 37.611402], [-6.554935, 37.611079], [-6.555359, 37.610872], [-6.555811, 37.610693], [-6.555828, 37.610344], [-6.555648, 37.610029], [-6.555261, 37.609883], [-6.554857, 37.610003], [-6.554374, 37.610138], [-6.554015, 37.609938], [-6.553814, 37.609626], [-6.553594, 37.609318], [-6.553179, 37.609227], [-6.552963, 37.608935], [-6.552608, 37.60875], [-6.552177, 37.60876], [-6.551941, 37.608471], [-6.55184, 37.608143], [-6.551659, 37.607828], [-6.551423, 37.607539], [-6.551116, 37.607297], [-6.550844, 37.607031], [-6.550433, 37.606872], [-6.550206, 37.606904], [-6.550135, 37.606612], [-6.55021, 37.606291], [-6.550326, 37.605977], [-6.550176, 37.60568], [-6.550189, 37.605339], [-6.550187, 37.605016], [-6.550166, 37.604697], [-6.550389, 37.604426], [-6.550487, 37.604116], [-6.550776, 37.603881], [-6.551153, 37.603768], [-6.550962, 37.603463], [-6.550564, 37.603487], [-6.550249, 37.603696], [-6.54996, 37.603932], [-6.549573, 37.603846], [-6.549126, 37.603833], [-6.548763, 37.604005], [-6.548474, 37.60424], [-6.548137, 37.604438], [-6.547878, 37.604715], [-6.547802, 37.605037], [-6.547602, 37.605318], [-6.547379, 37.605589], [-6.547436, 37.605902], [-6.547801, 37.606053], [-6.548069, 37.606283], [-6.548164, 37.60659], [-6.54807, 37.606915], [-6.547663, 37.607063], [-6.547279, 37.607146], [-6.546894, 37.60723], [-6.546474, 37.607242], [-6.546064, 37.607145], [-6.545633, 37.607113], [-6.545245, 37.607028], [-6.545055, 37.606722], [-6.545278, 37.606452], [-6.545394, 37.606139], [-6.545192, 37.605867], [-6.544987, 37.605579], [-6.544626, 37.605443], [-6.544223, 37.605452], [-6.543828, 37.605491], [-6.543429, 37.605515], [-6.543332, 37.605825], [-6.542955, 37.605938], [-6.54275, 37.60565], [-6.542618, 37.60535], [-6.542125, 37.605145], [-6.541853, 37.6049], [-6.541684, 37.604606], [-6.541664, 37.604286], [-6.541662, 37.603963], [-6.541237, 37.603961], [-6.540846, 37.604015], [-6.540667, 37.604308], [-6.540592, 37.604629], [-6.540325, 37.604877], [-6.53993, 37.604839], [-6.539762, 37.604545], [-6.539508, 37.604297], [-6.539207, 37.604088], [-6.53884, 37.604245], [-6.538805, 37.604575], [-6.538844, 37.604891], [-6.53892, 37.605201], [-6.538959, 37.605518], [-6.538862, 37.605828], [-6.538452, 37.605885], [-6.538117, 37.605697], [-6.537711, 37.605692], [-6.537573, 37.605993], [-6.537723, 37.60629], [-6.537909, 37.606581], [-6.538096, 37.606871], [-6.538316, 37.607141], [-6.538536, 37.60741], [-6.538705, 37.607703], [-6.538799, 37.60801], [-6.538879, 37.608335], [-6.538973, 37.608642], [-6.539127, 37.608954], [-6.53935, 37.609172], [-6.539099, 37.609416], [-6.539038, 37.609757], [-6.53904, 37.610103], [-6.539066, 37.610461], [-6.539068, 37.610808], [-6.539094, 37.611166], [-6.539195, 37.611495], [-6.539276, 37.611827], [-6.539548, 37.612093], [-6.539971, 37.612216], [-6.540281, 37.611964], [-6.540496, 37.611662], [-6.540895, 37.611773], [-6.541166, 37.612039], [-6.54139, 37.612362], [-6.541729, 37.612567], [-6.542124, 37.612744], [-6.542412, 37.612991], [-6.542628, 37.613283], [-6.542828, 37.613594], [-6.542949, 37.613919], [-6.54309, 37.614241], [-6.543274, 37.614387], [-6.54328, 37.614411], [-6.543752, 37.614784], [-6.544083, 37.615231], [-6.544415, 37.615679], [-6.544856, 37.616057], [-6.545163, 37.616534], [-6.545166, 37.617065], [-6.545321, 37.617569], [-6.545598, 37.618052], [-6.54596, 37.618494], [-6.54648, 37.618807], [-6.54714, 37.619045], [-6.547709, 37.619299], [-6.547955, 37.619787], [-6.548171, 37.62028], [-6.547944, 37.620776], [-6.547469, 37.621164], [-6.546958, 37.621532], [-6.54635, 37.621766], [-6.545706, 37.621981], [-6.545026, 37.62205], [-6.544418, 37.622284], [-6.543828, 37.62259], [-6.543305, 37.62291], [-6.542631, 37.623004], [-6.542135, 37.622661], [-6.542356, 37.622141], [-6.54245, 37.621618], [-6.542264, 37.62112], [-6.541847, 37.620712], [-6.541455, 37.620275], [-6.541355, 37.619736], [-6.540859, 37.619393], [-6.540785, 37.619395], [-6.540791, 37.619369], [-6.540398, 37.619164], [-6.539987, 37.61898], [-6.539479, 37.61896], [-6.539027, 37.619077], [-6.538567, 37.619158], [-6.53808, 37.619134], [-6.53779, 37.619441], [-6.537351, 37.61961], [-6.536653, 37.619751], [-6.536171, 37.619836], [-6.535654, 37.619872], [-6.535172, 37.619774], [-6.534832, 37.619505], [-6.534456, 37.619279], [-6.534041, 37.619078], [-6.533968, 37.618689], [-6.533812, 37.618332], [-6.533551, 37.618013], [-6.533176, 37.617787], [-6.532743, 37.617607], [-6.532328, 37.617406], [-6.53185, 37.617326], [-6.531391, 37.617224], [-6.531103, 37.616891], [-6.531065, 37.616683], [-6.531262, 37.61672], [-6.531642, 37.616867], [-6.53207, 37.616898], [-6.532353, 37.61665], [-6.532592, 37.616379], [-6.532458, 37.616066], [-6.532145, 37.615877], [-6.531816, 37.615706], [-6.531664, 37.615397], [-6.531779, 37.615087], [-6.531579, 37.614817], [-6.531232, 37.614649], [-6.530863, 37.614546], [-6.530468, 37.61457], [-6.530024, 37.614786], [-6.529712, 37.614993], [-6.529277, 37.615009], [-6.528892, 37.615077], [-6.528515, 37.615174], [-6.52812, 37.615121], [-6.527735, 37.615189], [-6.527328, 37.615398], [-6.527107, 37.615666], [-6.52693, 37.615957], [-6.526731, 37.616236], [-6.526488, 37.616492], [-6.52649, 37.616813], [-6.526455, 37.617139], [-6.526424, 37.61748], [-6.526316, 37.617896], [-6.525945, 37.617847], [-6.525921, 37.617844], [-6.525529, 37.617806], [-6.52512, 37.617771], [-6.524732, 37.617672], [-6.524349, 37.617587], [-6.523954, 37.617458], [-6.523559, 37.617405], [-6.523167, 37.617443], [-6.522783, 37.617511], [-6.52243, 37.617711], [-6.522231, 37.61799], [-6.522076, 37.618292], [-6.521851, 37.618698], [-6.521652, 37.618977], [-6.521314, 37.619159], [-6.520958, 37.619344], [-6.520692, 37.619116], [-6.520913, 37.618848], [-6.52109, 37.618557], [-6.521246, 37.618255], [-6.521291, 37.617896], [-6.521268, 37.617564], [-6.521115, 37.617255], [-6.521, 37.616863], [-6.521156, 37.616561], [-6.521209, 37.616231], [-6.521134, 37.615924], [-6.520882, 37.615678], [-6.520569, 37.615489], [-6.520255, 37.6153], [-6.519908, 37.615132], [-6.519591, 37.614929], [-6.519277, 37.61474], [-6.519026, 37.614494], [-6.518841, 37.614206], [-6.519106, 37.613961], [-6.519508, 37.613966], [-6.519915, 37.61391], [-6.520132, 37.613627], [-6.520185, 37.613298], [-6.520282, 37.612991], [-6.520459, 37.6127], [-6.52068, 37.612432], [-6.521084, 37.612208], [-6.521427, 37.612361], [-6.52152, 37.612666], [-6.521505, 37.612807], [-6.521524, 37.61283], [-6.521722, 37.612967], [-6.521984, 37.6129], [-6.522019, 37.612682], [-6.521887, 37.612504], [-6.521798, 37.612297], [-6.521734, 37.612086], [-6.521611, 37.611896], [-6.521598, 37.611686], [-6.521689, 37.611488], [-6.521513, 37.611337], [-6.521381, 37.611159], [-6.521232, 37.610963], [-6.521077, 37.610798], [-6.520948, 37.610579], [-6.520801, 37.610392], [-6.520601, 37.610246], [-6.520347, 37.61019], [-6.520086, 37.610205], [-6.519831, 37.61025], [-6.519572, 37.610326], [-6.51933, 37.610419], [-6.519121, 37.610547], [-6.518946, 37.610709], [-6.518756, 37.610864], [-6.518486, 37.611052], [-6.51828, 37.61119], [-6.518059, 37.61132], [-6.517838, 37.611449], [-6.517612, 37.61156], [-6.517367, 37.611643], [-6.517094, 37.611661], [-6.516837, 37.611696], [-6.516566, 37.611724], [-6.516295, 37.611701], [-6.516016, 37.611699], [-6.515733, 37.611678], [-6.515487, 37.611601], [-6.51524, 37.611523], [-6.515001, 37.611424], [-6.514735, 37.611319], [-6.514637, 37.611281], [-6.514617, 37.611291], [-6.514583, 37.611437], [-6.51452, 37.611573], [-6.514421, 37.611702], [-6.514244, 37.611726], [-6.514129, 37.611614], [-6.514006, 37.611503], [-6.513892, 37.611391], [-6.513729, 37.611329], [-6.513548, 37.61134], [-6.513374, 37.611413], [-6.513243, 37.611519], [-6.513104, 37.611627], [-6.512948, 37.611738], [-6.512763, 37.611729], [-6.512704, 37.611593], [-6.51273, 37.611449], [-6.51282, 37.611322], [-6.512963, 37.611227], [-6.513094, 37.611121], [-6.513261, 37.611056], [-6.513436, 37.611026], [-6.513577, 37.610924], [-6.513741, 37.610846], [-6.513764, 37.610841], [-6.513889, 37.61049], [-6.514625, 37.610162], [-6.514976, 37.610001], [-6.515326, 37.609911], [-6.515697, 37.609831], [-6.516058, 37.609711], [-6.516412, 37.609564], [-6.516705, 37.609384], [-6.516911, 37.609136], [-6.517075, 37.608866], [-6.51722, 37.608585], [-6.517364, 37.608304], [-6.517471, 37.608016], [-6.517673, 37.607754], [-6.517915, 37.607513], [-6.518161, 37.607285], [-6.518431, 37.607082], [-6.518677, 37.606854], [-6.518919, 37.606613], [-6.519141, 37.606361], [-6.519306, 37.606091], [-6.519359, 37.605798], [-6.519238, 37.605522], [-6.519151, 37.605239], [-6.519349, 37.604963], [-6.519592, 37.604722], [-6.519936, 37.604605], [-6.52034, 37.60459], [-6.520708, 37.604497], [-6.520839, 37.604338], [-6.520625, 37.604243], [-6.520312, 37.603971], [-6.520311, 37.603696], [-6.520391, 37.60342], [-6.520455, 37.603147], [-6.520607, 37.602898], [-6.5209, 37.60269], [-6.521229, 37.602632], [-6.521556, 37.602561], [-6.521585, 37.602281], [-6.521794, 37.602061], [-6.52212, 37.601925], [-6.522426, 37.601701], [-6.522471, 37.601418], [-6.522636, 37.601154], [-6.522881, 37.600954], [-6.522864, 37.600682], [-6.522815, 37.600416], [-6.522977, 37.600139], [-6.522959, 37.599867], [-6.522955, 37.59958], [-6.523144, 37.59935], [-6.523371, 37.59914], [-6.523482, 37.598859], [-6.523731, 37.598671], [-6.52407, 37.598585], [-6.524408, 37.59863], [-6.52458, 37.59853], [-6.524547, 37.598515], [-6.524604, 37.598321], [-6.524737, 37.598181], [-6.524854, 37.598018], [-6.524927, 37.597846], [-6.524872, 37.597664], [-6.524715, 37.597532], [-6.524525, 37.597441], [-6.524305, 37.597396], [-6.524084, 37.597393], [-6.523876, 37.597354], [-6.523717, 37.597215], [-6.523715, 37.59704], [-6.523872, 37.596912], [-6.524085, 37.596799], [-6.524308, 37.596768], [-6.52452, 37.596739], [-6.524731, 37.596702], [-6.524916, 37.596603], [-6.525037, 37.596456], [-6.52509, 37.596288], [-6.525141, 37.596111], [-6.52512, 37.59594], [-6.525069, 37.595773], [-6.525027, 37.595605], [-6.52516, 37.595464], [-6.525327, 37.595335], [-6.52556, 37.595218], [-6.525719, 37.595098], [-6.525726, 37.594913], [-6.525579, 37.59478], [-6.525401, 37.594653], [-6.525227, 37.594541], [-6.525054, 37.59443], [-6.52497, 37.594364], [-6.524752, 37.594434], [-6.524478, 37.594291], [-6.524323, 37.59405], [-6.524157, 37.593824], [-6.523907, 37.593652], [-6.523583, 37.593568], [-6.523294, 37.593428], [-6.523056, 37.59324], [-6.52277, 37.593048], [-6.522717, 37.592981], [-6.522305, 37.593023], [-6.522312, 37.592667], [-6.522543, 37.592578], [-6.522856, 37.592485], [-6.52318, 37.592377], [-6.523511, 37.592293], [-6.523847, 37.592298], [-6.523959, 37.592559], [-6.524141, 37.592782], [-6.524366, 37.592984], [-6.524603, 37.593172], [-6.524939, 37.593176], [-6.52516, 37.592972], [-6.525006, 37.592731], [-6.524719, 37.592603], [-6.524457, 37.592445], [-6.524303, 37.592205], [-6.524191, 37.591944], [-6.524052, 37.5917], [-6.523943, 37.591452], [-6.523877, 37.591183], [-6.524022, 37.590928], [-6.524328, 37.59081], [-6.524568, 37.590615], [-6.524536, 37.590353], [-6.524369, 37.590127], [-6.524095, 37.589984], [-6.524001, 37.589733], [-6.523938, 37.589476], [-6.523618, 37.589405], [-6.5233, 37.589346], [-6.523026, 37.589203], [-6.522899, 37.588945], [-6.522836, 37.588688], [-6.522485, 37.588622], [-6.522264, 37.588827], [-6.521947, 37.588768], [-6.521629, 37.588709], [-6.521445, 37.588933], [-6.52119, 37.589131], [-6.520926, 37.589292], [-6.520778, 37.589535], [-6.52081, 37.589797], [-6.521162, 37.589799], [-6.521489, 37.589767], [-6.521819, 37.589747], [-6.522149, 37.589855], [-6.522466, 37.589978], [-6.522688, 37.590168], [-6.522968, 37.590335], [-6.523178, 37.590541], [-6.523388, 37.590746], [-6.523307, 37.591003], [-6.523086, 37.591207], [-6.522755, 37.591227], [-6.522416, 37.591274], [-6.522239, 37.591364], [-6.522127, 37.591132], [-6.521836, 37.590958], [-6.521513, 37.590856], [-6.521126, 37.590831], [-6.520777, 37.590893], [-6.520446, 37.590964], [-6.520113, 37.591023], [-6.519742, 37.591062], [-6.519393, 37.591057], [-6.519034, 37.591014], [-6.518679, 37.590984], [-6.518324, 37.590954], [-6.517972, 37.590937], [-6.517559, 37.590943], [-6.517195, 37.590941], [-6.516894, 37.590795], [-6.516606, 37.590634], [-6.51628, 37.59052], [-6.515915, 37.590518], [-6.515531, 37.590572], [-6.515194, 37.590618], [-6.514794, 37.590675], [-6.514467, 37.590759], [-6.514171, 37.590904], [-6.514031, 37.590897], [-6.514022, 37.590881], [-6.513777, 37.590701], [-6.513471, 37.590593], [-6.513168, 37.590498], [-6.512833, 37.590457], [-6.512512, 37.590415], [-6.512199, 37.59047], [-6.511872, 37.590527], [-6.511571, 37.59063], [-6.511315, 37.590787], [-6.51104, 37.590934], [-6.510751, 37.591084], [-6.510474, 37.59122], [-6.510185, 37.59137], [-6.509898, 37.591532], [-6.509665, 37.591722], [-6.509486, 37.59194], [-6.509279, 37.592175], [-6.508984, 37.592301], [-6.508666, 37.592394], [-6.508323, 37.592517], [-6.508268, 37.592799], [-6.508332, 37.593061], [-6.508393, 37.593311], [-6.508454, 37.59356], [-6.508429, 37.593791], [-6.508426, 37.593826], [-6.508282, 37.594062], [-6.508046, 37.59424], [-6.507745, 37.594343], [-6.507435, 37.59441], [-6.507049, 37.594478], [-6.506721, 37.594535], [-6.506391, 37.594581], [-6.506073, 37.594612], [-6.505725, 37.594649], [-6.5054, 37.594656], [-6.505172, 37.594696], [-6.505107, 37.594902], [-6.504773, 37.595288], [-6.504477, 37.595511], [-6.504082, 37.595565], [-6.503593, 37.595558], [-6.503158, 37.595448], [-6.502835, 37.59524], [-6.502516, 37.594969], [-6.502178, 37.59478], [-6.501786, 37.594849], [-6.501401, 37.594948], [-6.501002, 37.595065], [-6.500603, 37.595182], [-6.500207, 37.595313], [-6.499833, 37.595457], [-6.499329, 37.595545], [-6.498919, 37.59554], [-6.498539, 37.595428], [-6.498521, 37.595423], [-6.498123, 37.595384], [-6.497723, 37.595501], [-6.497416, 37.595758], [-6.497409, 37.595796], [-6.497358, 37.596079], [-6.497379, 37.596402], [-6.497131, 37.596663], [-6.496769, 37.596851], [-6.496432, 37.597066], [-6.496058, 37.597209], [-6.495637, 37.597315], [-6.495226, 37.597387], [-6.494808, 37.597429], [-6.494413, 37.597483], [-6.494014, 37.597444], [-6.493586, 37.597442], [-6.493193, 37.597404], [-6.492619, 37.597587], [-6.492022, 37.597738], [-6.491426, 37.597659], [-6.49087, 37.597503], [-6.490264, 37.59738], [-6.489691, 37.597273], [-6.489073, 37.597221], [-6.488461, 37.59719], [-6.487921, 37.596986], [-6.487863, 37.596512], [-6.488125, 37.596052], [-6.48842, 37.595609], [-6.488473, 37.595116], [-6.488872, 37.594747], [-6.489479, 37.594755], [-6.490019, 37.594959], [-6.490533, 37.594708], [-6.49074, 37.594257], [-6.490793, 37.593764], [-6.490624, 37.593311], [-6.490273, 37.592935], [-6.490022, 37.592496], [-6.49013, 37.591993], [-6.490557, 37.591619], [-6.490951, 37.591227], [-6.491317, 37.590841], [-6.491716, 37.590471], [-6.49228, 37.590303], [-6.492954, 37.590231], [-6.493424, 37.589918], [-6.493857, 37.589565], [-6.494366, 37.589292], [-6.494798, 37.588939], [-6.495406, 37.588833], [-6.495996, 37.588775], [-6.496602, 37.588898], [-6.496794, 37.589006], [-6.497103, 37.589179], [-6.497714, 37.589324], [-6.49831, 37.589289], [-6.498456, 37.588826], [-6.498128, 37.588423], [-6.497627, 37.588143], [-6.497625, 37.58766], [-6.497296, 37.587257], [-6.496755, 37.587204], [-6.496442, 37.587015], [-6.496072, 37.586836], [-6.495737, 37.586634], [-6.495524, 37.586346], [-6.495256, 37.586083], [-6.495059, 37.585776], [-6.494811, 37.58551], [-6.494507, 37.58527], [-6.494173, 37.585068], [-6.494075, 37.585024], [-6.494105, 37.584727], [-6.493886, 37.584483], [-6.49361, 37.584292], [-6.493347, 37.584084], [-6.493278, 37.583799], [-6.493347, 37.583504], [-6.493585, 37.583251], [-6.493632, 37.583102], [-6.493689, 37.583084], [-6.493835, 37.582765], [-6.493774, 37.582434], [-6.493893, 37.582087], [-6.49395, 37.581735], [-6.493643, 37.581479], [-6.493233, 37.581551], [-6.492787, 37.581646], [-6.4924, 37.581812], [-6.492035, 37.582071], [-6.491936, 37.582415], [-6.491836, 37.582758], [-6.491453, 37.58294], [-6.491405, 37.58295], [-6.490987, 37.583038], [-6.490566, 37.583063], [-6.490155, 37.583135], [-6.489729, 37.583226], [-6.489299, 37.583302], [-6.488869, 37.583459], [-6.488455, 37.583515], [-6.488385, 37.58343], [-6.488222, 37.58323], [-6.488025, 37.582923], [-6.487687, 37.582706], [-6.487281, 37.58263], [-6.48686, 37.582574], [-6.486535, 37.582827], [-6.486575, 37.583162], [-6.486894, 37.583382], [-6.487264, 37.583562], [-6.487658, 37.583672], [-6.48776, 37.58376], [-6.487743, 37.583783], [-6.487813, 37.584068], [-6.487865, 37.584355], [-6.487941, 37.584667], [-6.487977, 37.584957], [-6.487944, 37.585259], [-6.487946, 37.585556], [-6.487877, 37.585851], [-6.487712, 37.58612], [-6.487586, 37.586396], [-6.487496, 37.58668], [-6.487484, 37.586993], [-6.48752, 37.587139], [-6.486578, 37.587906], [-6.486499, 37.587892], [-6.486138, 37.587782], [-6.485858, 37.587591], [-6.485668, 37.587357], [-6.485419, 37.587161], [-6.485081, 37.587073], [-6.484749, 37.587012], [-6.484407, 37.586978], [-6.484058, 37.586986], [-6.483716, 37.58702], [-6.483452, 37.587188], [-6.483221, 37.587114], [-6.482972, 37.586942], [-6.482779, 37.586735], [-6.482463, 37.586677], [-6.48227, 37.586469], [-6.482061, 37.586265], [-6.481761, 37.58614], [-6.481439, 37.586057], [-6.481121, 37.585986], [-6.480768, 37.585972], [-6.480506, 37.586132], [-6.48038, 37.586396], [-6.480445, 37.586663], [-6.480626, 37.586885], [-6.480719, 37.587135], [-6.480896, 37.587409], [-6.481062, 37.587633], [-6.481335, 37.587775], [-6.481638, 37.587912], [-6.481956, 37.588047], [-6.482241, 37.588174], [-6.482526, 37.588302], [-6.482854, 37.588346], [-6.483174, 37.58829], [-6.483488, 37.588209], [-6.483765, 37.588046], [-6.483879, 37.587846], [-6.48414, 37.587666], [-6.48447, 37.587581], [-6.484722, 37.58779], [-6.484867, 37.587891], [-6.485183, 37.587991], [-6.485201, 37.588085], [-6.485346, 37.588161], [-6.485649, 37.588308], [-6.485861, 37.58849], [-6.485881, 37.588507], [-6.486027, 37.588762], [-6.48623, 37.58898], [-6.486421, 37.589213], [-6.486422, 37.589493], [-6.486328, 37.58979], [-6.486208, 37.590051], [-6.486053, 37.590306], [-6.485933, 37.590567], [-6.48582, 37.590854], [-6.48561, 37.591091], [-6.485436, 37.591335], [-6.485319, 37.591609], [-6.485238, 37.59189], [-6.485188, 37.592166], [-6.485094, 37.592463], [-6.484904, 37.59271], [-6.484655, 37.592897], [-6.484591, 37.593036], [-6.484446, 37.593233], [-6.484371, 37.593409], [-6.484271, 37.593572], [-6.484161, 37.593738], [-6.484084, 37.593906], [-6.484096, 37.594084], [-6.484148, 37.594255], [-6.48405, 37.594427], [-6.483823, 37.594638], [-6.483676, 37.594784], [-6.483533, 37.594946], [-6.483598, 37.595124], [-6.483809, 37.595198], [-6.484029, 37.595263], [-6.484205, 37.595369], [-6.484303, 37.595549], [-6.484316, 37.595736], [-6.484139, 37.595844], [-6.483795, 37.59593], [-6.483575, 37.595866], [-6.483366, 37.5958], [-6.483162, 37.595715], [-6.482932, 37.595696], [-6.482694, 37.595686], [-6.48247, 37.595691], [-6.482248, 37.595661], [-6.482025, 37.595675], [-6.481803, 37.595688], [-6.481641, 37.595672], [-6.481583, 37.595667], [-6.481471, 37.595515], [-6.481264, 37.595457], [-6.48105, 37.595503], [-6.480839, 37.595566], [-6.480599, 37.595591], [-6.480398, 37.595515], [-6.480314, 37.595349], [-6.480086, 37.595338], [-6.479974, 37.595495], [-6.479748, 37.595534], [-6.479511, 37.595576], [-6.479294, 37.595657], [-6.479111, 37.595784], [-6.479215, 37.595945], [-6.47923, 37.59614], [-6.479157, 37.596325], [-6.479122, 37.5964], [-6.479035, 37.596402], [-6.478918, 37.596566], [-6.478778, 37.596725], [-6.478678, 37.596913], [-6.478507, 37.597041], [-6.478324, 37.597163], [-6.47813, 37.597287], [-6.47796, 37.597415], [-6.477772, 37.597565], [-6.477566, 37.597681], [-6.477397, 37.597818], [-6.477293, 37.597989], [-6.477327, 37.598171], [-6.477385, 37.598367], [-6.477496, 37.598544], [-6.477499, 37.598741], [-6.477256, 37.598802], [-6.477018, 37.59879], [-6.476776, 37.598761], [-6.476558, 37.598835], [-6.476358, 37.598932], [-6.47616, 37.599039], [-6.475934, 37.599078], [-6.475687, 37.599122], [-6.475462, 37.599161], [-6.475195, 37.599217], [-6.474972, 37.599265], [-6.474829, 37.599416], [-6.474895, 37.599592], [-6.475009, 37.599787], [-6.475148, 37.599942], [-6.475117, 37.600135], [-6.474963, 37.600288], [-6.474782, 37.600418], [-6.474535, 37.600551], [-6.474315, 37.600617], [-6.474096, 37.600682], [-6.47387, 37.600722], [-6.473651, 37.600787], [-6.473483, 37.600829], [-6.473412, 37.600747], [-6.473241, 37.600538], [-6.473071, 37.600329], [-6.472883, 37.600111], [-6.47266, 37.599935], [-6.472403, 37.599801], [-6.472115, 37.59972], [-6.471823, 37.599628], [-6.471528, 37.599524], [-6.471216, 37.599531], [-6.470915, 37.599584], [-6.470614, 37.599637], [-6.47027, 37.599697], [-6.469972, 37.599642], [-6.469542, 37.599658], [-6.469226, 37.599773], [-6.468982, 37.599935], [-6.468683, 37.6], [-6.468392, 37.599907], [-6.468082, 37.599866], [-6.467782, 37.599799], [-6.467459, 37.59976], [-6.467138, 37.599733], [-6.466814, 37.599694], [-6.466546, 37.599574], [-6.466401, 37.599348], [-6.466411, 37.599083], [-6.466203, 37.598905], [-6.465891, 37.598912], [-6.465575, 37.598967], [-6.465416, 37.599234], [-6.465613, 37.599427], [-6.465671, 37.599668], [-6.465424, 37.599819], [-6.465177, 37.59997], [-6.464884, 37.600057], [-6.464588, 37.600133], [-6.464304, 37.600254], [-6.464065, 37.60044], [-6.463943, 37.600676], [-6.46393, 37.600929], [-6.46384, 37.601172], [-6.463744, 37.601316], [-6.463687, 37.601402], [-6.463582, 37.601648], [-6.463578, 37.601663], [-6.463601, 37.601682], [-6.46372, 37.601919], [-6.463751, 37.602172], [-6.463711, 37.602449], [-6.463668, 37.602715], [-6.463575, 37.602964], [-6.46328, 37.603077], [-6.462962, 37.603096], [-6.462636, 37.60308], [-6.462308, 37.603125], [-6.462037, 37.603271], [-6.461847, 37.603501], [-6.461786, 37.603757], [-6.461761, 37.604032], [-6.461639, 37.604287], [-6.461327, 37.604329], [-6.461011, 37.60436], [-6.46064, 37.604474], [-6.460368, 37.60462], [-6.460099, 37.604778], [-6.459886, 37.604975], [-6.459614, 37.605121], [-6.459322, 37.605246], [-6.459021, 37.605335], [-6.458694, 37.605319], [-6.45837, 37.605314], [-6.45826, 37.605555], [-6.457945, 37.605524], [-6.457625, 37.60547], [-6.457329, 37.605583], [-6.457069, 37.605776], [-6.456897, 37.606015], [-6.456807, 37.606276], [-6.456714, 37.606526], [-6.456636, 37.606773], [-6.456576, 37.607029], [-6.456436, 37.607275], [-6.45636, 37.607534], [-6.45627, 37.607795], [-6.456163, 37.608048], [-6.455967, 37.608254], [-6.455658, 37.608308], [-6.455328, 37.608341], [-6.455004, 37.608337], [-6.454677, 37.60832], [-6.454607, 37.608327], [-6.454487, 37.608463], [-6.454205, 37.608592], [-6.453928, 37.608743], [-6.453692, 37.608887], [-6.453443, 37.609033], [-6.453153, 37.60913], [-6.452874, 37.609213], [-6.452584, 37.609252], [-6.452303, 37.609324], [-6.452029, 37.609429], [-6.451756, 37.609534], [-6.451501, 37.609658], [-6.451189, 37.609781], [-6.450902, 37.609889], [-6.450647, 37.610013], [-6.450381, 37.610151], [-6.449866, 37.610435], [-6.449614, 37.61057], [-6.44922, 37.610764], [-6.448941, 37.610847], [-6.448654, 37.610898], [-6.448351, 37.610882], [-6.448073, 37.610794], [-6.447781, 37.610766], [-6.447535, 37.610923], [-6.447323, 37.610755], [-6.447174, 37.610553], [-6.447184, 37.610301], [-6.447284, 37.610067], [-6.447433, 37.609802], [-6.44735, 37.609578], [-6.447083, 37.609476], [-6.446758, 37.609488], [-6.446595, 37.609289], [-6.446591, 37.609039], [-6.446601, 37.608786], [-6.446657, 37.608549], [-6.446661, 37.608471], [-6.44667, 37.608308], [-6.446691, 37.608042], [-6.446717, 37.607798], [-6.446661, 37.607569], [-6.446449, 37.607401], [-6.44616, 37.607327], [-6.445879, 37.607399], [-6.445592, 37.607449], [-6.445397, 37.607233], [-6.445124, 37.60711], [-6.444853, 37.607225], [-6.444827, 37.607469], [-6.444842, 37.607706], [-6.444756, 37.607937], [-6.444757, 37.608176], [-6.444829, 37.608414], [-6.444913, 37.608638], [-6.44505, 37.608853], [-6.445207, 37.609029], [-6.44509, 37.609073], [-6.445103, 37.609124], [-6.445116, 37.609311], [-6.445018, 37.609482], [-6.44492, 37.609653], [-6.444942, 37.60983], [-6.4449, 37.610008], [-6.444644, 37.610062], [-6.444398, 37.610105], [-6.444149, 37.61014], [-6.443923, 37.610137], [-6.443714, 37.610071], [-6.443682, 37.609896], [-6.443806, 37.609746], [-6.443906, 37.609583], [-6.443763, 37.60946], [-6.443757, 37.609455], [-6.443653, 37.609293], [-6.443631, 37.609116], [-6.443589, 37.608944], [-6.443517, 37.608777], [-6.443341, 37.60867], [-6.443311, 37.608856], [-6.443149, 37.608987], [-6.442925, 37.608992], [-6.442687, 37.608982], [-6.442468, 37.60896], [-6.442456, 37.608782], [-6.442499, 37.608604], [-6.442609, 37.608439], [-6.442577, 37.608264], [-6.442393, 37.608168], [-6.442283, 37.608333], [-6.442195, 37.608503], [-6.44213, 37.608677], [-6.442076, 37.608849], [-6.442013, 37.609032], [-6.441928, 37.609209], [-6.441939, 37.609387], [-6.442032, 37.609551], [-6.442045, 37.609737], [-6.442014, 37.609766], [-6.441897, 37.609875], [-6.441675, 37.609845], [-6.441669, 37.609826], [-6.441623, 37.609674], [-6.441581, 37.609502], [-6.44144, 37.609363], [-6.441228, 37.609418], [-6.441022, 37.609497], [-6.440846, 37.609613], [-6.440769, 37.609781], [-6.440822, 37.609952], [-6.440837, 37.609972], [-6.440934, 37.610103], [-6.441037, 37.610265], [-6.441079, 37.610438], [-6.441123, 37.610619], [-6.441165, 37.610791], [-6.441187, 37.610968], [-6.441219, 37.611142], [-6.441178, 37.611329], [-6.441103, 37.611505], [-6.441125, 37.611681], [-6.441237, 37.611833], [-6.441378, 37.611971], [-6.441411, 37.612154], [-6.441201, 37.612216], [-6.440961, 37.612241], [-6.440726, 37.612248], [-6.440559, 37.612132], [-6.440465, 37.611968], [-6.440316, 37.61184], [-6.440118, 37.611729], [-6.439892, 37.611726], [-6.439608, 37.611707], [-6.43939, 37.611737], [-6.439262, 37.611913], [-6.439039, 37.611969], [-6.438821, 37.612042], [-6.438674, 37.612188], [-6.438472, 37.612283], [-6.438311, 37.612414], [-6.438471, 37.612541], [-6.438502, 37.612715], [-6.43829, 37.612769], [-6.438058, 37.612784], [-6.437857, 37.612708], [-6.437749, 37.61253], [-6.437925, 37.612413], [-6.438133, 37.6123], [-6.438262, 37.612123], [-6.438283, 37.612077], [-6.438278, 37.612058], [-6.438224, 37.61195], [-6.438131, 37.611859], [-6.438002, 37.611792], [-6.437876, 37.611735], [-6.437842, 37.611623], [-6.437863, 37.611507], [-6.437897, 37.611389], [-6.437971, 37.611286], [-6.438091, 37.611203], [-6.438171, 37.611099], [-6.438198, 37.610977], [-6.438134, 37.610859], [-6.438108, 37.610752], [-6.438078, 37.61075], [-6.437858, 37.610728], [-6.437651, 37.61067], [-6.437421, 37.610607], [-6.437362, 37.610581], [-6.437228, 37.610521], [-6.437044, 37.610425], [-6.43682, 37.61043], [-6.4366, 37.610408], [-6.436381, 37.610387], [-6.436144, 37.610385], [-6.435944, 37.610309], [-6.435716, 37.610298], [-6.435489, 37.610337], [-6.435263, 37.610377], [-6.435102, 37.610421], [-6.435002, 37.610448], [-6.434776, 37.610445], [-6.434584, 37.610539], [-6.434507, 37.610647], [-6.434544, 37.610844], [-6.434601, 37.61108], [-6.434715, 37.611306], [-6.434893, 37.611497], [-6.434992, 37.611565], [-6.434953, 37.611586], [-6.43483, 37.611735], [-6.434743, 37.611903], [-6.434656, 37.612071], [-6.43458, 37.612238], [-6.434526, 37.612409], [-6.434506, 37.612591], [-6.434344, 37.612712], [-6.434183, 37.612834], [-6.434043, 37.613003], [-6.434001, 37.613066], [-6.433934, 37.613167], [-6.433924, 37.613347], [-6.433958, 37.613528], [-6.43401, 37.613698], [-6.434092, 37.613862], [-6.434175, 37.614026], [-6.434227, 37.614195], [-6.434258, 37.614369], [-6.43407, 37.614469], [-6.433864, 37.614412], [-6.433626, 37.614437], [-6.433419, 37.614507], [-6.433262, 37.614645], [-6.433152, 37.614809], [-6.432952, 37.614903], [-6.432726, 37.614849], [-6.432543, 37.614754], [-6.432491, 37.614584], [-6.432436, 37.614399], [-6.432288, 37.614271], [-6.432053, 37.614313], [-6.431841, 37.614358], [-6.431654, 37.614467], [-6.431434, 37.614523], [-6.431313, 37.614374], [-6.4313, 37.614189], [-6.431354, 37.614018], [-6.431359, 37.613822], [-6.431315, 37.613642], [-6.431262, 37.613465], [-6.431228, 37.613284], [-6.431441, 37.613195], [-6.431649, 37.613133], [-6.431845, 37.613023], [-6.432034, 37.612922], [-6.432198, 37.612873], [-6.432242, 37.61286], [-6.432442, 37.612765], [-6.432647, 37.612687], [-6.432859, 37.612641], [-6.433116, 37.612647], [-6.433336, 37.612677], [-6.433542, 37.612606], [-6.433718, 37.612499], [-6.43375, 37.612323], [-6.433707, 37.612208], [-6.433895, 37.612094], [-6.434076, 37.611874], [-6.434019, 37.611638], [-6.433905, 37.611412], [-6.433738, 37.611207], [-6.433546, 37.611018], [-6.433291, 37.610876], [-6.433025, 37.610746], [-6.432751, 37.610642], [-6.432433, 37.610663], [-6.432116, 37.610683], [-6.431809, 37.61069], [-6.431492, 37.61071], [-6.431186, 37.610717], [-6.430885, 37.610746], [-6.430589, 37.610857], [-6.430436, 37.611071], [-6.430564, 37.611295], [-6.430706, 37.611516], [-6.430876, 37.611732], [-6.431017, 37.611953], [-6.431106, 37.612195], [-6.431034, 37.612442], [-6.430728, 37.612449], [-6.430453, 37.612345], [-6.430213, 37.6122], [-6.430034, 37.612008], [-6.429934, 37.61178], [-6.429742, 37.611591], [-6.429479, 37.611473], [-6.429286, 37.611284], [-6.429313, 37.611033], [-6.429514, 37.610834], [-6.429731, 37.610644], [-6.429604, 37.61042], [-6.429532, 37.610187], [-6.429652, 37.609955], [-6.429744, 37.609843], [-6.429822, 37.609749], [-6.429989, 37.609533], [-6.430142, 37.609318], [-6.430328, 37.609122], [-6.430341, 37.608873], [-6.430067, 37.608769], [-6.429772, 37.608821], [-6.429708, 37.608845], [-6.429426, 37.608788], [-6.429112, 37.608819], [-6.429068, 37.609061], [-6.429277, 37.609259], [-6.429377, 37.609487], [-6.429333, 37.609729], [-6.429238, 37.609779], [-6.427749, 37.609112], [-6.427838, 37.608987], [-6.428059, 37.608737], [-6.428149, 37.608453], [-6.428505, 37.608391], [-6.428229, 37.608199], [-6.427949, 37.607994], [-6.427731, 37.60775], [-6.4281, 37.607742], [-6.428499, 37.607714], [-6.428842, 37.607527], [-6.429134, 37.607349], [-6.429065, 37.607065], [-6.42885, 37.606834], [-6.428815, 37.606544], [-6.42908, 37.606328], [-6.429372, 37.60615], [-6.429728, 37.606088], [-6.43004, 37.60592], [-6.430245, 37.605672], [-6.430142, 37.605394], [-6.429825, 37.605252], [-6.429446, 37.60522], [-6.429091, 37.605282], [-6.428735, 37.605344], [-6.428389, 37.605447], [-6.428262, 37.605723], [-6.428314, 37.60601], [-6.427959, 37.606073], [-6.427536, 37.606076], [-6.427195, 37.605981], [-6.426829, 37.606002], [-6.426526, 37.605844], [-6.426277, 37.605619], [-6.426225, 37.605332], [-6.426206, 37.605039], [-6.426236, 37.604723], [-6.4264, 37.604454], [-6.426321, 37.60413], [-6.426014, 37.603957], [-6.425661, 37.604104], [-6.425372, 37.604296], [-6.425033, 37.604426], [-6.425018, 37.604725], [-6.425267, 37.604949], [-6.425336, 37.605234], [-6.424993, 37.60535], [-6.424628, 37.605372], [-6.424265, 37.605407], [-6.42393, 37.60555], [-6.423557, 37.605615], [-6.423206, 37.60555], [-6.422833, 37.605615], [-6.422497, 37.605759], [-6.422373, 37.606048], [-6.422169, 37.606296], [-6.422008, 37.606578], [-6.421918, 37.606862], [-6.421953, 37.607152], [-6.422107, 37.607422], [-6.422352, 37.607633], [-6.422673, 37.607788], [-6.42299, 37.607931], [-6.423127, 37.608203], [-6.423145, 37.608496], [-6.423231, 37.608777], [-6.423402, 37.609044], [-6.423743, 37.609139], [-6.424108, 37.609188], [-6.424483, 37.609207], [-6.424824, 37.609303], [-6.425114, 37.609478], [-6.425418, 37.609637], [-6.42579, 37.609642], [-6.426156, 37.60955], [-6.426181, 37.609546], [-6.426464, 37.609636], [-6.426819, 37.609795], [-6.427212, 37.609868], [-6.427453, 37.610126], [-6.427541, 37.61049], [-6.427482, 37.610816], [-6.427212, 37.611085], [-6.426982, 37.611362], [-6.426996, 37.611578], [-6.427016, 37.61158], [-6.42717, 37.6116], [-6.427322, 37.611615], [-6.427502, 37.611655], [-6.427689, 37.611693], [-6.427838, 37.611726], [-6.427987, 37.611759], [-6.428141, 37.611786], [-6.428303, 37.611811], [-6.428456, 37.611831], [-6.428614, 37.611839], [-6.428771, 37.611847], [-6.428923, 37.611862], [-6.429073, 37.611901], [-6.429124, 37.612016], [-6.429167, 37.612133], [-6.42921, 37.61225], [-6.429239, 37.612369], [-6.42927, 37.612494], [-6.429313, 37.612611], [-6.42937, 37.612725], [-6.429455, 37.612829], [-6.429534, 37.61294], [-6.429618, 37.613043], [-6.429654, 37.613161], [-6.429655, 37.613286], [-6.429569, 37.61339], [-6.429515, 37.613459], [-6.429532, 37.613528], [-6.42953, 37.613638], [-6.429493, 37.613746], [-6.429453, 37.61384], [-6.429407, 37.61393], [-6.429353, 37.614017], [-6.429324, 37.614109], [-6.429314, 37.614207], [-6.429327, 37.61431], [-6.429441, 37.614377], [-6.429535, 37.614457], [-6.429557, 37.614549], [-6.42951, 37.61464], [-6.429392, 37.614669], [-6.429271, 37.614668], [-6.429163, 37.614719], [-6.429084, 37.614792], [-6.428964, 37.614818], [-6.428852, 37.614851], [-6.428743, 37.614897], [-6.428749, 37.614992], [-6.4288, 37.615084], [-6.428855, 37.615171], [-6.428833, 37.615266], [-6.428779, 37.615353], [-6.42878, 37.615449], [-6.428694, 37.615519], [-6.42858, 37.615544], [-6.428462, 37.615555], [-6.428345, 37.615521], [-6.42828, 37.615441], [-6.428338, 37.615353], [-6.428373, 37.61526], [-6.428418, 37.61516], [-6.428469, 37.615064], [-6.428528, 37.614981], [-6.428594, 37.614896], [-6.428634, 37.614802], [-6.428668, 37.614709], [-6.428728, 37.614625], [-6.428795, 37.614545], [-6.428881, 37.614475], [-6.428974, 37.614413], [-6.429066, 37.614342], [-6.429126, 37.614258], [-6.429155, 37.614166], [-6.429154, 37.61407], [-6.429137, 37.613977], [-6.429131, 37.613855], [-6.429129, 37.613754], [-6.429118, 37.61366], [-6.429112, 37.613565], [-6.429104, 37.613503], [-6.429047, 37.613469], [-6.428954, 37.613361], [-6.428924, 37.613236], [-6.428893, 37.613111], [-6.428886, 37.612958], [-6.428915, 37.612835], [-6.428951, 37.61271], [-6.428986, 37.612579], [-6.42897, 37.612452], [-6.42892, 37.612336], [-6.428797, 37.612257], [-6.428627, 37.612198], [-6.428484, 37.612158], [-6.428339, 37.612112], [-6.428193, 37.612061], [-6.428047, 37.612009], [-6.427907, 37.611951], [-6.427764, 37.611911], [-6.427625, 37.611858], [-6.427479, 37.611807], [-6.427332, 37.611779], [-6.427167, 37.611773], [-6.427025, 37.611781], [-6.42708, 37.612009], [-6.426961, 37.61233], [-6.426701, 37.612644], [-6.426521, 37.61296], [-6.426462, 37.613287], [-6.426236, 37.613579], [-6.425886, 37.613767], [-6.425577, 37.613552], [-6.425207, 37.613412], [-6.424966, 37.613154], [-6.424889, 37.612835], [-6.424807, 37.612502], [-6.424563, 37.612228], [-6.424177, 37.612106], [-6.423796, 37.61192], [-6.423794, 37.611589], [-6.4242, 37.611549], [-6.424524, 37.611334], [-6.424317, 37.611054], [-6.423962, 37.610895], [-6.423808, 37.610826], [-6.423673, 37.611043], [-6.423373, 37.61119], [-6.423031, 37.611303], [-6.42267, 37.611272], [-6.422605, 37.611002], [-6.42269, 37.610732], [-6.422656, 37.61059], [-6.422624, 37.610461], [-6.42232, 37.610313], [-6.421963, 37.610228], [-6.421622, 37.61014], [-6.421288, 37.610077], [-6.420944, 37.610044], [-6.420596, 37.609997], [-6.420258, 37.610056], [-6.419891, 37.610067], [-6.419566, 37.609976], [-6.419433, 37.609704], [-6.419367, 37.609433], [-6.419279, 37.60914], [-6.419058, 37.608923], [-6.418757, 37.608788], [-6.418481, 37.608622], [-6.418192, 37.608471], [-6.418017, 37.608233], [-6.417702, 37.608113], [-6.417346, 37.608028], [-6.416937, 37.608073], [-6.416582, 37.608135], [-6.416262, 37.608271], [-6.415962, 37.608418], [-6.415634, 37.608314], [-6.415296, 37.608373], [-6.414896, 37.608524], [-6.414626, 37.608866], [-6.414666, 37.609168], [-6.414735, 37.609452], [-6.414649, 37.609722], [-6.414301, 37.609809], [-6.414064, 37.609596], [-6.414079, 37.609311], [-6.414044, 37.60929], [-6.414157, 37.608981], [-6.414127, 37.608732], [-6.413916, 37.60855], [-6.41365, 37.608391], [-6.413345, 37.608323], [-6.413041, 37.608255], [-6.412727, 37.608274], [-6.412433, 37.608374], [-6.412128, 37.608488], [-6.411823, 37.608541], [-6.411595, 37.608726], [-6.411405, 37.608941], [-6.411125, 37.609099], [-6.410854, 37.609231], [-6.410794, 37.609484], [-6.411005, 37.609665], [-6.411108, 37.609901], [-6.411107, 37.609988], [-6.411105, 37.610265], [-6.410996, 37.610502], [-6.410983, 37.610759], [-6.41122, 37.610923], [-6.411539, 37.610928], [-6.411846, 37.611008], [-6.412124, 37.611153], [-6.412227, 37.611389], [-6.411956, 37.611521], [-6.411653, 37.611647], [-6.411362, 37.611758], [-6.411071, 37.61187], [-6.410751, 37.611865], [-6.410432, 37.61186], [-6.410138, 37.61196], [-6.409867, 37.612153], [-6.409565, 37.612097], [-6.409407, 37.611882], [-6.409193, 37.611689], [-6.408948, 37.61149], [-6.408729, 37.611274], [-6.408684, 37.611028], [-6.408808, 37.610788], [-6.408763, 37.610542], [-6.408689, 37.6103], [-6.408601, 37.610061], [-6.408487, 37.609778], [-6.40825, 37.609614], [-6.408295, 37.609364], [-6.408161, 37.609122], [-6.40816, 37.609121], [-6.408158, 37.609121], [-6.407847, 37.609139], [-6.407493, 37.609117], [-6.407162, 37.609065], [-6.40725, 37.609304], [-6.407371, 37.60955], [-6.407311, 37.609802], [-6.407135, 37.610015], [-6.40687, 37.61017], [-6.406547, 37.610214], [-6.406234, 37.610172], [-6.40595, 37.610065], [-6.405594, 37.609909], [-6.405307, 37.609789], [-6.405127, 37.609671], [-6.404975, 37.609772], [-6.404696, 37.609574], [-6.404481, 37.609389], [-6.404305, 37.609173], [-6.404274, 37.608919], [-6.404098, 37.608703], [-6.403775, 37.60871], [-6.403429, 37.608746], [-6.403383, 37.60876], [-6.403357, 37.608871], [-6.403248, 37.609108], [-6.403055, 37.609311], [-6.402827, 37.609496], [-6.402539, 37.609619], [-6.402453, 37.6096], [-6.402389, 37.609619], [-6.402079, 37.60955], [-6.401814, 37.609411], [-6.401548, 37.609272], [-6.401226, 37.609156], [-6.400946, 37.60902], [-6.400626, 37.609038], [-6.400286, 37.609036], [-6.400003, 37.608888], [-6.399746, 37.608723], [-6.399514, 37.608529], [-6.399293, 37.608321], [-6.399171, 37.60807], [-6.399199, 37.607806], [-6.399414, 37.607608], [-6.399172, 37.60744], [-6.398936, 37.607276], [-6.398818, 37.607297], [-6.398501, 37.607266], [-6.398485, 37.607009], [-6.398243, 37.606841], [-6.397936, 37.606784], [-6.397607, 37.606767], [-6.397404, 37.606568], [-6.397174, 37.606386], [-6.396933, 37.606218], [-6.396679, 37.606065], [-6.396503, 37.605848], [-6.396425, 37.60559], [-6.396222, 37.605391], [-6.396077, 37.605345], [-6.396081, 37.605255], [-6.396319, 37.605028], [-6.396552, 37.604839], [-6.396789, 37.604676], [-6.396955, 37.604719], [-6.397261, 37.604641], [-6.397402, 37.604394], [-6.397282, 37.604155], [-6.397094, 37.603954], [-6.396838, 37.603788], [-6.396821, 37.603774], [-6.397, 37.603664], [-6.397161, 37.603423], [-6.39719, 37.603155], [-6.397204, 37.602889], [-6.397098, 37.602645], [-6.396774, 37.602539], [-6.396472, 37.602391], [-6.396351, 37.602149], [-6.396187, 37.601928], [-6.396216, 37.60166], [-6.39652, 37.601556], [-6.396866, 37.601496], [-6.397256, 37.601428], [-6.397617, 37.601365], [-6.397835, 37.601164], [-6.397929, 37.600909], [-6.397748, 37.600678], [-6.39744, 37.600569], [-6.397158, 37.600443], [-6.396865, 37.600332], [-6.396912, 37.600073], [-6.397172, 37.599852], [-6.397487, 37.599797], [-6.397832, 37.599799], [-6.398138, 37.599896], [-6.398419, 37.600022], [-6.398727, 37.600131], [-6.399058, 37.600136], [-6.399348, 37.599848], [-6.399181, 37.599614], [-6.398991, 37.599409], [-6.398685, 37.599312], [-6.39837, 37.599367], [-6.398018, 37.599466], [-6.397676, 37.599476], [-6.397345, 37.599471], [-6.39703, 37.599526], [-6.396705, 37.599608], [-6.396371, 37.599717], [-6.396061, 37.599858], [-6.395759, 37.600099], [-6.395542, 37.6003], [-6.395345, 37.600522], [-6.395187, 37.600775], [-6.394948, 37.600954], [-6.394642, 37.601046], [-6.394352, 37.601272], [-6.394173, 37.601503], [-6.394114, 37.601776], [-6.394067, 37.602035], [-6.393808, 37.602193], [-6.393489, 37.602236], [-6.393162, 37.602243], [-6.392855, 37.602334], [-6.39254, 37.60239], [-6.392224, 37.602445], [-6.391961, 37.602265], [-6.391915, 37.60201], [-6.39171, 37.601808], [-6.391386, 37.601765], [-6.391073, 37.601832], [-6.39074, 37.601815], [-6.390428, 37.601757], [-6.390135, 37.601645], [-6.390082, 37.601652], [-6.389931, 37.601532], [-6.389512, 37.60164], [-6.389052, 37.601754], [-6.388656, 37.601603], [-6.388593, 37.601258], [-6.388592, 37.600903], [-6.388789, 37.60058], [-6.388706, 37.600239], [-6.388293, 37.600108], [-6.387826, 37.600105], [-6.387399, 37.600179], [-6.386988, 37.600319], [-6.386613, 37.60052], [-6.386186, 37.600594], [-6.385748, 37.60062], [-6.385453, 37.600367], [-6.385032, 37.600288], [-6.384657, 37.600489], [-6.384338, 37.600748], [-6.383931, 37.600904], [-6.383496, 37.600946], [-6.383083, 37.600815], [-6.382735, 37.600604], [-6.382355, 37.600434], [-6.381901, 37.600394], [-6.381497, 37.600566], [-6.381252, 37.600863], [-6.38103, 37.601173], [-6.381214, 37.601496], [-6.381436, 37.601797], [-6.381518, 37.602138], [-6.381248, 37.602422], [-6.380781, 37.602504], [-6.380343, 37.602445], [-6.379855, 37.602445], [-6.379312, 37.602387], [-6.379023, 37.602373], [-6.379035, 37.602291], [-6.378667, 37.602137], [-6.378219, 37.602138], [-6.377798, 37.602165], [-6.377381, 37.602051], [-6.377077, 37.601839], [-6.376735, 37.601634], [-6.376416, 37.601441], [-6.376013, 37.601465], [-6.375642, 37.601623], [-6.375235, 37.601709], [-6.374859, 37.601604], [-6.37451, 37.601447], [-6.374191, 37.601254], [-6.374115, 37.60094], [-6.374001, 37.600633], [-6.373821, 37.600292], [-6.373708, 37.599985], [-6.373558, 37.599606], [-6.37337, 37.599312], [-6.373167, 37.599037], [-6.372951, 37.598866], [-6.373114, 37.598837], [-6.372932, 37.59859], [-6.372702, 37.598364], [-6.372415, 37.59819], [-6.372081, 37.598039], [-6.371992, 37.59832], [-6.371726, 37.59852], [-6.37137, 37.598568], [-6.371008, 37.59859], [-6.370639, 37.598724], [-6.370439, 37.598983], [-6.370106, 37.599124], [-6.36972, 37.599192], [-6.369335, 37.599259], [-6.369031, 37.599088], [-6.368818, 37.59886], [-6.368636, 37.598612], [-6.368403, 37.598373], [-6.368352, 37.598089], [-6.367994, 37.597913], [-6.367718, 37.59771], [-6.367475, 37.597501], [-6.367356, 37.597228], [-6.367285, 37.596933], [-6.367217, 37.596651], [-6.367115, 37.596375], [-6.366929, 37.596114], [-6.366676, 37.595865], [-6.366839, 37.595599], [-6.367059, 37.595351], [-6.367072, 37.595309], [-6.367148, 37.595069], [-6.367151, 37.594719], [-6.367116, 37.594432], [-6.367061, 37.594134], [-6.367027, 37.593846], [-6.367083, 37.593669], [-6.367022, 37.593416], [-6.366927, 37.593023], [-6.366992, 37.59262], [-6.367038, 37.592436], [-6.367079, 37.5924], [-6.36746, 37.592147], [-6.36753, 37.591762], [-6.367394, 37.591395], [-6.367169, 37.591043], [-6.366926, 37.590713], [-6.366679, 37.590365], [-6.366499, 37.590005], [-6.366058, 37.589821], [-6.365658, 37.590096], [-6.365772, 37.590467], [-6.365863, 37.590842], [-6.365797, 37.591245], [-6.365587, 37.591373], [-6.365571, 37.591678], [-6.365149, 37.591946], [-6.364756, 37.592229], [-6.364358, 37.592492], [-6.363927, 37.592723], [-6.363451, 37.592864], [-6.363045, 37.593016], [-6.363049, 37.593271], [-6.363314, 37.593597], [-6.363683, 37.593868], [-6.364029, 37.594143], [-6.363937, 37.594532], [-6.363467, 37.594614], [-6.362998, 37.594696], [-6.362479, 37.594767], [-6.36202, 37.594605], [-6.361952, 37.594226], [-6.361502, 37.594099], [-6.361062, 37.594306], [-6.360598, 37.59425], [-6.360558, 37.594245], [-6.3604, 37.593882], [-6.360628, 37.593683], [-6.360747, 37.593579], [-6.361212, 37.593479], [-6.361677, 37.59338], [-6.361894, 37.593025], [-6.36144, 37.592881], [-6.360909, 37.592806], [-6.360677, 37.592766], [-6.360423, 37.592723], [-6.360099, 37.592444], [-6.360116, 37.592031], [-6.360208, 37.591642], [-6.360558, 37.591358], [-6.360752, 37.591339], [-6.360752, 37.591334], [-6.361069, 37.591291], [-6.361423, 37.591215], [-6.361812, 37.591133], [-6.361903, 37.590847], [-6.362031, 37.590569], [-6.362258, 37.590331], [-6.362569, 37.590149], [-6.362965, 37.590023], [-6.363246, 37.589789], [-6.363194, 37.5895], [-6.363146, 37.589153], [-6.363059, 37.588869], [-6.362795, 37.58866], [-6.362641, 37.588388], [-6.362742, 37.588072], [-6.362948, 37.587823], [-6.36329, 37.587692], [-6.363658, 37.587671], [-6.363996, 37.587527], [-6.364328, 37.587355], [-6.364669, 37.587224], [-6.365041, 37.587217], [-6.365305, 37.586986], [-6.365358, 37.586692], [-6.365564, 37.586443], [-6.365835, 37.58624], [-6.36618, 37.586123], [-6.366551, 37.586115], [-6.3669, 37.58631], [-6.36725, 37.586504], [-6.367622, 37.586354], [-6.367788, 37.586013], [-6.367998, 37.585706], [-6.368235, 37.585437], [-6.368302, 37.585127], [-6.368069, 37.584898], [-6.367863, 37.584635], [-6.367791, 37.584335], [-6.367796, 37.584316], [-6.367878, 37.584036], [-6.368186, 37.58384], [-6.368504, 37.583759], [-6.368628, 37.583512], [-6.368763, 37.583148], [-6.368848, 37.582758], [-6.368911, 37.582372], [-6.369243, 37.581992], [-6.369605, 37.581732], [-6.370047, 37.581619], [-6.370384, 37.581346], [-6.370631, 37.580981], [-6.371001, 37.580756], [-6.371187, 37.580692], [-6.371455, 37.580694], [-6.371906, 37.580616], [-6.372216, 37.580329], [-6.372472, 37.579998], [-6.372586, 37.579639], [-6.37267, 37.579249], [-6.3726, 37.579017], [-6.372608, 37.578991], [-6.372542, 37.578627], [-6.372369, 37.578282], [-6.371937, 37.578161], [-6.371443, 37.578336], [-6.370998, 37.578253], [-6.370688, 37.577986], [-6.370248, 37.57783], [-6.369817, 37.577619], [-6.369579, 37.577285], [-6.369513, 37.577011], [-6.36992, 37.575919], [-6.370057, 37.575958], [-6.370326, 37.576182], [-6.370605, 37.576377], [-6.370884, 37.576571], [-6.371153, 37.576795], [-6.371435, 37.577003], [-6.3717, 37.577213], [-6.371993, 37.577391], [-6.372452, 37.577368], [-6.372805, 37.577278], [-6.373009, 37.577014], [-6.37308, 37.576716], [-6.373079, 37.576416], [-6.373218, 37.576106], [-6.373466, 37.575877], [-6.373465, 37.575578], [-6.373279, 37.575324], [-6.373123, 37.575052], [-6.373231, 37.574762], [-6.373581, 37.574658], [-6.373928, 37.57454], [-6.374311, 37.574573], [-6.374674, 37.574453], [-6.374881, 37.574202], [-6.374846, 37.573908], [-6.375012, 37.573637], [-6.375374, 37.573731], [-6.375681, 37.573891], [-6.376036, 37.573958], [-6.376406, 37.574008], [-6.376761, 37.574074], [-6.377116, 37.57414], [-6.377275, 37.574427], [-6.377327, 37.574718], [-6.377562, 37.574948], [-6.377854, 37.574754], [-6.378146, 37.57456], [-6.378237, 37.574273], [-6.378418, 37.573985], [-6.378734, 37.573815], [-6.37904, 37.573976], [-6.379196, 37.574249], [-6.379382, 37.574502], [-6.379689, 37.574662], [-6.380069, 37.57461], [-6.380422, 37.57452], [-6.380731, 37.574323], [-6.381091, 37.57426], [-6.381443, 37.574385], [-6.381777, 37.574512], [-6.382084, 37.574672], [-6.382404, 37.574816], [-6.382781, 37.574822], [-6.38315, 37.5748], [-6.383497, 37.574683], [-6.383478, 37.574386], [-6.383088, 37.574397], [-6.382722, 37.574432], [-6.382349, 37.57444], [-6.382025, 37.574283], [-6.38168, 37.574186], [-6.381525, 37.573913], [-6.381455, 37.573626], [-6.3812, 37.573384], [-6.380966, 37.573154], [-6.380839, 37.573034], [-6.381095, 37.572797], [-6.381299, 37.572491], [-6.381651, 37.572303], [-6.381988, 37.572053], [-6.382192, 37.571747], [-6.382286, 37.571397], [-6.382364, 37.571065], [-6.382276, 37.5707], [-6.381897, 37.570448], [-6.3818, 37.570131], [-6.381704, 37.569814], [-6.381683, 37.569484], [-6.381743, 37.569156], [-6.381863, 37.568833], [-6.382071, 37.568542], [-6.382051, 37.568212], [-6.38203, 37.567882], [-6.381915, 37.567568], [-6.381604, 37.567352], [-6.38137, 37.567278], [-6.381216, 37.567229], [-6.38086, 37.567069], [-6.380549, 37.566853], [-6.380488, 37.566688], [-6.380433, 37.566539], [-6.380026, 37.566499], [-6.379777, 37.566781], [-6.379734, 37.566846], [-6.379528, 37.566785], [-6.37944, 37.566498], [-6.37969, 37.566267], [-6.379958, 37.566033], [-6.380067, 37.56574], [-6.379824, 37.565481], [-6.379754, 37.56519], [-6.379883, 37.564909], [-6.379934, 37.564597], [-6.379881, 37.564304], [-6.379645, 37.564072], [-6.379297, 37.563974], [-6.37896, 37.563846], [-6.378619, 37.563704], [-6.378181, 37.563679], [-6.377799, 37.56366], [-6.377395, 37.563629], [-6.377023, 37.563579], [-6.376489, 37.563456], [-6.37611, 37.563451], [-6.375734, 37.563459], [-6.375347, 37.563497], [-6.374934, 37.563426], [-6.374683, 37.56321], [-6.374613, 37.56292], [-6.374456, 37.56286], [-6.374464, 37.562846], [-6.374243, 37.562671], [-6.374097, 37.562435], [-6.374081, 37.562188], [-6.374095, 37.561936], [-6.374062, 37.561681], [-6.374019, 37.561439], [-6.374003, 37.561192], [-6.373889, 37.560962], [-6.373856, 37.560706], [-6.374012, 37.560489], [-6.373828, 37.560283], [-6.373532, 37.560347], [-6.373138, 37.560499], [-6.372863, 37.560654], [-6.372597, 37.560784], [-6.372371, 37.560954], [-6.372072, 37.561006], [-6.371772, 37.561058], [-6.371467, 37.561088], [-6.371373, 37.561085], [-6.371371, 37.560901], [-6.37111, 37.560827], [-6.370823, 37.560867], [-6.370584, 37.560995], [-6.370322, 37.561084], [-6.370047, 37.561175], [-6.369775, 37.561222], [-6.369461, 37.561266], [-6.369174, 37.561252], [-6.368929, 37.561132], [-6.368848, 37.560909], [-6.368782, 37.560694], [-6.368498, 37.560635], [-6.368185, 37.560679], [-6.367848, 37.560738], [-6.367642, 37.560892], [-6.367643, 37.561119], [-6.36759, 37.561344], [-6.367433, 37.561534], [-6.367214, 37.561691], [-6.366926, 37.561784], [-6.366634, 37.561749], [-6.366447, 37.561587], [-6.366329, 37.561381], [-6.366199, 37.561177], [-6.366009, 37.561005], [-6.365785, 37.56086], [-6.365515, 37.560918], [-6.365253, 37.561007], [-6.364958, 37.561069], [-6.364621, 37.561128], [-6.364361, 37.561227], [-6.364292, 37.561445], [-6.364345, 37.561662], [-6.364429, 37.561896], [-6.364162, 37.561964], [-6.363887, 37.562001], [-6.363559, 37.561983], [-6.363418, 37.561792], [-6.363285, 37.561577], [-6.363005, 37.561594], [-6.362746, 37.561693], [-6.362468, 37.561774], [-6.362183, 37.561823], [-6.361894, 37.561798], [-6.361612, 37.56175], [-6.361335, 37.561777], [-6.360993, 37.561815], [-6.360718, 37.561852], [-6.360531, 37.562025], [-6.360436, 37.562247], [-6.360359, 37.562487], [-6.360102, 37.562597], [-6.359817, 37.562647], [-6.359545, 37.562694], [-6.359303, 37.562812], [-6.35926, 37.562927], [-6.359237, 37.562932], [-6.358837, 37.563001], [-6.358496, 37.562848], [-6.358105, 37.56272], [-6.357695, 37.56267], [-6.357295, 37.56274], [-6.356866, 37.562769], [-6.3565, 37.562666], [-6.356426, 37.56236], [-6.356101, 37.56219], [-6.355709, 37.562137], [-6.355409, 37.561916], [-6.355426, 37.561595], [-6.355625, 37.561318], [-6.35574, 37.56101], [-6.355593, 37.560717], [-6.355311, 37.560493], [-6.355128, 37.560207], [-6.355204, 37.55989], [-6.355319, 37.559582], [-6.355241, 37.559262], [-6.355025, 37.558997], [-6.354664, 37.558832], [-6.35429, 37.5587], [-6.353976, 37.558497], [-6.353673, 37.558262], [-6.353296, 37.558192], [-6.352892, 37.558247], [-6.352503, 37.558284], [-6.352121, 37.558351], [-6.351729, 37.558374], [-6.351358, 37.558484], [-6.35145, 37.558786], [-6.351746, 37.558992], [-6.352086, 37.559145], [-6.35243, 37.559313], [-6.352627, 37.559582], [-6.352825, 37.55985], [-6.353136, 37.560039], [-6.353447, 37.560227], [-6.353539, 37.560529], [-6.353769, 37.560777], [-6.354148, 37.560696], [-6.354533, 37.560644], [-6.354763, 37.560892], [-6.354837, 37.561197], [-6.355166, 37.561383], [-6.355305, 37.561722], [-6.354966, 37.561887], [-6.354602, 37.562027], [-6.354207, 37.561959], [-6.353943, 37.561732], [-6.353575, 37.561857], [-6.353377, 37.562134], [-6.353433, 37.562443], [-6.353278, 37.562743], [-6.353058, 37.563008], [-6.352881, 37.563297], [-6.352791, 37.563631], [-6.352792, 37.563652], [-6.352616, 37.563778], [-6.352355, 37.564019], [-6.352119, 37.564285], [-6.351833, 37.5645], [-6.351741, 37.564816], [-6.351685, 37.565126], [-6.351628, 37.565436], [-6.351665, 37.565745], [-6.351861, 37.566011], [-6.352057, 37.566277], [-6.352184, 37.56657], [-6.352293, 37.566866], [-6.352384, 37.567165], [-6.352475, 37.567465], [-6.352548, 37.567767], [-6.352607, 37.568087], [-6.352572, 37.568408], [-6.352667, 37.568722], [-6.352862, 37.568988], [-6.353141, 37.56921], [-6.353538, 37.569456], [-6.35363, 37.569755], [-6.353369, 37.569996], [-6.353083, 37.570211], [-6.352933, 37.570522], [-6.352697, 37.570788], [-6.352329, 37.570897], [-6.351965, 37.571021], [-6.351885, 37.571047], [-6.351644, 37.571071], [-6.351204, 37.571057], [-6.350811, 37.57108], [-6.35046, 37.571278], [-6.350231, 37.571327], [-6.350081, 37.571359], [-6.349944, 37.571656], [-6.350064, 37.571803], [-6.35016, 37.571922], [-6.350253, 37.572225], [-6.350345, 37.572528], [-6.350419, 37.572834], [-6.350493, 37.57314], [-6.350512, 37.573455], [-6.35055, 37.573768], [-6.350413, 37.574065], [-6.350102, 37.574271], [-6.349791, 37.574477], [-6.349483, 37.574698], [-6.349285, 37.574975], [-6.349173, 37.575298], [-6.349123, 37.575641], [-6.349051, 37.575972], [-6.348794, 37.576245], [-6.348652, 37.576248], [-6.348616, 37.576361], [-6.348457, 37.576377], [-6.347987, 37.576405], [-6.347521, 37.57645], [-6.347072, 37.576564], [-6.346596, 37.576756], [-6.346164, 37.576941], [-6.345692, 37.57715], [-6.34578, 37.577516], [-6.345664, 37.577881], [-6.345208, 37.577779], [-6.344971, 37.577457], [-6.344796, 37.577106], [-6.344598, 37.576759], [-6.344401, 37.576412], [-6.344125, 37.576115], [-6.343913, 37.576461], [-6.343701, 37.576807], [-6.343386, 37.577098], [-6.34301, 37.577327], [-6.342568, 37.577567], [-6.342205, 37.577848], [-6.341837, 37.578112], [-6.341495, 37.578389], [-6.341332, 37.578745], [-6.341267, 37.579137], [-6.341338, 37.579525], [-6.341575, 37.579847], [-6.341921, 37.58015], [-6.342276, 37.580396], [-6.342683, 37.58058], [-6.342999, 37.580852], [-6.343509, 37.581271], [-6.343886, 37.581514], [-6.344188, 37.581825], [-6.34456, 37.582051], [-6.344915, 37.582297], [-6.345196, 37.582612], [-6.34535, 37.582966], [-6.345329, 37.583351], [-6.345265, 37.583744], [-6.345243, 37.583842], [-6.344697, 37.584234], [-6.344806, 37.584332], [-6.344889, 37.584502], [-6.344881, 37.584687], [-6.344779, 37.584872], [-6.344686, 37.585048], [-6.344666, 37.585227], [-6.344709, 37.585404], [-6.344699, 37.585581], [-6.344624, 37.585745], [-6.344514, 37.585898], [-6.344381, 37.586039], [-6.344307, 37.586211], [-6.344358, 37.586378], [-6.3444, 37.586596], [-6.344441, 37.586765], [-6.344484, 37.586942], [-6.344555, 37.587147], [-6.344622, 37.587214], [-6.34461, 37.587288], [-6.344568, 37.587463], [-6.344515, 37.587632], [-6.344293, 37.58767], [-6.344012, 37.587677], [-6.34381, 37.58762], [-6.343691, 37.587474], [-6.34361, 37.587312], [-6.343569, 37.587143], [-6.343601, 37.58697], [-6.3437, 37.586777], [-6.34374, 37.586594], [-6.34375, 37.586417], [-6.343738, 37.586321], [-6.343701, 37.586314], [-6.343679, 37.586253], [-6.343589, 37.586142], [-6.343559, 37.586106], [-6.343534, 37.586079], [-6.343369, 37.585966], [-6.343098, 37.585955], [-6.342827, 37.585944], [-6.342679, 37.585784], [-6.342638, 37.585711], [-6.342573, 37.585598], [-6.342456, 37.585414], [-6.342265, 37.585282], [-6.342037, 37.585195], [-6.341802, 37.585129], [-6.341566, 37.585062], [-6.341338, 37.584976], [-6.34112, 37.584877], [-6.340863, 37.584824], [-6.340518, 37.584709], [-6.340274, 37.584654], [-6.340013, 37.584583], [-6.339765, 37.584616], [-6.339508, 37.584661], [-6.339409, 37.584682], [-6.339253, 37.584715], [-6.339007, 37.584758], [-6.338757, 37.584782], [-6.338544, 37.584654], [-6.338485, 37.584536], [-6.338301, 37.584547], [-6.337911, 37.584466], [-6.337561, 37.584631], [-6.337325, 37.58488], [-6.337067, 37.585117], [-6.336707, 37.585239], [-6.336316, 37.585308], [-6.335959, 37.585444], [-6.335744, 37.585704], [-6.335529, 37.585963], [-6.335363, 37.586274], [-6.33519, 37.586556], [-6.335017, 37.586838], [-6.334738, 37.587065], [-6.334371, 37.587232], [-6.334046, 37.587422], [-6.333809, 37.587671], [-6.333736, 37.58798], [-6.333605, 37.588285], [-6.333454, 37.588578], [-6.333359, 37.588876], [-6.333136, 37.589256], [-6.333002, 37.589546], [-6.333012, 37.589713], [-6.333021, 37.589854], [-6.333078, 37.59017], [-6.332906, 37.590452], [-6.332651, 37.590704], [-6.332281, 37.590783], [-6.3319, 37.59082], [-6.331529, 37.590662], [-6.33151, 37.590354], [-6.331477, 37.590285], [-6.33136, 37.59004], [-6.331023, 37.589876], [-6.330651, 37.589792], [-6.330264, 37.5898], [-6.329869, 37.58978], [-6.329489, 37.589817], [-6.329097, 37.589885], [-6.328724, 37.58995], [-6.328336, 37.589958], [-6.327949, 37.589966], [-6.327589, 37.590088], [-6.327561, 37.590508], [-6.327388, 37.59079], [-6.327038, 37.590955], [-6.32664, 37.590994], [-6.326263, 37.591045], [-6.325938, 37.591235], [-6.325904, 37.591343], [-6.326, 37.591425], [-6.326001, 37.591638], [-6.325895, 37.591879], [-6.325871, 37.592095], [-6.32586, 37.59231], [-6.325621, 37.592422], [-6.325442, 37.592453], [-6.325014, 37.592638], [-6.32462, 37.592805], [-6.324203, 37.592878], [-6.323778, 37.592919], [-6.323346, 37.592928], [-6.322929, 37.593], [-6.322497, 37.593092], [-6.322071, 37.593216], [-6.321674, 37.593368], [-6.321257, 37.59344], [-6.320844, 37.593529], [-6.320284, 37.593609], [-6.319847, 37.593685], [-6.319415, 37.593694], [-6.319012, 37.593566], [-6.318657, 37.59338], [-6.318317, 37.593174], [-6.317978, 37.592968], [-6.317587, 37.592805], [-6.31721, 37.592671], [-6.316946, 37.592846], [-6.316569, 37.592971], [-6.316288, 37.593182], [-6.315939, 37.593346], [-6.315608, 37.593507], [-6.315222, 37.593516], [-6.314904, 37.593349], [-6.314572, 37.5932], [-6.314226, 37.593068], [-6.313862, 37.592939], [-6.313516, 37.592807], [-6.313153, 37.592604], [-6.31296, 37.592342], [-6.312871, 37.592047], [-6.312692, 37.591767], [-6.312432, 37.591532], [-6.312129, 37.591348], [-6.311765, 37.591219], [-6.311397, 37.59115], [-6.31104, 37.591049], [-6.310661, 37.591012], [-6.31025, 37.590994], [-6.309839, 37.590977], [-6.309464, 37.59088], [-6.30924, 37.590638], [-6.309079, 37.590355], [-6.308726, 37.590195], [-6.308366, 37.59008], [-6.308062, 37.589896], [-6.307993, 37.58977], [-6.307846, 37.589723], [-6.307699, 37.589597], [-6.307658, 37.589426], [-6.307547, 37.589276], [-6.307314, 37.589232], [-6.307107, 37.589293], [-6.306873, 37.589376], [-6.306624, 37.589487], [-6.306421, 37.589565], [-6.306225, 37.589675], [-6.306079, 37.589819], [-6.305823, 37.58994], [-6.305595, 37.589962], [-6.30538, 37.589991], [-6.305142, 37.589973], [-6.304931, 37.590061], [-6.304745, 37.590169], [-6.304776, 37.590342], [-6.304617, 37.590471], [-6.304391, 37.590459], [-6.304172, 37.59043], [-6.303947, 37.590418], [-6.303712, 37.590408], [-6.303464, 37.590392], [-6.303229, 37.590382], [-6.302994, 37.590372], [-6.302772, 37.590377], [-6.302559, 37.590414], [-6.302342, 37.590434], [-6.302136, 37.590504], [-6.301881, 37.590455], [-6.30188, 37.590454], [-6.301768, 37.590297], [-6.301568, 37.590213], [-6.301345, 37.59021], [-6.301157, 37.59031], [-6.300956, 37.590396], [-6.300724, 37.590445], [-6.300498, 37.590475], [-6.300269, 37.59049], [-6.300011, 37.590518], [-6.299792, 37.590488], [-6.299786, 37.590494], [-6.299736, 37.590448], [-6.299582, 37.590335], [-6.299407, 37.590256], [-6.299223, 37.590343], [-6.299166, 37.590508], [-6.298984, 37.590602], [-6.298811, 37.590695], [-6.29865, 37.590793], [-6.298464, 37.590872], [-6.298264, 37.590891], [-6.298066, 37.590917], [-6.297868, 37.590944], [-6.297671, 37.590978], [-6.297412, 37.590992], [-6.297215, 37.591026], [-6.297069, 37.591145], [-6.296972, 37.59131], [-6.296725, 37.591337], [-6.29653, 37.591293], [-6.29634, 37.591233], [-6.296229, 37.591096], [-6.296238, 37.590931], [-6.296254, 37.590757], [-6.296214, 37.590592], [-6.296095, 37.590379], [-6.295918, 37.590293], [-6.295693, 37.590247], [-6.295487, 37.590243], [-6.295289, 37.59027], [-6.295244, 37.59025], [-6.294978, 37.590296], [-6.294835, 37.590101], [-6.294643, 37.589935], [-6.294324, 37.589925], [-6.294019, 37.589978], [-6.29371, 37.589954], [-6.293519, 37.589789], [-6.293351, 37.589609], [-6.29308, 37.589512], [-6.292854, 37.589662], [-6.292581, 37.589731], [-6.292298, 37.589758], [-6.292, 37.589722], [-6.291722, 37.58977], [-6.291449, 37.589895], [-6.291212, 37.590057], [-6.291036, 37.590242], [-6.290779, 37.590375], [-6.29055, 37.590514], [-6.290535, 37.590565], [-6.290435, 37.590582], [-6.290191, 37.590653], [-6.290022, 37.590733], [-6.289861, 37.590811], [-6.289719, 37.590929], [-6.289582, 37.591032], [-6.289401, 37.591179], [-6.28924, 37.591257], [-6.289071, 37.591337], [-6.288896, 37.591396], [-6.288708, 37.591436], [-6.288528, 37.591474], [-6.288338, 37.591507], [-6.288157, 37.591538], [-6.287967, 37.591571], [-6.287781, 37.591582], [-6.287593, 37.591586], [-6.287409, 37.591568], [-6.287235, 37.591519], [-6.287049, 37.591529], [-6.286985, 37.591567], [-6.286985, 37.591563], [-6.286704, 37.5916], [-6.286426, 37.591648], [-6.286138, 37.591654], [-6.285864, 37.591603], [-6.285653, 37.591456], [-6.285521, 37.591431], [-6.28523, 37.591073], [-6.284875, 37.590766], [-6.284347, 37.590695], [-6.284255, 37.590755], [-6.284105, 37.59073], [-6.283797, 37.590832], [-6.283497, 37.590908], [-6.283219, 37.591077], [-6.283203, 37.591078], [-6.282905, 37.591095], [-6.282631, 37.590961], [-6.282379, 37.590799], [-6.282239, 37.590532], [-6.282268, 37.590273], [-6.282389, 37.590022], [-6.28233, 37.589777], [-6.281918, 37.589764], [-6.281604, 37.589782], [-6.281287, 37.589849], [-6.280992, 37.589755], [-6.280678, 37.589713], [-6.280383, 37.589619], [-6.280251, 37.589387], [-6.280329, 37.589143], [-6.280554, 37.588947], [-6.280647, 37.5887], [-6.280665, 37.588682], [-6.280377, 37.588542], [-6.279898, 37.588359], [-6.279543, 37.588687], [-6.279018, 37.588737], [-6.278465, 37.588669], [-6.277936, 37.588597], [-6.277398, 37.588486], [-6.276935, 37.58826], [-6.276496, 37.58803], [-6.276017, 37.587847], [-6.275598, 37.587592], [-6.27512, 37.58741], [-6.27472, 37.587131], [-6.274361, 37.586805], [-6.27434, 37.586784], [-6.274191, 37.586776], [-6.273782, 37.586617], [-6.27358, 37.58629], [-6.273291, 37.586027], [-6.272934, 37.585826], [-6.272648, 37.58558], [-6.272667, 37.585231], [-6.272666, 37.584886], [-6.272416, 37.584616], [-6.272059, 37.584415], [-6.271706, 37.58423], [-6.271281, 37.584172], [-6.270872, 37.584095], [-6.270424, 37.583942], [-6.270102, 37.583718], [-6.269888, 37.583426], [-6.269868, 37.583085], [-6.269993, 37.58275], [-6.270118, 37.582416], [-6.270189, 37.582026], [-6.270089, 37.581697], [-6.26995, 37.581376], [-6.26985, 37.581048], [-6.269956, 37.580717], [-6.270239, 37.580456], [-6.270215, 37.580377], [-6.270376, 37.580115], [-6.270518, 37.579842], [-6.270758, 37.57962], [-6.27084, 37.579316], [-6.270892, 37.579031], [-6.270925, 37.578735], [-6.270685, 37.578528], [-6.270402, 37.578356], [-6.270143, 37.578139], [-6.26996, 37.577881], [-6.269856, 37.577595], [-6.269852, 37.577292], [-6.270093, 37.57707], [-6.270441, 37.57701], [-6.270786, 37.576937], [-6.271143, 37.576916], [-6.2715, 37.576964], [-6.271842, 37.576878], [-6.272191, 37.576748], [-6.272565, 37.576725], [-6.272894, 37.576585], [-6.273132, 37.576281], [-6.273332, 37.576039], [-6.273674, 37.575952], [-6.27396, 37.575778], [-6.274115, 37.575489], [-6.274105, 37.575491], [-6.273679, 37.575433], [-6.273236, 37.575394], [-6.272693, 37.575373], [-6.272323, 37.575206], [-6.272061, 37.574888], [-6.271897, 37.574553], [-6.271813, 37.574204], [-6.271634, 37.573888], [-6.271471, 37.573553], [-6.27132, 37.573183], [-6.271359, 37.572829], [-6.271725, 37.572634], [-6.272172, 37.572606], [-6.272511, 37.572811], [-6.272916, 37.572691], [-6.273018, 37.572343], [-6.273037, 37.571993], [-6.273406, 37.571814], [-6.27383, 37.571856], [-6.27389, 37.572192], [-6.274049, 37.572511], [-6.27411, 37.572848], [-6.274545, 37.572855], [-6.274465, 37.572522], [-6.274547, 37.572177], [-6.274787, 37.571888], [-6.275196, 37.571784], [-6.275195, 37.571437], [-6.274924, 37.57117], [-6.274689, 37.570881], [-6.274493, 37.570573], [-6.274448, 37.570573], [-6.274125, 37.570403], [-6.274218, 37.570086], [-6.274275, 37.569775], [-6.274562, 37.56956], [-6.274941, 37.569494], [-6.275331, 37.569471], [-6.275721, 37.569449], [-6.276161, 37.569478], [-6.27653, 37.569369], [-6.276457, 37.569065], [-6.276366, 37.568765], [-6.276257, 37.568468], [-6.276075, 37.568183], [-6.276056, 37.56787], [-6.276272, 37.567592], [-6.27658, 37.567388], [-6.276892, 37.567198], [-6.277176, 37.566968], [-6.277172, 37.566638], [-6.277001, 37.566321], [-6.276892, 37.566024], [-6.276819, 37.56572], [-6.276836, 37.565401], [-6.277202, 37.565277], [-6.277635, 37.565202], [-6.278013, 37.565287], [-6.278034, 37.565304], [-6.278037, 37.565289], [-6.278124, 37.565291], [-6.278574, 37.565276], [-6.279002, 37.565249], [-6.279061, 37.565249], [-6.279123, 37.56526], [-6.279493, 37.565401], [-6.279902, 37.565378], [-6.280252, 37.56519], [-6.280455, 37.564887], [-6.280598, 37.564578], [-6.28076, 37.564265], [-6.280928, 37.564031], [-6.280967, 37.563976], [-6.281128, 37.563664], [-6.281526, 37.563595], [-6.281603, 37.563913], [-6.28157, 37.564027], [-6.281748, 37.564188], [-6.282161, 37.564101], [-6.282304, 37.563792], [-6.28265, 37.563589], [-6.283048, 37.56352], [-6.283439, 37.563421], [-6.283837, 37.563352], [-6.284243, 37.563234], [-6.284303, 37.562908], [-6.284264, 37.562583], [-6.284207, 37.562261], [-6.28413, 37.561943], [-6.284031, 37.561612], [-6.283787, 37.561339], [-6.283433, 37.561179], [-6.283036, 37.56109], [-6.282796, 37.560831], [-6.282832, 37.560502], [-6.282909, 37.56053], [-6.283375, 37.560521], [-6.283945, 37.560297], [-6.284127, 37.559945], [-6.284041, 37.559585], [-6.283731, 37.559318], [-6.284101, 37.559094], [-6.284262, 37.558745], [-6.284133, 37.558393], [-6.283802, 37.55813], [-6.283651, 37.557781], [-6.284042, 37.557553], [-6.284041, 37.557179], [-6.284083, 37.556798], [-6.28412, 37.556399], [-6.283991, 37.556047], [-6.283883, 37.555692], [-6.283998, 37.555333], [-6.28389, 37.554978], [-6.283425, 37.554898], [-6.282982, 37.554814], [-6.282552, 37.554693], [-6.282113, 37.554537], [-6.281643, 37.55453], [-6.281779, 37.554168], [-6.282115, 37.553896], [-6.282513, 37.553702], [-6.282772, 37.553389], [-6.283133, 37.553131], [-6.283503, 37.552817], [-6.283614, 37.552441], [-6.283636, 37.552236], [-6.283791, 37.552221], [-6.284113, 37.552165], [-6.284435, 37.552045], [-6.28472, 37.551906], [-6.284939, 37.55169], [-6.285003, 37.551423], [-6.285327, 37.55138], [-6.285675, 37.551434], [-6.285998, 37.551428], [-6.286166, 37.551545], [-6.286381, 37.551695], [-6.286639, 37.551793], [-6.286878, 37.551928], [-6.287093, 37.552078], [-6.287339, 37.552244], [-6.287559, 37.552415], [-6.287788, 37.552563], [-6.287979, 37.552728], [-6.288196, 37.552888], [-6.2884, 37.553051], [-6.288629, 37.553198], [-6.288854, 37.553335], [-6.289061, 37.553509], [-6.28923, 37.553755], [-6.289286, 37.553987], [-6.289327, 37.554211], [-6.289382, 37.554444], [-6.289563, 37.554622], [-6.289858, 37.554648], [-6.289973, 37.554618], [-6.290038, 37.554748], [-6.290151, 37.554926], [-6.290293, 37.555079], [-6.290486, 37.555196], [-6.290724, 37.555258], [-6.290973, 37.555271], [-6.291219, 37.555266], [-6.291447, 37.555339], [-6.291624, 37.555487], [-6.291692, 37.555672], [-6.291704, 37.555867], [-6.291632, 37.556058], [-6.291842, 37.555956], [-6.292004, 37.555796], [-6.29224, 37.555755], [-6.292363, 37.555584], [-6.292322, 37.555365], [-6.292189, 37.555201], [-6.292014, 37.555062], [-6.291901, 37.554884], [-6.291948, 37.554689], [-6.292071, 37.55447], [-6.292192, 37.554289], [-6.292356, 37.554139], [-6.292427, 37.553948], [-6.292433, 37.553731], [-6.292453, 37.553521], [-6.292475, 37.55332], [-6.292502, 37.55309], [-6.292524, 37.552889], [-6.292605, 37.552687], [-6.292689, 37.552503], [-6.292824, 37.55233], [-6.293045, 37.552226], [-6.293315, 37.552179], [-6.293563, 37.552136], [-6.293747, 37.552263], [-6.293792, 37.552453], [-6.293817, 37.552655], [-6.293833, 37.552868], [-6.293845, 37.553063], [-6.293868, 37.553256], [-6.293903, 37.553448], [-6.293914, 37.553643], [-6.293987, 37.553846], [-6.294055, 37.554031], [-6.294134, 37.554215], [-6.294268, 37.554379], [-6.294444, 37.554527], [-6.294598, 37.554679], [-6.294752, 37.554831], [-6.294965, 37.554934], [-6.295219, 37.554918], [-6.295329, 37.554804], [-6.295398, 37.554814], [-6.295642, 37.554847], [-6.295906, 37.554868], [-6.296163, 37.554861], [-6.296427, 37.554833], [-6.296665, 37.554792], [-6.296925, 37.554747], [-6.297173, 37.554704], [-6.297411, 37.554663], [-6.297652, 37.554639], [-6.297873, 37.554479], [-6.298066, 37.554351], [-6.298229, 37.5542], [-6.29842, 37.554063], [-6.298656, 37.553966], [-6.298889, 37.553906], [-6.299124, 37.553856], [-6.299386, 37.553867], [-6.299623, 37.553826], [-6.29987, 37.553774], [-6.30012, 37.553787], [-6.300304, 37.553915], [-6.300458, 37.554067], [-6.300595, 37.554241], [-6.300611, 37.554455], [-6.300503, 37.554643], [-6.300272, 37.554759], [-6.300063, 37.554871], [-6.29987, 37.554998], [-6.29976, 37.555178], [-6.299675, 37.555362], [-6.299567, 37.555535], [-6.299537, 37.555556], [-6.299413, 37.555661], [-6.29931, 37.555756], [-6.299191, 37.555849], [-6.299071, 37.555935], [-6.298961, 37.556037], [-6.298858, 37.556132], [-6.298747, 37.556229], [-6.29863, 37.556327], [-6.298511, 37.556419], [-6.2984, 37.556515], [-6.298272, 37.556603], [-6.298142, 37.556679], [-6.298022, 37.556766], [-6.297919, 37.556867], [-6.297874, 37.556987], [-6.297903, 37.557107], [-6.297982, 37.557219], [-6.298096, 37.557324], [-6.2982, 37.557413], [-6.298335, 37.557479], [-6.298462, 37.557546], [-6.298593, 37.557624], [-6.298733, 37.557683], [-6.29882, 37.557719], [-6.298899, 37.557878], [-6.299003, 37.558066], [-6.299124, 37.558231], [-6.299289, 37.55838], [-6.29948, 37.558496], [-6.29969, 37.558591], [-6.299881, 37.558707], [-6.300075, 37.558832], [-6.300268, 37.558957], [-6.300415, 37.559128], [-6.300415, 37.559324], [-6.300344, 37.559514], [-6.300237, 37.559701], [-6.300088, 37.559857], [-6.29987, 37.55997], [-6.29975, 37.56015], [-6.299572, 37.560283], [-6.299363, 37.560385], [-6.299138, 37.560471], [-6.29891, 37.560538], [-6.298681, 37.560606], [-6.298441, 37.560676], [-6.298216, 37.560762], [-6.297962, 37.560871], [-6.297724, 37.56095], [-6.297484, 37.56102], [-6.297238, 37.561062], [-6.297051, 37.561095], [-6.296966, 37.56109], [-6.296763, 37.561166], [-6.296615, 37.561287], [-6.296553, 37.56142], [-6.296531, 37.561573], [-6.296517, 37.561724], [-6.296527, 37.561872], [-6.29656, 37.562008], [-6.296576, 37.562148], [-6.296611, 37.562291], [-6.29667, 37.56243], [-6.296686, 37.562569], [-6.296688, 37.562718], [-6.296697, 37.562859], [-6.296721, 37.562997], [-6.296706, 37.563142], [-6.296682, 37.563289], [-6.296706, 37.563427], [-6.296764, 37.563559], [-6.296823, 37.563698], [-6.296914, 37.563831], [-6.297036, 37.563878], [-6.297038, 37.563967], [-6.297038, 37.564129], [-6.297009, 37.564288], [-6.296993, 37.564461], [-6.296945, 37.564623], [-6.296897, 37.564786], [-6.29684, 37.564951], [-6.296784, 37.565115], [-6.296706, 37.565275], [-6.296616, 37.565422], [-6.296515, 37.565563], [-6.296438, 37.565723], [-6.29637, 37.565882], [-6.296352, 37.566047], [-6.296447, 37.5662], [-6.296644, 37.56622], [-6.296694, 37.566065], [-6.296675, 37.565906], [-6.296704, 37.565746], [-6.296763, 37.565589], [-6.296855, 37.565411], [-6.296934, 37.565259], [-6.297033, 37.56511], [-6.297135, 37.564969], [-6.297258, 37.564839], [-6.297392, 37.564716], [-6.297401, 37.564552], [-6.297373, 37.564395], [-6.297335, 37.564239], [-6.297298, 37.564084], [-6.297238, 37.563916], [-6.297236, 37.563908], [-6.297246, 37.563909], [-6.297374, 37.563805], [-6.2973, 37.563676], [-6.297251, 37.563542], [-6.29721, 37.563407], [-6.297202, 37.563266], [-6.297193, 37.563125], [-6.29723, 37.562963], [-6.297228, 37.562814], [-6.297251, 37.562661], [-6.297242, 37.56252], [-6.297208, 37.562377], [-6.297163, 37.562229], [-6.297074, 37.562102], [-6.29709, 37.561957], [-6.297151, 37.561824], [-6.297217, 37.561677], [-6.297223, 37.561527], [-6.297215, 37.561403], [-6.29736, 37.561377], [-6.2976, 37.561308], [-6.297829, 37.56124], [-6.298072, 37.561179], [-6.298338, 37.561123], [-6.298607, 37.561077], [-6.298916, 37.561051], [-6.299159, 37.56099], [-6.299286, 37.560791], [-6.299446, 37.560632], [-6.29967, 37.560546], [-6.299931, 37.560464], [-6.300166, 37.560376], [-6.300376, 37.560274], [-6.300565, 37.560139], [-6.300738, 37.559987], [-6.300832, 37.559793], [-6.300892, 37.559606], [-6.300963, 37.559416], [-6.300989, 37.559187], [-6.300977, 37.558993], [-6.300988, 37.558795], [-6.300976, 37.558601], [-6.300886, 37.55842], [-6.300724, 37.55828], [-6.300505, 37.558197], [-6.300283, 37.558095], [-6.300057, 37.558032], [-6.299726, 37.557916], [-6.299767, 37.557807], [-6.299724, 37.557659], [-6.299625, 37.557558], [-6.299503, 37.557484], [-6.299375, 37.557417], [-6.299236, 37.557363], [-6.299082, 37.557343], [-6.298929, 37.557322], [-6.298775, 37.557301], [-6.298623, 37.557286], [-6.298465, 37.557218], [-6.298429, 37.557099], [-6.298392, 37.556975], [-6.298475, 37.556859], [-6.298553, 37.55675], [-6.298654, 37.556644], [-6.298763, 37.556542], [-6.298901, 37.556464], [-6.299034, 37.556399], [-6.299165, 37.556329], [-6.299299, 37.556264], [-6.29942, 37.556183], [-6.299532, 37.556093], [-6.299663, 37.556016], [-6.299727, 37.555949], [-6.299785, 37.555918], [-6.299945, 37.555748], [-6.300131, 37.555594], [-6.300311, 37.555459], [-6.300421, 37.555279], [-6.300506, 37.555095], [-6.30067, 37.554944], [-6.300811, 37.55475], [-6.300962, 37.554592], [-6.30095, 37.554396], [-6.300836, 37.554218], [-6.300754, 37.554025], [-6.300754, 37.553827], [-6.300776, 37.553625], [-6.300753, 37.553432], [-6.300639, 37.553254], [-6.300419, 37.553169], [-6.300175, 37.553136], [-6.299934, 37.553159], [-6.299703, 37.553228], [-6.299539, 37.553379], [-6.299313, 37.553465], [-6.299073, 37.553497], [-6.298811, 37.553534], [-6.298573, 37.553575], [-6.298314, 37.55362], [-6.298103, 37.553723], [-6.297887, 37.553854], [-6.297694, 37.553982], [-6.297519, 37.554135], [-6.297293, 37.554221], [-6.297044, 37.554265], [-6.296807, 37.554306], [-6.296558, 37.554349], [-6.296309, 37.554392], [-6.296047, 37.554428], [-6.295771, 37.554457], [-6.295528, 37.554472], [-6.295376, 37.554443], [-6.295356, 37.554416], [-6.295155, 37.55431], [-6.294931, 37.554208], [-6.294768, 37.554067], [-6.294634, 37.553903], [-6.294611, 37.553709], [-6.294644, 37.553506], [-6.294637, 37.553282], [-6.294637, 37.553085], [-6.294614, 37.552892], [-6.294602, 37.552697], [-6.294557, 37.552508], [-6.294511, 37.552318], [-6.294454, 37.552131], [-6.294332, 37.551964], [-6.294196, 37.551791], [-6.294074, 37.551624], [-6.293891, 37.551496], [-6.29365, 37.55152], [-6.293417, 37.551579], [-6.293187, 37.551647], [-6.292957, 37.551715], [-6.292771, 37.551869], [-6.292593, 37.552004], [-6.292456, 37.552168], [-6.292268, 37.552314], [-6.292078, 37.55245], [-6.292043, 37.552644], [-6.292009, 37.552847], [-6.291987, 37.553048], [-6.291927, 37.553237], [-6.291842, 37.55342], [-6.291746, 37.553606], [-6.291637, 37.553785], [-6.291502, 37.553958], [-6.291355, 37.554125], [-6.291218, 37.554289], [-6.290979, 37.554322], [-6.290741, 37.554354], [-6.290489, 37.554332], [-6.290445, 37.554302], [-6.290501, 37.554173], [-6.290661, 37.55398], [-6.290744, 37.553756], [-6.290638, 37.553543], [-6.290447, 37.553378], [-6.290232, 37.553228], [-6.290004, 37.553081], [-6.289765, 37.552946], [-6.289571, 37.552771], [-6.289428, 37.552575], [-6.289282, 37.552369], [-6.289123, 37.552166], [-6.288932, 37.552001], [-6.288765, 37.551821], [-6.288447, 37.551645], [-6.28818, 37.551735], [-6.287889, 37.551841], [-6.287663, 37.551704], [-6.287472, 37.551539], [-6.287244, 37.551391], [-6.286997, 37.55128], [-6.286729, 37.551194], [-6.286416, 37.551039], [-6.286177, 37.550905], [-6.286102, 37.550851], [-6.285976, 37.550629], [-6.285899, 37.550375], [-6.285962, 37.550108], [-6.285882, 37.549841], [-6.285759, 37.549595], [-6.286002, 37.549412], [-6.286312, 37.549308], [-6.286265, 37.549048], [-6.286127, 37.548804], [-6.28605, 37.548549], [-6.286131, 37.548293], [-6.286213, 37.548036], [-6.286398, 37.547812], [-6.286642, 37.547566], [-6.28684, 37.54737], [-6.286975, 37.547361], [-6.287131, 37.547197], [-6.287334, 37.547024], [-6.287533, 37.546833], [-6.287717, 37.546635], [-6.287818, 37.546441], [-6.28796, 37.54627], [-6.288123, 37.546085], [-6.288237, 37.545899], [-6.28831, 37.54569], [-6.28825, 37.545495], [-6.288132, 37.54531], [-6.287951, 37.545165], [-6.287779, 37.545009], [-6.28763, 37.544849], [-6.287503, 37.544675], [-6.287385, 37.54449], [-6.287236, 37.54433], [-6.287064, 37.544174], [-6.286868, 37.544022], [-6.286652, 37.543884], [-6.286451, 37.543762], [-6.286258, 37.543619], [-6.286088, 37.543473], [-6.285916, 37.543316], [-6.285851, 37.543269], [-6.285723, 37.543174], [-6.285562, 37.543016], [-6.285585, 37.542806], [-6.285845, 37.54282], [-6.286076, 37.542917], [-6.286147, 37.542933], [-6.286312, 37.542897], [-6.286507, 37.542893], [-6.286701, 37.542927], [-6.286894, 37.542953], [-6.287084, 37.543009], [-6.287181, 37.543141], [-6.287253, 37.543285], [-6.287375, 37.543406], [-6.287566, 37.543425], [-6.287752, 37.54346], [-6.287948, 37.543463], [-6.288138, 37.543437], [-6.288331, 37.543389], [-6.288498, 37.543308], [-6.288627, 37.543188], [-6.288782, 37.543094], [-6.289044, 37.543064], [-6.289264, 37.543085], [-6.289457, 37.543074], [-6.28968, 37.543035], [-6.289866, 37.542995], [-6.290063, 37.542961], [-6.290267, 37.542918], [-6.290463, 37.542884], [-6.29065, 37.542845], [-6.290846, 37.54281], [-6.291032, 37.542771], [-6.291229, 37.542736], [-6.291435, 37.542701], [-6.291572, 37.542613], [-6.291729, 37.54262], [-6.291905, 37.542635], [-6.292049, 37.542668], [-6.292183, 37.542719], [-6.292277, 37.542812], [-6.292346, 37.54292], [-6.292368, 37.543042], [-6.292375, 37.543161], [-6.292403, 37.543277], [-6.292431, 37.543392], [-6.292512, 37.543493], [-6.29263, 37.543564], [-6.292772, 37.543528], [-6.292914, 37.543463], [-6.293031, 37.543386], [-6.293169, 37.543333], [-6.29332, 37.543307], [-6.29347, 37.543304], [-6.293586, 37.543297], [-6.293656, 37.543392], [-6.293704, 37.543504], [-6.293786, 37.543604], [-6.293889, 37.543707], [-6.29399, 37.543798], [-6.29409, 37.543884], [-6.294201, 37.543962], [-6.294345, 37.543994], [-6.294532, 37.543996], [-6.294686, 37.543981], [-6.294845, 37.543959], [-6.294974, 37.543897], [-6.295097, 37.543812], [-6.295206, 37.54373], [-6.295325, 37.543658], [-6.295462, 37.543605], [-6.2956, 37.543553], [-6.295724, 37.543474], [-6.295854, 37.543388], [-6.296, 37.543368], [-6.296159, 37.543375], [-6.296312, 37.543383], [-6.296313, 37.543383], [-6.296327, 37.54343], [-6.296345, 37.543503], [-6.296353, 37.543574], [-6.296357, 37.543663], [-6.296349, 37.543737], [-6.296336, 37.543808], [-6.296328, 37.543882], [-6.296321, 37.54396], [-6.296338, 37.544029], [-6.296354, 37.544099], [-6.296384, 37.544166], [-6.296454, 37.544209], [-6.296541, 37.544194], [-6.29659, 37.544127], [-6.296569, 37.544058], [-6.296527, 37.543993], [-6.296478, 37.543932], [-6.296448, 37.543861], [-6.296431, 37.543789], [-6.296435, 37.543715], [-6.296479, 37.543632], [-6.296519, 37.543563], [-6.296502, 37.543493], [-6.296485, 37.543424], [-6.296451, 37.54337], [-6.296459, 37.543369], [-6.296487, 37.543249], [-6.296432, 37.543139], [-6.296331, 37.543047], [-6.296178, 37.543068], [-6.296041, 37.543121], [-6.295906, 37.543184], [-6.295762, 37.543244], [-6.295615, 37.543286], [-6.295487, 37.543349], [-6.295342, 37.543403], [-6.295206, 37.543461], [-6.29507, 37.543524], [-6.294927, 37.543584], [-6.294778, 37.54365], [-6.294635, 37.54368], [-6.294485, 37.543683], [-6.294346, 37.543639], [-6.294244, 37.543542], [-6.29418, 37.543427], [-6.294125, 37.543316], [-6.29405, 37.543214], [-6.293956, 37.543122], [-6.293819, 37.543059], [-6.293755, 37.543046], [-6.293724, 37.543019], [-6.293612, 37.542941], [-6.293467, 37.542966], [-6.293315, 37.542987], [-6.29317, 37.543012], [-6.293005, 37.54304], [-6.292861, 37.543065], [-6.2927, 37.543082], [-6.292561, 37.543009], [-6.292533, 37.542893], [-6.292512, 37.542776], [-6.292483, 37.542655], [-6.29243, 37.542527], [-6.292343, 37.542433], [-6.292215, 37.542375], [-6.292072, 37.54232], [-6.291933, 37.542275], [-6.291788, 37.542237], [-6.291631, 37.542213], [-6.291599, 37.542222], [-6.291541, 37.542175], [-6.291355, 37.542215], [-6.291153, 37.542265], [-6.290968, 37.542312], [-6.290777, 37.542368], [-6.290591, 37.542407], [-6.290401, 37.542433], [-6.290212, 37.542458], [-6.290006, 37.542494], [-6.289792, 37.542531], [-6.289577, 37.542569], [-6.289388, 37.542594], [-6.289184, 37.5426], [-6.288984, 37.542582], [-6.288793, 37.542563], [-6.288592, 37.542576], [-6.288386, 37.542649], [-6.288233, 37.54275], [-6.288056, 37.542826], [-6.287859, 37.542822], [-6.287823, 37.542672], [-6.2878, 37.542497], [-6.287763, 37.542347], [-6.28765, 37.542225], [-6.28745, 37.542208], [-6.287268, 37.542262], [-6.287084, 37.542309], [-6.286896, 37.542267], [-6.286807, 37.542126], [-6.286647, 37.542042], [-6.286632, 37.542045], [-6.286742, 37.541948], [-6.2864, 37.542001], [-6.286191, 37.542022], [-6.28599, 37.542042], [-6.285778, 37.542057], [-6.285578, 37.542039], [-6.285386, 37.541983], [-6.285182, 37.541951], [-6.284985, 37.541985], [-6.284786, 37.542049], [-6.284597, 37.54212], [-6.284403, 37.542168], [-6.284191, 37.542183], [-6.284007, 37.542117], [-6.283878, 37.542005], [-6.28382, 37.541843], [-6.283802, 37.541689], [-6.283852, 37.541508], [-6.284015, 37.541413], [-6.284197, 37.541351], [-6.284384, 37.541311], [-6.284581, 37.541277], [-6.284823, 37.541235], [-6.284991, 37.541154], [-6.285099, 37.541022], [-6.285137, 37.540866], [-6.285082, 37.540719], [-6.285001, 37.540576], [-6.284904, 37.540443], [-6.284823, 37.5403], [-6.284742, 37.540157], [-6.28485, 37.540026], [-6.284997, 37.539896], [-6.285127, 37.539776], [-6.285262, 37.53964], [-6.285364, 37.53949], [-6.285366, 37.539488], [-6.285414, 37.539337], [-6.285451, 37.539181], [-6.285486, 37.539071], [-6.285499, 37.539031], [-6.285629, 37.538911], [-6.285814, 37.538879], [-6.285825, 37.538872], [-6.2862, 37.538563], [-6.286332, 37.538309], [-6.286668, 37.538302], [-6.287012, 37.538332], [-6.287342, 37.5383], [-6.287657, 37.538207], [-6.28793, 37.538005], [-6.287759, 37.537765], [-6.287475, 37.537583], [-6.287164, 37.537496], [-6.286911, 37.537308], [-6.286895, 37.537041], [-6.286832, 37.536782], [-6.286499, 37.536531], [-6.286581, 37.536273], [-6.286826, 37.536089], [-6.287198, 37.536101], [-6.287325, 37.536362], [-6.287548, 37.536555], [-6.287868, 37.536679], [-6.288188, 37.536611], [-6.288477, 37.536741], [-6.288557, 37.537074], [-6.288634, 37.53733], [-6.28886, 37.537535], [-6.289196, 37.537528], [-6.289401, 37.537313], [-6.28953, 37.537046], [-6.289511, 37.536767], [-6.289609, 37.536505], [-6.28974, 37.536251], [-6.290052, 37.536146], [-6.290375, 37.536218], [-6.290723, 37.536132], [-6.291032, 37.536014], [-6.291127, 37.53574], [-6.291206, 37.535469], [-6.291527, 37.535401], [-6.291828, 37.535516], [-6.292038, 37.535723], [-6.292327, 37.535853], [-6.292714, 37.535927], [-6.292909, 37.536138], [-6.292951, 37.536183], [-6.293033, 37.536096], [-6.293214, 37.536191], [-6.293546, 37.536393], [-6.293741, 37.536699], [-6.293839, 37.537023], [-6.294105, 37.537285], [-6.29454, 37.537323], [-6.29497, 37.537345], [-6.295394, 37.537336], [-6.29564, 37.537602], [-6.295987, 37.537784], [-6.296382, 37.53791], [-6.296683, 37.53815], [-6.296854, 37.53835], [-6.296877, 37.53835], [-6.297156, 37.538439], [-6.297294, 37.538655], [-6.297349, 37.538886], [-6.297405, 37.539116], [-6.297396, 37.539272], [-6.297461, 37.53936], [-6.297507, 37.539362], [-6.29753, 37.53946], [-6.297586, 37.539691], [-6.297614, 37.539926], [-6.29787, 37.540042], [-6.298161, 37.540003], [-6.29836, 37.53982], [-6.298288, 37.53958], [-6.298164, 37.539362], [-6.298054, 37.539141], [-6.298034, 37.539074], [-6.298038, 37.539065], [-6.298017, 37.538728], [-6.298098, 37.53839], [-6.298097, 37.53805], [-6.298356, 37.537778], [-6.298568, 37.537482], [-6.29847, 37.537158], [-6.298091, 37.537013], [-6.297743, 37.536831], [-6.297349, 37.536624], [-6.297243, 37.536269], [-6.297013, 37.535985], [-6.296616, 37.536103], [-6.29645, 37.536423], [-6.296059, 37.536313], [-6.295848, 37.536025], [-6.295559, 37.535751], [-6.295402, 37.535438], [-6.295207, 37.535132], [-6.294812, 37.535006], [-6.294402, 37.534899], [-6.294241, 37.534826], [-6.294038, 37.534735], [-6.293827, 37.534448], [-6.293768, 37.534117], [-6.294096, 37.533882], [-6.294497, 37.53378], [-6.294876, 37.533925], [-6.29493, 37.534102], [-6.294958, 37.534073], [-6.295032, 37.534189], [-6.295338, 37.534306], [-6.295663, 37.534367], [-6.295464, 37.534153], [-6.295279, 37.533924], [-6.295229, 37.533788], [-6.295184, 37.533666], [-6.29543, 37.533467], [-6.295515, 37.533475], [-6.295764, 37.5335], [-6.295876, 37.533496], [-6.296219, 37.533598], [-6.297007, 37.533832], [-6.297136, 37.533788], [-6.297313, 37.533963], [-6.297657, 37.533968], [-6.297487, 37.533737], [-6.297521, 37.533658], [-6.297956, 37.533511], [-6.298475, 37.533538], [-6.298951, 37.533689], [-6.299456, 37.533758], [-6.299956, 37.533808], [-6.300442, 37.533899], [-6.300865, 37.534138], [-6.30112, 37.534485], [-6.301443, 37.534654], [-6.301528, 37.534851], [-6.301607, 37.535112], [-6.301655, 37.535378], [-6.301571, 37.535641], [-6.301437, 37.535899], [-6.301248, 37.536128], [-6.301058, 37.536357], [-6.300974, 37.53662], [-6.301217, 37.536813], [-6.301537, 37.536719], [-6.30186, 37.536636], [-6.302224, 37.536521], [-6.302535, 37.536388], [-6.302803, 37.536211], [-6.303073, 37.536046], [-6.303338, 37.535856], [-6.303509, 37.535618], [-6.30378, 37.535453], [-6.304026, 37.535253], [-6.304197, 37.535014], [-6.304203, 37.534849], [-6.304209, 37.534725], [-6.304239, 37.534445], [-6.304407, 37.534194], [-6.304656, 37.534006], [-6.304937, 37.534154], [-6.30494, 37.534441], [-6.304891, 37.534711], [-6.304902, 37.534895], [-6.304908, 37.534982], [-6.304843, 37.535255], [-6.30473, 37.535601], [-6.304665, 37.535874], [-6.304666, 37.536148], [-6.304685, 37.536433], [-6.304855, 37.536664], [-6.305148, 37.536796], [-6.305381, 37.537017], [-6.305718, 37.537129], [-6.30606, 37.537056], [-6.30635, 37.536901], [-6.306393, 37.536606], [-6.306308, 37.53632], [-6.306166, 37.53607], [-6.30604, 37.535818], [-6.30588, 37.535493], [-6.305816, 37.535229], [-6.305737, 37.534969], [-6.305642, 37.534711], [-6.305604, 37.534651], [-6.305691, 37.534608], [-6.305882, 37.534184], [-6.305955, 37.533781], [-6.305786, 37.53338], [-6.30555, 37.533011], [-6.305273, 37.532668], [-6.304976, 37.532349], [-6.30447, 37.532378], [-6.303984, 37.532287], [-6.303484, 37.532237], [-6.30341, 37.532641], [-6.302931, 37.53288], [-6.302703, 37.533252], [-6.302197, 37.533281], [-6.302425, 37.53291], [-6.302354, 37.532512], [-6.302236, 37.532122], [-6.302, 37.531752], [-6.301905, 37.531359], [-6.301788, 37.530958], [-6.301848, 37.530874], [-6.301847, 37.530544], [-6.301752, 37.53023], [-6.301509, 37.529957], [-6.301171, 37.529779], [-6.300838, 37.529538], [-6.300469, 37.529397], [-6.300051, 37.529376], [-6.299605, 37.529406], [-6.299183, 37.529448], [-6.298771, 37.529535], [-6.298422, 37.529722], [-6.298122, 37.529947], [-6.297689, 37.529944], [-6.297587, 37.529852], [-6.297605, 37.529821], [-6.297572, 37.529539], [-6.297631, 37.529214], [-6.29786, 37.528938], [-6.298186, 37.528739], [-6.298306, 37.528419], [-6.298553, 37.52814], [-6.298654, 37.527823], [-6.298672, 37.527489], [-6.298961, 37.527219], [-6.29952, 37.526967], [-6.299529, 37.526962], [-6.299915, 37.526848], [-6.300015, 37.526531], [-6.299979, 37.526412], [-6.300693, 37.525551], [-6.300832, 37.525641], [-6.30103, 37.525752], [-6.301226, 37.525855], [-6.301421, 37.525958], [-6.301617, 37.526061], [-6.301854, 37.526147], [-6.302059, 37.526239], [-6.302274, 37.52633], [-6.302503, 37.526427], [-6.302725, 37.526498], [-6.302969, 37.526565], [-6.30322, 37.526612], [-6.303451, 37.526672], [-6.303668, 37.526771], [-6.303848, 37.526904], [-6.303989, 37.527062], [-6.30411, 37.527233], [-6.304272, 37.527387], [-6.304481, 37.527542], [-6.304676, 37.527645], [-6.304919, 37.527657], [-6.304928, 37.527658], [-6.304877, 37.527769], [-6.305017, 37.527988], [-6.305182, 37.528192], [-6.305504, 37.528264], [-6.305786, 37.528168], [-6.306043, 37.528031], [-6.306317, 37.527902], [-6.306642, 37.527927], [-6.306922, 37.528006], [-6.306965, 37.528242], [-6.307116, 37.528448], [-6.307414, 37.528419], [-6.307731, 37.528411], [-6.308029, 37.528382], [-6.308357, 37.528418], [-6.308657, 37.528459], [-6.308957, 37.528441], [-6.309274, 37.528491], [-6.309404, 37.52854], [-6.309545, 37.528595], [-6.309769, 37.528858], [-6.30968, 37.529094], [-6.309561, 37.529324], [-6.309426, 37.529545], [-6.309147, 37.529651], [-6.309056, 37.529705], [-6.308867, 37.529816], [-6.308993, 37.530038], [-6.309132, 37.530101], [-6.30927, 37.530164], [-6.30941, 37.530383], [-6.309612, 37.530557], [-6.309872, 37.530675], [-6.310038, 37.530878], [-6.310082, 37.531024], [-6.310242, 37.531057], [-6.310543, 37.531204], [-6.310493, 37.531478], [-6.310605, 37.531737], [-6.310954, 37.531742], [-6.311273, 37.531899], [-6.31149, 37.532113], [-6.311833, 37.532093], [-6.311883, 37.531819], [-6.311882, 37.531541], [-6.311945, 37.531252], [-6.312011, 37.530975], [-6.311928, 37.530698], [-6.311959, 37.530414], [-6.312255, 37.53027], [-6.312595, 37.530237], [-6.312934, 37.530337], [-6.313206, 37.530502], [-6.31349, 37.530652], [-6.313835, 37.530711], [-6.314178, 37.530757], [-6.314504, 37.530873], [-6.314833, 37.531001], [-6.315063, 37.5312], [-6.315207, 37.531453], [-6.315504, 37.531587], [-6.31591, 37.531622], [-6.316253, 37.531602], [-6.316606, 37.531554], [-6.316939, 37.531496], [-6.317211, 37.531316], [-6.317495, 37.531466], [-6.317531, 37.531751], [-6.317748, 37.531965], [-6.318091, 37.531945], [-6.318406, 37.531811], [-6.318678, 37.531631], [-6.318623, 37.531336], [-6.318559, 37.531068], [-6.318542, 37.530793], [-6.318608, 37.530516], [-6.318639, 37.530233], [-6.31874, 37.529963], [-6.318736, 37.529672], [-6.318652, 37.529395], [-6.318651, 37.529117], [-6.318664, 37.528823], [-6.318866, 37.528637], [-6.31887, 37.528638], [-6.319266, 37.52863], [-6.31967, 37.528651], [-6.320084, 37.52864], [-6.320528, 37.528669], [-6.32092, 37.528722], [-6.321288, 37.528597], [-6.32157, 37.528351], [-6.321834, 37.528107], [-6.322192, 37.527939], [-6.322364, 37.527857], [-6.32243, 37.527745], [-6.322802, 37.527635], [-6.323142, 37.527788], [-6.32344, 37.527992], [-6.323693, 37.528027], [-6.324072, 37.527945], [-6.324458, 37.527817], [-6.324851, 37.527871], [-6.325232, 37.527956], [-6.325629, 37.527872], [-6.325347, 37.527647], [-6.324951, 37.527656], [-6.32454, 37.527606], [-6.324163, 37.527535], [-6.324087, 37.527557], [-6.32397, 37.527523], [-6.323566, 37.527502], [-6.323148, 37.527499], [-6.322889, 37.527495], [-6.322771, 37.527428], [-6.322412, 37.527278], [-6.322053, 37.527128], [-6.321669, 37.527027], [-6.321279, 37.527065], [-6.320879, 37.527059], [-6.320472, 37.527099], [-6.320021, 37.527117], [-6.319695, 37.526946], [-6.319789, 37.526626], [-6.319846, 37.526312], [-6.31979, 37.526003], [-6.319717, 37.525697], [-6.319643, 37.525391], [-6.319526, 37.525062], [-6.319472, 37.524968], [-6.319642, 37.524649], [-6.31966, 37.52431], [-6.319678, 37.523971], [-6.31947, 37.523688], [-6.319057, 37.523712], [-6.318639, 37.523721], [-6.318227, 37.523584], [-6.317965, 37.523326], [-6.317734, 37.523031], [-6.317491, 37.522769], [-6.317264, 37.522489], [-6.317002, 37.522231], [-6.316644, 37.52207], [-6.316343, 37.522314], [-6.315934, 37.522273], [-6.315622, 37.522056], [-6.315209, 37.521999], [-6.314811, 37.521925], [-6.314399, 37.521789], [-6.314, 37.521874], [-6.313642, 37.522128], [-6.313311, 37.52233], [-6.313072, 37.522163], [-6.313118, 37.522148], [-6.313175, 37.521836], [-6.313272, 37.521531], [-6.313043, 37.521284], [-6.312663, 37.521199], [-6.312448, 37.520934], [-6.312833, 37.520806], [-6.3132, 37.520682], [-6.313554, 37.520817], [-6.313937, 37.520917], [-6.314343, 37.520876], [-6.314677, 37.520697], [-6.314814, 37.520401], [-6.31481, 37.520069], [-6.314682, 37.519773], [-6.314518, 37.519484], [-6.314361, 37.519148], [-6.31436, 37.518831], [-6.314324, 37.518681], [-6.314283, 37.518512], [-6.314101, 37.518226], [-6.31372, 37.518292], [-6.313333, 37.518253], [-6.313115, 37.517974], [-6.313001, 37.517661], [-6.312928, 37.517356], [-6.313043, 37.517048], [-6.313431, 37.517011], [-6.313837, 37.516971], [-6.314236, 37.516901], [-6.314616, 37.516835], [-6.314976, 37.516682], [-6.315419, 37.516559], [-6.3158, 37.516493], [-6.316188, 37.516456], [-6.316583, 37.516447], [-6.316999, 37.516451], [-6.317405, 37.516486], [-6.317806, 37.516507], [-6.318216, 37.516481], [-6.318621, 37.516516], [-6.319059, 37.516531], [-6.31945, 37.516584], [-6.31983, 37.516669], [-6.32022, 37.516722], [-6.320622, 37.516743], [-6.321027, 37.516778], [-6.321472, 37.516822], [-6.321874, 37.516842], [-6.32228, 37.516878], [-6.322696, 37.516881], [-6.323243, 37.516876], [-6.323648, 37.516912], [-6.324054, 37.516947], [-6.324467, 37.516936], [-6.32489, 37.516968], [-6.325328, 37.517058], [-6.325688, 37.517222], [-6.32578, 37.517524], [-6.325799, 37.517838], [-6.325785, 37.518173], [-6.325812, 37.518397], [-6.325823, 37.518484], [-6.325896, 37.518789], [-6.326024, 37.519085], [-6.326206, 37.519371], [-6.326321, 37.519484], [-6.326344, 37.519813], [-6.326411, 37.52019], [-6.326479, 37.520568], [-6.326578, 37.520977], [-6.326672, 37.521368], [-6.326762, 37.521742], [-6.326852, 37.522115], [-6.326943, 37.522489], [-6.327033, 37.522863], [-6.327056, 37.523248], [-6.327535, 37.523313], [-6.328014, 37.523285], [-6.32849, 37.523239], [-6.328874, 37.523487], [-6.329013, 37.523871], [-6.329254, 37.5242], [-6.329576, 37.524477], [-6.330058, 37.524653], [-6.330516, 37.524536], [-6.330957, 37.524348], [-6.331438, 37.524134], [-6.331892, 37.524], [-6.332342, 37.523847], [-6.332796, 37.523712], [-6.333254, 37.523596], [-6.333721, 37.523421], [-6.334162, 37.523233], [-6.334537, 37.522964], [-6.33489, 37.522699], [-6.33546, 37.52247], [-6.335705, 37.522482], [-6.335707, 37.522624], [-6.335804, 37.523026], [-6.335965, 37.523398], [-6.336172, 37.523762], [-6.33653, 37.524062], [-6.336902, 37.524321], [-6.337191, 37.524632], [-6.337402, 37.525014], [-6.33754, 37.52539], [-6.337587, 37.525782], [-6.337443, 37.526169], [-6.337221, 37.526531], [-6.336958, 37.52692], [-6.336936, 37.527324], [-6.337354, 37.527575], [-6.337849, 37.527755], [-6.338332, 37.527881], [-6.338796, 37.528028], [-6.339223, 37.528221], [-6.339814, 37.528403], [-6.340283, 37.528569], [-6.340807, 37.528573], [-6.341287, 37.528489], [-6.341766, 37.528406], [-6.342269, 37.528318], [-6.342748, 37.528235], [-6.343228, 37.528151], [-6.343726, 37.528045], [-6.344201, 37.527943], [-6.344698, 37.528028], [-6.34518, 37.528154], [-6.345686, 37.52818], [-6.346465, 37.528253], [-6.346954, 37.528206], [-6.347312, 37.527915], [-6.347616, 37.527596], [-6.348057, 37.527157], [-6.348528, 37.527037], [-6.349016, 37.52699], [-6.349509, 37.526961], [-6.350047, 37.526924], [-6.350558, 37.526968], [-6.35105, 37.527035], [-6.351523, 37.527124], [-6.35201, 37.527267], [-6.35249, 37.527184], [-6.353145, 37.526841], [-6.353151, 37.526771], [-6.353163, 37.526781], [-6.353433, 37.526996], [-6.353701, 37.527136], [-6.353921, 37.527335], [-6.35411, 37.52754], [-6.354315, 37.527741], [-6.354571, 37.527896], [-6.354815, 37.528066], [-6.355074, 37.528233], [-6.355101, 37.528311], [-6.355392, 37.528597], [-6.355572, 37.528956], [-6.356034, 37.529043], [-6.356529, 37.528975], [-6.356984, 37.52884], [-6.357395, 37.52862], [-6.35781, 37.528417], [-6.358283, 37.52826], [-6.35873, 37.528089], [-6.359211, 37.527968], [-6.359359, 37.52784], [-6.359384, 37.527833], [-6.359564, 37.527764], [-6.359962, 37.527597], [-6.360183, 37.527506], [-6.360561, 37.527373], [-6.360789, 37.527311], [-6.36097, 37.52725], [-6.361147, 37.527174], [-6.361213, 37.52702], [-6.361175, 37.526863], [-6.361156, 37.526709], [-6.361129, 37.526557], [-6.361137, 37.526399], [-6.361211, 37.526199], [-6.361256, 37.526042], [-6.361333, 37.525943], [-6.361327, 37.52591], [-6.361301, 37.525571], [-6.361318, 37.525254], [-6.361303, 37.525011], [-6.361197, 37.524947], [-6.361041, 37.52484], [-6.361037, 37.524838], [-6.36104, 37.524777], [-6.361057, 37.524681], [-6.361053, 37.524567], [-6.361045, 37.524462], [-6.360978, 37.524376], [-6.360902, 37.524302], [-6.360805, 37.524236], [-6.360699, 37.524176], [-6.360606, 37.524104], [-6.360491, 37.524129], [-6.360456, 37.524223], [-6.360526, 37.524298], [-6.360616, 37.524361], [-6.360677, 37.524443], [-6.360705, 37.524535], [-6.360727, 37.524628], [-6.36075, 37.524721], [-6.360772, 37.524814], [-6.360777, 37.524831], [-6.360722, 37.524873], [-6.360744, 37.525078], [-6.360764, 37.525239], [-6.360802, 37.525397], [-6.360804, 37.525561], [-6.360817, 37.52573], [-6.36078, 37.525886], [-6.360756, 37.526055], [-6.36076, 37.526226], [-6.360769, 37.526381], [-6.360754, 37.526548], [-6.360765, 37.52671], [-6.360658, 37.526848], [-6.360504, 37.526943], [-6.360344, 37.527053], [-6.360189, 37.527147], [-6.36005, 37.527306], [-6.359888, 37.527408], [-6.35969, 37.527398], [-6.359639, 37.527398], [-6.359658, 37.527221], [-6.359919, 37.52686], [-6.359695, 37.526508], [-6.359278, 37.526321], [-6.359533, 37.525068], [-6.359749, 37.524715], [-6.359863, 37.524323], [-6.359478, 37.524074], [-6.359093, 37.523825], [-6.358676, 37.523638], [-6.358277, 37.523429], [-6.35832, 37.523031], [-6.358435, 37.522639], [-6.3585, 37.522238], [-6.358519, 37.522161], [-6.358545, 37.522149], [-6.358793, 37.521971], [-6.359026, 37.521795], [-6.359102, 37.521536], [-6.359057, 37.521287], [-6.359132, 37.521028], [-6.359275, 37.520795], [-6.359485, 37.520586], [-6.359763, 37.520403], [-6.360038, 37.520208], [-6.360225, 37.519967], [-6.360449, 37.519756], [-6.36068, 37.519568], [-6.360923, 37.519305], [-6.360834, 37.519063], [-6.360789, 37.518813], [-6.360897, 37.518561], [-6.361039, 37.518328], [-6.360965, 37.518083], [-6.360639, 37.518066], [-6.360313, 37.518111], [-6.359913, 37.518169], [-6.359487, 37.518182], [-6.359128, 37.51822], [-6.3589, 37.518419], [-6.35879, 37.518659], [-6.358679, 37.518899], [-6.358376, 37.518977], [-6.358064, 37.51908], [-6.357944, 37.519346], [-6.357769, 37.519573], [-6.357452, 37.51953], [-6.357437, 37.519275], [-6.357392, 37.519026], [-6.357232, 37.518808], [-6.357055, 37.518581], [-6.356747, 37.518512], [-6.356415, 37.518534], [-6.356092, 37.518467], [-6.355917, 37.518694], [-6.355684, 37.51887], [-6.355468, 37.518674], [-6.355408, 37.518427], [-6.355407, 37.51817], [-6.355603, 37.517964], [-6.355866, 37.517783], [-6.355945, 37.517734], [-6.356151, 37.517811], [-6.356539, 37.517553], [-6.356992, 37.517265], [-6.357354, 37.516993], [-6.357715, 37.516721], [-6.358163, 37.516509], [-6.358646, 37.516444], [-6.359156, 37.516393], [-6.35964, 37.516138], [-6.359812, 37.515766], [-6.359883, 37.515373], [-6.360131, 37.515026], [-6.360217, 37.514497], [-6.360635, 37.514274], [-6.360638, 37.514272], [-6.360932, 37.513917], [-6.361325, 37.513677], [-6.361433, 37.513442], [-6.361496, 37.513305], [-6.361404, 37.512922], [-6.361334, 37.512535], [-6.361455, 37.512153], [-6.361686, 37.511783], [-6.361695, 37.511769], [-6.362025, 37.511464], [-6.362499, 37.511362], [-6.362962, 37.51151], [-6.363251, 37.51182], [-6.363451, 37.512153], [-6.363489, 37.512216], [-6.363634, 37.512272], [-6.363933, 37.512385], [-6.364359, 37.512577], [-6.364749, 37.512813], [-6.364857, 37.51292], [-6.36506, 37.51312], [-6.365349, 37.513431], [-6.365812, 37.513578], [-6.366229, 37.513505], [-6.36629, 37.513494], [-6.366856, 37.513377], [-6.367325, 37.513257], [-6.367786, 37.5131], [-6.36813, 37.513093], [-6.368282, 37.51309], [-6.368702, 37.512864], [-6.368984, 37.512585], [-6.36952, 37.512573], [-6.370384, 37.512573], [-6.371148, 37.512469], [-6.371369, 37.51183], [-6.372162, 37.511691], [-6.372996, 37.511726], [-6.373766, 37.511802], [-6.374542, 37.511907], [-6.375506, 37.512009], [-6.376341, 37.512043], [-6.377118, 37.511998], [-6.377917, 37.512039], [-6.378701, 37.512172], [-6.379563, 37.512322], [-6.379745, 37.512392], [-6.380012, 37.512255], [-6.380424, 37.512132], [-6.380833, 37.511994], [-6.38126, 37.511936], [-6.381692, 37.511894], [-6.382127, 37.511868], [-6.382583, 37.511839], [-6.382991, 37.5117], [-6.383423, 37.511659], [-6.383858, 37.511633], [-6.384116, 37.511618], [-6.384294, 37.511608], [-6.384728, 37.511666], [-6.385164, 37.511641], [-6.385607, 37.511647], [-6.386103, 37.511611], [-6.386583, 37.511595], [-6.387038, 37.511565], [-6.387518, 37.511549], [-6.387961, 37.511556], [-6.388401, 37.511546], [-6.388844, 37.511553], [-6.389291, 37.511576], [-6.389742, 37.511615], [-6.390206, 37.511618], [-6.390665, 37.511605], [-6.391407, 37.511627], [-6.391846, 37.511617], [-6.392302, 37.511588], [-6.392745, 37.511595], [-6.393245, 37.511574], [-6.393705, 37.511561], [-6.394208, 37.511557], [-6.394688, 37.511541], [-6.395091, 37.511471], [-6.395235, 37.511601], [-6.39572, 37.511621], [-6.396201, 37.511625], [-6.396654, 37.511598], [-6.396682, 37.511596], [-6.39679, 37.511259], [-6.396722, 37.510887], [-6.396896, 37.510524], [-6.397162, 37.510181], [-6.39744, 37.509887], [-6.39746, 37.509517], [-6.397475, 37.509129], [-6.397956, 37.509133], [-6.397979, 37.509496], [-6.397892, 37.509861], [-6.397781, 37.510212], [-6.397582, 37.510562], [-6.39752, 37.510939], [-6.397522, 37.511306], [-6.397423, 37.511537], [-6.397596, 37.511521], [-6.398052, 37.511511], [-6.398596, 37.511503], [-6.399085, 37.51154], [-6.399525, 37.511463], [-6.400061, 37.511421], [-6.400538, 37.511408], [-6.401036, 37.511391], [-6.4015, 37.511414], [-6.401969, 37.511455], [-6.402445, 37.511529], [-6.40288, 37.51161], [-6.403336, 37.5116], [-6.403834, 37.511583], [-6.404298, 37.511606], [-6.404742, 37.511546], [-6.405278, 37.511505], [-6.40571, 37.511394], [-6.406009, 37.511266], [-6.406125, 37.511217], [-6.406512, 37.511009], [-6.406973, 37.510928], [-6.407437, 37.510952], [-6.407803, 37.511203], [-6.408088, 37.511321], [-6.408658, 37.511305], [-6.408809, 37.511432], [-6.409303, 37.51148], [-6.409787, 37.511395], [-6.410345, 37.511413], [-6.410638, 37.511728], [-6.410709, 37.51212], [-6.41078, 37.512512], [-6.411157, 37.512774], [-6.411635, 37.51296], [-6.412114, 37.513146], [-6.412544, 37.512936], [-6.41307, 37.512921], [-6.413535, 37.513051], [-6.41399, 37.513241], [-6.4142, 37.513609], [-6.414026, 37.513987], [-6.41401, 37.514414], [-6.414261, 37.514755], [-6.414558, 37.515088], [-6.414768, 37.515456], [-6.414982, 37.515843], [-6.415298, 37.516153], [-6.415698, 37.516411], [-6.416187, 37.516345], [-6.416462, 37.515988], [-6.416414, 37.515592], [-6.416412, 37.515188], [-6.416576, 37.514773], [-6.417039, 37.514596], [-6.41714, 37.514553], [-6.417362, 37.514713], [-6.417728, 37.514649], [-6.418095, 37.514584], [-6.418652, 37.51456], [-6.419028, 37.51461], [-6.419404, 37.514661], [-6.419804, 37.514736], [-6.420186, 37.514815], [-6.420559, 37.514778], [-6.421044, 37.514679], [-6.421362, 37.514492], [-6.42174, 37.514324], [-6.422096, 37.514145], [-6.422456, 37.51398], [-6.422802, 37.513833], [-6.423103, 37.513649], [-6.423445, 37.513487], [-6.423829, 37.51342], [-6.424205, 37.513398], [-6.424589, 37.51333], [-6.424993, 37.513274], [-6.425344, 37.513372], [-6.425846, 37.513416], [-6.426229, 37.513348], [-6.426603, 37.513239], [-6.426713, 37.512944], [-6.426554, 37.512666], [-6.426316, 37.512431], [-6.42614, 37.512156], [-6.426173, 37.511845], [-6.426224, 37.51153], [-6.426185, 37.511217], [-6.426006, 37.510929], [-6.42575, 37.510697], [-6.425497, 37.510479], [-6.425213, 37.510282], [-6.424841, 37.510172], [-6.424437, 37.510083], [-6.424069, 37.509988], [-6.423718, 37.509889], [-6.423434, 37.509691], [-6.423348, 37.509508], [-6.423283, 37.509369], [-6.423337, 37.509068], [-6.423628, 37.508843], [-6.423953, 37.508684], [-6.42416, 37.508415], [-6.424457, 37.508217], [-6.424817, 37.508125], [-6.425186, 37.508075], [-6.425563, 37.508052], [-6.425946, 37.508058], [-6.426328, 37.508137], [-6.426641, 37.5083], [-6.426942, 37.508495], [-6.427226, 37.508692], [-6.427539, 37.508856], [-6.42784, 37.50905], [-6.427955, 37.509141], [-6.428111, 37.509265], [-6.428429, 37.509529], [-6.428805, 37.509579], [-6.429167, 37.509647], [-6.429507, 37.509776], [-6.429819, 37.50994], [-6.429897, 37.510195], [-6.429829, 37.510341], [-6.42987, 37.510564], [-6.429952, 37.510792], [-6.430035, 37.511019], [-6.430091, 37.511251], [-6.430226, 37.511469], [-6.430498, 37.511399], [-6.430777, 37.511361], [-6.431069, 37.511376], [-6.431355, 37.511425], [-6.431625, 37.51152], [-6.431842, 37.51168], [-6.432049, 37.511852], [-6.432292, 37.512007], [-6.432585, 37.511967], [-6.43283, 37.511847], [-6.433005, 37.511663], [-6.433161, 37.51146], [-6.433365, 37.511281], [-6.433566, 37.511092], [-6.433741, 37.510908], [-6.433929, 37.510721], [-6.434216, 37.510714], [-6.434497, 37.510742], [-6.434802, 37.510754], [-6.435078, 37.510816], [-6.435345, 37.510901], [-6.435615, 37.511051], [-6.435819, 37.511213], [-6.436065, 37.511324], [-6.436347, 37.511296], [-6.43665, 37.511243], [-6.436966, 37.511188], [-6.437282, 37.511133], [-6.437485, 37.510954], [-6.437611, 37.510734], [-6.437872, 37.510623], [-6.438104, 37.51045], [-6.43813, 37.510215], [-6.438241, 37.509997], [-6.438448, 37.509829], [-6.438463, 37.509808], [-6.438735, 37.509859], [-6.439046, 37.509817], [-6.439402, 37.509767], [-6.439719, 37.509748], [-6.439963, 37.509558], [-6.440258, 37.509445], [-6.440557, 37.509356], [-6.440869, 37.509313], [-6.441185, 37.509356], [-6.44146, 37.509479], [-6.441757, 37.509378], [-6.442005, 37.5092], [-6.442302, 37.509099], [-6.442711, 37.508953], [-6.443022, 37.50885], [-6.443328, 37.508722], [-6.443579, 37.508556], [-6.443753, 37.508329], [-6.443878, 37.508087], [-6.444106, 37.507887], [-6.444368, 37.507706], [-6.444676, 37.507652], [-6.444985, 37.507598], [-6.445276, 37.507474], [-6.445486, 37.507265], [-6.445681, 37.507059], [-6.445873, 37.506842], [-6.446147, 37.506708], [-6.446458, 37.506666], [-6.446772, 37.506635], [-6.447063, 37.50651], [-6.446974, 37.506269], [-6.446964, 37.506236], [-6.447065, 37.506219], [-6.447076, 37.506019], [-6.4471, 37.505753], [-6.447207, 37.505521], [-6.447469, 37.50538], [-6.447749, 37.505248], [-6.448014, 37.505118], [-6.448276, 37.504977], [-6.448411, 37.50474], [-6.448424, 37.504488], [-6.448579, 37.504271], [-6.448842, 37.50413], [-6.449149, 37.503993], [-6.449465, 37.504009], [-6.449778, 37.503954], [-6.450087, 37.504006], [-6.45027, 37.504212], [-6.450314, 37.504453], [-6.450344, 37.504697], [-6.450359, 37.504944], [-6.45036, 37.505193], [-6.45039, 37.505437], [-6.450415, 37.505631], [-6.450422, 37.505693], [-6.450483, 37.505943], [-6.450439, 37.506188], [-6.450383, 37.506447], [-6.450296, 37.5067], [-6.450161, 37.506938], [-6.450023, 37.507164], [-6.449979, 37.507409], [-6.449997, 37.507667], [-6.450044, 37.50792], [-6.449923, 37.508155], [-6.449644, 37.508287], [-6.449381, 37.508428], [-6.449102, 37.50856], [-6.448913, 37.50876], [-6.449208, 37.508815], [-6.44949, 37.508694], [-6.449793, 37.508534], [-6.449841, 37.508513], [-6.449866, 37.508652], [-6.450009, 37.508876], [-6.450298, 37.508968], [-6.450611, 37.508913], [-6.45091, 37.50886], [-6.451189, 37.508728], [-6.45148, 37.508641], [-6.451518, 37.508635], [-6.451639, 37.508685], [-6.451848, 37.508874], [-6.452151, 37.508963], [-6.452436, 37.508853], [-6.452642, 37.508663], [-6.452641, 37.508414], [-6.452497, 37.50819], [-6.452263, 37.508017], [-6.452216, 37.507764], [-6.452515, 37.507712], [-6.45278, 37.507582], [-6.453031, 37.507396], [-6.452945, 37.507161], [-6.452713, 37.507], [-6.452418, 37.506886], [-6.452174, 37.506739], [-6.451908, 37.50656], [-6.451728, 37.506366], [-6.451559, 37.506158], [-6.451486, 37.505921], [-6.451545, 37.505674], [-6.451632, 37.505421], [-6.451635, 37.505417], [-6.451795, 37.505179], [-6.451965, 37.504959], [-6.452128, 37.504716], [-6.452082, 37.504463], [-6.452095, 37.504212], [-6.452139, 37.503967], [-6.452372, 37.503799], [-6.452341, 37.503696], [-6.452386, 37.503417], [-6.452622, 37.503195], [-6.452889, 37.503032], [-6.453219, 37.503], [-6.453484, 37.50316], [-6.453402, 37.50342], [-6.453207, 37.503641], [-6.453351, 37.503647], [-6.453546, 37.503838], [-6.453593, 37.504091], [-6.453503, 37.504333], [-6.453331, 37.504541], [-6.453259, 37.504791], [-6.453231, 37.505045], [-6.453195, 37.505143], [-6.453142, 37.505287], [-6.453035, 37.505519], [-6.45296, 37.505758], [-6.452932, 37.506012], [-6.452979, 37.506265], [-6.453065, 37.506499], [-6.45322, 37.506709], [-6.453415, 37.506901], [-6.453681, 37.50702], [-6.453959, 37.507126], [-6.45415, 37.507175], [-6.454158, 37.507208], [-6.454397, 37.507532], [-6.454866, 37.507578], [-6.455343, 37.507568], [-6.455829, 37.507592], [-6.45631, 37.507691], [-6.456752, 37.507814], [-6.457215, 37.507934], [-6.457688, 37.507998], [-6.458178, 37.50804], [-6.458668, 37.508173], [-6.459078, 37.508357], [-6.459497, 37.508576], [-6.459872, 37.508803], [-6.460322, 37.508962], [-6.46072, 37.509185], [-6.461152, 37.509365], [-6.461547, 37.509312], [-6.461748, 37.509402], [-6.462127, 37.509549], [-6.462202, 37.509856], [-6.46228, 37.510178], [-6.462377, 37.510497], [-6.462627, 37.510743], [-6.463007, 37.510814], [-6.463386, 37.510884], [-6.46377, 37.510817], [-6.464162, 37.510702], [-6.464616, 37.510455], [-6.464928, 37.510247], [-6.465218, 37.510028], [-6.46553, 37.509821], [-6.465867, 37.50964], [-6.466234, 37.509499], [-6.466607, 37.509311], [-6.466948, 37.509145], [-6.467285, 37.508963], [-6.467652, 37.508746], [-6.468018, 37.508606], [-6.468308, 37.508779], [-6.468353, 37.508806], [-6.468552, 37.509076], [-6.468737, 37.509364], [-6.468928, 37.509682], [-6.469094, 37.509973], [-6.469118, 37.51017], [-6.469206, 37.510529], [-6.468932, 37.510861], [-6.468455, 37.51104], [-6.467956, 37.511127], [-6.467474, 37.511288], [-6.467453, 37.511689], [-6.467805, 37.511968], [-6.468271, 37.512132], [-6.468604, 37.512434], [-6.469061, 37.512562], [-6.46956, 37.512569], [-6.470099, 37.512644], [-6.470592, 37.512728], [-6.471104, 37.51279], [-6.471643, 37.512865], [-6.472159, 37.512945], [-6.472644, 37.512992], [-6.473114, 37.51308], [-6.473591, 37.512996], [-6.473756, 37.512607], [-6.4738, 37.512202], [-6.473943, 37.511817], [-6.474176, 37.511416], [-6.474633, 37.511544], [-6.475095, 37.51169], [-6.475574, 37.511909], [-6.475844, 37.51224], [-6.476004, 37.51261], [-6.476475, 37.512698], [-6.476918, 37.512866], [-6.477425, 37.513004], [-6.477906, 37.512938], [-6.478418, 37.513], [-6.478903, 37.512952], [-6.479255, 37.513231], [-6.47937, 37.513609], [-6.479681, 37.513914], [-6.480194, 37.51388], [-6.480585, 37.513641], [-6.481135, 37.513279], [-6.481607, 37.513177], [-6.482129, 37.513086], [-6.482619, 37.513056], [-6.483091, 37.51286], [-6.483361, 37.512509], [-6.483009, 37.51223], [-6.482534, 37.512124], [-6.482241, 37.511797], [-6.482543, 37.511479], [-6.482835, 37.511125], [-6.483077, 37.51076], [-6.483433, 37.510471], [-6.483766, 37.510204], [-6.486565, 37.509712], [-6.486686, 37.509621], [-6.486711, 37.509384], [-6.486577, 37.509175], [-6.48642, 37.508982], [-6.486339, 37.508764], [-6.486409, 37.508541], [-6.486677, 37.50845], [-6.486925, 37.508561], [-6.486993, 37.508781], [-6.487036, 37.509017], [-6.487207, 37.509208], [-6.487405, 37.509395], [-6.487446, 37.50962], [-6.487395, 37.509835], [-6.487542, 37.509846], [-6.487818, 37.509787], [-6.488131, 37.50971], [-6.488415, 37.509627], [-6.488741, 37.509547], [-6.489136, 37.509466], [-6.489778, 37.509376], [-6.490072, 37.50939], [-6.49036, 37.509384], [-6.49067, 37.509407], [-6.490954, 37.509379], [-6.491229, 37.509319], [-6.491495, 37.509217], [-6.491768, 37.509092], [-6.492015, 37.508971], [-6.492276, 37.508848], [-6.492642, 37.50865], [-6.492871, 37.508511], [-6.493134, 37.508342], [-6.493344, 37.508184], [-6.493502, 37.507979], [-6.493643, 37.507766], [-6.493756, 37.507547], [-6.493916, 37.507353], [-6.494042, 37.507132], [-6.494289, 37.507011], [-6.494417, 37.5068], [-6.494516, 37.506583], [-6.494539, 37.506336], [-6.494577, 37.506097], [-6.494579, 37.50606], [-6.494726, 37.505916], [-6.494909, 37.505659], [-6.495269, 37.505694], [-6.495618, 37.505759], [-6.495955, 37.50563], [-6.496306, 37.505484], [-6.496554, 37.505363], [-6.496654, 37.50547], [-6.496898, 37.505649], [-6.497154, 37.505814], [-6.497409, 37.505978], [-6.497639, 37.50616], [-6.497868, 37.506341], [-6.498082, 37.506526], [-6.498401, 37.506568], [-6.498764, 37.50648], [-6.499039, 37.506345], [-6.499118, 37.506097], [-6.498995, 37.505847], [-6.498799, 37.50561], [-6.498774, 37.505553], [-6.498878, 37.505382], [-6.498843, 37.505093], [-6.498976, 37.504775], [-6.498715, 37.504568], [-6.498396, 37.504413], [-6.498054, 37.504305], [-6.497681, 37.504286], [-6.497301, 37.504311], [-6.496925, 37.504279], [-6.496535, 37.504263], [-6.496181, 37.504326], [-6.495818, 37.504418], [-6.495434, 37.504499], [-6.495081, 37.504561], [-6.494727, 37.504624], [-6.494361, 37.504632], [-6.493974, 37.50463], [-6.493585, 37.504614], [-6.49335, 37.504403], [-6.493523, 37.504288], [-6.493682, 37.504007], [-6.494023, 37.503891], [-6.494369, 37.503802], [-6.494723, 37.503669], [-6.49499, 37.503468], [-6.495324, 37.503325], [-6.495693, 37.50333], [-6.496053, 37.503365], [-6.496413, 37.50333], [-6.496783, 37.503265], [-6.497116, 37.503121], [-6.497333, 37.502859], [-6.497422, 37.502576], [-6.497511, 37.502293], [-6.497688, 37.50201], [-6.498015, 37.50184], [-6.498389, 37.501718], [-6.498732, 37.501615], [-6.499073, 37.501499], [-6.499333, 37.50127], [-6.499509, 37.500987], [-6.499279, 37.50076], [-6.498929, 37.500695], [-6.498567, 37.500647], [-6.498207, 37.500612], [-6.497773, 37.500632], [-6.49744, 37.500775], [-6.497159, 37.500993], [-6.496869, 37.50117], [-6.496532, 37.5013], [-6.496195, 37.501429], [-6.495825, 37.501565], [-6.495421, 37.501706], [-6.495048, 37.501688], [-6.494681, 37.501696], [-6.494318, 37.501718], [-6.493958, 37.501823], [-6.493644, 37.501977], [-6.493317, 37.502147], [-6.492988, 37.502022], [-6.492687, 37.501864], [-6.4923, 37.501862], [-6.4921, 37.502122], [-6.491986, 37.502156], [-6.49174, 37.502228], [-6.491426, 37.502381], [-6.491378, 37.502685], [-6.491187, 37.502985], [-6.490838, 37.50292], [-6.490624, 37.502691], [-6.49073, 37.502405], [-6.490678, 37.50212], [-6.490556, 37.501954], [-6.490378, 37.501904], [-6.490029, 37.501814], [-6.489696, 37.50172], [-6.489386, 37.501582], [-6.489047, 37.501393], [-6.488751, 37.501238], [-6.488412, 37.501119], [-6.488049, 37.501114], [-6.487673, 37.501056], [-6.48735, 37.500933], [-6.4872, 37.50067], [-6.487182, 37.500383], [-6.487306, 37.500113], [-6.487486, 37.499861], [-6.487682, 37.499606], [-6.487806, 37.499336], [-6.487943, 37.49905], [-6.488063, 37.498766], [-6.488151, 37.498489], [-6.488182, 37.498194], [-6.488197, 37.497901], [-6.488321, 37.497631], [-6.48842, 37.497571], [-6.488419, 37.497296], [-6.488578, 37.497035], [-6.488816, 37.496815], [-6.489011, 37.496562], [-6.489078, 37.496276], [-6.489237, 37.496015], [-6.489475, 37.495795], [-6.489654, 37.495713], [-6.489604, 37.495594], [-6.489885, 37.495415], [-6.490129, 37.495266], [-6.490365, 37.495082], [-6.49057, 37.494892], [-6.490772, 37.494691], [-6.490989, 37.494487], [-6.491194, 37.494297], [-6.491399, 37.494108], [-6.491533, 37.493871], [-6.491543, 37.493609], [-6.491585, 37.493353], [-6.491569, 37.493107], [-6.491613, 37.492863], [-6.491612, 37.492819], [-6.491451, 37.492707], [-6.491228, 37.492468], [-6.491101, 37.492169], [-6.491047, 37.491871], [-6.491112, 37.491538], [-6.491473, 37.491445], [-6.491793, 37.491637], [-6.492097, 37.491832], [-6.492417, 37.491922], [-6.492449, 37.491931], [-6.492772, 37.491757], [-6.492857, 37.491618], [-6.492942, 37.491479], [-6.492993, 37.491163], [-6.493163, 37.490884], [-6.493531, 37.49082], [-6.493575, 37.490823], [-6.493922, 37.490853], [-6.494286, 37.490921], [-6.494663, 37.490971], [-6.495066, 37.490973], [-6.495316, 37.490725], [-6.495332, 37.490415], [-6.494979, 37.490316], [-6.494598, 37.490251], [-6.494221, 37.490219], [-6.494198, 37.490125], [-6.494003, 37.489934], [-6.493852, 37.489943], [-6.493995, 37.489834], [-6.494283, 37.489724], [-6.494581, 37.489659], [-6.494883, 37.489606], [-6.495099, 37.489388], [-6.495344, 37.489226], [-6.495271, 37.488987], [-6.495014, 37.488852], [-6.494707, 37.488822], [-6.494473, 37.48866], [-6.494316, 37.488448], [-6.494103, 37.488246], [-6.493822, 37.488139], [-6.493522, 37.488072], [-6.493198, 37.488033], [-6.492856, 37.488046], [-6.49253, 37.487995], [-6.492244, 37.487866], [-6.491978, 37.487697], [-6.491756, 37.48752], [-6.491487, 37.4874], [-6.491198, 37.487319], [-6.490882, 37.487314], [-6.490575, 37.487345], [-6.490274, 37.487398], [-6.489981, 37.487545], [-6.489733, 37.487697], [-6.489778, 37.48794], [-6.489839, 37.488193], [-6.489872, 37.488451], [-6.489799, 37.488704], [-6.489611, 37.488916], [-6.489403, 37.489109], [-6.489144, 37.489274], [-6.488864, 37.489168], [-6.488595, 37.489047], [-6.488338, 37.488913], [-6.488031, 37.488883], [-6.487733, 37.488947], [-6.487725, 37.489224], [-6.487787, 37.489477], [-6.487845, 37.489718], [-6.487876, 37.489965], [-6.488084, 37.490144], [-6.488329, 37.490292], [-6.488564, 37.490455], [-6.488798, 37.490617], [-6.488499, 37.490742], [-6.488197, 37.490795], [-6.487885, 37.490742], [-6.487576, 37.490701], [-6.487422, 37.490931], [-6.487409, 37.491185], [-6.487666, 37.49132], [-6.487947, 37.491426], [-6.488092, 37.491653], [-6.487827, 37.491795], [-6.487545, 37.491928], [-6.487406, 37.492157], [-6.487508, 37.49239], [-6.487509, 37.492642], [-6.487511, 37.492726], [-6.487511, 37.492727], [-6.487272, 37.492732], [-6.487039, 37.492709], [-6.486744, 37.492907], [-6.486625, 37.493074], [-6.486567, 37.493258], [-6.486568, 37.49345], [-6.486624, 37.493632], [-6.486662, 37.493735], [-6.486781, 37.493801], [-6.487075, 37.493955], [-6.487284, 37.494179], [-6.487466, 37.494435], [-6.487585, 37.494715], [-6.487689, 37.494999], [-6.487756, 37.495275], [-6.487935, 37.495518], [-6.488255, 37.495639], [-6.488563, 37.495777], [-6.488646, 37.49605], [-6.488487, 37.496311], [-6.488223, 37.496563], [-6.488064, 37.496824], [-6.487997, 37.49711], [-6.487822, 37.497374], [-6.487604, 37.497604], [-6.48726, 37.497459], [-6.486976, 37.497276], [-6.486781, 37.497036], [-6.487032, 37.496663], [-6.487335, 37.4965], [-6.487284, 37.496221], [-6.486943, 37.496158], [-6.486608, 37.496258], [-6.486354, 37.496056], [-6.486532, 37.495805], [-6.486815, 37.495632], [-6.48705, 37.495399], [-6.487173, 37.495131], [-6.487056, 37.494863], [-6.486812, 37.494632], [-6.486643, 37.49436], [-6.486531, 37.494098], [-6.486492, 37.494122], [-6.486302, 37.494], [-6.486152, 37.493852], [-6.486013, 37.493703], [-6.485994, 37.493693], [-6.485972, 37.493574], [-6.485648, 37.493439], [-6.485388, 37.493635], [-6.485386, 37.493683], [-6.485348, 37.493692], [-6.485148, 37.493809], [-6.484975, 37.493941], [-6.484788, 37.494111], [-6.48463, 37.494257], [-6.48443, 37.494375], [-6.484219, 37.494494], [-6.48403, 37.49461], [-6.483805, 37.494668], [-6.48356, 37.494647], [-6.483421, 37.494497], [-6.48333, 37.494312], [-6.483283, 37.494119], [-6.483339, 37.493927], [-6.483384, 37.493736], [-6.483429, 37.493545], [-6.483511, 37.493366], [-6.48368, 37.493218], [-6.483852, 37.493078], [-6.483934, 37.492899], [-6.483968, 37.49271], [-6.484002, 37.492521], [-6.484022, 37.492326], [-6.484181, 37.492179], [-6.484411, 37.492139], [-6.484654, 37.492105], [-6.484786, 37.491945], [-6.484741, 37.49176], [-6.484696, 37.491576], [-6.484652, 37.491392], [-6.484639, 37.491339], [-6.484494, 37.491197], [-6.484327, 37.491046], [-6.484142, 37.490918], [-6.484039, 37.490737], [-6.484273, 37.490677], [-6.484504, 37.490608], [-6.484754, 37.490564], [-6.484931, 37.490419], [-6.484936, 37.490417], [-6.48514, 37.490307], [-6.485367, 37.49022], [-6.485608, 37.49014], [-6.485414, 37.490022], [-6.485185, 37.489958], [-6.484927, 37.489966], [-6.484691, 37.490017], [-6.484533, 37.49007], [-6.484451, 37.490097], [-6.484226, 37.490193], [-6.483988, 37.490235], [-6.483759, 37.490171], [-6.483668, 37.489989], [-6.483599, 37.489802], [-6.483539, 37.489604], [-6.483545, 37.489386], [-6.483553, 37.489227], [-6.483555, 37.489185], [-6.483554, 37.488986], [-6.483564, 37.488786], [-6.483552, 37.488589], [-6.483469, 37.488396], [-6.483284, 37.488267], [-6.483042, 37.488291], [-6.482905, 37.488457], [-6.482906, 37.488656], [-6.482896, 37.488856], [-6.482851, 37.489063], [-6.482847, 37.48908], [-6.482539, 37.489221], [-6.482207, 37.489293], [-6.482142, 37.489571], [-6.481816, 37.489668], [-6.481598, 37.489453], [-6.481338, 37.489273], [-6.480984, 37.489255], [-6.480649, 37.489314], [-6.480289, 37.489337], [-6.479946, 37.489291], [-6.479605, 37.489191], [-6.479274, 37.48913], [-6.479493, 37.489344], [-6.479766, 37.489509], [-6.479968, 37.489727], [-6.480132, 37.489991], [-6.480067, 37.490268], [-6.479855, 37.490492], [-6.479628, 37.490718], [-6.479508, 37.490979], [-6.479335, 37.491223], [-6.479006, 37.491307], [-6.478832, 37.491071], [-6.478572, 37.490891], [-6.478312, 37.49071], [-6.477978, 37.490636], [-6.477609, 37.490621], [-6.477258, 37.490616], [-6.476914, 37.490637], [-6.476576, 37.490683], [-6.476249, 37.490567], [-6.475889, 37.490524], [-6.475529, 37.490481], [-6.475169, 37.490437], [-6.474848, 37.490347], [-6.474547, 37.490201], [-6.474274, 37.490036], [-6.474177, 37.489773], [-6.474312, 37.48951], [-6.474663, 37.489448], [-6.474987, 37.489551], [-6.475292, 37.48971], [-6.475578, 37.48986], [-6.475909, 37.489921], [-6.476247, 37.489875], [-6.476519, 37.489694], [-6.476727, 37.489458], [-6.477021, 37.4893], [-6.477359, 37.489254], [-6.477726, 37.489189], [-6.477845, 37.488928], [-6.477748, 37.488666], [-6.477635, 37.488406], [-6.477487, 37.488139], [-6.477374, 37.48788], [-6.477229, 37.487625], [-6.477422, 37.487392], [-6.477688, 37.487185], [-6.477606, 37.48692], [-6.477285, 37.48683], [-6.476988, 37.486976], [-6.476667, 37.486886], [-6.476391, 37.486708], [-6.476545, 37.486454], [-6.476881, 37.486329], [-6.477219, 37.486283], [-6.477422, 37.486186], [-6.47733, 37.486127], [-6.477256, 37.485884], [-6.477237, 37.485619], [-6.47751, 37.485485], [-6.477843, 37.485476], [-6.478159, 37.485457], [-6.478491, 37.485508], [-6.478603, 37.485539], [-6.478786, 37.485591], [-6.479092, 37.485659], [-6.479411, 37.485591], [-6.479712, 37.485513], [-6.480011, 37.485424], [-6.48032, 37.485504], [-6.480642, 37.485508], [-6.48078, 37.485264], [-6.480645, 37.485019], [-6.480444, 37.484823], [-6.480179, 37.484674], [-6.479864, 37.484571], [-6.479569, 37.484671], [-6.479235, 37.484803], [-6.47893, 37.48493], [-6.47862, 37.485034], [-6.47842, 37.484837], [-6.478181, 37.484671], [-6.47804, 37.484738], [-6.47788, 37.484688], [-6.477565, 37.484645], [-6.477514, 37.484654], [-6.477524, 37.484604], [-6.477297, 37.484424], [-6.477311, 37.484165], [-6.477295, 37.483911], [-6.477224, 37.483619], [-6.477161, 37.483361], [-6.477081, 37.483094], [-6.477036, 37.482846], [-6.476932, 37.482607], [-6.476732, 37.482411], [-6.47652, 37.482228], [-6.476293, 37.482048], [-6.47598, 37.482018], [-6.475673, 37.482072], [-6.475352, 37.482128], [-6.47503, 37.482185], [-6.474748, 37.482344], [-6.474589, 37.482568], [-6.474532, 37.482834], [-6.47432, 37.48303], [-6.474109, 37.48318], [-6.474021, 37.483241], [-6.473696, 37.483286], [-6.473381, 37.483244], [-6.473057, 37.483228], [-6.472745, 37.483197], [-6.472477, 37.483171], [-6.472347, 37.483194], [-6.472156, 37.483243], [-6.471963, 37.483277], [-6.471742, 37.483239], [-6.471608, 37.483123], [-6.471487, 37.482983], [-6.471389, 37.482815], [-6.471445, 37.482651], [-6.471637, 37.48261], [-6.471831, 37.482576], [-6.472024, 37.482542], [-6.47229, 37.482526], [-6.472478, 37.48247], [-6.472561, 37.482345], [-6.472577, 37.482321], [-6.472699, 37.482192], [-6.472888, 37.482136], [-6.473098, 37.482053], [-6.473197, 37.481904], [-6.473185, 37.481737], [-6.473175, 37.481577], [-6.473041, 37.481462], [-6.472855, 37.48141], [-6.472656, 37.481422], [-6.472442, 37.481452], [-6.472271, 37.481536], [-6.472091, 37.481629], [-6.471921, 37.48172], [-6.471775, 37.481831], [-6.471707, 37.481872], [-6.471616, 37.481928], [-6.47146, 37.48204], [-6.471275, 37.482111], [-6.471082, 37.482145], [-6.470888, 37.482179], [-6.470694, 37.482213], [-6.470473, 37.482252], [-6.470281, 37.482294], [-6.470093, 37.48235], [-6.469858, 37.482376], [-6.469659, 37.482388], [-6.469455, 37.482377], [-6.469247, 37.482352], [-6.469055, 37.482317], [-6.468864, 37.482242], [-6.468667, 37.482185], [-6.468478, 37.482118], [-6.46829, 37.482058], [-6.468099, 37.482023], [-6.4679, 37.481996], [-6.467701, 37.481931], [-6.467516, 37.481879], [-6.467317, 37.481813], [-6.467135, 37.481738], [-6.467106, 37.481725], [-6.467012, 37.481748], [-6.466637, 37.48169], [-6.466338, 37.481522], [-6.46603, 37.481384], [-6.465735, 37.48123], [-6.465439, 37.481075], [-6.465421, 37.480789], [-6.465525, 37.48051], [-6.465507, 37.480224], [-6.46544, 37.479947], [-6.46537, 37.479656], [-6.465269, 37.479385], [-6.465202, 37.479108], [-6.465217, 37.478816], [-6.465304, 37.47854], [-6.465392, 37.478263], [-6.465476, 37.477973], [-6.465425, 37.477693], [-6.465308, 37.477424], [-6.465142, 37.477165], [-6.464963, 37.476921], [-6.46527, 37.476771], [-6.465466, 37.477011], [-6.465774, 37.47715], [-6.466106, 37.477243], [-6.466468, 37.477248], [-6.46682, 37.477282], [-6.467182, 37.477288], [-6.467544, 37.477293], [-6.467879, 37.477399], [-6.468187, 37.477606], [-6.468205, 37.477628], [-6.468266, 37.477647], [-6.468628, 37.477653], [-6.468984, 37.477631], [-6.469291, 37.477481], [-6.469598, 37.477331], [-6.469928, 37.477204], [-6.470284, 37.477045], [-6.470566, 37.476789], [-6.470617, 37.476505], [-6.470793, 37.47624], [-6.470973, 37.475988], [-6.471132, 37.475726], [-6.471413, 37.475539], [-6.471769, 37.475449], [-6.472128, 37.475441], [-6.472446, 37.475619], [-6.472775, 37.475768], [-6.473095, 37.475601], [-6.473232, 37.475247], [-6.473595, 37.475183], [-6.473977, 37.47513], [-6.474385, 37.475182], [-6.474706, 37.475304], [-6.475002, 37.475459], [-6.475056, 37.475752], [-6.474807, 37.476071], [-6.474756, 37.476355], [-6.475024, 37.476542], [-6.475374, 37.476425], [-6.475655, 37.476238], [-6.475933, 37.476038], [-6.476247, 37.475845], [-6.476551, 37.475682], [-6.476926, 37.475671], [-6.477105, 37.475914], [-6.477173, 37.476191], [-6.477339, 37.476451], [-6.477672, 37.476338], [-6.478005, 37.476224], [-6.478107, 37.476082], [-6.478266, 37.476095], [-6.478618, 37.47613], [-6.478993, 37.476119], [-6.479223, 37.476078], [-6.479509, 37.476262], [-6.479841, 37.476355], [-6.48021, 37.476387], [-6.480419, 37.476611], [-6.480452, 37.476745], [-6.480358, 37.476816], [-6.480359, 37.477025], [-6.480396, 37.477228], [-6.480444, 37.477428], [-6.480398, 37.477645], [-6.480638, 37.477712], [-6.480878, 37.47778], [-6.48113, 37.477845], [-6.481384, 37.47787], [-6.481639, 37.477895], [-6.481905, 37.477917], [-6.482184, 37.477938], [-6.482432, 37.477884], [-6.482685, 37.47775], [-6.482935, 37.477706], [-6.483195, 37.4777], [-6.483466, 37.477692], [-6.483721, 37.477667], [-6.483981, 37.477662], [-6.484254, 37.477663], [-6.484507, 37.477629], [-6.484769, 37.477632], [-6.485043, 37.477634], [-6.485323, 37.477664], [-6.485647, 37.477667], [-6.485909, 37.477671], [-6.486173, 37.477684], [-6.486466, 37.477712], [-6.486737, 37.477754], [-6.486998, 37.477807], [-6.487277, 37.477878], [-6.487529, 37.477943], [-6.48778, 37.478008], [-6.488047, 37.478031], [-6.488289, 37.478108], [-6.488503, 37.478219], [-6.488762, 37.478213], [-6.488876, 37.478014], [-6.488746, 37.477838], [-6.488513, 37.47775], [-6.488297, 37.477628], [-6.488167, 37.477452], [-6.487951, 37.477331], [-6.487685, 37.477308], [-6.487421, 37.477295], [-6.487181, 37.477228], [-6.48713, 37.477018], [-6.487127, 37.476859], [-6.487273, 37.476886], [-6.4874, 37.476677], [-6.487685, 37.476671], [-6.48796, 37.476622], [-6.488241, 37.476595], [-6.488555, 37.476594], [-6.488835, 37.476622], [-6.489125, 37.476636], [-6.489333, 37.476479], [-6.489279, 37.476259], [-6.489213, 37.476041], [-6.489196, 37.475803], [-6.489142, 37.475583], [-6.489088, 37.475363], [-6.489045, 37.475129], [-6.489141, 37.474905], [-6.489127, 37.474677], [-6.48906, 37.474459], [-6.48902, 37.474237], [-6.489073, 37.474008], [-6.489229, 37.473806], [-6.489507, 37.473768], [-6.489649, 37.473568], [-6.489912, 37.473467], [-6.490187, 37.473419], [-6.490443, 37.473516], [-6.490376, 37.473746], [-6.490278, 37.473961], [-6.490182, 37.474185], [-6.490141, 37.474411], [-6.490308, 37.47459], [-6.49039, 37.474816], [-6.490318, 37.475081], [-6.490293, 37.475315], [-6.490294, 37.475544], [-6.490426, 37.475751], [-6.49064, 37.475899], [-6.490759, 37.476108], [-6.490852, 37.476321], [-6.491066, 37.47647], [-6.491341, 37.476421], [-6.491528, 37.476235], [-6.491652, 37.476016], [-6.491795, 37.475816], [-6.492039, 37.475697], [-6.492228, 37.475521], [-6.49224, 37.475289], [-6.492341, 37.475031], [-6.492547, 37.474863], [-6.492718, 37.474669], [-6.492816, 37.474455], [-6.492802, 37.474227], [-6.492798, 37.474164], [-6.492987, 37.474083], [-6.49336, 37.474003], [-6.493719, 37.47394], [-6.494072, 37.473849], [-6.494384, 37.473666], [-6.494526, 37.473369], [-6.494579, 37.473074], [-6.494741, 37.472789], [-6.494989, 37.472559], [-6.495175, 37.472298], [-6.495228, 37.472003], [-6.495244, 37.4717], [-6.495259, 37.471397], [-6.495381, 37.47109], [-6.495471, 37.470803], [-6.495599, 37.470523], [-6.495891, 37.470329], [-6.496058, 37.470193], [-6.496081, 37.470193], [-6.496454, 37.470171], [-6.496816, 37.470107], [-6.497155, 37.469947], [-6.497319, 37.469658], [-6.497231, 37.469371], [-6.497505, 37.469164], [-6.497792, 37.46894], [-6.49798, 37.468677], [-6.497989, 37.468669], [-6.49797, 37.468635], [-6.497803, 37.468319], [-6.497932, 37.468036], [-6.498234, 37.467796], [-6.498442, 37.467543], [-6.498534, 37.467253], [-6.498477, 37.466945], [-6.498665, 37.466682], [-6.498964, 37.466874], [-6.499069, 37.467158], [-6.49916, 37.467459], [-6.499526, 37.467409], [-6.499714, 37.467146], [-6.499805, 37.466856], [-6.499993, 37.466592], [-6.500214, 37.466411], [-6.500198, 37.466325], [-6.499993, 37.466073], [-6.499756, 37.46584], [-6.499703, 37.465547], [-6.500049, 37.465414], [-6.500425, 37.465333], [-6.500788, 37.465269], [-6.50114, 37.465164], [-6.501482, 37.465017], [-6.501832, 37.464826], [-6.502082, 37.464594], [-6.502242, 37.464292], [-6.502351, 37.463999], [-6.502693, 37.463852], [-6.502901, 37.463599], [-6.503069, 37.463325], [-6.503215, 37.463039], [-6.503307, 37.462749], [-6.503697, 37.462579], [-6.504091, 37.462568], [-6.504484, 37.462556], [-6.504974, 37.462427], [-6.505241, 37.462192], [-6.505535, 37.461996], [-6.505854, 37.461825], [-6.50621, 37.461733], [-6.506578, 37.461769], [-6.506874, 37.461948], [-6.507014, 37.462226], [-6.506867, 37.462511], [-6.506788, 37.462601], [-6.506772, 37.462921], [-6.506665, 37.463258], [-6.506519, 37.463603], [-6.506392, 37.463944], [-6.50633, 37.46429], [-6.506316, 37.464662], [-6.506318, 37.465014], [-6.50632, 37.465366], [-6.506269, 37.46576], [-6.506311, 37.466105], [-6.506454, 37.466432], [-6.506806, 37.466672], [-6.507231, 37.466614], [-6.507862, 37.466537], [-6.508295, 37.466511], [-6.508784, 37.466542], [-6.50916, 37.466631], [-6.509229, 37.466648], [-6.509702, 37.466783], [-6.510127, 37.466892], [-6.510556, 37.466934], [-6.510989, 37.466992], [-6.511417, 37.467118], [-6.511751, 37.467267], [-6.511769, 37.467265], [-6.512224, 37.467168], [-6.51255, 37.467394], [-6.512964, 37.467471], [-6.513387, 37.467413], [-6.513624, 37.467704], [-6.513934, 37.46795], [-6.514337, 37.467812], [-6.514235, 37.46748], [-6.514018, 37.467185], [-6.513896, 37.466856], [-6.514303, 37.466735], [-6.51473, 37.466693], [-6.51516, 37.46675], [-6.51559, 37.466808], [-6.516033, 37.46683], [-6.516459, 37.466871], [-6.516886, 37.466829], [-6.517332, 37.466867], [-6.517825, 37.467014], [-6.518227, 37.467126], [-6.518569, 37.467332], [-6.518671, 37.467664], [-6.518856, 37.467998], [-6.519093, 37.46829], [-6.519435, 37.468496], [-6.519849, 37.468573], [-6.520311, 37.468675], [-6.520737, 37.468716], [-6.521203, 37.468751], [-6.521662, 37.468753], [-6.522136, 37.46882], [-6.522525, 37.468968], [-6.522851, 37.469194], [-6.523229, 37.469377], [-6.523404, 37.469339], [-6.523835, 37.46946], [-6.524295, 37.469594], [-6.524768, 37.469601], [-6.525229, 37.469646], [-6.525693, 37.469708], [-6.526209, 37.469797], [-6.526682, 37.469893], [-6.52716, 37.470007], [-6.527646, 37.470065], [-6.528201, 37.470129], [-6.528773, 37.470172], [-6.529268, 37.470175], [-6.529772, 37.470212], [-6.530237, 37.470184], [-6.530702, 37.470246], [-6.531214, 37.470318], [-6.531675, 37.470182], [-6.532111, 37.470033], [-6.532568, 37.469881], [-6.533008, 37.469749], [-6.533349, 37.469491], [-6.533661, 37.469202], [-6.534098, 37.468873], [-6.534439, 37.468614], [-6.534811, 37.468387], [-6.53523, 37.468169], [-6.535541, 37.46788], [-6.535874, 37.467587], [-6.53613, 37.467254], [-6.536291, 37.466901], [-6.536744, 37.466821], [-6.537231, 37.466789], [-6.537666, 37.46664], [-6.538038, 37.466413], [-6.538495, 37.46617], [-6.538888, 37.465939], [-6.539316, 37.465755], [-6.539793, 37.465779], [-6.540232, 37.465917], [-6.540667, 37.465768], [-6.541069, 37.465572], [-6.541325, 37.465238], [-6.541279, 37.464868], [-6.541488, 37.464526], [-6.541722, 37.464196], [-6.541879, 37.463826], [-6.542191, 37.463537], [-6.542575, 37.463271], [-6.542809, 37.462942], [-6.542825, 37.462893], [-6.543223, 37.462667], [-6.543527, 37.462385], [-6.543881, 37.462129], [-6.544206, 37.461844], [-6.544338, 37.461487], [-6.54421, 37.461141], [-6.54396, 37.460834], [-6.543583, 37.460637], [-6.54315, 37.460749], [-6.542704, 37.46081], [-6.542251, 37.460837], [-6.541859, 37.461029], [-6.541556, 37.461311], [-6.541231, 37.461597], [-6.540709, 37.461882], [-6.540376, 37.462134], [-6.539951, 37.462279], [-6.539493, 37.46229], [-6.53904, 37.462229], [-6.538566, 37.462173], [-6.538117, 37.462129], [-6.537791, 37.461871], [-6.537684, 37.461521], [-6.537598, 37.461168], [-6.537575, 37.460627], [-6.537346, 37.460317], [-6.537432, 37.45995], [-6.537682, 37.459625], [-6.537956, 37.459314], [-6.538231, 37.459002], [-6.538401, 37.458621], [-6.538675, 37.458309], [-6.538808, 37.457952], [-6.538919, 37.457599], [-6.538874, 37.457238], [-6.538807, 37.457084], [-6.538963, 37.456881], [-6.539171, 37.456724], [-6.539361, 37.456548], [-6.539501, 37.456282], [-6.539675, 37.456097], [-6.539902, 37.455959], [-6.540125, 37.45581], [-6.540195, 37.455589], [-6.540228, 37.455331], [-6.540292, 37.455089], [-6.54056, 37.455009], [-6.540859, 37.454945], [-6.541081, 37.454785], [-6.541169, 37.454528], [-6.541246, 37.454284], [-6.541253, 37.454031], [-6.541225, 37.453805], [-6.541195, 37.453569], [-6.541217, 37.453494], [-6.541211, 37.453489], [-6.54106, 37.453347], [-6.540931, 37.453208], [-6.540879, 37.45304], [-6.540836, 37.452861], [-6.540824, 37.452685], [-6.540844, 37.452504], [-6.540871, 37.452312], [-6.540868, 37.452126], [-6.540885, 37.451937], [-6.540935, 37.45175], [-6.540966, 37.451575], [-6.541113, 37.451439], [-6.541245, 37.451288], [-6.541418, 37.451173], [-6.541536, 37.451152], [-6.541583, 37.451025], [-6.541704, 37.450869], [-6.541947, 37.450783], [-6.54216, 37.450746], [-6.542299, 37.450759], [-6.542351, 37.450703], [-6.542524, 37.450588], [-6.542727, 37.45051], [-6.542979, 37.450457], [-6.543196, 37.450393], [-6.543415, 37.450337], [-6.543628, 37.4503], [-6.543841, 37.450262], [-6.544068, 37.450239], [-6.544341, 37.450233], [-6.544566, 37.450244], [-6.544799, 37.450245], [-6.545024, 37.450257], [-6.545235, 37.450296], [-6.545492, 37.450394], [-6.545673, 37.450489], [-6.545849, 37.450602], [-6.546025, 37.450715], [-6.546198, 37.45082], [-6.546301, 37.45098], [-6.546343, 37.451151], [-6.546279, 37.451323], [-6.546132, 37.451459], [-6.545971, 37.451581], [-6.545837, 37.451723], [-6.545729, 37.451886], [-6.54563, 37.452048], [-6.545581, 37.452234], [-6.545555, 37.452434], [-6.545553, 37.452508], [-6.54555, 37.45263], [-6.545594, 37.452808], [-6.54565, 37.452994], [-6.54577, 37.453142], [-6.54583, 37.453158], [-6.545837, 37.453177], [-6.545917, 37.453393], [-6.545989, 37.453633], [-6.546109, 37.453842], [-6.546373, 37.453916], [-6.546639, 37.453825], [-6.546869, 37.453766], [-6.546822, 37.453573], [-6.546757, 37.453362], [-6.5467, 37.453128], [-6.546843, 37.452902], [-6.547088, 37.45271], [-6.547346, 37.452633], [-6.547625, 37.452636], [-6.547888, 37.452685], [-6.548152, 37.452734], [-6.54842, 37.452803], [-6.548713, 37.452868], [-6.548994, 37.452935], [-6.549249, 37.453006], [-6.549515, 37.453065], [-6.549763, 37.453159], [-6.550041, 37.453216], [-6.550298, 37.453128], [-6.550476, 37.452938], [-6.550599, 37.452736], [-6.550719, 37.452524], [-6.550786, 37.452311], [-6.550853, 37.452098], [-6.550933, 37.451882], [-6.551133, 37.45173], [-6.551403, 37.451587], [-6.55171, 37.451491], [-6.551974, 37.45138], [-6.55217, 37.451208], [-6.552308, 37.451014], [-6.55243, 37.450812], [-6.552629, 37.45065], [-6.552681, 37.450429], [-6.55276, 37.450214], [-6.552911, 37.450018], [-6.553182, 37.449991], [-6.553461, 37.449995], [-6.553739, 37.449998], [-6.553995, 37.45007], [-6.554232, 37.450176], [-6.554472, 37.450293], [-6.55469, 37.450424], [-6.554907, 37.450555], [-6.555124, 37.450686], [-6.555372, 37.45078], [-6.555632, 37.450871], [-6.555911, 37.450822], [-6.556182, 37.450742], [-6.556449, 37.450642], [-6.556632, 37.450472], [-6.556894, 37.450405], [-6.55717, 37.450398], [-6.557466, 37.45042], [-6.557597, 37.450407], [-6.557703, 37.450077], [-6.557869, 37.449645], [-6.558103, 37.449319], [-6.558417, 37.448979], [-6.558735, 37.448738], [-6.559089, 37.448475], [-6.559506, 37.448384], [-6.55995, 37.448406], [-6.560399, 37.448444], [-6.560847, 37.448482], [-6.5613, 37.448536], [-6.561663, 37.448457], [-6.561765, 37.44837], [-6.561926, 37.448174], [-6.562085, 37.447967], [-6.562153, 37.447732], [-6.562253, 37.447513], [-6.562337, 37.447286], [-6.562408, 37.447061], [-6.562417, 37.446813], [-6.562594, 37.446625], [-6.562694, 37.446406], [-6.562706, 37.44617], [-6.562852, 37.445965], [-6.563121, 37.44604], [-6.563393, 37.446126], [-6.563701, 37.446128], [-6.564, 37.446153], [-6.56428, 37.446215], [-6.564453, 37.446408], [-6.564398, 37.446642], [-6.564221, 37.446829], [-6.564009, 37.44699], [-6.563983, 37.447229], [-6.564245, 37.447328], [-6.56452, 37.447257], [-6.56477, 37.447135], [-6.56504, 37.447042], [-6.565331, 37.447035], [-6.565526, 37.447202], [-6.565658, 37.447262], [-6.565776, 37.447314], [-6.565786, 37.447306], [-6.565986, 37.447143], [-6.566139, 37.446915], [-6.5663, 37.446719], [-6.566446, 37.446514], [-6.566559, 37.446293], [-6.56667, 37.446061], [-6.566799, 37.445848], [-6.56709, 37.445897], [-6.567159, 37.44612], [-6.567133, 37.446359], [-6.567049, 37.446586], [-6.566936, 37.446807], [-6.566825, 37.447039], [-6.566755, 37.447264], [-6.566684, 37.447489], [-6.566584, 37.447708], [-6.566547, 37.447939], [-6.56655, 37.447942], [-6.566805, 37.448215], [-6.567116, 37.448462], [-6.567371, 37.448735], [-6.56759, 37.449031], [-6.567849, 37.449321], [-6.56816, 37.449567], [-6.568576, 37.449644], [-6.569012, 37.449718], [-6.569417, 37.449579], [-6.569842, 37.449521], [-6.570246, 37.449634], [-6.570485, 37.449926], [-6.570527, 37.450271], [-6.570471, 37.450482], [-6.570514, 37.45062], [-6.570651, 37.451183], [-6.570822, 37.45174], [-6.570859, 37.452321], [-6.570796, 37.452919], [-6.570833, 37.4535], [-6.571172, 37.454027], [-6.571698, 37.454465], [-6.572217, 37.454877], [-6.572643, 37.455333], [-6.573042, 37.455821], [-6.573279, 37.456366], [-6.573484, 37.456917], [-6.573655, 37.457474], [-6.574067, 37.458017], [-6.574762, 37.458145], [-6.575165, 37.457654], [-6.575861, 37.457503], [-6.576531, 37.457245], [-6.576635, 37.456667], [-6.576714, 37.456555], [-6.57672, 37.456526], [-6.576744, 37.4563], [-6.576763, 37.456054], [-6.576787, 37.455828], [-6.576787, 37.455827], [-6.57666, 37.455628], [-6.576234, 37.455172], [-6.575742, 37.454728], [-6.575168, 37.454382], [-6.574568, 37.454069], [-6.573914, 37.453821], [-6.57326, 37.453574], [-6.572606, 37.453326], [-6.571999, 37.452986], [-6.571862, 37.452423], [-6.572265, 37.451932], [-6.572516, 37.451384], [-6.572671, 37.451182], [-6.572751, 37.451217], [-6.573077, 37.45132], [-6.573424, 37.451232], [-6.573761, 37.451172], [-6.574108, 37.451084], [-6.574446, 37.451024], [-6.574783, 37.450965], [-6.575136, 37.450902], [-6.575489, 37.45084], [-6.575817, 37.450741], [-6.576158, 37.450627], [-6.576482, 37.450516], [-6.576807, 37.450405], [-6.577147, 37.450291], [-6.577472, 37.45018], [-6.5778, 37.450082], [-6.578176, 37.449975], [-6.578516, 37.449861], [-6.57886, 37.44976], [-6.579191, 37.449674], [-6.579509, 37.449537], [-6.579902, 37.449361], [-6.580201, 37.449214], [-6.580525, 37.449103], [-6.580824, 37.448956], [-6.581246, 37.44876], [-6.5815, 37.448568], [-6.581732, 37.448352], [-6.581974, 37.448108], [-6.582229, 37.447848], [-6.5824, 37.44759], [-6.582555, 37.447334], [-6.582672, 37.447059], [-6.582789, 37.446783], [-6.582854, 37.446503], [-6.582936, 37.44622], [-6.583018, 37.445937], [-6.583118, 37.445664], [-6.583219, 37.445392], [-6.58332, 37.445119], [-6.583405, 37.444849], [-6.583451, 37.444559], [-6.583462, 37.444262], [-6.583455, 37.444221], [-6.583548, 37.444154], [-6.583595, 37.444118], [-6.583686, 37.443647], [-6.583756, 37.443161], [-6.583835, 37.442715], [-6.58391, 37.442249], [-6.584015, 37.441799], [-6.584203, 37.441356], [-6.584386, 37.440892], [-6.584434, 37.44043], [-6.584653, 37.440003], [-6.584964, 37.439624], [-6.585214, 37.439214], [-6.585489, 37.438798], [-6.585826, 37.438415], [-6.586225, 37.438064], [-6.58669, 37.437766], [-6.587089, 37.437414], [-6.587565, 37.437158], [-6.588107, 37.437062], [-6.588549, 37.437328], [-6.58881, 37.437735], [-6.589097, 37.438137], [-6.589633, 37.438237], [-6.590206, 37.438049], [-6.59061, 37.437718], [-6.59108, 37.437441], [-6.591632, 37.437386], [-6.5921, 37.437648], [-6.592097, 37.437675], [-6.592523, 37.437616], [-6.593085, 37.437711], [-6.593605, 37.437856], [-6.59413, 37.438022], [-6.594234, 37.438093], [-6.594532, 37.438015], [-6.595074, 37.437919], [-6.595668, 37.437814], [-6.596256, 37.437688], [-6.596789, 37.437443], [-6.597254, 37.437145], [-6.597473, 37.436718], [-6.597753, 37.436323], [-6.598326, 37.436135], [-6.598692, 37.436099], [-6.598723, 37.435806], [-6.598836, 37.435807], [-6.599438, 37.435793], [-6.600106, 37.435813], [-6.600686, 37.43571], [-6.601255, 37.435563], [-6.601836, 37.43546], [-6.602454, 37.435396], [-6.603007, 37.435183], [-6.603374, 37.434794], [-6.603668, 37.434349], [-6.60393, 37.433887], [-6.604164, 37.43343], [-6.604337, 37.43296], [-6.60445, 37.432478], [-6.604469, 37.431967], [-6.604554, 37.43149], [-6.604634, 37.43099], [-6.60489, 37.430506], [-6.60503, 37.430019], [-6.605198, 37.429527], [-6.605531, 37.429122], [-6.605765, 37.428838], [-6.605864, 37.428716], [-6.606225, 37.428306], [-6.606619, 37.427913], [-6.607051, 37.427559], [-6.607384, 37.427153], [-6.607684, 37.42673], [-6.608045, 37.42632], [-6.608554, 37.426045], [-6.609036, 37.425659], [-6.609303, 37.425219], [-6.609636, 37.424813], [-6.6102, 37.424644], [-6.610763, 37.424821], [-6.611114, 37.425198], [-6.611228, 37.425663], [-6.611314, 37.426132], [-6.6114, 37.426602], [-6.611459, 37.427077], [-6.611495, 37.427579], [-6.611526, 37.428058], [-6.61148, 37.428575], [-6.611428, 37.429069], [-6.611376, 37.429563], [-6.611322, 37.429784], [-6.611524, 37.429871], [-6.611749, 37.430007], [-6.61173, 37.430397], [-6.611657, 37.430804], [-6.61151, 37.431204], [-6.611371, 37.431641], [-6.611224, 37.432041], [-6.611029, 37.43245], [-6.610858, 37.432854], [-6.610955, 37.43325], [-6.611216, 37.433359], [-6.611245, 37.433415], [-6.611844, 37.433548], [-6.612444, 37.433681], [-6.613038, 37.433791], [-6.613643, 37.433946], [-6.614123, 37.434161], [-6.614179, 37.434186], [-6.614355, 37.434657], [-6.614507, 37.435156], [-6.614682, 37.435627], [-6.614714, 37.436124], [-6.614301, 37.436508], [-6.613733, 37.436752], [-6.613591, 37.436756], [-6.61311, 37.436767], [-6.612504, 37.436851], [-6.612227, 37.437307], [-6.612014, 37.437775], [-6.6118, 37.438244], [-6.611666, 37.438913], [-6.611941, 37.439251], [-6.611821, 37.43954], [-6.611831, 37.440932], [-6.612023, 37.441493], [-6.611853, 37.441543], [-6.611468, 37.441737], [-6.611327, 37.442046], [-6.611232, 37.442378], [-6.611113, 37.442698], [-6.611421, 37.442912], [-6.61179, 37.443051], [-6.612185, 37.443139], [-6.612523, 37.443315], [-6.612583, 37.443366], [-6.612854, 37.443461], [-6.613178, 37.443656], [-6.613421, 37.443928], [-6.613461, 37.444252], [-6.61352, 37.444572], [-6.613531, 37.444722], [-6.613854, 37.444813], [-6.614253, 37.444915], [-6.614561, 37.445128], [-6.6149, 37.445305], [-6.615238, 37.445481], [-6.615444, 37.44576], [-6.615718, 37.445995], [-6.616144, 37.446046], [-6.616536, 37.44596], [-6.616928, 37.445875], [-6.617036, 37.445834], [-6.617099, 37.445869], [-6.617234, 37.445951], [-6.617307, 37.446248], [-6.617471, 37.446503], [-6.617693, 37.446721], [-6.617844, 37.446992], [-6.618096, 37.447191], [-6.618374, 37.447358], [-6.618625, 37.447557], [-6.618708, 37.447827], [-6.618733, 37.448134], [-6.618751, 37.448415], [-6.618837, 37.448698], [-6.618791, 37.448991], [-6.61913, 37.449066], [-6.619522, 37.449077], [-6.619901, 37.449105], [-6.620269, 37.449161], [-6.620613, 37.449114], [-6.62094, 37.449002], [-6.621242, 37.448853], [-6.621573, 37.448754], [-6.621923, 37.448665], [-6.622263, 37.448604], [-6.622658, 37.448629], [-6.622997, 37.448704], [-6.623347, 37.448818], [-6.623673, 37.448909], [-6.623796, 37.448926], [-6.624406, 37.449317], [-6.624471, 37.44937], [-6.624715, 37.449336], [-6.625132, 37.449262], [-6.625586, 37.449257], [-6.625995, 37.449306], [-6.62639, 37.449372], [-6.626734, 37.449539], [-6.626918, 37.449825], [-6.627101, 37.450111], [-6.627185, 37.450228], [-6.627304, 37.450241], [-6.627735, 37.450301], [-6.62826, 37.450435], [-6.628509, 37.450679], [-6.628693, 37.450965], [-6.628859, 37.451254], [-6.629006, 37.451547], [-6.629153, 37.451839], [-6.629264, 37.452138], [-6.629412, 37.45243], [-6.629708, 37.452635], [-6.630005, 37.45284], [-6.630269, 37.453066], [-6.630394, 37.453206], [-6.630503, 37.453328], [-6.630785, 37.453551], [-6.631143, 37.4537], [-6.631454, 37.453887], [-6.631663, 37.45398], [-6.631672, 37.454054], [-6.631756, 37.454327], [-6.631985, 37.454561], [-6.632353, 37.454592], [-6.632754, 37.454617], [-6.632993, 37.454822], [-6.632906, 37.455099], [-6.633175, 37.455284], [-6.633486, 37.455504], [-6.633828, 37.455429], [-6.633848, 37.455422], [-6.6339, 37.455513], [-6.634017, 37.455781], [-6.634272, 37.455983], [-6.634603, 37.456144], [-6.634884, 37.456077], [-6.635191, 37.456163], [-6.635576, 37.456191], [-6.635902, 37.45605], [-6.636247, 37.455989], [-6.636605, 37.45598], [-6.63696, 37.456027], [-6.637301, 37.45609], [-6.637675, 37.456147], [-6.638016, 37.456348], [-6.63815, 37.456613], [-6.638349, 37.456866], [-6.638658, 37.457004], [-6.639003, 37.456942], [-6.639338, 37.456841], [-6.63968, 37.456767], [-6.640019, 37.456679], [-6.640348, 37.456552], [-6.64071, 37.456419], [-6.641013, 37.456255], [-6.641339, 37.456115], [-6.641645, 37.455964], [-6.641977, 37.45585], [-6.642283, 37.4557], [-6.642626, 37.455556], [-6.642964, 37.455469], [-6.643323, 37.455322], [-6.643659, 37.455222], [-6.644001, 37.455078], [-6.64436, 37.454932], [-6.644682, 37.454779], [-6.645422, 37.45451], [-6.645761, 37.454353], [-6.646104, 37.45421], [-6.64641, 37.454059], [-6.646723, 37.453866], [-6.647026, 37.453702], [-6.647193, 37.453535], [-6.647274, 37.453521], [-6.647728, 37.45344], [-6.648119, 37.453272], [-6.648487, 37.453091], [-6.64889, 37.45297], [-6.649304, 37.452896], [-6.649696, 37.452727], [-6.650095, 37.45259], [-6.650486, 37.452422], [-6.650928, 37.452294], [-6.651331, 37.452172], [-6.651742, 37.452083], [-6.652156, 37.452009], [-6.652594, 37.451948], [-6.653005, 37.451858], [-6.653431, 37.451749], [-6.653846, 37.451676], [-6.654359, 37.451584], [-6.654805, 37.451472], [-6.655208, 37.451351], [-6.655694, 37.451231], [-6.656089, 37.451079], [-6.65635, 37.450801], [-6.656631, 37.45052], [-6.656913, 37.450239], [-6.657272, 37.450027], [-6.657648, 37.449795], [-6.658059, 37.44954], [-6.658372, 37.449303], [-6.658708, 37.449078], [-6.659036, 37.448822], [-6.659369, 37.448581], [-6.65963, 37.448303], [-6.659663, 37.448271], [-6.659768, 37.448221], [-6.660012, 37.448077], [-6.660309, 37.448035], [-6.660621, 37.448114], [-6.660904, 37.448074], [-6.661192, 37.448057], [-6.661475, 37.448129], [-6.661803, 37.448216], [-6.662073, 37.448291], [-6.662369, 37.448305], [-6.662647, 37.448244], [-6.662927, 37.448195], [-6.663237, 37.448151], [-6.663515, 37.44809], [-6.663807, 37.448027], [-6.664095, 37.447953], [-6.664368, 37.447815], [-6.664612, 37.447671], [-6.664837, 37.447508], [-6.664995, 37.447302], [-6.665137, 37.447086], [-6.665421, 37.446991], [-6.665714, 37.446939], [-6.665879, 37.446903], [-6.666006, 37.446876], [-6.666313, 37.446821], [-6.666612, 37.446846], [-6.666884, 37.446932], [-6.667129, 37.447078], [-6.667404, 37.447174], [-6.667689, 37.447202], [-6.667988, 37.447227], [-6.668293, 37.447217], [-6.668573, 37.447167], [-6.668872, 37.447192], [-6.669134, 37.447291], [-6.669283, 37.447499], [-6.669305, 37.447538], [-6.66978, 37.447575], [-6.670127, 37.447576], [-6.670388, 37.447416], [-6.670667, 37.447265], [-6.670946, 37.447114], [-6.671224, 37.446964], [-6.671551, 37.447007], [-6.671856, 37.447155], [-6.672009, 37.447393], [-6.672011, 37.447658], [-6.671968, 37.447932], [-6.671873, 37.448189], [-6.67173, 37.448442], [-6.671515, 37.448658], [-6.671224, 37.448823], [-6.670963, 37.448984], [-6.670799, 37.449215], [-6.670656, 37.449469], [-6.670688, 37.449728], [-6.670799, 37.449987], [-6.671062, 37.450155], [-6.671379, 37.450225], [-6.671751, 37.45026], [-6.672074, 37.450291], [-6.672404, 37.45041], [-6.672512, 37.450656], [-6.672559, 37.450913], [-6.672594, 37.451185], [-6.672597, 37.4512], [-6.673041, 37.451153], [-6.673352, 37.451143], [-6.67383, 37.451115], [-6.674114, 37.451168], [-6.674253, 37.451316], [-6.674218, 37.451483], [-6.674416, 37.451639], [-6.674541, 37.451857], [-6.674597, 37.452087], [-6.674582, 37.452233], [-6.674628, 37.452254], [-6.674659, 37.452339], [-6.674757, 37.452562], [-6.674854, 37.452784], [-6.674858, 37.452794], [-6.674963, 37.453051], [-6.675164, 37.453232], [-6.675448, 37.453284], [-6.675617, 37.4533], [-6.67574, 37.453312], [-6.676033, 37.45334], [-6.676303, 37.453452], [-6.676581, 37.453539], [-6.676865, 37.453592], [-6.677157, 37.45362], [-6.67745, 37.45359], [-6.677742, 37.453561], [-6.678018, 37.453638], [-6.677993, 37.453877], [-6.678203, 37.453877], [-6.678187, 37.454137], [-6.678135, 37.45436], [-6.678083, 37.454583], [-6.678062, 37.454822], [-6.678079, 37.455054], [-6.677999, 37.455272], [-6.677814, 37.455444], [-6.677731, 37.4555], [-6.677596, 37.45559], [-6.677394, 37.455743], [-6.677217, 37.455946], [-6.677193, 37.456175], [-6.677435, 37.456292], [-6.677686, 37.456386], [-6.677936, 37.456481], [-6.678201, 37.456583], [-6.678485, 37.456597], [-6.678721, 37.456469], [-6.678854, 37.456253], [-6.678972, 37.456157], [-6.679055, 37.456089], [-6.679338, 37.456049], [-6.679617, 37.456096], [-6.679677, 37.456113], [-6.679764, 37.456137], [-6.679813, 37.456296], [-6.679907, 37.456515], [-6.680178, 37.456584], [-6.680446, 37.456643], [-6.680758, 37.456716], [-6.68098, 37.456858], [-6.681166, 37.457018], [-6.681393, 37.457181], [-6.681474, 37.457401], [-6.68154, 37.457614], [-6.681718, 37.457796], [-6.681986, 37.457909], [-6.682224, 37.457792], [-6.68248, 37.457693], [-6.682729, 37.457563], [-6.682954, 37.457394], [-6.683134, 37.457202], [-6.683214, 37.456984], [-6.683171, 37.456757], [-6.683167, 37.456683], [-6.683157, 37.456535], [-6.68327, 37.456236], [-6.683378, 37.456025], [-6.683619, 37.455864], [-6.683903, 37.455824], [-6.684133, 37.455944], [-6.684173, 37.456161], [-6.684201, 37.456191], [-6.684204, 37.45619], [-6.684535, 37.456164], [-6.684818, 37.456114], [-6.684964, 37.455908], [-6.685016, 37.455606], [-6.684807, 37.45544], [-6.684621, 37.455259], [-6.684474, 37.45506], [-6.684327, 37.454862], [-6.684152, 37.454667], [-6.683881, 37.454592], [-6.683609, 37.45446], [-6.683521, 37.454217], [-6.683519, 37.453981], [-6.683649, 37.453766], [-6.683881, 37.453624], [-6.684154, 37.45353], [-6.684426, 37.453436], [-6.684706, 37.453375], [-6.684868, 37.453177], [-6.684966, 37.452946], [-6.68495, 37.452712], [-6.684881, 37.452488], [-6.684677, 37.452288], [-6.684748, 37.452062], [-6.685023, 37.451979], [-6.685267, 37.452115], [-6.685561, 37.452165], [-6.685851, 37.452203], [-6.686139, 37.452287], [-6.686405, 37.452397], [-6.686674, 37.452518], [-6.686937, 37.452617], [-6.68723, 37.452723], [-6.687502, 37.452798], [-6.687784, 37.45286], [-6.688097, 37.452929], [-6.68839, 37.453034], [-6.688685, 37.453094], [-6.688941, 37.453217], [-6.689153, 37.453393], [-6.689308, 37.453567], [-6.689208, 37.453621], [-6.689758, 37.454034], [-6.690069, 37.454337], [-6.690357, 37.454645], [-6.690646, 37.454953], [-6.691052, 37.455165], [-6.691554, 37.455189], [-6.692037, 37.455329], [-6.692306, 37.455333], [-6.692535, 37.455335], [-6.692987, 37.45516], [-6.693457, 37.455246], [-6.693691, 37.455621], [-6.693834, 37.455946], [-6.693853, 37.455989], [-6.694105, 37.456342], [-6.694339, 37.456716], [-6.694587, 37.45705], [-6.694793, 37.45741], [-6.695041, 37.457744], [-6.695311, 37.458075], [-6.695389, 37.458137], [-6.695153, 37.458272], [-6.695082, 37.458502], [-6.69504, 37.458738], [-6.695217, 37.458935], [-6.695454, 37.459086], [-6.69571, 37.459201], [-6.696, 37.459275], [-6.696267, 37.459376], [-6.69643, 37.459575], [-6.696492, 37.459827], [-6.69639, 37.46005], [-6.696182, 37.460248], [-6.696001, 37.46044], [-6.696077, 37.460689], [-6.696276, 37.460859], [-6.69656, 37.460911], [-6.696852, 37.460939], [-6.697147, 37.460978], [-6.697458, 37.460968], [-6.697745, 37.460917], [-6.698032, 37.460866], [-6.698319, 37.460815], [-6.698601, 37.460742], [-6.698868, 37.460843], [-6.699056, 37.461026], [-6.69914, 37.461251], [-6.699279, 37.461466], [-6.699565, 37.461587], [-6.699876, 37.461634], [-6.70018, 37.461648], [-6.700189, 37.461649], [-6.700222, 37.461741], [-6.700528, 37.461871], [-6.700826, 37.46191], [-6.701132, 37.461925], [-6.701441, 37.462008], [-6.701667, 37.462164], [-6.701773, 37.462259], [-6.701971, 37.462315], [-6.702234, 37.462387], [-6.702475, 37.462454], [-6.702695, 37.462515], [-6.702924, 37.462579], [-6.703162, 37.462645], [-6.703284, 37.462679], [-6.70345, 37.462677], [-6.703793, 37.462662], [-6.704096, 37.462666], [-6.704402, 37.462738], [-6.704692, 37.462802], [-6.704992, 37.46291], [-6.705276, 37.463009], [-6.705538, 37.463136], [-6.705827, 37.463257], [-6.706136, 37.463283], [-6.706426, 37.463231], [-6.70673, 37.463235], [-6.706944, 37.463404], [-6.70696, 37.463644], [-6.706904, 37.463884], [-6.706891, 37.463958], [-6.706986, 37.464], [-6.707161, 37.464087], [-6.707324, 37.464173], [-6.707258, 37.464483], [-6.707262, 37.46496], [-6.707158, 37.465455], [-6.706765, 37.465821], [-6.706794, 37.466205], [-6.707035, 37.46627], [-6.707346, 37.466387], [-6.707635, 37.466548], [-6.707933, 37.466748], [-6.708123, 37.46698], [-6.708326, 37.467196], [-6.708532, 37.467425], [-6.708735, 37.467642], [-6.708765, 37.467668], [-6.70927, 37.467578], [-6.709857, 37.467541], [-6.710416, 37.467737], [-6.710602, 37.467797], [-6.710642, 37.46781], [-6.711002, 37.467927], [-6.7116, 37.467934], [-6.71203, 37.46784], [-6.712349, 37.467982], [-6.712799, 37.468311], [-6.713086, 37.468782], [-6.713226, 37.469235], [-6.713338, 37.469692], [-6.713369, 37.470163], [-6.713346, 37.470644], [-6.713405, 37.471111], [-6.713517, 37.471568], [-6.713494, 37.472049], [-6.713281, 37.472402], [-6.713386, 37.472386], [-6.713545, 37.472375], [-6.713684, 37.472433], [-6.713693, 37.47256], [-6.713595, 37.472695], [-6.71352, 37.472808], [-6.713501, 37.472941], [-6.713535, 37.473075], [-6.713593, 37.473194], [-6.713684, 37.473295], [-6.713762, 37.473404], [-6.713853, 37.473505], [-6.713957, 37.473598], [-6.714063, 37.473703], [-6.714153, 37.473798], [-6.71425, 37.473898], [-6.714327, 37.474002], [-6.714356, 37.47412], [-6.714328, 37.474242], [-6.714302, 37.474376], [-6.71424, 37.474478], [-6.714265, 37.474492], [-6.714355, 37.474534], [-6.71446, 37.474579], [-6.714556, 37.474617], [-6.714645, 37.474647], [-6.714758, 37.474681], [-6.714896, 37.474718], [-6.715027, 37.474751], [-6.715154, 37.47478], [-6.715181, 37.474785], [-6.715318, 37.474707], [-6.715469, 37.474412], [-6.715598, 37.474106], [-6.71573, 37.473815], [-6.716133, 37.473787], [-6.716524, 37.473792], [-6.716905, 37.473828], [-6.717276, 37.473896], [-6.71766, 37.473872], [-6.71807, 37.473799], [-6.718451, 37.473835], [-6.718946, 37.473881], [-6.719377, 37.473968], [-6.719772, 37.474061], [-6.720152, 37.474172], [-6.720401, 37.474425], [-6.720682, 37.474658], [-6.720988, 37.474842], [-6.721396, 37.475067], [-6.721541, 37.475127], [-6.721616, 37.475429], [-6.72169, 37.475729], [-6.721729, 37.476035], [-6.721699, 37.476368], [-6.721588, 37.476671], [-6.721494, 37.47697], [-6.72144, 37.477278], [-6.721407, 37.477596], [-6.721356, 37.477918], [-6.721448, 37.478215], [-6.721464, 37.478256], [-6.721301, 37.478524], [-6.721172, 37.47883], [-6.721121, 37.479152], [-6.720886, 37.479402], [-6.720487, 37.479444], [-6.720081, 37.479382], [-6.719711, 37.479314], [-6.71933, 37.479278], [-6.718955, 37.479345], [-6.71857, 37.479443], [-6.718217, 37.479596], [-6.717836, 37.479783], [-6.717493, 37.479978], [-6.717186, 37.480167], [-6.717163, 37.480183], [-6.716997, 37.480097], [-6.716741, 37.480196], [-6.716572, 37.480376], [-6.716354, 37.480522], [-6.716137, 37.480667], [-6.715952, 37.480839], [-6.715716, 37.480967], [-6.715483, 37.481105], [-6.71521, 37.481079], [-6.714918, 37.481035], [-6.714553, 37.481014], [-6.714284, 37.481062], [-6.714003, 37.481059], [-6.713714, 37.481025], [-6.713448, 37.481083], [-6.713325, 37.481287], [-6.713478, 37.481473], [-6.713718, 37.48158], [-6.714009, 37.481571], [-6.71427, 37.481653], [-6.714271, 37.481807], [-6.714272, 37.481877], [-6.714039, 37.482015], [-6.71377, 37.482116], [-6.713504, 37.482228], [-6.713242, 37.482307], [-6.712966, 37.482377], [-6.7127, 37.482435], [-6.712424, 37.482453], [-6.71215, 37.482427], [-6.712133, 37.482427], [-6.711872, 37.482434], [-6.71159, 37.48243], [-6.711286, 37.482442], [-6.71101, 37.482459], [-6.710721, 37.482479], [-6.710503, 37.482624], [-6.710201, 37.482593], [-6.710002, 37.482436], [-6.709737, 37.482387], [-6.709519, 37.482533], [-6.709521, 37.482757], [-6.709558, 37.482855], [-6.7095, 37.483075], [-6.709504, 37.483311], [-6.709634, 37.483513], [-6.709821, 37.483672], [-6.709851, 37.483903], [-6.709612, 37.484021], [-6.709394, 37.484167], [-6.709211, 37.48435], [-6.709046, 37.484551], [-6.70882, 37.48472], [-6.708642, 37.484923], [-6.708403, 37.485041], [-6.708136, 37.485099], [-6.707846, 37.485065], [-6.707968, 37.48485], [-6.708048, 37.484632], [-6.708047, 37.484631], [-6.707912, 37.484571], [-6.707723, 37.484401], [-6.707513, 37.484256], [-6.707251, 37.484174], [-6.707021, 37.484054], [-6.706993, 37.483834], [-6.706991, 37.483609], [-6.707015, 37.483379], [-6.707008, 37.483341], [-6.706828, 37.483273], [-6.706616, 37.483118], [-6.706527, 37.482866], [-6.706499, 37.482645], [-6.706459, 37.482427], [-6.706403, 37.482365], [-6.706292, 37.482242], [-6.705992, 37.482221], [-6.70571, 37.482271], [-6.705402, 37.482326], [-6.705097, 37.482338], [-6.704858, 37.482455], [-6.704805, 37.482622], [-6.70479, 37.482671], [-6.704767, 37.482901], [-6.704538, 37.483059], [-6.704278, 37.483149], [-6.704014, 37.483217], [-6.703719, 37.483163], [-6.703437, 37.483159], [-6.703172, 37.483228], [-6.702869, 37.483357], [-6.702582, 37.483387], [-6.702323, 37.483315], [-6.702023, 37.483186], [-6.701816, 37.482998], [-6.701575, 37.482891], [-6.701252, 37.48283], [-6.700972, 37.482837], [-6.700662, 37.482828], [-6.700315, 37.482836], [-6.700036, 37.482843], [-6.699751, 37.48283], [-6.699482, 37.482878], [-6.699296, 37.48305], [-6.699439, 37.48325], [-6.699582, 37.48345], [-6.699581, 37.483477], [-6.699947, 37.483697], [-6.700202, 37.484008], [-6.700435, 37.484322], [-6.700895, 37.484383], [-6.701167, 37.484673], [-6.701439, 37.484963], [-6.701416, 37.485412], [-6.701185, 37.485738], [-6.700877, 37.486025], [-6.701029, 37.486372], [-6.701378, 37.486612], [-6.7018, 37.48643], [-6.702253, 37.486278], [-6.702717, 37.486177], [-6.703186, 37.486183], [-6.703539, 37.486441], [-6.70387, 37.486702], [-6.704206, 37.486981], [-6.704662, 37.487024], [-6.705131, 37.486941], [-6.705479, 37.487181], [-6.705653, 37.487524], [-6.705929, 37.487831], [-6.70589, 37.488212], [-6.705756, 37.488575], [-6.705525, 37.488901], [-6.705094, 37.489227], [-6.704744, 37.489521], [-6.70444, 37.489825], [-6.704235, 37.490164], [-6.704211, 37.490203], [-6.704215, 37.490221], [-6.70423, 37.490345], [-6.704237, 37.490464], [-6.704236, 37.490576], [-6.704226, 37.490698], [-6.704207, 37.49083], [-6.704184, 37.490942], [-6.704181, 37.490954], [-6.704304, 37.491235], [-6.704282, 37.491693], [-6.704007, 37.492109], [-6.703732, 37.492525], [-6.70342, 37.492905], [-6.70314, 37.493301], [-6.702891, 37.493713], [-6.702688, 37.494202], [-6.702531, 37.494662], [-6.702282, 37.495074], [-6.701744, 37.495192], [-6.70118, 37.495206], [-6.700648, 37.495344], [-6.700145, 37.495606], [-6.699607, 37.495832], [-6.699101, 37.495641], [-6.698699, 37.495324], [-6.69825, 37.495037], [-6.697885, 37.494648], [-6.697596, 37.494246], [-6.69735, 37.493914], [-6.697313, 37.493864], [-6.696776, 37.493766], [-6.696238, 37.493883], [-6.695715, 37.494063], [-6.695377, 37.494246], [-6.695239, 37.49432], [-6.694763, 37.494578], [-6.69423, 37.494824], [-6.693682, 37.4949], [-6.69321, 37.495179], [-6.693049, 37.495618], [-6.69313, 37.496057], [-6.692587, 37.496262], [-6.692182, 37.496594], [-6.692047, 37.497028], [-6.692154, 37.497463], [-6.691812, 37.497826], [-6.691531, 37.498222], [-6.691612, 37.498661], [-6.691725, 37.499117], [-6.691532, 37.49954], [-6.691092, 37.499834], [-6.690554, 37.50006], [-6.690031, 37.500239], [-6.689951, 37.500267], [-6.689923, 37.500307], [-6.689821, 37.500445], [-6.689702, 37.500602], [-6.68959, 37.500745], [-6.689538, 37.500809], [-6.68962, 37.500923], [-6.689975, 37.501389], [-6.690353, 37.501826], [-6.690778, 37.502208], [-6.691174, 37.502594], [-6.691501, 37.503066], [-6.691413, 37.503562], [-6.690917, 37.503867], [-6.690369, 37.504206], [-6.689833, 37.50447], [-6.689268, 37.504739], [-6.688674, 37.504892], [-6.688087, 37.505069], [-6.687476, 37.505274], [-6.686871, 37.505382], [-6.68629, 37.505221], [-6.686152, 37.505274], [-6.685714, 37.505444], [-6.685137, 37.505787], [-6.684986, 37.506271], [-6.684972, 37.506827], [-6.684945, 37.507132], [-6.684924, 37.507365], [-6.684773, 37.507849], [-6.684243, 37.508136], [-6.683884, 37.507921], [-6.683748, 37.507839], [-6.683773, 37.507329], [-6.683988, 37.506858], [-6.683672, 37.506433], [-6.683073, 37.506564], [-6.682957, 37.507066], [-6.683018, 37.50756], [-6.682999, 37.508093], [-6.683026, 37.50845], [-6.683038, 37.508615], [-6.682697, 37.509061], [-6.682206, 37.509389], [-6.68171, 37.509694], [-6.681048, 37.509812], [-6.680823, 37.509667], [-6.680548, 37.509491], [-6.680233, 37.509066], [-6.679918, 37.508641], [-6.679441, 37.508293], [-6.678847, 37.508447], [-6.678317, 37.508734], [-6.677786, 37.509021], [-6.677181, 37.509128], [-6.676571, 37.509213], [-6.676454, 37.509715], [-6.677017, 37.509928], [-6.677598, 37.510089], [-6.678254, 37.510189], [-6.678466, 37.51068], [-6.67795, 37.511085], [-6.677912, 37.511116], [-6.677882, 37.511117], [-6.677255, 37.511136], [-6.676825, 37.510732], [-6.676215, 37.510455], [-6.675525, 37.510338], [-6.675374, 37.510822], [-6.675493, 37.511306], [-6.675583, 37.511795], [-6.675517, 37.512171], [-6.675343, 37.51225], [-6.675167, 37.51233], [-6.675019, 37.512399], [-6.674845, 37.512479], [-6.674645, 37.512573], [-6.674462, 37.512659], [-6.674296, 37.512738], [-6.674124, 37.51282], [-6.673947, 37.512905], [-6.673863, 37.512946], [-6.673968, 37.512969], [-6.673646, 37.513361], [-6.673302, 37.513892], [-6.673081, 37.514356], [-6.672887, 37.514815], [-6.672837, 37.515293], [-6.672585, 37.51574], [-6.672054, 37.515968], [-6.671466, 37.515961], [-6.670894, 37.51613], [-6.67047, 37.516451], [-6.670148, 37.516843], [-6.669831, 37.517257], [-6.669696, 37.517728], [-6.669967, 37.518149], [-6.67011, 37.518615], [-6.669969, 37.519065], [-6.669834, 37.519535], [-6.66964, 37.519994], [-6.669185, 37.520299], [-6.668755, 37.52071], [-6.668508, 37.521179], [-6.668282, 37.521621], [-6.667992, 37.52203], [-6.66786, 37.52223], [-6.668021, 37.52237], [-6.668148, 37.522789], [-6.668027, 37.523175], [-6.66781, 37.523559], [-6.667561, 37.523911], [-6.667142, 37.524158], [-6.666732, 37.524442], [-6.666289, 37.524885], [-6.666123, 37.52528], [-6.666103, 37.525686], [-6.666175, 37.526077], [-6.666293, 37.526459], [-6.666342, 37.526853], [-6.666345, 37.527255], [-6.666372, 37.527654], [-6.666421, 37.528048], [-6.666447, 37.528447], [-6.666198, 37.528798], [-6.665747, 37.529013], [-6.665296, 37.529227], [-6.664872, 37.529456], [-6.664476, 37.529699], [-6.664455, 37.529712], [-6.664057, 37.529947], [-6.663863, 37.530327], [-6.66377, 37.530727], [-6.663727, 37.531138], [-6.663395, 37.531446], [-6.663077, 37.53181], [-6.663007, 37.532206], [-6.663033, 37.532605], [-6.663017, 37.532717], [-6.662896, 37.532739], [-6.662739, 37.532884], [-6.662784, 37.533066], [-6.662796, 37.533254], [-6.662843, 37.533445], [-6.662942, 37.533617], [-6.663172, 37.533676], [-6.66339, 37.533736], [-6.663467, 37.533912], [-6.663307, 37.534086], [-6.663046, 37.534223], [-6.663002, 37.534411], [-6.662874, 37.534579], [-6.662772, 37.53476], [-6.662816, 37.534942], [-6.662905, 37.535116], [-6.662949, 37.535298], [-6.662916, 37.535485], [-6.662775, 37.535646], [-6.662619, 37.535791], [-6.662475, 37.535943], [-6.662397, 37.536129], [-6.662452, 37.536309], [-6.662553, 37.53649], [-6.662581, 37.536603], [-6.66241, 37.53664], [-6.662155, 37.536717], [-6.66194, 37.536849], [-6.661779, 37.537045], [-6.661713, 37.537255], [-6.661702, 37.537476], [-6.661767, 37.537684], [-6.661844, 37.537889], [-6.661945, 37.538091], [-6.66206, 37.53829], [-6.662134, 37.53849], [-6.662136, 37.538495], [-6.662146, 37.538744], [-6.66208, 37.538954], [-6.661954, 37.539186], [-6.661818, 37.539377], [-6.661761, 37.539443], [-6.661197, 37.541577], [-6.661171, 37.541688], [-6.661421, 37.541994], [-6.661638, 37.542383], [-6.661916, 37.542722], [-6.662279, 37.543007], [-6.662757, 37.543175], [-6.663194, 37.54337], [-6.663449, 37.543713], [-6.663592, 37.544096], [-6.664047, 37.544268], [-6.664475, 37.544522], [-6.664687, 37.544893], [-6.664379, 37.545219], [-6.664052, 37.545569], [-6.663716, 37.545882], [-6.663361, 37.546217], [-6.662872, 37.546304], [-6.662508, 37.546602], [-6.662288, 37.546991], [-6.66198, 37.547318], [-6.661806, 37.547699], [-6.661665, 37.548112], [-6.661208, 37.54833], [-6.660724, 37.548435], [-6.660212, 37.548332], [-6.660084, 37.548355], [-6.659856, 37.550546], [-6.659815, 37.550936], [-6.65995, 37.551145], [-6.660209, 37.551473], [-6.66048, 37.551763], [-6.660658, 37.552123], [-6.660593, 37.552491], [-6.660362, 37.552817], [-6.66016, 37.553173], [-6.660393, 37.553488], [-6.660845, 37.553603], [-6.661272, 37.553439], [-6.661269, 37.553065], [-6.661607, 37.552809], [-6.662068, 37.552692], [-6.662524, 37.552646], [-6.662756, 37.55232], [-6.663217, 37.552202], [-6.663664, 37.552301], [-6.663509, 37.552667], [-6.663252, 37.55298], [-6.663068, 37.553404], [-6.662811, 37.553717], [-6.662503, 37.554003], [-6.662165, 37.554259], [-6.661831, 37.554532], [-6.661505, 37.555107], [-6.661419, 37.555478], [-6.661238, 37.555831], [-6.66096, 37.556148], [-6.660626, 37.556421], [-6.660736, 37.556775], [-6.661106, 37.557012], [-6.661195, 37.55737], [-6.661036, 37.557719], [-6.661039, 37.558093], [-6.660675, 37.558335], [-6.660257, 37.558534], [-6.659983, 37.558702], [-6.659889, 37.55876], [-6.659671, 37.558844], [-6.659462, 37.558925], [-6.659014, 37.559005], [-6.658481, 37.559099], [-6.658032, 37.559179], [-6.657584, 37.559259], [-6.657213, 37.559241], [-6.657121, 37.559254], [-6.656747, 37.559741], [-6.656443, 37.560242], [-6.656353, 37.560811], [-6.656187, 37.56134], [-6.655959, 37.561881], [-6.65551, 37.562329], [-6.655168, 37.56281], [-6.654751, 37.563253], [-6.654208, 37.563586], [-6.653753, 37.564009], [-6.653625, 37.564557], [-6.653755, 37.565087], [-6.653791, 37.565633], [-6.653694, 37.566176], [-6.653713, 37.566459], [-6.653626, 37.566455], [-6.653078, 37.56653], [-6.652483, 37.566636], [-6.651899, 37.566783], [-6.652083, 37.567203], [-6.652242, 37.567628], [-6.652597, 37.567975], [-6.652885, 37.568377], [-6.653194, 37.568754], [-6.653327, 37.569183], [-6.653621, 37.569524], [-6.653667, 37.569576], [-6.653949, 37.569958], [-6.654005, 37.570401], [-6.654008, 37.570853], [-6.653857, 37.571333], [-6.6537, 37.571793], [-6.653538, 37.572232], [-6.65317, 37.572599], [-6.652826, 37.572802], [-6.652699, 37.572877], [-6.652253, 37.57315], [-6.651792, 37.57347], [-6.651512, 37.573865], [-6.651319, 37.574287], [-6.651302, 37.574765], [-6.651398, 37.575154], [-6.651309, 37.575177], [-6.651065, 37.575546], [-6.65116, 37.575931], [-6.651255, 37.576316], [-6.651382, 37.576734], [-6.651499, 37.577115], [-6.65164, 37.577492], [-6.651809, 37.577883], [-6.651858, 37.578276], [-6.651664, 37.578655], [-6.651241, 37.578884], [-6.650818, 37.579112], [-6.650341, 37.579216], [-6.649841, 37.579228], [-6.649332, 37.579204], [-6.648842, 37.579157], [-6.648319, 37.579077], [-6.647814, 37.579167], [-6.647694, 37.579552], [-6.647651, 37.579961], [-6.647608, 37.580371], [-6.647657, 37.580764], [-6.647798, 37.581141], [-6.64809, 37.581453], [-6.648558, 37.5816], [-6.649053, 37.581665], [-6.649446, 37.581902], [-6.649493, 37.582007], [-6.649472, 37.582077], [-6.649501, 37.582512], [-6.649429, 37.582964], [-6.649382, 37.583411], [-6.64908, 37.583779], [-6.648633, 37.584088], [-6.648216, 37.584413], [-6.647824, 37.584734], [-6.647427, 37.585035], [-6.647125, 37.585402], [-6.647153, 37.585836], [-6.647679, 37.585952], [-6.648114, 37.586231], [-6.648343, 37.586629], [-6.648643, 37.586994], [-6.648772, 37.587411], [-6.64885, 37.587836], [-6.648984, 37.588273], [-6.649163, 37.58868], [-6.649438, 37.58905], [-6.649441, 37.589489], [-6.649339, 37.589925], [-6.649443, 37.590346], [-6.64952, 37.590481], [-6.649373, 37.590741], [-6.649491, 37.591124], [-6.649905, 37.591339], [-6.650337, 37.591628], [-6.650142, 37.592008], [-6.649718, 37.592238], [-6.649546, 37.592614], [-6.649181, 37.592891], [-6.648993, 37.59252], [-6.6487, 37.592207], [-6.648304, 37.591969], [-6.647811, 37.591922], [-6.647722, 37.592342], [-6.648016, 37.592655], [-6.648268, 37.592995], [-6.648248, 37.593402], [-6.648086, 37.593816], [-6.648047, 37.594246], [-6.648281, 37.594608], [-6.648469, 37.594978], [-6.648472, 37.595382], [-6.64841, 37.595816], [-6.648414, 37.596219], [-6.64832, 37.59662], [-6.648302, 37.596732], [-6.648239, 37.596729], [-6.647906, 37.597134], [-6.647687, 37.597562], [-6.647717, 37.598011], [-6.647772, 37.598455], [-6.647667, 37.598906], [-6.647562, 37.599357], [-6.647591, 37.599805], [-6.6476, 37.600279], [-6.647577, 37.600737], [-6.647586, 37.601211], [-6.647538, 37.601674], [-6.647407, 37.602129], [-6.647002, 37.60246], [-6.646478, 37.60264], [-6.645913, 37.602653], [-6.645369, 37.60275], [-6.64481, 37.602785], [-6.644265, 37.602881], [-6.643726, 37.602998], [-6.643181, 37.603311], [-6.642931, 37.603723], [-6.64265, 37.604119], [-6.642121, 37.604277], [-6.642063, 37.604288], [-6.64201, 37.604155], [-6.641472, 37.604084], [-6.64097, 37.603945], [-6.640452, 37.604057], [-6.640266, 37.604464], [-6.64019, 37.604893], [-6.640293, 37.605312], [-6.64052, 37.605707], [-6.640504, 37.606168], [-6.640234, 37.606548], [-6.639849, 37.606886], [-6.639802, 37.607331], [-6.639831, 37.607762], [-6.63959, 37.608158], [-6.639092, 37.608351], [-6.639001, 37.608398], [-6.638608, 37.608603], [-6.638178, 37.608866], [-6.637749, 37.609129], [-6.63723, 37.609346], [-6.636813, 37.609602], [-6.636524, 37.609578], [-6.636107, 37.609652], [-6.635671, 37.609729], [-6.635251, 37.609787], [-6.634839, 37.609711], [-6.634407, 37.609639], [-6.633975, 37.609649], [-6.633637, 37.609875], [-6.633431, 37.610012], [-6.633219, 37.610057], [-6.632676, 37.610174], [-6.632152, 37.610267], [-6.631685, 37.610059], [-6.631598, 37.609904], [-6.631452, 37.609643], [-6.631842, 37.609325], [-6.632005, 37.609262], [-6.632235, 37.609313]], [[-6.505405, 37.510765], [-6.505883, 37.510736], [-6.505837, 37.510356], [-6.505954, 37.509984], [-6.50642, 37.509902], [-6.506911, 37.509926], [-6.50742, 37.509929], [-6.507881, 37.510015], [-6.508355, 37.509968], [-6.508807, 37.509833], [-6.508805, 37.509445], [-6.508692, 37.509076], [-6.508685, 37.50867], [-6.508776, 37.508284], [-6.508708, 37.507908], [-6.508386, 37.507631], [-6.508122, 37.507308], [-6.507898, 37.506958], [-6.50787, 37.506556], [-6.507987, 37.506184], [-6.508126, 37.505808], [-6.507885, 37.50548], [-6.507505, 37.505251], [-6.507061, 37.505422], [-6.506944, 37.505794], [-6.506493, 37.505652], [-6.506212, 37.50535], [-6.505908, 37.505052], [-6.505586, 37.504775], [-6.50554, 37.504395], [-6.505631, 37.504009], [-6.505628, 37.503621], [-6.505195, 37.503456], [-6.504791, 37.503694], [-6.504674, 37.504066], [-6.504765, 37.504439], [-6.504855, 37.504811], [-6.504787, 37.505194], [-6.504493, 37.505504], [-6.503991, 37.50563], [-6.503755, 37.505986], [-6.503637, 37.506358], [-6.503449, 37.506724], [-6.503159, 37.507053], [-6.502953, 37.507441], [-6.502867, 37.507845], [-6.502776, 37.508231], [-6.502756, 37.508623], [-6.502891, 37.508987], [-6.503119, 37.509354], [-6.503321, 37.509707], [-6.503607, 37.510027], [-6.504917, 37.510851], [-6.505405, 37.510765]], [[-6.556994, 37.513326], [-6.55744, 37.513343], [-6.557886, 37.513361], [-6.558297, 37.51332], [-6.558716, 37.513311], [-6.559131, 37.513285], [-6.55952, 37.513152], [-6.559798, 37.512895], [-6.560095, 37.512633], [-6.560399, 37.512403], [-6.560758, 37.512227], [-6.561166, 37.512091], [-6.561443, 37.511833], [-6.561234, 37.511549], [-6.56127, 37.511206], [-6.561548, 37.510948], [-6.561411, 37.510635], [-6.561039, 37.510428], [-6.560652, 37.51032], [-6.560237, 37.510264], [-6.559811, 37.510244], [-6.559384, 37.510303], [-6.558988, 37.510405], [-6.558634, 37.510596], [-6.558238, 37.510457], [-6.558359, 37.510131], [-6.558319, 37.509801], [-6.557908, 37.509761], [-6.557515, 37.509879], [-6.557214, 37.510124], [-6.557071, 37.510439], [-6.556766, 37.510669], [-6.556435, 37.510872], [-6.556164, 37.511161], [-6.555886, 37.511419], [-6.555658, 37.511716], [-6.555775, 37.512032], [-6.555931, 37.512342], [-6.555726, 37.512651], [-6.55569, 37.512994], [-6.555865, 37.513301], [-6.556568, 37.513305], [-6.556994, 37.513326]], [[-6.563169, 37.511159], [-6.563403, 37.511156], [-6.563623, 37.511172], [-6.563785, 37.511277], [-6.563905, 37.511405], [-6.564007, 37.511543], [-6.564127, 37.511671], [-6.564256, 37.511797], [-6.564458, 37.511824], [-6.564655, 37.51175], [-6.564714, 37.511591], [-6.564694, 37.51143], [-6.564712, 37.511262], [-6.564674, 37.511104], [-6.564537, 37.510987], [-6.564337, 37.510929], [-6.564183, 37.510823], [-6.564055, 37.510696], [-6.563918, 37.510579], [-6.563723, 37.510543], [-6.563523, 37.510563], [-6.563322, 37.510622], [-6.563173, 37.510735], [-6.563011, 37.510834], [-6.562955, 37.511165], [-6.563169, 37.511159]], [[-6.565455, 37.510856], [-6.565662, 37.51082], [-6.565837, 37.510734], [-6.565984, 37.510614], [-6.566145, 37.510515], [-6.566257, 37.51037], [-6.566336, 37.510215], [-6.566448, 37.510069], [-6.566572, 37.509938], [-6.566631, 37.509778], [-6.56667, 37.509615], [-6.566727, 37.509448], [-6.566797, 37.509294], [-6.566796, 37.50913], [-6.566599, 37.509047], [-6.566411, 37.50912], [-6.566364, 37.509285], [-6.566284, 37.50944], [-6.566148, 37.509566], [-6.565962, 37.509646], [-6.565793, 37.509754], [-6.565633, 37.509861], [-6.565604, 37.510023], [-6.565502, 37.510166], [-6.56534, 37.510265], [-6.56529, 37.510423], [-6.565258, 37.510891], [-6.565455, 37.510856]], [[-6.56814, 37.5028], [-6.568154, 37.502676], [-6.568125, 37.502559], [-6.568096, 37.502442], [-6.568068, 37.502325], [-6.567942, 37.502254], [-6.567795, 37.50228], [-6.567655, 37.502328], [-6.567545, 37.502411], [-6.567409, 37.502482], [-6.567266, 37.502519], [-6.56712, 37.502545], [-6.566975, 37.502576], [-6.566865, 37.502659], [-6.566886, 37.502778], [-6.5669, 37.502822], [-6.566873, 37.503075], [-6.566782, 37.503323], [-6.56647, 37.503293], [-6.566155, 37.503251], [-6.565837, 37.503197], [-6.565522, 37.503216], [-6.565227, 37.503317], [-6.565024, 37.503548], [-6.564883, 37.50378], [-6.564707, 37.503994], [-6.564647, 37.504249], [-6.564664, 37.504502], [-6.564724, 37.504747], [-6.56483, 37.504997], [-6.564978, 37.505227], [-6.565111, 37.505459], [-6.565215, 37.505697], [-6.56529, 37.505939], [-6.565212, 37.506185], [-6.56492, 37.506297], [-6.564746, 37.506084], [-6.564628, 37.505849], [-6.564524, 37.505612], [-6.564312, 37.50543], [-6.564085, 37.50525], [-6.564244, 37.505027], [-6.564353, 37.504788], [-6.564115, 37.504623], [-6.563906, 37.504831], [-6.563655, 37.504985], [-6.563423, 37.50516], [-6.563314, 37.505399], [-6.563205, 37.505637], [-6.563032, 37.505863], [-6.56315, 37.506098], [-6.563269, 37.506333], [-6.563343, 37.506576], [-6.562997, 37.508088], [-6.563309, 37.508179], [-6.563627, 37.508233], [-6.563962, 37.508234], [-6.564268, 37.508302], [-6.56458, 37.508393], [-6.564895, 37.508435], [-6.565216, 37.508378], [-6.565543, 37.508284], [-6.565838, 37.508183], [-6.566125, 37.508047], [-6.566185, 37.507793], [-6.566224, 37.507518], [-6.566222, 37.507262], [-6.566177, 37.507014], [-6.566146, 37.506763], [-6.566174, 37.506502], [-6.566297, 37.506261], [-6.566374, 37.506016], [-6.566498, 37.505775], [-6.566747, 37.505609], [-6.567025, 37.505438], [-6.567319, 37.50552], [-6.567619, 37.505625], [-6.567951, 37.505676], [-6.568264, 37.505645], [-6.568536, 37.505512], [-6.568802, 37.505355], [-6.569077, 37.505172], [-6.569361, 37.505025], [-6.569665, 37.504898], [-6.569957, 37.504785], [-6.570203, 37.504607], [-6.570327, 37.504366], [-6.570517, 37.50415], [-6.570789, 37.504016], [-6.571073, 37.503868], [-6.571325, 37.503714], [-6.571515, 37.503498], [-6.571543, 37.503237], [-6.571395, 37.503007], [-6.571083, 37.502977], [-6.570757, 37.502949], [-6.570682, 37.502706], [-6.570724, 37.502443], [-6.570708, 37.50219], [-6.570396, 37.502159], [-6.570089, 37.502214], [-6.56982, 37.502359], [-6.569793, 37.50262], [-6.569733, 37.502874], [-6.569502, 37.503049], [-6.569212, 37.503173], [-6.568906, 37.503228], [-6.5686, 37.50316], [-6.56835, 37.503009], [-6.568149, 37.502813], [-6.568137, 37.50281], [-6.56814, 37.5028]], [[-6.547209, 37.514695], [-6.547459, 37.514491], [-6.547779, 37.514368], [-6.548099, 37.514244], [-6.548423, 37.514134], [-6.548756, 37.513995], [-6.549054, 37.513849], [-6.549345, 37.513677], [-6.54957, 37.513437], [-6.549636, 37.513159], [-6.549679, 37.512857], [-6.549763, 37.512589], [-6.549899, 37.512324], [-6.549999, 37.512053], [-6.55003, 37.511767], [-6.549961, 37.511486], [-6.549815, 37.511231], [-6.549528, 37.511082], [-6.549183, 37.511036], [-6.548826, 37.511005], [-6.548491, 37.510931], [-6.548136, 37.510914], [-6.547905, 37.511128], [-6.547855, 37.511404], [-6.547809, 37.511692], [-6.547923, 37.511952], [-6.548069, 37.512207], [-6.548153, 37.512486], [-6.548235, 37.512752], [-6.548301, 37.513021], [-6.548235, 37.513299], [-6.5479, 37.513358], [-6.547545, 37.513341], [-6.547203, 37.513375], [-6.546867, 37.513434], [-6.546617, 37.513638], [-6.546551, 37.513917], [-6.546451, 37.514188], [-6.54637, 37.51447], [-6.546265, 37.514616], [-6.546096, 37.514602], [-6.545774, 37.514531], [-6.545598, 37.514342], [-6.545578, 37.514338], [-6.545608, 37.51415], [-6.545746, 37.513776], [-6.546012, 37.513454], [-6.546453, 37.513192], [-6.546771, 37.512897], [-6.546593, 37.512542], [-6.546213, 37.512775], [-6.545803, 37.512976], [-6.545647, 37.512618], [-6.545987, 37.512319], [-6.546103, 37.511949], [-6.546013, 37.511579], [-6.545742, 37.511222], [-6.545276, 37.511102], [-6.544792, 37.511188], [-6.544334, 37.511287], [-6.543867, 37.511351], [-6.543405, 37.511433], [-6.542917, 37.511317], [-6.542985, 37.510937], [-6.54315, 37.510577], [-6.543301, 37.510334], [-6.54385, 37.510436], [-6.544529, 37.510526], [-6.545214, 37.510641], [-6.545898, 37.510757], [-6.546571, 37.510822], [-6.547338, 37.510739], [-6.547993, 37.510597], [-6.548679, 37.51045], [-6.549353, 37.510252], [-6.550026, 37.510054], [-6.550669, 37.509862], [-6.55136, 37.509871], [-6.552033, 37.509805], [-6.552071, 37.509748], [-6.552103, 37.509744], [-6.552364, 37.509719], [-6.552628, 37.509652], [-6.552719, 37.509452], [-6.552645, 37.509251], [-6.552417, 37.509209], [-6.552661, 37.508748], [-6.554593, 37.50846], [-6.555208, 37.508692], [-6.555881, 37.508626], [-6.556648, 37.508543], [-6.557309, 37.508426], [-6.557889, 37.508114], [-6.558219, 37.507583], [-6.558554, 37.507077], [-6.558752, 37.506543], [-6.559094, 37.506062], [-6.559593, 37.505685], [-6.560129, 37.505327], [-6.559729, 37.504899], [-6.559599, 37.50437], [-6.55969, 37.503802], [-6.559856, 37.503274], [-6.559425, 37.502851], [-6.558728, 37.502685], [-6.558049, 37.502595], [-6.55751, 37.50227], [-6.556849, 37.502386], [-6.556357, 37.502789], [-6.555742, 37.502556], [-6.555613, 37.502027], [-6.55494, 37.502093], [-6.554285, 37.502235], [-6.553632, 37.502114], [-6.552973, 37.501968], [-6.552339, 37.501791], [-6.551907, 37.501368], [-6.551778, 37.500839], [-6.551403, 37.50038], [-6.550839, 37.500086], [-6.550243, 37.499797], [-6.549628, 37.499564], [-6.548988, 37.499362], [-6.548335, 37.49924], [-6.547644, 37.499231], [-6.546971, 37.499298], [-6.546805, 37.499826], [-6.546237, 37.500189], [-6.545576, 37.500306], [-6.544879, 37.500271], [-6.544212, 37.500363], [-6.544136, 37.500353], [-6.544065, 37.500452], [-6.543988, 37.500523], [-6.544, 37.500679], [-6.54399, 37.500945], [-6.543992, 37.501197], [-6.543979, 37.501451], [-6.54396, 37.501518], [-6.543987, 37.501606], [-6.544017, 37.501852], [-6.543895, 37.50209], [-6.543682, 37.502319], [-6.543491, 37.502521], [-6.543369, 37.502759], [-6.543342, 37.503015], [-6.543315, 37.503272], [-6.543288, 37.503529], [-6.543278, 37.503795], [-6.543139, 37.504023], [-6.543063, 37.504264], [-6.543018, 37.504512], [-6.542882, 37.504752], [-6.542729, 37.504983], [-6.542471, 37.504849], [-6.542412, 37.504607], [-6.542203, 37.504428], [-6.541902, 37.504361], [-6.541584, 37.504346], [-6.541276, 37.504316], [-6.541146, 37.504087], [-6.541461, 37.504091], [-6.541826, 37.504051], [-6.542142, 37.503995], [-6.542461, 37.503951], [-6.542726, 37.503808], [-6.542917, 37.503606], [-6.543085, 37.503373], [-6.543052, 37.503115], [-6.543016, 37.502845], [-6.542971, 37.502601], [-6.542998, 37.502344], [-6.543103, 37.502098], [-6.543291, 37.501885], [-6.543461, 37.501662], [-6.543488, 37.501406], [-6.543193, 37.501302], [-6.542892, 37.501355], [-6.542581, 37.501434], [-6.542279, 37.501487], [-6.541977, 37.50154], [-6.541676, 37.501594], [-6.541395, 37.501487], [-6.54162, 37.501304], [-6.541913, 37.501216], [-6.542224, 37.501137], [-6.542525, 37.501084], [-6.542856, 37.501025], [-6.543158, 37.500972], [-6.543457, 37.500847], [-6.543533, 37.500606], [-6.543592, 37.500356], [-6.543614, 37.500283], [-6.543533, 37.500272], [-6.542823, 37.500188], [-6.542151, 37.500122], [-6.541478, 37.500189], [-6.540898, 37.500501], [-6.54087, 37.501058], [-6.541005, 37.501071], [-6.540963, 37.501252], [-6.540918, 37.501499], [-6.540728, 37.501701], [-6.54054, 37.501914], [-6.540613, 37.502153], [-6.540784, 37.502363], [-6.541033, 37.502523], [-6.541268, 37.502686], [-6.541491, 37.502862], [-6.541648, 37.503074], [-6.541589, 37.503325], [-6.541341, 37.503477], [-6.541028, 37.503604], [-6.540743, 37.503726], [-6.540475, 37.503857], [-6.540294, 37.504049], [-6.539879, 37.504122], [-6.539851, 37.504679], [-6.53998, 37.505208], [-6.539952, 37.505765], [-6.539924, 37.506321], [-6.540305, 37.506806], [-6.540819, 37.507162], [-6.541332, 37.507518], [-6.541675, 37.507982], [-6.54171, 37.508528], [-6.541925, 37.508955], [-6.541909, 37.508977], [-6.541956, 37.509354], [-6.542333, 37.509582], [-6.542401, 37.509956], [-6.542193, 37.510323], [-6.542195, 37.510709], [-6.542196, 37.510896], [-6.542351, 37.511062], [-6.542402, 37.51127], [-6.542428, 37.511482], [-6.542432, 37.511708], [-6.542236, 37.511857], [-6.542078, 37.511688], [-6.542013, 37.511473], [-6.541935, 37.511259], [-6.541869, 37.51117], [-6.5418, 37.511076], [-6.541723, 37.511124], [-6.541498, 37.511053], [-6.541259, 37.511389], [-6.540809, 37.511523], [-6.540343, 37.511587], [-6.540323, 37.511977], [-6.540563, 37.512302], [-6.541025, 37.512404], [-6.541379, 37.512252], [-6.541451, 37.512181], [-6.541706, 37.512064], [-6.54193, 37.512189], [-6.541907, 37.51241], [-6.541768, 37.512579], [-6.541898, 37.512875], [-6.541812, 37.513276], [-6.541494, 37.513571], [-6.541285, 37.513939], [-6.540967, 37.514234], [-6.540679, 37.51456], [-6.540387, 37.514869], [-6.540121, 37.515192], [-6.539908, 37.515542], [-6.540338, 37.515797], [-6.540402, 37.515821], [-6.540087, 37.515883], [-6.539778, 37.516042], [-6.539558, 37.516208], [-6.539404, 37.516468], [-6.539316, 37.516704], [-6.539223, 37.516975], [-6.53915, 37.517209], [-6.539004, 37.517443], [-6.538842, 37.517669], [-6.538682, 37.517906], [-6.538631, 37.518171], [-6.538771, 37.51839], [-6.539079, 37.518463], [-6.539402, 37.518418], [-6.539777, 37.518351], [-6.540124, 37.51829], [-6.540458, 37.518289], [-6.540635, 37.518478], [-6.540797, 37.518728], [-6.540971, 37.518965], [-6.541228, 37.519244], [-6.541432, 37.519428], [-6.541715, 37.519576], [-6.542062, 37.519631], [-6.542512, 37.519632], [-6.542856, 37.519618], [-6.543351, 37.519624], [-6.543707, 37.519538], [-6.543994, 37.519348], [-6.544164, 37.519097], [-6.544232, 37.518841], [-6.544364, 37.518609], [-6.544515, 37.518397], [-6.544741, 37.518195], [-6.544887, 37.51796], [-6.544913, 37.517712], [-6.544762, 37.517506], [-6.544979, 37.517329], [-6.54518, 37.517142], [-6.545151, 37.516904], [-6.545233, 37.516646], [-6.545414, 37.516439], [-6.545676, 37.516266], [-6.545979, 37.5162], [-6.546229, 37.516331], [-6.546394, 37.516591], [-6.546373, 37.516862], [-6.5463, 37.517095], [-6.546207, 37.517367], [-6.546122, 37.517614], [-6.546043, 37.517884], [-6.545972, 37.518128], [-6.545799, 37.518368], [-6.545603, 37.518576], [-6.545549, 37.518829], [-6.545876, 37.518922], [-6.546179, 37.518857], [-6.546499, 37.518801], [-6.546796, 37.518772], [-6.547113, 37.518762], [-6.547424, 37.518788], [-6.547752, 37.518765], [-6.5481, 37.518704], [-6.548245, 37.518469], [-6.548116, 37.518237], [-6.548112, 37.517982], [-6.548121, 37.517725], [-6.54805, 37.517494], [-6.547871, 37.517294], [-6.547579, 37.517229], [-6.547299, 37.517151], [-6.547123, 37.516962], [-6.547165, 37.516722], [-6.54735, 37.516527], [-6.547603, 37.516378], [-6.547796, 37.516158], [-6.547739, 37.515925], [-6.547682, 37.515691], [-6.547625, 37.515457], [-6.54749, 37.515203], [-6.547263, 37.515045], [-6.547066, 37.51493], [-6.547209, 37.514695]], [[-6.553298, 37.513205], [-6.55359, 37.513093], [-6.553894, 37.512966], [-6.554003, 37.512727], [-6.553943, 37.512482], [-6.553854, 37.512242], [-6.553881, 37.511981], [-6.553836, 37.511733], [-6.553834, 37.511477], [-6.55399, 37.511243], [-6.554149, 37.51102], [-6.554273, 37.510778], [-6.554382, 37.51054], [-6.55438, 37.510284], [-6.554118, 37.510147], [-6.553809, 37.510251], [-6.553667, 37.510483], [-6.553669, 37.510739], [-6.553592, 37.510984], [-6.553436, 37.511219], [-6.553132, 37.511284], [-6.552826, 37.511339], [-6.552597, 37.511525], [-6.552407, 37.511742], [-6.552408, 37.511997], [-6.552594, 37.512196], [-6.552727, 37.512429], [-6.552758, 37.512679], [-6.55273, 37.51294], [-6.552965, 37.513154], [-6.553298, 37.513205]], [[-6.549966, 37.515086], [-6.550217, 37.514931], [-6.550358, 37.514699], [-6.550418, 37.514445], [-6.550591, 37.514219], [-6.550747, 37.513985], [-6.550839, 37.513737], [-6.550963, 37.513496], [-6.551069, 37.513245], [-6.551178, 37.513007], [-6.55127, 37.512759], [-6.551394, 37.512518], [-6.551546, 37.512271], [-6.551656, 37.512033], [-6.551765, 37.511794], [-6.55197, 37.511575], [-6.55203, 37.511321], [-6.551733, 37.511227], [-6.55142, 37.511258], [-6.551117, 37.511324], [-6.550888, 37.51151], [-6.550814, 37.511767], [-6.550833, 37.512032], [-6.550893, 37.512277], [-6.550909, 37.51253], [-6.550882, 37.512791], [-6.550758, 37.513032], [-6.550582, 37.513246], [-6.550388, 37.513451], [-6.550177, 37.513647], [-6.549928, 37.513813], [-6.549656, 37.513946], [-6.54935, 37.514061], [-6.549054, 37.514162], [-6.548785, 37.514307], [-6.548644, 37.514539], [-6.548701, 37.515461], [-6.548836, 37.515526], [-6.54884, 37.515528], [-6.54915, 37.515486], [-6.549454, 37.515359], [-6.54968, 37.515196], [-6.549966, 37.515086]], [[-6.525619, 37.517822], [-6.525069, 37.517834], [-6.524616, 37.517727], [-6.524275, 37.517463], [-6.52413, 37.517131], [-6.524214, 37.516775], [-6.524411, 37.51645], [-6.524495, 37.516095], [-6.524452, 37.515745], [-6.524192, 37.515467], [-6.523843, 37.515255], [-6.523419, 37.515177], [-6.522978, 37.515289], [-6.522573, 37.515462], [-6.522148, 37.51564], [-6.52169, 37.515771], [-6.521253, 37.515814], [-6.520887, 37.515623], [-6.520463, 37.515715], [-6.520167, 37.515989], [-6.520059, 37.516331], [-6.520123, 37.516678], [-6.519901, 37.51699], [-6.519683, 37.517318], [-6.51973, 37.517685], [-6.519732, 37.518042], [-6.519725, 37.518453], [-6.519789, 37.518799], [-6.520068, 37.519074], [-6.52052, 37.519267], [-6.52096, 37.519326], [-6.521401, 37.519299], [-6.521845, 37.519374], [-6.522244, 37.519525], [-6.522611, 37.519716], [-6.523022, 37.519831], [-6.523463, 37.519805], [-6.523915, 37.519827], [-6.524343, 37.519922], [-6.524779, 37.519965], [-6.524826, 37.519973], [-6.524752, 37.520172], [-6.524478, 37.520406], [-6.524225, 37.520597], [-6.523995, 37.52081], [-6.523841, 37.521063], [-6.52397, 37.521319], [-6.52423, 37.521499], [-6.524461, 37.521697], [-6.524724, 37.521957], [-6.524823, 37.522064], [-6.52456, 37.522239], [-6.524267, 37.522383], [-6.523936, 37.522441], [-6.523727, 37.522662], [-6.523679, 37.522933], [-6.523775, 37.523192], [-6.523905, 37.523375], [-6.523897, 37.523383], [-6.523852, 37.523527], [-6.52393, 37.523663], [-6.524023, 37.52379], [-6.524058, 37.523934], [-6.524093, 37.524078], [-6.524129, 37.524222], [-6.524165, 37.524373], [-6.524209, 37.524515], [-6.524279, 37.524653], [-6.524425, 37.524742], [-6.524608, 37.524759], [-6.524793, 37.524784], [-6.524971, 37.524817], [-6.524976, 37.524819], [-6.525014, 37.525124], [-6.525194, 37.525483], [-6.525478, 37.525787], [-6.525864, 37.526035], [-6.526022, 37.526398], [-6.526092, 37.526776], [-6.526183, 37.527151], [-6.526319, 37.527518], [-6.5265, 37.527877], [-6.526725, 37.528228], [-6.527165, 37.528411], [-6.527629, 37.528311], [-6.528097, 37.528228], [-6.528553, 37.528092], [-6.52903, 37.528045], [-6.529511, 37.528016], [-6.529966, 37.52788], [-6.530373, 37.527641], [-6.530771, 37.527366], [-6.531235, 37.527172], [-6.531685, 37.527298], [-6.532049, 37.52755], [-6.532413, 37.527802], [-6.532848, 37.527967], [-6.53336, 37.528063], [-6.533895, 37.528062], [-6.535381, 37.527576], [-6.535872, 37.52749], [-6.53637, 37.527532], [-6.536847, 37.527485], [-6.536988, 37.527107], [-6.537154, 37.526742], [-6.537423, 37.526415], [-6.537666, 37.526075], [-6.537597, 37.525696], [-6.537505, 37.525322], [-6.537413, 37.524947], [-6.537411, 37.524557], [-6.537368, 37.524322], [-6.53712, 37.524337], [-6.536987, 37.524556], [-6.53687, 37.524782], [-6.536768, 37.525006], [-6.536695, 37.525237], [-6.536563, 37.525455], [-6.536315, 37.525671], [-6.536083, 37.525837], [-6.535803, 37.525921], [-6.535557, 37.525793], [-6.535493, 37.525529], [-6.535533, 37.525282], [-6.535619, 37.525049], [-6.535774, 37.524804], [-6.535846, 37.524574], [-6.535817, 37.524338], [-6.535808, 37.524065], [-6.536006, 37.523881], [-6.536205, 37.523697], [-6.536307, 37.523473], [-6.536363, 37.523234], [-6.53645, 37.523001], [-6.536462, 37.522758], [-6.53646, 37.522518], [-6.536459, 37.522278], [-6.536457, 37.522038], [-6.536429, 37.521802], [-6.536428, 37.521801], [-6.53641, 37.521793], [-6.535974, 37.521627], [-6.535709, 37.521302], [-6.535706, 37.520912], [-6.535798, 37.520523], [-6.535773, 37.520137], [-6.536042, 37.51981], [-6.536253, 37.519438], [-6.536496, 37.519097], [-6.536293, 37.518742], [-6.535833, 37.518861], [-6.535449, 37.519096], [-6.535246, 37.518741], [-6.534788, 37.51858], [-6.534328, 37.518698], [-6.533857, 37.518577], [-6.533458, 37.518632], [-6.53315, 37.518398], [-6.532798, 37.518314], [-6.532423, 37.518274], [-6.532089, 37.5182], [-6.531817, 37.518036], [-6.531506, 37.517918], [-6.531208, 37.517784], [-6.530845, 37.517729], [-6.53048, 37.517727], [-6.53019, 37.517898], [-6.530105, 37.518165], [-6.530174, 37.518445], [-6.530239, 37.518712], [-6.530158, 37.518992], [-6.529805, 37.518975], [-6.52939, 37.518836], [-6.529024, 37.518834], [-6.528684, 37.518801], [-6.528343, 37.518834], [-6.527993, 37.518896], [-6.527637, 37.518932], [-6.527297, 37.518966], [-6.527078, 37.518752], [-6.527372, 37.518527], [-6.527624, 37.518337], [-6.527708, 37.518069], [-6.527627, 37.517805], [-6.527284, 37.517759], [-6.526941, 37.517713], [-6.52662, 37.517624], [-6.526274, 37.517632], [-6.526066, 37.517868], [-6.526024, 37.517912], [-6.525619, 37.517822]], [[-6.511591, 37.517833], [-6.511992, 37.517946], [-6.512454, 37.517964], [-6.512858, 37.517826], [-6.513174, 37.517588], [-6.513517, 37.517377], [-6.513913, 37.517208], [-6.51428, 37.51701], [-6.514636, 37.516764], [-6.514972, 37.516522], [-6.515165, 37.516205], [-6.515247, 37.515857], [-6.515265, 37.515505], [-6.515327, 37.515161], [-6.515408, 37.514814], [-6.515598, 37.514481], [-6.515914, 37.514242], [-6.516063, 37.513916], [-6.515901, 37.513595], [-6.515475, 37.513554], [-6.515033, 37.513615], [-6.514603, 37.513558], [-6.514173, 37.5135], [-6.513762, 37.513606], [-6.513391, 37.513788], [-6.513078, 37.514043], [-6.512695, 37.51426], [-6.512281, 37.514183], [-6.511875, 37.514055], [-6.511453, 37.514113], [-6.511137, 37.514352], [-6.511099, 37.514708], [-6.51118, 37.515043], [-6.511262, 37.515378], [-6.511328, 37.515733], [-6.511314, 37.516101], [-6.511316, 37.51645], [-6.511147, 37.51678], [-6.511317, 37.517565], [-6.511591, 37.517833]], [[-6.504365, 37.544377], [-6.505244, 37.544655], [-6.506212, 37.544557], [-6.506889, 37.544005], [-6.507566, 37.543453], [-6.508363, 37.543024], [-6.509271, 37.542864], [-6.510178, 37.542704], [-6.511053, 37.542406], [-6.511901, 37.542004], [-6.51275, 37.541602], [-6.513547, 37.541173], [-6.514429, 37.540909], [-6.515286, 37.540542], [-6.516144, 37.540175], [-6.517136, 37.540361], [-6.518015, 37.540638], [-6.518921, 37.54084], [-6.519933, 37.540553], [-6.520807, 37.540255], [-6.521372, 37.539614], [-6.52179, 37.538927], [-6.521924, 37.538182], [-6.521868, 37.537399], [-6.521353, 37.536768], [-6.520648, 37.536279], [-6.520297, 37.535583], [-6.52012, 37.534857], [-6.5199, 37.534138], [-6.520076, 37.533386], [-6.520253, 37.532633], [-6.520163, 37.531892], [-6.519449, 37.531368], [-6.518934, 37.530738], [-6.518463, 37.530099], [-6.517565, 37.529933], [-6.51682, 37.530389], [-6.516497, 37.531095], [-6.515565, 37.530971], [-6.514632, 37.531027], [-6.513698, 37.531263], [-6.512799, 37.531458], [-6.512002, 37.531887], [-6.511374, 37.531348], [-6.510435, 37.531009], [-6.509512, 37.530919], [-6.508552, 37.531052], [-6.508082, 37.531712], [-6.508216, 37.532445], [-6.508082, 37.53319], [-6.50781, 37.533924], [-6.507487, 37.53463], [-6.506603, 37.535074], [-6.505721, 37.535338], [-6.504822, 37.535532], [-6.50435, 37.534894], [-6.50476, 37.534172], [-6.505326, 37.533532], [-6.505744, 37.532845], [-6.505567, 37.532118], [-6.504696, 37.531875], [-6.50406, 37.531302], [-6.503128, 37.531177], [-6.502135, 37.531172], [-6.501562, 37.531778], [-6.501696, 37.532511], [-6.500839, 37.532879], [-6.499923, 37.533004], [-6.499408, 37.532373], [-6.498723, 37.53289], [-6.49877, 37.53364], [-6.498904, 37.534373], [-6.498227, 37.534925], [-6.498231, 37.535682], [-6.498322, 37.536424], [-6.498499, 37.53715], [-6.498676, 37.537876], [-6.498499, 37.538629], [-6.497874, 37.539208], [-6.497189, 37.539725], [-6.496512, 37.540277], [-6.495766, 37.540733], [-6.495399, 37.541446], [-6.495447, 37.542196], [-6.496256, 37.542558], [-6.497162, 37.542759], [-6.498007, 37.54308], [-6.498677, 37.543611], [-6.499235, 37.544234], [-6.500053, 37.544631], [-6.503459, 37.544176], [-6.504365, 37.544377]]]}}]}