{"type": "FeatureCollection", "name": "SANBARTOLOMEDELATORRE", "features": [{"type": "Feature", "properties": {"id": "504962", "FIREDATE": "2026-06-08T12:19:00", "FINALDATE": "2026-06-10T02:53:00", "LASTUPDATE": "2026-06-09 06:47:03.815052", "COUNTRY": "ES", "PROVINCE": "Huelva", "COMMUNE": "San Bartolomé de la Torre", "AREA_HA": 4595.0, "BROADLEA": 3.321, "CONIFER": 0.0, "MIXED": 0.0, "SCLEROPH": 17.435, "TRANSIT": 23.8803, "OTHERNATLC": 2.3815, "AGRIAREAS": 52.4798, "ARTIFSURF": 0.0437, "OTHERLC": 0.4588, "PERCNA2K": 0.0, "CLASS": "FireSeason", "AÑO": 2026, "LATITUD": 37.453257967294746, "LONGITUD": -7.057411898155815}, "geometry": {"type": "Polygon", "coordinates": [[[-7.062192, 37.479678], [-7.062795, 37.479947], [-7.06282, 37.479926], [-7.062843, 37.479908], [-7.062865, 37.479893], [-7.062884, 37.479883], [-7.062902, 37.479875], [-7.062919, 37.479865], [-7.062934, 37.479852], [-7.062949, 37.479836], [-7.062963, 37.479818], [-7.062976, 37.479796], [-7.062988, 37.479771], [-7.062999, 37.479744], [-7.063009, 37.479713], [-7.063027, 37.479681], [-7.063051, 37.479648], [-7.063083, 37.479614], [-7.063122, 37.479578], [-7.063168, 37.479541], [-7.063221, 37.479503], [-7.063282, 37.479464], [-7.06335, 37.479423], [-7.063418, 37.479385], [-7.063487, 37.47935], [-7.063557, 37.479317], [-7.063627, 37.479287], [-7.063698, 37.47926], [-7.06377, 37.479236], [-7.063843, 37.479214], [-7.063916, 37.479195], [-7.063982, 37.479171], [-7.06404, 37.479142], [-7.064091, 37.479108], [-7.064134, 37.479069], [-7.06417, 37.479025], [-7.064198, 37.478976], [-7.064219, 37.478921], [-7.064232, 37.478862], [-7.064251, 37.478809], [-7.064275, 37.478762], [-7.064303, 37.478722], [-7.064337, 37.478687], [-7.064376, 37.478659], [-7.06442, 37.478637], [-7.064469, 37.478621], [-7.064523, 37.478611], [-7.064591, 37.478592], [-7.064673, 37.478564], [-7.064768, 37.478528], [-7.064877, 37.478482], [-7.065, 37.478428], [-7.065137, 37.478365], [-7.065287, 37.478293], [-7.065451, 37.478212], [-7.065598, 37.478145], [-7.065728, 37.478093], [-7.065842, 37.478055], [-7.065939, 37.478032], [-7.066019, 37.478023], [-7.066082, 37.478029], [-7.066129, 37.478049], [-7.066159, 37.478083], [-7.066191, 37.478105], [-7.066225, 37.478114], [-7.066262, 37.478111], [-7.0663, 37.478095], [-7.066341, 37.478067], [-7.066384, 37.478027], [-7.066429, 37.477974], [-7.066476, 37.477909], [-7.066511, 37.477848], [-7.066532, 37.477793], [-7.066541, 37.477744], [-7.066537, 37.477699], [-7.06652, 37.47766], [-7.06649, 37.477625], [-7.066447, 37.477596], [-7.066392, 37.477572], [-7.06633, 37.477554], [-7.066263, 37.477541], [-7.06619, 37.477533], [-7.066111, 37.47753], [-7.066027, 37.477532], [-7.065937, 37.47754], [-7.065841, 37.477554], [-7.065739, 37.477572], [-7.065642, 37.477596], [-7.065548, 37.477624], [-7.065458, 37.477658], [-7.065372, 37.477696], [-7.06529, 37.477739], [-7.065212, 37.477788], [-7.065137, 37.477841], [-7.065067, 37.477899], [-7.064988, 37.477955], [-7.0649, 37.478007], [-7.064804, 37.478058], [-7.064699, 37.478105], [-7.064585, 37.47815], [-7.064463, 37.478192], [-7.064332, 37.478231], [-7.064192, 37.478268], [-7.064061, 37.478306], [-7.063938, 37.478344], [-7.063823, 37.478382], [-7.063716, 37.478422], [-7.063617, 37.478462], [-7.063526, 37.478503], [-7.063443, 37.478544], [-7.063369, 37.478586], [-7.063295, 37.478632], [-7.063223, 37.478684], [-7.063152, 37.47874], [-7.063083, 37.478801], [-7.063014, 37.478867], [-7.062947, 37.478937], [-7.062881, 37.479012], [-7.062816, 37.479092], [-7.062748, 37.479156], [-7.062676, 37.479203], [-7.062602, 37.479233], [-7.062524, 37.479247], [-7.062443, 37.479245], [-7.062358, 37.479227], [-7.06227, 37.479192], [-7.062179, 37.47914], [-7.062089, 37.479089], [-7.061998, 37.479039], [-7.061908, 37.47899], [-7.061817, 37.478941], [-7.061727, 37.478893], [-7.061637, 37.478845], [-7.061548, 37.478799], [-7.061458, 37.478753], [-7.061372, 37.478707], [-7.061289, 37.478661], [-7.061211, 37.478615], [-7.061135, 37.478569], [-7.061063, 37.478523], [-7.060995, 37.478477], [-7.06093, 37.478432], [-7.060869, 37.478386], [-7.060815, 37.478341], [-7.060769, 37.478295], [-7.060729, 37.47825], [-7.060696, 37.478205], [-7.060671, 37.47816], [-7.060652, 37.478115], [-7.060641, 37.478071], [-7.060637, 37.478026], [-7.060626, 37.477974], [-7.06061, 37.477915], [-7.060587, 37.477848], [-7.060557, 37.477774], [-7.060522, 37.477692], [-7.06048, 37.477604], [-7.060432, 37.477507], [-7.060377, 37.477404], [-7.060319, 37.477293], [-7.060257, 37.477173], [-7.060191, 37.477046], [-7.060122, 37.476912], [-7.060049, 37.476769], [-7.059972, 37.476618], [-7.059891, 37.47646], [-7.059807, 37.476294], [-7.059726, 37.476135], [-7.059649, 37.475983], [-7.059575, 37.475839], [-7.059505, 37.475701], [-7.059438, 37.475571], [-7.059375, 37.475447], [-7.059316, 37.475331], [-7.05926, 37.475222], [-7.059211, 37.4751], [-7.059168, 37.474965], [-7.059131, 37.474816], [-7.059101, 37.474654], [-7.059077, 37.474479], [-7.05906, 37.474291], [-7.059049, 37.47409], [-7.059044, 37.473875], [-7.059038, 37.473673], [-7.059029, 37.473483], [-7.059018, 37.473305], [-7.059005, 37.47314], [-7.058989, 37.472988], [-7.058972, 37.472848], [-7.058952, 37.47272], [-7.05893, 37.472605], [-7.058906, 37.472476], [-7.058881, 37.472333], [-7.058854, 37.472177], [-7.058825, 37.472006], [-7.058794, 37.471822], [-7.058762, 37.471623], [-7.058728, 37.471411], [-7.058692, 37.471185], [-7.058654, 37.470983], [-7.058612, 37.470805], [-7.058568, 37.47065], [-7.058521, 37.47052], [-7.058471, 37.470414], [-7.058419, 37.470331], [-7.058363, 37.470272], [-7.058305, 37.470238], [-7.058249, 37.470217], [-7.058196, 37.470211], [-7.058146, 37.47022], [-7.058099, 37.470243], [-7.058054, 37.47028], [-7.058012, 37.470331], [-7.057973, 37.470397], [-7.057936, 37.470478], [-7.057888, 37.470544], [-7.057829, 37.470596], [-7.057758, 37.470634], [-7.057675, 37.470657], [-7.057581, 37.470667], [-7.057475, 37.470662], [-7.057358, 37.470643], [-7.057229, 37.47061], [-7.057112, 37.470565], [-7.057008, 37.470509], [-7.056916, 37.470441], [-7.056835, 37.470362], [-7.056767, 37.470272], [-7.056712, 37.47017], [-7.056668, 37.470057], [-7.056637, 37.469932], [-7.056609, 37.469806], [-7.056586, 37.469678], [-7.056567, 37.469549], [-7.056551, 37.469419], [-7.05654, 37.469287], [-7.056533, 37.469153], [-7.05653, 37.469018], [-7.056531, 37.468882], [-7.056522, 37.468744], [-7.056503, 37.468604], [-7.056474, 37.468463], [-7.056434, 37.46832], [-7.056384, 37.468175], [-7.056324, 37.468028], [-7.056254, 37.46788], [-7.056174, 37.46773], [-7.056094, 37.467591], [-7.056013, 37.467463], [-7.055933, 37.467345], [-7.055853, 37.467237], [-7.055773, 37.467141], [-7.055693, 37.467054], [-7.055612, 37.466979], [-7.055532, 37.466914], [-7.05546, 37.466851], [-7.055396, 37.46679], [-7.05534, 37.466731], [-7.055292, 37.466674], [-7.055251, 37.466619], [-7.055219, 37.466566], [-7.055195, 37.466514], [-7.055179, 37.466465], [-7.055163, 37.466417], [-7.055147, 37.466369], [-7.055132, 37.466323], [-7.055117, 37.466277], [-7.055102, 37.466233], [-7.055088, 37.466189], [-7.055074, 37.466147], [-7.05506, 37.466105], [-7.055051, 37.466063], [-7.055047, 37.466021], [-7.055047, 37.465979], [-7.055053, 37.465936], [-7.055063, 37.465893], [-7.055077, 37.465849], [-7.055097, 37.465805], [-7.055121, 37.465761], [-7.055125, 37.465714], [-7.055109, 37.465663], [-7.055072, 37.465608], [-7.055015, 37.465551], [-7.054938, 37.46549], [-7.05484, 37.465425], [-7.054722, 37.465357], [-7.054584, 37.465286], [-7.054443, 37.465215], [-7.054299, 37.465145], [-7.054153, 37.465075], [-7.054004, 37.465006], [-7.053853, 37.464937], [-7.0537, 37.464869], [-7.053543, 37.464801], [-7.053385, 37.464733], [-7.05324, 37.464672], [-7.053109, 37.464618], [-7.052993, 37.464571], [-7.052891, 37.46453], [-7.052802, 37.464496], [-7.052728, 37.464468], [-7.052668, 37.464447], [-7.052622, 37.464433], [-7.052561, 37.464407], [-7.052486, 37.46437], [-7.052397, 37.464321], [-7.052293, 37.46426], [-7.052175, 37.464188], [-7.052042, 37.464104], [-7.051895, 37.464009], [-7.051733, 37.463903], [-7.051584, 37.463804], [-7.051448, 37.463714], [-7.051325, 37.463632], [-7.051214, 37.463559], [-7.051117, 37.463494], [-7.051031, 37.463437], [-7.050959, 37.463389], [-7.050899, 37.463348], [-7.050838, 37.463319], [-7.050775, 37.463301], [-7.05071, 37.463294], [-7.050644, 37.463297], [-7.050575, 37.463312], [-7.050506, 37.463337], [-7.050434, 37.463374], [-7.050361, 37.463421], [-7.050284, 37.463453], [-7.050203, 37.463469], [-7.050118, 37.463469], [-7.050029, 37.463454], [-7.049937, 37.463424], [-7.04984, 37.463378], [-7.049739, 37.463316], [-7.049635, 37.463238], [-7.049535, 37.463178], [-7.049441, 37.463134], [-7.049352, 37.463107], [-7.049268, 37.463097], [-7.049189, 37.463103], [-7.049115, 37.463127], [-7.049046, 37.463167], [-7.048983, 37.463224], [-7.0489, 37.463272], [-7.048797, 37.46331], [-7.048674, 37.46334], [-7.048532, 37.46336], [-7.04837, 37.463372], [-7.048189, 37.463374], [-7.047988, 37.463367], [-7.047768, 37.463351], [-7.047576, 37.463336], [-7.047414, 37.463321], [-7.04728, 37.463306], [-7.047176, 37.463293], [-7.0471, 37.46328], [-7.047054, 37.463267], [-7.047036, 37.463255], [-7.047048, 37.463244], [-7.047054, 37.463233], [-7.047055, 37.463225], [-7.04705, 37.463217], [-7.04704, 37.463211], [-7.047024, 37.463206], [-7.047003, 37.463202], [-7.046977, 37.4632], [-7.046944, 37.463199], [-7.04691, 37.463194], [-7.046874, 37.463184], [-7.046836, 37.46317], [-7.046796, 37.463151], [-7.046754, 37.463128], [-7.04671, 37.4631], [-7.046663, 37.463068], [-7.046615, 37.463031], [-7.046572, 37.462996], [-7.046533, 37.462963], [-7.0465, 37.462931], [-7.046471, 37.462901], [-7.046447, 37.462872], [-7.046428, 37.462845], [-7.046413, 37.46282], [-7.046404, 37.462796], [-7.046398, 37.462773], [-7.046397, 37.462752], [-7.046401, 37.462731], [-7.046408, 37.462711], [-7.04642, 37.462692], [-7.046435, 37.462674], [-7.046456, 37.462658], [-7.04648, 37.462642], [-7.046512, 37.462627], [-7.046552, 37.462613], [-7.0466, 37.462601], [-7.046655, 37.462589], [-7.046719, 37.462579], [-7.04679, 37.462569], [-7.046869, 37.462561], [-7.046956, 37.462554], [-7.047038, 37.462549], [-7.047115, 37.462548], [-7.047187, 37.462549], [-7.047255, 37.462554], [-7.047317, 37.462561], [-7.047375, 37.462571], [-7.047428, 37.462584], [-7.047477, 37.4626], [-7.047523, 37.462616], [-7.047566, 37.46263], [-7.047607, 37.462644], [-7.047646, 37.462656], [-7.047682, 37.462668], [-7.047716, 37.46268], [-7.047747, 37.46269], [-7.047776, 37.4627], [-7.047809, 37.462708], [-7.047845, 37.462717], [-7.047885, 37.462724], [-7.047928, 37.462731], [-7.047975, 37.462737], [-7.048025, 37.462742], [-7.048079, 37.462746], [-7.048137, 37.46275], [-7.048196, 37.462752], [-7.048257, 37.462753], [-7.048319, 37.462753], [-7.048382, 37.462751], [-7.048447, 37.462748], [-7.048513, 37.462744], [-7.048581, 37.462738], [-7.04865, 37.462732], [-7.048721, 37.462723], [-7.048795, 37.462713], [-7.048871, 37.462702], [-7.048949, 37.462689], [-7.04903, 37.462675], [-7.049112, 37.462659], [-7.049198, 37.462642], [-7.049285, 37.462623], [-7.04937, 37.462604], [-7.049452, 37.462585], [-7.049531, 37.462565], [-7.049607, 37.462546], [-7.049681, 37.462526], [-7.049752, 37.462506], [-7.049821, 37.462486], [-7.049887, 37.462465], [-7.049953, 37.462449], [-7.050019, 37.462438], [-7.050085, 37.462431], [-7.050152, 37.462429], [-7.050219, 37.462431], [-7.050286, 37.462438], [-7.050354, 37.462449], [-7.050422, 37.462465], [-7.050486, 37.462482], [-7.050546, 37.462499], [-7.050602, 37.462516], [-7.050654, 37.462533], [-7.050702, 37.462551], [-7.050747, 37.462569], [-7.050787, 37.462587], [-7.050824, 37.462606], [-7.050861, 37.46262], [-7.050899, 37.46263], [-7.050937, 37.462635], [-7.050976, 37.462635], [-7.051016, 37.46263], [-7.051056, 37.46262], [-7.051097, 37.462606], [-7.051138, 37.462587], [-7.051167, 37.462566], [-7.051183, 37.462542], [-7.051186, 37.462515], [-7.051177, 37.462485], [-7.051155, 37.462453], [-7.051121, 37.462418], [-7.051074, 37.462381], [-7.051014, 37.462341], [-7.05096, 37.462298], [-7.050911, 37.462253], [-7.050868, 37.462205], [-7.050831, 37.462156], [-7.050799, 37.462103], [-7.050773, 37.462048], [-7.050752, 37.461991], [-7.050737, 37.461932], [-7.050729, 37.46187], [-7.050728, 37.461807], [-7.050735, 37.461743], [-7.050748, 37.461676], [-7.050769, 37.461608], [-7.050796, 37.461539], [-7.050831, 37.461468], [-7.050873, 37.461395], [-7.050916, 37.461325], [-7.05096, 37.461258], [-7.051006, 37.461194], [-7.051053, 37.461133], [-7.0511, 37.461075], [-7.051149, 37.46102], [-7.0512, 37.460968], [-7.051251, 37.460919], [-7.05131, 37.460865], [-7.051376, 37.460807], [-7.051449, 37.460745], [-7.051529, 37.460678], [-7.051617, 37.460606], [-7.051712, 37.46053], [-7.051815, 37.460449], [-7.051924, 37.460364], [-7.052035, 37.460275], [-7.052148, 37.460183], [-7.052261, 37.460088], [-7.052376, 37.459989], [-7.052493, 37.459886], [-7.05261, 37.45978], [-7.05273, 37.459671], [-7.05285, 37.459558], [-7.052968, 37.459455], [-7.053084, 37.459361], [-7.053199, 37.459276], [-7.053311, 37.4592], [-7.053421, 37.459134], [-7.053528, 37.459076], [-7.053634, 37.459028], [-7.053738, 37.45899], [-7.053842, 37.458954], [-7.053948, 37.45892], [-7.054055, 37.458889], [-7.054163, 37.458861], [-7.054272, 37.458836], [-7.054383, 37.458813], [-7.054494, 37.458792], [-7.054607, 37.458775], [-7.054713, 37.458759], [-7.054813, 37.458744], [-7.054906, 37.458731], [-7.054994, 37.458719], [-7.055075, 37.458709], [-7.05515, 37.4587], [-7.055218, 37.458693], [-7.055281, 37.458687], [-7.055351, 37.45868], [-7.055428, 37.458672], [-7.055513, 37.458662], [-7.055606, 37.458651], [-7.055707, 37.458638], [-7.055815, 37.458624], [-7.055931, 37.458609], [-7.056054, 37.458592], [-7.056171, 37.458575], [-7.056283, 37.458559], [-7.05639, 37.458543], [-7.05649, 37.458528], [-7.056585, 37.458513], [-7.056675, 37.458498], [-7.056758, 37.458483], [-7.056836, 37.458469], [-7.056915, 37.458457], [-7.056996, 37.458447], [-7.057078, 37.45844], [-7.057162, 37.458434], [-7.057247, 37.458431], [-7.057334, 37.45843], [-7.057422, 37.458432], [-7.057511, 37.458435], [-7.057599, 37.458442], [-7.057684, 37.458451], [-7.057768, 37.458463], [-7.05785, 37.458478], [-7.05793, 37.458496], [-7.058007, 37.458516], [-7.058083, 37.458539], [-7.058157, 37.458566], [-7.058218, 37.458593], [-7.058265, 37.458621], [-7.058298, 37.458651], [-7.058318, 37.458681], [-7.058325, 37.458712], [-7.058318, 37.458745], [-7.058298, 37.458778], [-7.058264, 37.458813], [-7.058235, 37.458848], [-7.058213, 37.458884], [-7.058195, 37.458921], [-7.058184, 37.458959], [-7.058177, 37.458997], [-7.058177, 37.459036], [-7.058181, 37.459076], [-7.058192, 37.459117], [-7.058215, 37.459159], [-7.058251, 37.459202], [-7.058301, 37.459246], [-7.058364, 37.459291], [-7.05844, 37.459337], [-7.058529, 37.459385], [-7.058631, 37.459434], [-7.058746, 37.459484], [-7.05886, 37.459535], [-7.058973, 37.459587], [-7.059084, 37.459641], [-7.059193, 37.459696], [-7.059301, 37.459753], [-7.059408, 37.459811], [-7.059513, 37.45987], [-7.059617, 37.45993], [-7.05972, 37.459993], [-7.059821, 37.460057], [-7.059921, 37.460124], [-7.06002, 37.460192], [-7.060117, 37.460263], [-7.060214, 37.460335], [-7.060308, 37.46041], [-7.060402, 37.460486], [-7.060495, 37.46056], [-7.060587, 37.460631], [-7.060679, 37.4607], [-7.06077, 37.460765], [-7.06086, 37.460828], [-7.06095, 37.460888], [-7.061039, 37.460946], [-7.061127, 37.461001], [-7.061217, 37.461057], [-7.061309, 37.461116], [-7.061402, 37.461176], [-7.061498, 37.461238], [-7.061595, 37.461302], [-7.061694, 37.461368], [-7.061795, 37.461435], [-7.061897, 37.461504], [-7.061995, 37.461572], [-7.062089, 37.461639], [-7.062179, 37.461704], [-7.062264, 37.461768], [-7.062345, 37.46183], [-7.062421, 37.461891], [-7.062493, 37.461951], [-7.062561, 37.46201], [-7.062631, 37.462068], [-7.062703, 37.462127], [-7.062776, 37.462186], [-7.062851, 37.462244], [-7.062928, 37.462303], [-7.063006, 37.462362], [-7.063086, 37.46242], [-7.063169, 37.462479], [-7.063247, 37.462535], [-7.063322, 37.462589], [-7.063393, 37.46264], [-7.06346, 37.462689], [-7.063523, 37.462735], [-7.063583, 37.462779], [-7.063639, 37.46282], [-7.063691, 37.462859], [-7.063754, 37.462901], [-7.063827, 37.462948], [-7.06391, 37.462998], [-7.064003, 37.463052], [-7.064107, 37.463109], [-7.06422, 37.463171], [-7.064345, 37.463236], [-7.064479, 37.463305], [-7.064606, 37.463365], [-7.064727, 37.463415], [-7.064841, 37.463456], [-7.064948, 37.463488], [-7.065049, 37.46351], [-7.065142, 37.463522], [-7.065229, 37.463526], [-7.065309, 37.46352], [-7.065392, 37.46351], [-7.065478, 37.463495], [-7.065567, 37.463477], [-7.065658, 37.463455], [-7.065753, 37.463428], [-7.065851, 37.463397], [-7.065952, 37.463363], [-7.066055, 37.463324], [-7.066159, 37.463284], [-7.066264, 37.463242], [-7.066369, 37.463199], [-7.066475, 37.463154], [-7.066581, 37.463108], [-7.066687, 37.46306], [-7.066795, 37.463011], [-7.066902, 37.46296], [-7.067002, 37.462911], [-7.067094, 37.462865], [-7.067179, 37.462822], [-7.067255, 37.462781], [-7.067324, 37.462743], [-7.067385, 37.462707], [-7.067438, 37.462673], [-7.067483, 37.462642], [-7.067527, 37.462617], [-7.067569, 37.462597], [-7.067609, 37.462583], [-7.067648, 37.462575], [-7.067685, 37.462572], [-7.06772, 37.462575], [-7.067753, 37.462583], [-7.067785, 37.462597], [-7.067826, 37.462603], [-7.067875, 37.462602], [-7.067933, 37.462592], [-7.067999, 37.462574], [-7.068074, 37.462548], [-7.068158, 37.462514], [-7.06825, 37.462473], [-7.068351, 37.462423], [-7.068442, 37.462378], [-7.068522, 37.462336], [-7.068593, 37.462298], [-7.068654, 37.462264], [-7.068704, 37.462235], [-7.068745, 37.462209], [-7.068775, 37.462187], [-7.068795, 37.462169], [-7.068824, 37.462151], [-7.068862, 37.462133], [-7.068909, 37.462114], [-7.068965, 37.462096], [-7.069029, 37.462077], [-7.069102, 37.462058], [-7.069184, 37.462039], [-7.069275, 37.462019], [-7.069357, 37.462004], [-7.069431, 37.461994], [-7.069495, 37.461988], [-7.069552, 37.461986], [-7.069599, 37.461988], [-7.069638, 37.461996], [-7.069669, 37.462007], [-7.06969, 37.462023], [-7.06972, 37.462034], [-7.069757, 37.462041], [-7.069802, 37.462043], [-7.069854, 37.462041], [-7.069915, 37.462033], [-7.069982, 37.462022], [-7.070058, 37.462006], [-7.070141, 37.461985], [-7.070234, 37.461968], [-7.070336, 37.461957], [-7.070446, 37.46195], [-7.070566, 37.461948], [-7.070695, 37.461951], [-7.070834, 37.461958], [-7.070981, 37.46197], [-7.071138, 37.461987], [-7.071279, 37.462006], [-7.071404, 37.462026], [-7.071515, 37.462048], [-7.071609, 37.462072], [-7.071688, 37.462098], [-7.071752, 37.462125], [-7.0718, 37.462154], [-7.071833, 37.462185], [-7.071867, 37.462212], [-7.071903, 37.462236], [-7.071941, 37.462255], [-7.07198, 37.46227], [-7.072021, 37.462282], [-7.072064, 37.46229], [-7.072108, 37.462294], [-7.072154, 37.462294], [-7.072223, 37.462314], [-7.072316, 37.462353], [-7.072431, 37.462411], [-7.072569, 37.46249], [-7.072731, 37.462588], [-7.072916, 37.462705], [-7.073123, 37.462842], [-7.073354, 37.462998], [-7.073572, 37.46314], [-7.073778, 37.463267], [-7.073971, 37.463379], [-7.074152, 37.463477], [-7.07432, 37.463559], [-7.074475, 37.463628], [-7.074618, 37.463681], [-7.074748, 37.46372], [-7.074873, 37.463756], [-7.074993, 37.463789], [-7.075108, 37.46382], [-7.075218, 37.463848], [-7.075323, 37.463873], [-7.075422, 37.463896], [-7.075517, 37.463917], [-7.075607, 37.463934], [-7.075696, 37.463952], [-7.075785, 37.463969], [-7.075875, 37.463985], [-7.075964, 37.464002], [-7.076053, 37.464018], [-7.076142, 37.464033], [-7.076231, 37.464049], [-7.07632, 37.464064], [-7.076429, 37.464073], [-7.076559, 37.464076], [-7.07671, 37.464073], [-7.076881, 37.464065], [-7.077074, 37.46405], [-7.077286, 37.46403], [-7.07752, 37.464004], [-7.077774, 37.463971], [-7.07801, 37.463939], [-7.078227, 37.463905], [-7.078426, 37.463871], [-7.078607, 37.463837], [-7.07877, 37.463802], [-7.078914, 37.463767], [-7.07904, 37.46373], [-7.079148, 37.463694], [-7.079256, 37.463661], [-7.079364, 37.463633], [-7.079472, 37.463609], [-7.07958, 37.463589], [-7.079689, 37.463574], [-7.079798, 37.463562], [-7.079907, 37.463555], [-7.080016, 37.463552], [-7.080131, 37.463561], [-7.080253, 37.463581], [-7.080382, 37.463613], [-7.080517, 37.463657], [-7.080658, 37.463712], [-7.080806, 37.463778], [-7.080961, 37.463856], [-7.081122, 37.463946], [-7.081288, 37.464044], [-7.08146, 37.46415], [-7.081638, 37.464265], [-7.081821, 37.464387], [-7.08201, 37.464518], [-7.082205, 37.464657], [-7.082405, 37.464804], [-7.082611, 37.464959], [-7.082793, 37.465107], [-7.082952, 37.465249], [-7.083087, 37.465383], [-7.083199, 37.46551], [-7.083287, 37.46563], [-7.083352, 37.465743], [-7.083393, 37.465849], [-7.083411, 37.465948], [-7.083426, 37.466048], [-7.083437, 37.466149], [-7.083445, 37.466252], [-7.08345, 37.466356], [-7.083452, 37.466461], [-7.083451, 37.466568], [-7.083446, 37.466676], [-7.083438, 37.466785], [-7.08342, 37.466893], [-7.083391, 37.466999], [-7.083351, 37.467103], [-7.083301, 37.467206], [-7.08324, 37.467307], [-7.083168, 37.467406], [-7.083086, 37.467504], [-7.082994, 37.467601], [-7.082907, 37.467691], [-7.082827, 37.467774], [-7.082754, 37.467851], [-7.082687, 37.467921], [-7.082626, 37.467985], [-7.082571, 37.468043], [-7.082523, 37.468094], [-7.082481, 37.468138], [-7.082446, 37.468179], [-7.082418, 37.468217], [-7.082398, 37.468251], [-7.082384, 37.468282], [-7.082378, 37.468309], [-7.082379, 37.468333], [-7.082387, 37.468354], [-7.082401, 37.468371], [-7.082429, 37.468376], [-7.082469, 37.46837], [-7.082521, 37.468351], [-7.082586, 37.468321], [-7.082664, 37.468279], [-7.082754, 37.468225], [-7.082856, 37.468159], [-7.082972, 37.468081], [-7.083078, 37.468006], [-7.083174, 37.467934], [-7.083262, 37.467864], [-7.083341, 37.467797], [-7.083411, 37.467733], [-7.083472, 37.467672], [-7.083523, 37.467613], [-7.083566, 37.467557], [-7.083608, 37.467498], [-7.083651, 37.467436], [-7.083694, 37.46737], [-7.083737, 37.467301], [-7.08378, 37.467229], [-7.083823, 37.467154], [-7.083866, 37.467076], [-7.083909, 37.466994], [-7.083952, 37.466914], [-7.083996, 37.466837], [-7.084039, 37.466762], [-7.084083, 37.466689], [-7.084126, 37.466617], [-7.08417, 37.466549], [-7.084214, 37.466482], [-7.084258, 37.466417], [-7.084298, 37.466353], [-7.084333, 37.466291], [-7.084365, 37.466229], [-7.084392, 37.466169], [-7.084415, 37.46611], [-7.084434, 37.466052], [-7.084449, 37.465995], [-7.08446, 37.465939], [-7.084463, 37.465878], [-7.084459, 37.465812], [-7.084447, 37.465741], [-7.084428, 37.465666], [-7.084401, 37.465585], [-7.084367, 37.465499], [-7.084325, 37.465408], [-7.084276, 37.465312], [-7.084223, 37.465223], [-7.084165, 37.46514], [-7.084103, 37.465065], [-7.084036, 37.464996], [-7.083964, 37.464934], [-7.083888, 37.464879], [-7.083808, 37.464831], [-7.083723, 37.46479], [-7.08364, 37.46475], [-7.08356, 37.464711], [-7.083481, 37.464673], [-7.083404, 37.464636], [-7.08333, 37.4646], [-7.083257, 37.464565], [-7.083186, 37.464531], [-7.083118, 37.464498], [-7.083049, 37.464461], [-7.08298, 37.464419], [-7.082911, 37.464374], [-7.082842, 37.464324], [-7.082772, 37.46427], [-7.082703, 37.464212], [-7.082633, 37.46415], [-7.082563, 37.464083], [-7.082484, 37.464019], [-7.082397, 37.463958], [-7.082301, 37.463899], [-7.082197, 37.463843], [-7.082084, 37.463789], [-7.081962, 37.463739], [-7.081831, 37.46369], [-7.081692, 37.463645], [-7.081556, 37.463601], [-7.081421, 37.46356], [-7.081289, 37.463521], [-7.081159, 37.463483], [-7.081031, 37.463448], [-7.080906, 37.463415], [-7.080783, 37.463384], [-7.080662, 37.463355], [-7.080545, 37.463327], [-7.080431, 37.463301], [-7.080321, 37.463277], [-7.080214, 37.463254], [-7.080111, 37.463232], [-7.080011, 37.463212], [-7.079915, 37.463194], [-7.079822, 37.463177], [-7.079719, 37.463162], [-7.079606, 37.463151], [-7.079484, 37.463143], [-7.079351, 37.463137], [-7.079209, 37.463134], [-7.079056, 37.463134], [-7.078894, 37.463137], [-7.078722, 37.463143], [-7.07855, 37.463153], [-7.078378, 37.463168], [-7.078207, 37.463186], [-7.078035, 37.463209], [-7.077864, 37.463236], [-7.077693, 37.463267], [-7.077522, 37.463303], [-7.077351, 37.463342], [-7.07719, 37.463375], [-7.077038, 37.463402], [-7.076895, 37.463421], [-7.076762, 37.463434], [-7.076638, 37.463441], [-7.076524, 37.46344], [-7.076419, 37.463433], [-7.076323, 37.463419], [-7.076224, 37.463401], [-7.076121, 37.463379], [-7.076014, 37.463352], [-7.075904, 37.463321], [-7.075789, 37.463286], [-7.075671, 37.463247], [-7.07555, 37.463203], [-7.075424, 37.463155], [-7.075299, 37.463103], [-7.075175, 37.463047], [-7.075052, 37.462987], [-7.07493, 37.462923], [-7.074808, 37.462855], [-7.074687, 37.462782], [-7.074567, 37.462706], [-7.074447, 37.462626], [-7.074322, 37.462546], [-7.074191, 37.462466], [-7.074055, 37.462387], [-7.073913, 37.462308], [-7.073765, 37.462229], [-7.073611, 37.462151], [-7.073452, 37.462073], [-7.073287, 37.461995], [-7.073129, 37.461921], [-7.072979, 37.461852], [-7.072836, 37.461786], [-7.0727, 37.461724], [-7.072571, 37.461667], [-7.072449, 37.461613], [-7.072335, 37.461563], [-7.072228, 37.461518], [-7.072125, 37.461472], [-7.072025, 37.461427], [-7.07193, 37.461382], [-7.07184, 37.461338], [-7.071753, 37.461294], [-7.07167, 37.46125], [-7.071591, 37.461207], [-7.071517, 37.461164], [-7.071438, 37.461125], [-7.071356, 37.461091], [-7.07127, 37.461062], [-7.071181, 37.461037], [-7.071087, 37.461017], [-7.070991, 37.461001], [-7.07089, 37.46099], [-7.070785, 37.460984], [-7.070674, 37.460981], [-7.070555, 37.460981], [-7.07043, 37.460985], [-7.070297, 37.460992], [-7.070157, 37.461003], [-7.07001, 37.461017], [-7.069856, 37.461034], [-7.069694, 37.461055], [-7.069535, 37.461079], [-7.069378, 37.461107], [-7.069224, 37.461139], [-7.069071, 37.461174], [-7.068921, 37.461212], [-7.068773, 37.461254], [-7.068627, 37.461299], [-7.068484, 37.461348], [-7.068342, 37.461399], [-7.068201, 37.461453], [-7.068062, 37.461508], [-7.067924, 37.461566], [-7.067788, 37.461626], [-7.067653, 37.461688], [-7.067519, 37.461752], [-7.067387, 37.461819], [-7.067259, 37.461884], [-7.067134, 37.461946], [-7.067012, 37.462007], [-7.066894, 37.462065], [-7.066779, 37.462121], [-7.066668, 37.462176], [-7.06656, 37.462228], [-7.066456, 37.462278], [-7.066348, 37.462324], [-7.066236, 37.462366], [-7.066121, 37.462403], [-7.066001, 37.462436], [-7.065878, 37.462465], [-7.065752, 37.46249], [-7.065621, 37.46251], [-7.065487, 37.462526], [-7.065362, 37.462535], [-7.065244, 37.462538], [-7.065136, 37.462535], [-7.065036, 37.462524], [-7.064944, 37.462508], [-7.064862, 37.462485], [-7.064787, 37.462455], [-7.064721, 37.462419], [-7.064653, 37.462381], [-7.064583, 37.462342], [-7.064511, 37.462302], [-7.064437, 37.46226], [-7.06436, 37.462217], [-7.064282, 37.462172], [-7.064201, 37.462126], [-7.064118, 37.462079], [-7.064035, 37.462026], [-7.063951, 37.461968], [-7.063867, 37.461904], [-7.063782, 37.461834], [-7.063697, 37.461759], [-7.063611, 37.461678], [-7.063524, 37.461592], [-7.063437, 37.4615], [-7.063362, 37.461415], [-7.063299, 37.461336], [-7.063248, 37.461264], [-7.063208, 37.461199], [-7.063181, 37.461141], [-7.063165, 37.461089], [-7.063161, 37.461044], [-7.063169, 37.461006], [-7.063167, 37.460961], [-7.063156, 37.460911], [-7.063134, 37.460855], [-7.063102, 37.460792], [-7.063061, 37.460724], [-7.063009, 37.46065], [-7.062948, 37.46057], [-7.062876, 37.460483], [-7.062812, 37.460401], [-7.062754, 37.460324], [-7.062704, 37.460251], [-7.06266, 37.460182], [-7.062623, 37.460118], [-7.062593, 37.460059], [-7.062569, 37.460003], [-7.062553, 37.459952], [-7.062532, 37.459907], [-7.062507, 37.459866], [-7.062477, 37.45983], [-7.062443, 37.459799], [-7.062404, 37.459774], [-7.062361, 37.459753], [-7.062313, 37.459738], [-7.062261, 37.459728], [-7.062207, 37.459713], [-7.062151, 37.459695], [-7.062093, 37.459673], [-7.062033, 37.459647], [-7.061972, 37.459617], [-7.061908, 37.459584], [-7.061843, 37.459546], [-7.061776, 37.459504], [-7.061713, 37.459456], [-7.061654, 37.459403], [-7.061599, 37.459343], [-7.061549, 37.459277], [-7.061503, 37.459205], [-7.061461, 37.459127], [-7.061424, 37.459042], [-7.06139, 37.458952], [-7.061356, 37.458872], [-7.061322, 37.458801], [-7.061287, 37.458741], [-7.061251, 37.458691], [-7.061215, 37.458651], [-7.061178, 37.458621], [-7.06114, 37.4586], [-7.061102, 37.45859], [-7.061068, 37.458587], [-7.061038, 37.45859], [-7.061012, 37.4586], [-7.06099, 37.458617], [-7.060971, 37.458641], [-7.060957, 37.458671], [-7.060946, 37.458708], [-7.060939, 37.458752], [-7.06093, 37.458793], [-7.060916, 37.458833], [-7.0609, 37.45887], [-7.06088, 37.458904], [-7.060858, 37.458937], [-7.060832, 37.458967], [-7.060802, 37.458995], [-7.06077, 37.459021], [-7.060737, 37.45904], [-7.060704, 37.459053], [-7.06067, 37.459058], [-7.060636, 37.459057], [-7.060602, 37.45905], [-7.060568, 37.459036], [-7.060533, 37.459015], [-7.060497, 37.458987], [-7.060461, 37.458954], [-7.060424, 37.458916], [-7.060386, 37.458873], [-7.060348, 37.458825], [-7.060308, 37.458772], [-7.060268, 37.458713], [-7.060226, 37.458649], [-7.060184, 37.45858], [-7.060139, 37.458519], [-7.060091, 37.458465], [-7.060039, 37.458418], [-7.059985, 37.458378], [-7.059928, 37.458345], [-7.059867, 37.45832], [-7.059804, 37.458302], [-7.059738, 37.458292], [-7.059669, 37.45828], [-7.059599, 37.458267], [-7.059526, 37.458254], [-7.059451, 37.458239], [-7.059375, 37.458223], [-7.059296, 37.458206], [-7.059215, 37.458188], [-7.059133, 37.458169], [-7.059059, 37.458149], [-7.058994, 37.458128], [-7.058938, 37.458105], [-7.058892, 37.458081], [-7.058854, 37.458055], [-7.058825, 37.458029], [-7.058805, 37.458001], [-7.058794, 37.457972], [-7.05878, 37.457948], [-7.058763, 37.457929], [-7.058743, 37.457915], [-7.058719, 37.457907], [-7.058693, 37.457903], [-7.058663, 37.457905], [-7.05863, 37.457912], [-7.058594, 37.457924], [-7.058537, 37.457929], [-7.058459, 37.457927], [-7.058359, 37.457916], [-7.058237, 37.457899], [-7.058094, 37.457874], [-7.05793, 37.457841], [-7.057745, 37.457801], [-7.057538, 37.457754], [-7.057365, 37.457708], [-7.057225, 37.457664], [-7.05712, 37.457622], [-7.057047, 37.457581], [-7.057009, 37.457542], [-7.057004, 37.457505], [-7.057032, 37.457469], [-7.057095, 37.457435], [-7.057138, 37.457406], [-7.057163, 37.457381], [-7.057169, 37.457362], [-7.057157, 37.457347], [-7.057125, 37.457337], [-7.057075, 37.457332], [-7.057007, 37.457332], [-7.056919, 37.457336], [-7.05684, 37.457344], [-7.05677, 37.457356], [-7.056707, 37.457371], [-7.056653, 37.457389], [-7.056608, 37.457411], [-7.056571, 37.457436], [-7.056542, 37.457465], [-7.056522, 37.457497], [-7.056499, 37.457526], [-7.056473, 37.457552], [-7.056443, 37.457575], [-7.056411, 37.457595], [-7.056376, 37.457612], [-7.056338, 37.457626], [-7.056297, 37.457637], [-7.056253, 37.457645], [-7.056213, 37.457647], [-7.056177, 37.457642], [-7.056146, 37.457631], [-7.056118, 37.457613], [-7.056095, 37.457589], [-7.056076, 37.457558], [-7.056061, 37.457521], [-7.05605, 37.457478], [-7.056035, 37.457432], [-7.056016, 37.457385], [-7.055992, 37.457335], [-7.055965, 37.457283], [-7.055934, 37.45723], [-7.055899, 37.457174], [-7.055859, 37.457116], [-7.055816, 37.457055], [-7.055779, 37.457001], [-7.055749, 37.456953], [-7.055726, 37.45691], [-7.05571, 37.456873], [-7.0557, 37.456843], [-7.055697, 37.456818], [-7.055701, 37.456798], [-7.055712, 37.456785], [-7.055727, 37.456777], [-7.055747, 37.456773], [-7.05577, 37.456774], [-7.055799, 37.456781], [-7.055831, 37.456792], [-7.055868, 37.456808], [-7.055909, 37.456829], [-7.055954, 37.456854], [-7.055998, 37.456875], [-7.056039, 37.45689], [-7.056078, 37.4569], [-7.056114, 37.456905], [-7.056149, 37.456904], [-7.056181, 37.456898], [-7.056211, 37.456887], [-7.056238, 37.456871], [-7.056254, 37.456848], [-7.056258, 37.45682], [-7.056249, 37.456786], [-7.056228, 37.456746], [-7.056195, 37.456699], [-7.05615, 37.456647], [-7.056093, 37.456589], [-7.056024, 37.456525], [-7.055944, 37.45646], [-7.055853, 37.456394], [-7.055751, 37.456326], [-7.055638, 37.456258], [-7.055514, 37.456188], [-7.055379, 37.456117], [-7.055233, 37.456044], [-7.055076, 37.455971], [-7.054946, 37.455919], [-7.054842, 37.45589], [-7.054765, 37.455883], [-7.054714, 37.455898], [-7.054689, 37.455935], [-7.05469, 37.455994], [-7.054718, 37.456076], [-7.054773, 37.456179], [-7.054831, 37.456285], [-7.054891, 37.456393], [-7.054955, 37.456503], [-7.055023, 37.456616], [-7.055093, 37.45673], [-7.055167, 37.456847], [-7.055244, 37.456967], [-7.055324, 37.457088], [-7.055373, 37.457197], [-7.05539, 37.457292], [-7.055375, 37.457375], [-7.055329, 37.457444], [-7.055251, 37.4575], [-7.055141, 37.457544], [-7.055, 37.457574], [-7.054828, 37.457591], [-7.054663, 37.457608], [-7.054505, 37.457624], [-7.054356, 37.457639], [-7.054214, 37.457654], [-7.05408, 37.457667], [-7.053954, 37.45768], [-7.053836, 37.457693], [-7.053726, 37.457704], [-7.053618, 37.457718], [-7.053513, 37.457735], [-7.053411, 37.457753], [-7.053312, 37.457774], [-7.053215, 37.457797], [-7.053122, 37.457823], [-7.053031, 37.457851], [-7.052943, 37.457881], [-7.05286, 37.45791], [-7.052783, 37.457938], [-7.052712, 37.457966], [-7.052646, 37.457992], [-7.052585, 37.458017], [-7.05253, 37.458041], [-7.052481, 37.458064], [-7.052437, 37.458087], [-7.052391, 37.458111], [-7.052344, 37.458137], [-7.052295, 37.458166], [-7.052244, 37.458196], [-7.052191, 37.458229], [-7.052137, 37.458264], [-7.052081, 37.4583], [-7.052024, 37.458339], [-7.051967, 37.458383], [-7.05191, 37.458433], [-7.051854, 37.458487], [-7.051798, 37.458547], [-7.051743, 37.458612], [-7.051688, 37.458682], [-7.051633, 37.458758], [-7.051579, 37.458839], [-7.051519, 37.458921], [-7.051452, 37.459005], [-7.051379, 37.45909], [-7.0513, 37.459177], [-7.051215, 37.459265], [-7.051123, 37.459354], [-7.051025, 37.459446], [-7.050921, 37.459538], [-7.050821, 37.459628], [-7.050726, 37.459713], [-7.050635, 37.459795], [-7.050548, 37.459873], [-7.050466, 37.459947], [-7.050388, 37.460018], [-7.050315, 37.460086], [-7.050246, 37.460149], [-7.050179, 37.460212], [-7.050115, 37.460275], [-7.050054, 37.460337], [-7.049995, 37.460399], [-7.049939, 37.46046], [-7.049885, 37.460521], [-7.049834, 37.460582], [-7.049785, 37.460642], [-7.049735, 37.460699], [-7.049683, 37.460753], [-7.049629, 37.460804], [-7.049574, 37.460852], [-7.049517, 37.460898], [-7.049459, 37.46094], [-7.049399, 37.46098], [-7.049338, 37.461017], [-7.049277, 37.461052], [-7.049218, 37.461085], [-7.049161, 37.461117], [-7.049105, 37.461147], [-7.04905, 37.461175], [-7.048996, 37.461202], [-7.048944, 37.461227], [-7.048893, 37.461251], [-7.048835, 37.461275], [-7.048769, 37.461301], [-7.048695, 37.461327], [-7.048614, 37.461355], [-7.048525, 37.461383], [-7.048429, 37.461413], [-7.048325, 37.461443], [-7.048214, 37.461475], [-7.048112, 37.461501], [-7.048021, 37.461521], [-7.047941, 37.461536], [-7.047871, 37.461545], [-7.047811, 37.461549], [-7.047761, 37.461547], [-7.047722, 37.46154], [-7.047692, 37.461527], [-7.047662, 37.461513], [-7.047629, 37.4615], [-7.047595, 37.461486], [-7.047559, 37.461472], [-7.047522, 37.461458], [-7.047482, 37.461443], [-7.047441, 37.461429], [-7.047398, 37.461414], [-7.047356, 37.461399], [-7.047313, 37.461385], [-7.047271, 37.461371], [-7.047228, 37.461358], [-7.047186, 37.461344], [-7.047144, 37.461332], [-7.047102, 37.461319], [-7.04706, 37.461307], [-7.047017, 37.461296], [-7.046972, 37.461285], [-7.046927, 37.461276], [-7.046881, 37.461267], [-7.046833, 37.461259], [-7.046784, 37.461253], [-7.046735, 37.461247], [-7.046684, 37.461242], [-7.046626, 37.461239], [-7.046563, 37.461239], [-7.046492, 37.461241], [-7.046415, 37.461245], [-7.046332, 37.461251], [-7.046242, 37.46126], [-7.046145, 37.461271], [-7.046042, 37.461284], [-7.045941, 37.461297], [-7.045842, 37.46131], [-7.045744, 37.461323], [-7.045648, 37.461336], [-7.045554, 37.46135], [-7.045462, 37.461363], [-7.045371, 37.461376], [-7.045282, 37.461389], [-7.045197, 37.461401], [-7.045115, 37.461412], [-7.045035, 37.461422], [-7.04496, 37.46143], [-7.044887, 37.461437], [-7.044817, 37.461442], [-7.044751, 37.461447], [-7.044688, 37.461449], [-7.044628, 37.461454], [-7.044571, 37.461461], [-7.044518, 37.46147], [-7.044467, 37.46148], [-7.04442, 37.461493], [-7.044376, 37.461507], [-7.044335, 37.461524], [-7.044297, 37.461542], [-7.044258, 37.461566], [-7.044218, 37.461595], [-7.044178, 37.46163], [-7.044137, 37.46167], [-7.044095, 37.461715], [-7.044052, 37.461766], [-7.044008, 37.461823], [-7.043963, 37.461885], [-7.043923, 37.461945], [-7.043886, 37.462004], [-7.043853, 37.46206], [-7.043825, 37.462115], [-7.0438, 37.462168], [-7.043779, 37.462219], [-7.043762, 37.462269], [-7.04375, 37.462317], [-7.043739, 37.462363], [-7.04373, 37.462409], [-7.043723, 37.462453], [-7.043718, 37.462497], [-7.043715, 37.462539], [-7.043714, 37.462581], [-7.043715, 37.462621], [-7.043717, 37.46266], [-7.04372, 37.462702], [-7.043721, 37.462747], [-7.043722, 37.462795], [-7.043723, 37.462846], [-7.043722, 37.4629], [-7.043722, 37.462957], [-7.04372, 37.463017], [-7.043718, 37.46308], [-7.043712, 37.463138], [-7.043702, 37.463192], [-7.043688, 37.463243], [-7.043669, 37.463288], [-7.043646, 37.46333], [-7.04362, 37.463368], [-7.043589, 37.463401], [-7.043553, 37.46343], [-7.043521, 37.463444], [-7.043492, 37.463443], [-7.043465, 37.463427], [-7.043441, 37.463396], [-7.04342, 37.46335], [-7.043402, 37.463289], [-7.043387, 37.463212], [-7.043375, 37.463121], [-7.043359, 37.463032], [-7.043339, 37.462944], [-7.043317, 37.462859], [-7.04329, 37.462776], [-7.043261, 37.462695], [-7.043227, 37.462616], [-7.043191, 37.462539], [-7.043151, 37.462464], [-7.043112, 37.462393], [-7.043075, 37.462327], [-7.04304, 37.462265], [-7.043006, 37.462208], [-7.042973, 37.462154], [-7.042942, 37.462105], [-7.042913, 37.462061], [-7.042885, 37.46202], [-7.042854, 37.461982], [-7.04282, 37.461946], [-7.042783, 37.461911], [-7.042743, 37.461879], [-7.0427, 37.461848], [-7.042654, 37.46182], [-7.042605, 37.461793], [-7.042552, 37.461769], [-7.042498, 37.461743], [-7.042442, 37.461715], [-7.042385, 37.461685], [-7.042326, 37.461653], [-7.042264, 37.461619], [-7.042201, 37.461584], [-7.042137, 37.461547], [-7.04207, 37.461508], [-7.041997, 37.461466], [-7.041916, 37.46142], [-7.041829, 37.461371], [-7.041734, 37.461319], [-7.041632, 37.461263], [-7.041524, 37.461204], [-7.041408, 37.461142], [-7.041285, 37.461077], [-7.041183, 37.46102], [-7.041103, 37.460971], [-7.041044, 37.460931], [-7.041006, 37.4609], [-7.040989, 37.460877], [-7.040993, 37.460863], [-7.041019, 37.460857], [-7.041066, 37.46086], [-7.041115, 37.460864], [-7.041167, 37.460869], [-7.041221, 37.460876], [-7.041278, 37.460884], [-7.041338, 37.460894], [-7.0414, 37.460904], [-7.041464, 37.460916], [-7.041531, 37.46093], [-7.041603, 37.460944], [-7.04168, 37.460959], [-7.041761, 37.460975], [-7.041847, 37.460992], [-7.041937, 37.46101], [-7.042032, 37.461029], [-7.042132, 37.461049], [-7.042236, 37.461069], [-7.042338, 37.461085], [-7.042438, 37.461095], [-7.042536, 37.4611], [-7.042632, 37.461099], [-7.042725, 37.461094], [-7.042816, 37.461083], [-7.042905, 37.461067], [-7.042992, 37.461045], [-7.043064, 37.461019], [-7.043121, 37.460989], [-7.043163, 37.460954], [-7.04319, 37.460915], [-7.043203, 37.460872], [-7.043201, 37.460824], [-7.043184, 37.460772], [-7.043152, 37.460715], [-7.043127, 37.460664], [-7.04311, 37.460618], [-7.043101, 37.460578], [-7.043099, 37.460543], [-7.043105, 37.460513], [-7.043118, 37.460489], [-7.043139, 37.46047], [-7.043168, 37.460456], [-7.043205, 37.460451], [-7.043252, 37.460454], [-7.043309, 37.460466], [-7.043374, 37.460487], [-7.043449, 37.460516], [-7.043533, 37.460554], [-7.043626, 37.460601], [-7.043728, 37.460656], [-7.04383, 37.460707], [-7.043931, 37.460756], [-7.04403, 37.460801], [-7.04413, 37.460842], [-7.044228, 37.46088], [-7.044325, 37.460915], [-7.044421, 37.460946], [-7.044517, 37.460974], [-7.044616, 37.461], [-7.044718, 37.461022], [-7.044824, 37.461042], [-7.044933, 37.461059], [-7.045045, 37.461073], [-7.04516, 37.461085], [-7.045279, 37.461094], [-7.045401, 37.4611], [-7.045513, 37.461102], [-7.045616, 37.461102], [-7.045708, 37.461097], [-7.045791, 37.461089], [-7.045865, 37.461077], [-7.045928, 37.461062], [-7.045982, 37.461044], [-7.046026, 37.461021], [-7.046053, 37.461001], [-7.046063, 37.460982], [-7.046057, 37.460965], [-7.046033, 37.460949], [-7.045993, 37.460935], [-7.045936, 37.460923], [-7.045862, 37.460912], [-7.045771, 37.460903], [-7.045686, 37.460894], [-7.045608, 37.460884], [-7.045535, 37.460874], [-7.045469, 37.460863], [-7.045408, 37.460852], [-7.045354, 37.460841], [-7.045306, 37.460829], [-7.045264, 37.460817], [-7.045216, 37.460802], [-7.045163, 37.460783], [-7.045104, 37.460761], [-7.045039, 37.460736], [-7.044969, 37.460708], [-7.044892, 37.460676], [-7.044811, 37.460642], [-7.044723, 37.460604], [-7.044639, 37.460564], [-7.044559, 37.460524], [-7.044482, 37.460482], [-7.04441, 37.460438], [-7.04434, 37.460393], [-7.044275, 37.460347], [-7.044213, 37.4603], [-7.044154, 37.460251], [-7.0441, 37.460208], [-7.04405, 37.460173], [-7.044005, 37.460144], [-7.043964, 37.460122], [-7.043927, 37.460106], [-7.043895, 37.460097], [-7.043867, 37.460095], [-7.043843, 37.460099], [-7.04382, 37.460097], [-7.043799, 37.460088], [-7.043778, 37.460072], [-7.043758, 37.460051], [-7.04374, 37.460022], [-7.043722, 37.459987], [-7.043705, 37.459945], [-7.04369, 37.459897], [-7.043682, 37.459855], [-7.043683, 37.459819], [-7.043691, 37.459788], [-7.043708, 37.459764], [-7.043733, 37.459746], [-7.043767, 37.459733], [-7.043808, 37.459727], [-7.043857, 37.459726], [-7.043906, 37.459729], [-7.043953, 37.459736], [-7.043998, 37.459747], [-7.044043, 37.459762], [-7.044086, 37.45978], [-7.044128, 37.459802], [-7.044168, 37.459828], [-7.044208, 37.459858], [-7.044245, 37.45988], [-7.044281, 37.459895], [-7.044315, 37.459902], [-7.044346, 37.459902], [-7.044376, 37.459895], [-7.044404, 37.45988], [-7.044431, 37.459857], [-7.044455, 37.459827], [-7.044467, 37.459798], [-7.044466, 37.459769], [-7.044452, 37.459741], [-7.044425, 37.459713], [-7.044386, 37.459686], [-7.044334, 37.459659], [-7.04427, 37.459633], [-7.044192, 37.459607], [-7.044119, 37.459578], [-7.044049, 37.459544], [-7.043984, 37.459507], [-7.043922, 37.459466], [-7.043864, 37.45942], [-7.04381, 37.459371], [-7.04376, 37.459318], [-7.043714, 37.459262], [-7.043672, 37.45922], [-7.043633, 37.459194], [-7.043598, 37.459183], [-7.043568, 37.459187], [-7.043541, 37.459206], [-7.043517, 37.459241], [-7.043498, 37.459291], [-7.043483, 37.459356], [-7.043462, 37.459412], [-7.043435, 37.459458], [-7.043403, 37.459494], [-7.043365, 37.459521], [-7.043322, 37.459538], [-7.043274, 37.459545], [-7.04322, 37.459543], [-7.04316, 37.459531], [-7.043104, 37.459524], [-7.043052, 37.459523], [-7.043004, 37.459526], [-7.04296, 37.459534], [-7.04292, 37.459547], [-7.042884, 37.459565], [-7.042852, 37.459587], [-7.042823, 37.459615], [-7.042787, 37.459632], [-7.042742, 37.459636], [-7.042689, 37.459629], [-7.042627, 37.459611], [-7.042558, 37.45958], [-7.04248, 37.459539], [-7.042394, 37.459485], [-7.042299, 37.45942], [-7.042217, 37.459356], [-7.042146, 37.459293], [-7.042087, 37.459231], [-7.04204, 37.45917], [-7.042004, 37.45911], [-7.041981, 37.459052], [-7.041969, 37.458994], [-7.041969, 37.458937], [-7.041955, 37.458891], [-7.041927, 37.458856], [-7.041886, 37.458831], [-7.041831, 37.458817], [-7.041763, 37.458813], [-7.04168, 37.458821], [-7.041584, 37.458838], [-7.041475, 37.458867], [-7.041372, 37.458888], [-7.041276, 37.458903], [-7.041188, 37.458911], [-7.041107, 37.458911], [-7.041032, 37.458905], [-7.040965, 37.458892], [-7.040905, 37.458871], [-7.040852, 37.458844], [-7.040809, 37.458816], [-7.040777, 37.458788], [-7.040754, 37.45876], [-7.040741, 37.458731], [-7.040739, 37.458702], [-7.040747, 37.458672], [-7.040764, 37.458642], [-7.040792, 37.458611], [-7.040818, 37.45858], [-7.040842, 37.458548], [-7.040863, 37.458515], [-7.040883, 37.458482], [-7.040901, 37.458448], [-7.040917, 37.458413], [-7.040931, 37.458377], [-7.040944, 37.458341], [-7.040947, 37.458301], [-7.040942, 37.458257], [-7.040929, 37.45821], [-7.040907, 37.458158], [-7.040877, 37.458103], [-7.040838, 37.458044], [-7.040791, 37.457982], [-7.040735, 37.457915], [-7.04068, 37.457861], [-7.040624, 37.457818], [-7.040567, 37.457786], [-7.040511, 37.457767], [-7.040455, 37.457759], [-7.040398, 37.457763], [-7.040341, 37.457779], [-7.040285, 37.457806], [-7.040225, 37.457826], [-7.040164, 37.457838], [-7.0401, 37.457842], [-7.040033, 37.457838], [-7.039964, 37.457827], [-7.039893, 37.457808], [-7.03982, 37.457781], [-7.039744, 37.457747], [-7.03968, 37.457714], [-7.039627, 37.457682], [-7.039587, 37.457652], [-7.039558, 37.457623], [-7.039542, 37.457596], [-7.039537, 37.45757], [-7.039544, 37.457545], [-7.039563, 37.457522], [-7.039587, 37.457499], [-7.039616, 37.457476], [-7.039649, 37.457453], [-7.039688, 37.45743], [-7.039731, 37.457408], [-7.03978, 37.457386], [-7.039833, 37.457364], [-7.039891, 37.457342], [-7.039941, 37.45732], [-7.039982, 37.457299], [-7.040014, 37.457279], [-7.040037, 37.457259], [-7.040052, 37.45724], [-7.040058, 37.457221], [-7.040055, 37.457203], [-7.040043, 37.457185], [-7.040018, 37.457172], [-7.03998, 37.457164], [-7.039928, 37.457161], [-7.039863, 37.457163], [-7.039785, 37.45717], [-7.039693, 37.457182], [-7.039588, 37.457198], [-7.039469, 37.45722], [-7.039364, 37.457234], [-7.039271, 37.45724], [-7.039192, 37.457238], [-7.039126, 37.457229], [-7.039073, 37.457212], [-7.039033, 37.457188], [-7.039007, 37.457155], [-7.038993, 37.457115], [-7.038974, 37.457078], [-7.038951, 37.457045], [-7.038923, 37.457015], [-7.038889, 37.456989], [-7.038851, 37.456966], [-7.038808, 37.456946], [-7.03876, 37.456929], [-7.038707, 37.456916], [-7.038658, 37.456901], [-7.038612, 37.456885], [-7.03857, 37.456867], [-7.038531, 37.456847], [-7.038496, 37.456825], [-7.038465, 37.456802], [-7.038437, 37.456777], [-7.038412, 37.45675], [-7.03839, 37.456724], [-7.038371, 37.4567], [-7.038354, 37.456676], [-7.038339, 37.456653], [-7.038327, 37.456631], [-7.038317, 37.45661], [-7.03831, 37.45659], [-7.038305, 37.456571], [-7.038295, 37.456552], [-7.038279, 37.456532], [-7.038258, 37.456512], [-7.038232, 37.456491], [-7.0382, 37.45647], [-7.038163, 37.456448], [-7.03812, 37.456426], [-7.038072, 37.456404], [-7.038025, 37.45638], [-7.037981, 37.456354], [-7.037938, 37.456326], [-7.037897, 37.456297], [-7.037858, 37.456265], [-7.03782, 37.456233], [-7.037784, 37.456198], [-7.03775, 37.456162], [-7.03772, 37.456126], [-7.037694, 37.456092], [-7.037671, 37.456059], [-7.037653, 37.456027], [-7.037638, 37.455996], [-7.037627, 37.455966], [-7.03762, 37.455937], [-7.037616, 37.45591], [-7.037629, 37.455888], [-7.037659, 37.455874], [-7.037706, 37.455866], [-7.037769, 37.455864], [-7.037849, 37.455869], [-7.037946, 37.45588], [-7.03806, 37.455898], [-7.03819, 37.455923], [-7.038306, 37.45594], [-7.038409, 37.45595], [-7.038497, 37.455952], [-7.038572, 37.455947], [-7.038633, 37.455934], [-7.038681, 37.455914], [-7.038714, 37.455887], [-7.038734, 37.455852], [-7.038765, 37.455826], [-7.038808, 37.455808], [-7.038864, 37.455799], [-7.038931, 37.455798], [-7.03901, 37.455805], [-7.0391, 37.455822], [-7.039203, 37.455846], [-7.039318, 37.455879], [-7.039425, 37.455913], [-7.039525, 37.455949], [-7.039618, 37.455986], [-7.039704, 37.456024], [-7.039783, 37.456064], [-7.039854, 37.456105], [-7.039918, 37.456147], [-7.039975, 37.45619], [-7.040034, 37.456232], [-7.040094, 37.456271], [-7.040157, 37.456308], [-7.04022, 37.456344], [-7.040286, 37.456377], [-7.040353, 37.456408], [-7.040422, 37.456437], [-7.040492, 37.456464], [-7.04055, 37.456496], [-7.040593, 37.456533], [-7.040624, 37.456576], [-7.040642, 37.456624], [-7.040646, 37.456677], [-7.040636, 37.456735], [-7.040614, 37.456799], [-7.040578, 37.456868], [-7.040556, 37.456929], [-7.040549, 37.456983], [-7.040555, 37.457029], [-7.040575, 37.457068], [-7.04061, 37.457099], [-7.040658, 37.457123], [-7.040721, 37.457139], [-7.040797, 37.457148], [-7.040869, 37.457161], [-7.040935, 37.457178], [-7.040996, 37.457199], [-7.041052, 37.457224], [-7.041103, 37.457254], [-7.041149, 37.457287], [-7.041189, 37.457325], [-7.041224, 37.457367], [-7.041264, 37.457409], [-7.041308, 37.457452], [-7.041355, 37.457496], [-7.041407, 37.457541], [-7.041463, 37.457586], [-7.041524, 37.457631], [-7.041588, 37.457678], [-7.041657, 37.457725], [-7.041719, 37.457767], [-7.041777, 37.457804], [-7.041828, 37.457836], [-7.041874, 37.457863], [-7.041914, 37.457885], [-7.041948, 37.457903], [-7.041977, 37.457915], [-7.042, 37.457922], [-7.042026, 37.457932], [-7.042054, 37.457945], [-7.042085, 37.457962], [-7.042118, 37.457981], [-7.042154, 37.458004], [-7.042192, 37.458029], [-7.042233, 37.458058], [-7.042276, 37.45809], [-7.042322, 37.458121], [-7.042369, 37.458152], [-7.042419, 37.458183], [-7.042471, 37.458213], [-7.042525, 37.458243], [-7.042581, 37.458273], [-7.04264, 37.458302], [-7.0427, 37.45833], [-7.042764, 37.458357], [-7.042831, 37.458381], [-7.042901, 37.458402], [-7.042975, 37.458421], [-7.043053, 37.458438], [-7.043133, 37.458452], [-7.043217, 37.458464], [-7.043305, 37.458474], [-7.043388, 37.458485], [-7.043467, 37.458497], [-7.043542, 37.458509], [-7.043613, 37.458524], [-7.04368, 37.458539], [-7.043742, 37.458555], [-7.043801, 37.458572], [-7.043855, 37.458591], [-7.04391, 37.458614], [-7.043965, 37.458642], [-7.04402, 37.458676], [-7.044075, 37.458714], [-7.044131, 37.458757], [-7.044188, 37.458805], [-7.044244, 37.458857], [-7.044302, 37.458915], [-7.044358, 37.458968], [-7.044415, 37.459016], [-7.044471, 37.459059], [-7.044526, 37.459097], [-7.044581, 37.45913], [-7.044636, 37.459158], [-7.044691, 37.459182], [-7.044745, 37.4592], [-7.044791, 37.459209], [-7.044829, 37.459207], [-7.044859, 37.459196], [-7.04488, 37.459176], [-7.044893, 37.459145], [-7.044898, 37.459104], [-7.044894, 37.459054], [-7.044883, 37.458993], [-7.044873, 37.458936], [-7.044866, 37.458882], [-7.044861, 37.458832], [-7.044858, 37.458784], [-7.044857, 37.458739], [-7.044858, 37.458698], [-7.044861, 37.45866], [-7.044866, 37.458625], [-7.044863, 37.458587], [-7.044851, 37.458547], [-7.04483, 37.458504], [-7.044801, 37.458458], [-7.044763, 37.45841], [-7.044717, 37.458359], [-7.044662, 37.458305], [-7.044598, 37.458248], [-7.044544, 37.458195], [-7.044501, 37.458146], [-7.044467, 37.4581], [-7.044444, 37.458057], [-7.044431, 37.458018], [-7.044429, 37.457983], [-7.044436, 37.45795], [-7.044454, 37.457922], [-7.044466, 37.457895], [-7.044473, 37.457871], [-7.044475, 37.45785], [-7.044472, 37.45783], [-7.044464, 37.457813], [-7.044451, 37.457799], [-7.044432, 37.457787], [-7.044408, 37.457777], [-7.044375, 37.457771], [-7.044333, 37.457769], [-7.044282, 37.457772], [-7.044222, 37.457779], [-7.044152, 37.45779], [-7.044074, 37.457805], [-7.043986, 37.457824], [-7.043889, 37.457847], [-7.043803, 37.457862], [-7.043729, 37.457868], [-7.043665, 37.457865], [-7.043613, 37.457853], [-7.043571, 37.457832], [-7.043541, 37.457803], [-7.043521, 37.457765], [-7.043513, 37.457719], [-7.043498, 37.457674], [-7.043477, 37.457631], [-7.043449, 37.45759], [-7.043414, 37.457551], [-7.043373, 37.457514], [-7.043325, 37.457478], [-7.043271, 37.457445], [-7.04321, 37.457414], [-7.04315, 37.457385], [-7.043093, 37.457361], [-7.043037, 37.457339], [-7.042982, 37.45732], [-7.04293, 37.457305], [-7.042879, 37.457293], [-7.04283, 37.457284], [-7.042782, 37.457279], [-7.042742, 37.457267], [-7.04271, 37.45725], [-7.042684, 37.457226], [-7.042666, 37.457197], [-7.042656, 37.457162], [-7.042652, 37.457121], [-7.042656, 37.457073], [-7.042668, 37.45702], [-7.042682, 37.456974], [-7.042698, 37.456934], [-7.042717, 37.456901], [-7.042739, 37.456874], [-7.042763, 37.456854], [-7.04279, 37.456841], [-7.042819, 37.456834], [-7.042851, 37.456834], [-7.042889, 37.456838], [-7.042934, 37.456846], [-7.042985, 37.456858], [-7.043042, 37.456875], [-7.043106, 37.456896], [-7.043176, 37.45692], [-7.043252, 37.456949], [-7.043335, 37.456982], [-7.043418, 37.457015], [-7.043503, 37.457047], [-7.043588, 37.457079], [-7.043674, 37.45711], [-7.04376, 37.457141], [-7.043847, 37.457171], [-7.043935, 37.457201], [-7.044024, 37.45723], [-7.044101, 37.457253], [-7.044167, 37.45727], [-7.044221, 37.457281], [-7.044263, 37.457286], [-7.044293, 37.457285], [-7.044312, 37.457279], [-7.044319, 37.457266], [-7.044314, 37.457247], [-7.044306, 37.457227], [-7.044296, 37.457206], [-7.044282, 37.457184], [-7.044266, 37.457162], [-7.044247, 37.457138], [-7.044225, 37.457114], [-7.0442, 37.457089], [-7.044172, 37.457063], [-7.04415, 37.457039], [-7.044135, 37.457019], [-7.044127, 37.457001], [-7.044125, 37.456985], [-7.044129, 37.456973], [-7.04414, 37.456963], [-7.044157, 37.456956], [-7.044181, 37.456952], [-7.044207, 37.45695], [-7.044236, 37.456951], [-7.044267, 37.456955], [-7.044301, 37.456962], [-7.044337, 37.456971], [-7.044375, 37.456983], [-7.044416, 37.456998], [-7.044459, 37.457016], [-7.044504, 37.457035], [-7.044548, 37.457055], [-7.044594, 37.457076], [-7.044641, 37.457099], [-7.044688, 37.457123], [-7.044736, 37.457148], [-7.044785, 37.457175], [-7.044834, 37.457203], [-7.044881, 37.457232], [-7.044926, 37.457261], [-7.044968, 37.457291], [-7.045008, 37.457322], [-7.045045, 37.457354], [-7.04508, 37.457387], [-7.045112, 37.45742], [-7.045142, 37.457455], [-7.045173, 37.457489], [-7.045205, 37.457525], [-7.045238, 37.45756], [-7.045272, 37.457597], [-7.045307, 37.457634], [-7.045343, 37.457671], [-7.04538, 37.457709], [-7.045418, 37.457747], [-7.045459, 37.457784], [-7.045503, 37.457818], [-7.04555, 37.457851], [-7.0456, 37.457882], [-7.045653, 37.45791], [-7.04571, 37.457937], [-7.045769, 37.457961], [-7.045832, 37.457984], [-7.045884, 37.458006], [-7.045927, 37.458028], [-7.04596, 37.45805], [-7.045983, 37.458071], [-7.045996, 37.458092], [-7.046, 37.458113], [-7.045993, 37.458133], [-7.045977, 37.458153], [-7.045964, 37.458173], [-7.045953, 37.458192], [-7.045946, 37.45821], [-7.045942, 37.458228], [-7.04594, 37.458245], [-7.045942, 37.458262], [-7.045946, 37.458278], [-7.045954, 37.458294], [-7.045966, 37.458309], [-7.045983, 37.458325], [-7.046006, 37.458342], [-7.046033, 37.458358], [-7.046065, 37.458374], [-7.046102, 37.458391], [-7.046144, 37.458408], [-7.046191, 37.458425], [-7.046239, 37.458445], [-7.046288, 37.458469], [-7.046339, 37.458496], [-7.04639, 37.458526], [-7.046444, 37.45856], [-7.046498, 37.458596], [-7.046554, 37.458637], [-7.046611, 37.45868], [-7.046661, 37.458723], [-7.046705, 37.458766], [-7.046741, 37.458807], [-7.046771, 37.458849], [-7.046794, 37.45889], [-7.046811, 37.45893], [-7.04682, 37.45897], [-7.046823, 37.459009], [-7.046832, 37.459046], [-7.046847, 37.459082], [-7.046868, 37.459115], [-7.046896, 37.459147], [-7.04693, 37.459177], [-7.046969, 37.459205], [-7.047016, 37.459232], [-7.047068, 37.459256], [-7.047123, 37.459278], [-7.047182, 37.459298], [-7.047245, 37.459316], [-7.047311, 37.45933], [-7.04738, 37.459343], [-7.047452, 37.459353], [-7.047528, 37.459361], [-7.047607, 37.459366], [-7.047682, 37.459363], [-7.047753, 37.45935], [-7.047818, 37.459328], [-7.04788, 37.459297], [-7.047936, 37.459257], [-7.047989, 37.459208], [-7.048036, 37.459149], [-7.04808, 37.459082], [-7.048121, 37.459024], [-7.048161, 37.458976], [-7.0482, 37.458937], [-7.048237, 37.458907], [-7.048272, 37.458887], [-7.048306, 37.458877], [-7.048338, 37.458876], [-7.048368, 37.458885], [-7.048403, 37.458899], [-7.048441, 37.458918], [-7.048484, 37.458942], [-7.04853, 37.458972], [-7.048581, 37.459007], [-7.048635, 37.459048], [-7.048694, 37.459093], [-7.048756, 37.459144], [-7.048821, 37.459182], [-7.048888, 37.459205], [-7.048957, 37.459214], [-7.049029, 37.45921], [-7.049102, 37.459191], [-7.049178, 37.459159], [-7.049257, 37.459113], [-7.049337, 37.459053], [-7.049402, 37.458994], [-7.049452, 37.458938], [-7.049486, 37.458883], [-7.049504, 37.45883], [-7.049507, 37.458779], [-7.049495, 37.458729], [-7.049467, 37.458682], [-7.049423, 37.458636], [-7.04938, 37.458596], [-7.049337, 37.458562], [-7.049294, 37.458534], [-7.049251, 37.458512], [-7.049209, 37.458496], [-7.049166, 37.458486], [-7.049124, 37.458482], [-7.049082, 37.458484], [-7.049044, 37.458481], [-7.049009, 37.458473], [-7.048978, 37.45846], [-7.048951, 37.458443], [-7.048927, 37.45842], [-7.048906, 37.458392], [-7.04889, 37.45836], [-7.048877, 37.458323], [-7.048855, 37.458293], [-7.048823, 37.45827], [-7.048783, 37.458255], [-7.048733, 37.458247], [-7.048674, 37.458246], [-7.048606, 37.458253], [-7.048528, 37.458267], [-7.048441, 37.458289], [-7.04836, 37.458298], [-7.048284, 37.458295], [-7.048213, 37.458279], [-7.048148, 37.458251], [-7.048088, 37.458211], [-7.048033, 37.458159], [-7.047983, 37.458094], [-7.047939, 37.458017], [-7.047906, 37.457949], [-7.047884, 37.457889], [-7.047873, 37.457838], [-7.047873, 37.457795], [-7.047883, 37.457761], [-7.047905, 37.457736], [-7.047938, 37.457719], [-7.047983, 37.457711], [-7.048025, 37.457702], [-7.048066, 37.457692], [-7.048105, 37.457681], [-7.048143, 37.457668], [-7.048179, 37.457654], [-7.048213, 37.45764], [-7.048246, 37.457624], [-7.048277, 37.457607], [-7.048298, 37.457585], [-7.048309, 37.45756], [-7.048311, 37.45753], [-7.048302, 37.457496], [-7.048284, 37.457458], [-7.048255, 37.457416], [-7.048217, 37.457369], [-7.048169, 37.457319], [-7.048116, 37.457267], [-7.04806, 37.457214], [-7.047999, 37.45716], [-7.047934, 37.457106], [-7.047864, 37.45705], [-7.047791, 37.456993], [-7.047713, 37.456935], [-7.047631, 37.456876], [-7.047572, 37.456825], [-7.047537, 37.456781], [-7.047526, 37.456745], [-7.047538, 37.456715], [-7.047573, 37.456694], [-7.047633, 37.456679], [-7.047716, 37.456672], [-7.047822, 37.456673], [-7.047905, 37.456668], [-7.047965, 37.456659], [-7.048001, 37.456644], [-7.048014, 37.456625], [-7.048003, 37.456601], [-7.047969, 37.456572], [-7.047912, 37.456537], [-7.047831, 37.456498], [-7.047756, 37.456453], [-7.047685, 37.456401], [-7.047619, 37.456343], [-7.047559, 37.456279], [-7.047504, 37.456209], [-7.047453, 37.456132], [-7.047408, 37.456049], [-7.047368, 37.45596], [-7.047329, 37.455879], [-7.04729, 37.455807], [-7.047252, 37.455743], [-7.047215, 37.455687], [-7.047179, 37.45564], [-7.047143, 37.455601], [-7.047109, 37.45557], [-7.047075, 37.455548], [-7.04703, 37.455526], [-7.046974, 37.455504], [-7.046906, 37.455481], [-7.046828, 37.455459], [-7.046739, 37.455436], [-7.046638, 37.455413], [-7.046527, 37.45539], [-7.046404, 37.455367], [-7.046275, 37.455341], [-7.04614, 37.455311], [-7.045999, 37.455277], [-7.045851, 37.45524], [-7.045697, 37.4552], [-7.045538, 37.455156], [-7.045372, 37.455108], [-7.045199, 37.455058], [-7.045046, 37.455001], [-7.044912, 37.454939], [-7.044796, 37.454871], [-7.0447, 37.454798], [-7.044623, 37.454719], [-7.044564, 37.454635], [-7.044525, 37.454545], [-7.044504, 37.45445], [-7.044483, 37.454363], [-7.04446, 37.454285], [-7.044437, 37.454215], [-7.044413, 37.454154], [-7.044388, 37.454102], [-7.044362, 37.454059], [-7.044335, 37.454024], [-7.044307, 37.453998], [-7.044284, 37.45397], [-7.044265, 37.453942], [-7.044251, 37.453912], [-7.044242, 37.453881], [-7.044237, 37.453849], [-7.044236, 37.453816], [-7.04424, 37.453782], [-7.044249, 37.453746], [-7.044263, 37.453709], [-7.044281, 37.453672], [-7.044303, 37.453634], [-7.044331, 37.453595], [-7.044363, 37.453555], [-7.044399, 37.453514], [-7.044441, 37.453473], [-7.044487, 37.45343], [-7.044525, 37.45339], [-7.044556, 37.453352], [-7.04458, 37.453316], [-7.044596, 37.453281], [-7.044605, 37.453249], [-7.044606, 37.453219], [-7.0446, 37.453191], [-7.044587, 37.453166], [-7.044574, 37.453137], [-7.044561, 37.453105], [-7.044549, 37.45307], [-7.044538, 37.453033], [-7.044527, 37.452992], [-7.044517, 37.452948], [-7.044508, 37.452902], [-7.044499, 37.452852], [-7.044487, 37.452804], [-7.044471, 37.452758], [-7.044453, 37.452712], [-7.044431, 37.452668], [-7.044406, 37.452625], [-7.044378, 37.452583], [-7.044347, 37.452543], [-7.044312, 37.452504], [-7.044278, 37.45248], [-7.044245, 37.452471], [-7.044212, 37.452477], [-7.04418, 37.452499], [-7.044149, 37.452535], [-7.044119, 37.452587], [-7.044089, 37.452653], [-7.04406, 37.452735], [-7.04403, 37.452805], [-7.044, 37.452862], [-7.043968, 37.452907], [-7.043936, 37.45294], [-7.043902, 37.452961], [-7.043868, 37.452969], [-7.043833, 37.452965], [-7.043797, 37.452949], [-7.043761, 37.452933], [-7.043724, 37.452917], [-7.043687, 37.452901], [-7.043649, 37.452885], [-7.043611, 37.45287], [-7.043572, 37.452854], [-7.043534, 37.452838], [-7.043494, 37.452823], [-7.043455, 37.452808], [-7.043416, 37.452794], [-7.043377, 37.45278], [-7.043339, 37.452767], [-7.0433, 37.452755], [-7.043262, 37.452744], [-7.043224, 37.452733], [-7.043186, 37.452723], [-7.04315, 37.452715], [-7.043116, 37.45271], [-7.043083, 37.452708], [-7.043053, 37.452707], [-7.043025, 37.45271], [-7.042999, 37.452714], [-7.042975, 37.452722], [-7.042952, 37.452731], [-7.042919, 37.452739], [-7.042875, 37.452745], [-7.042821, 37.452749], [-7.042756, 37.452751], [-7.04268, 37.452751], [-7.042594, 37.452749], [-7.042497, 37.452745], [-7.042389, 37.452739], [-7.04229, 37.452732], [-7.0422, 37.452722], [-7.042119, 37.452712], [-7.042047, 37.452699], [-7.041984, 37.452685], [-7.041929, 37.45267], [-7.041884, 37.452652], [-7.041847, 37.452634], [-7.041806, 37.452611], [-7.041761, 37.452586], [-7.041711, 37.452557], [-7.041656, 37.452524], [-7.041598, 37.452488], [-7.041535, 37.452449], [-7.041467, 37.452407], [-7.041395, 37.452361], [-7.041332, 37.452316], [-7.041279, 37.452273], [-7.041235, 37.452231], [-7.0412, 37.452191], [-7.041174, 37.452152], [-7.041158, 37.452114], [-7.04115, 37.452078], [-7.041152, 37.452043], [-7.041157, 37.452011], [-7.041164, 37.451983], [-7.041174, 37.451957], [-7.041186, 37.451935], [-7.0412, 37.451916], [-7.041218, 37.4519], [-7.041238, 37.451887], [-7.04126, 37.451877], [-7.041284, 37.451865], [-7.04131, 37.451852], [-7.041338, 37.451837], [-7.041367, 37.451821], [-7.041398, 37.451802], [-7.041431, 37.451782], [-7.041466, 37.45176], [-7.041503, 37.451736], [-7.041543, 37.451715], [-7.041588, 37.451695], [-7.041637, 37.451678], [-7.041689, 37.451663], [-7.041746, 37.451649], [-7.041807, 37.451638], [-7.041872, 37.451629], [-7.041942, 37.451622], [-7.042011, 37.451614], [-7.042081, 37.451604], [-7.042152, 37.451593], [-7.042223, 37.45158], [-7.042295, 37.451565], [-7.042367, 37.451549], [-7.042439, 37.451532], [-7.042513, 37.451513], [-7.042578, 37.451491], [-7.042634, 37.451466], [-7.042683, 37.451439], [-7.042723, 37.451409], [-7.042755, 37.451376], [-7.042779, 37.451341], [-7.042794, 37.451302], [-7.042802, 37.451261], [-7.042802, 37.451219], [-7.042794, 37.451175], [-7.042779, 37.451129], [-7.042757, 37.451082], [-7.042727, 37.451034], [-7.04269, 37.450984], [-7.042645, 37.450933], [-7.042592, 37.45088], [-7.042548, 37.450826], [-7.042513, 37.450772], [-7.042485, 37.450717], [-7.042466, 37.45066], [-7.042454, 37.450604], [-7.042451, 37.450546], [-7.042457, 37.450488], [-7.04247, 37.450429], [-7.042477, 37.450375], [-7.042478, 37.450326], [-7.042473, 37.450283], [-7.042462, 37.450246], [-7.042445, 37.450213], [-7.042421, 37.450186], [-7.042391, 37.450165], [-7.042355, 37.450149], [-7.042316, 37.450136], [-7.042273, 37.450127], [-7.042226, 37.450121], [-7.042176, 37.450119], [-7.042122, 37.45012], [-7.042065, 37.450125], [-7.042004, 37.450133], [-7.04194, 37.450145], [-7.041882, 37.450159], [-7.04183, 37.450176], [-7.041785, 37.450195], [-7.041746, 37.450216], [-7.041713, 37.450239], [-7.041687, 37.450266], [-7.041667, 37.450294], [-7.041654, 37.450325], [-7.041652, 37.450361], [-7.04166, 37.450403], [-7.04168, 37.45045], [-7.041711, 37.450502], [-7.041753, 37.45056], [-7.041806, 37.450624], [-7.04187, 37.450692], [-7.041946, 37.450766], [-7.042011, 37.450836], [-7.042067, 37.4509], [-7.042114, 37.450959], [-7.042151, 37.451014], [-7.042178, 37.451063], [-7.042195, 37.451107], [-7.042203, 37.451147], [-7.042201, 37.451181], [-7.042196, 37.451209], [-7.042188, 37.451232], [-7.042178, 37.451249], [-7.042165, 37.45126], [-7.042149, 37.451265], [-7.04213, 37.451264], [-7.042108, 37.451257], [-7.042084, 37.451245], [-7.042058, 37.451238], [-7.04203, 37.451236], [-7.042, 37.451241], [-7.041969, 37.451251], [-7.041936, 37.451266], [-7.041902, 37.451287], [-7.041866, 37.451314], [-7.041828, 37.451347], [-7.041791, 37.451375], [-7.041757, 37.451398], [-7.041723, 37.451417], [-7.041691, 37.451431], [-7.041661, 37.451441], [-7.041632, 37.451446], [-7.041605, 37.451447], [-7.041579, 37.451443], [-7.041561, 37.451435], [-7.04155, 37.451422], [-7.041546, 37.451404], [-7.041549, 37.451383], [-7.04156, 37.451356], [-7.041578, 37.451325], [-7.041603, 37.45129], [-7.041635, 37.45125], [-7.041656, 37.451208], [-7.041666, 37.451165], [-7.041663, 37.451119], [-7.04165, 37.451072], [-7.041625, 37.451023], [-7.041588, 37.450972], [-7.04154, 37.45092], [-7.04148, 37.450865], [-7.041426, 37.450811], [-7.041378, 37.450756], [-7.041335, 37.4507], [-7.041298, 37.450645], [-7.041267, 37.450589], [-7.041241, 37.450533], [-7.041221, 37.450476], [-7.041206, 37.450419], [-7.041185, 37.450358], [-7.041158, 37.450294], [-7.041123, 37.450226], [-7.041082, 37.450154], [-7.041034, 37.450078], [-7.04098, 37.449999], [-7.040919, 37.449916], [-7.040851, 37.449829], [-7.040783, 37.449757], [-7.040717, 37.4497], [-7.040651, 37.449659], [-7.040586, 37.449632], [-7.040522, 37.449621], [-7.040458, 37.449625], [-7.040395, 37.449644], [-7.040333, 37.449678], [-7.040267, 37.449714], [-7.040196, 37.449752], [-7.040122, 37.449793], [-7.040045, 37.449835], [-7.039963, 37.44988], [-7.039877, 37.449927], [-7.039788, 37.449975], [-7.039694, 37.450027], [-7.039602, 37.45008], [-7.039512, 37.450136], [-7.039423, 37.450195], [-7.039336, 37.450256], [-7.03925, 37.45032], [-7.039166, 37.450386], [-7.039083, 37.450455], [-7.039002, 37.450527], [-7.038926, 37.450591], [-7.038855, 37.450649], [-7.03879, 37.450699], [-7.03873, 37.450743], [-7.038676, 37.45078], [-7.038627, 37.450809], [-7.038583, 37.450832], [-7.038544, 37.450847], [-7.0385, 37.450861], [-7.038452, 37.450872], [-7.038399, 37.450882], [-7.03834, 37.45089], [-7.038277, 37.450896], [-7.038209, 37.4509], [-7.038136, 37.450902], [-7.038058, 37.450902], [-7.03798, 37.4509], [-7.037903, 37.450898], [-7.037825, 37.450895], [-7.037748, 37.450891], [-7.037671, 37.450885], [-7.037594, 37.450879], [-7.037517, 37.450871], [-7.037441, 37.450862], [-7.037363, 37.450853], [-7.037285, 37.450843], [-7.037205, 37.450833], [-7.037124, 37.450822], [-7.037043, 37.450811], [-7.03696, 37.450799], [-7.036876, 37.450786], [-7.036791, 37.450773], [-7.03671, 37.450758], [-7.036632, 37.450739], [-7.036557, 37.450718], [-7.036485, 37.450694], [-7.036417, 37.450668], [-7.036352, 37.450639], [-7.036291, 37.450607], [-7.036232, 37.450572], [-7.036183, 37.450541], [-7.036143, 37.450515], [-7.036112, 37.450494], [-7.03609, 37.450476], [-7.036077, 37.450464], [-7.036073, 37.450455], [-7.036078, 37.450451], [-7.036092, 37.450451], [-7.036109, 37.450451], [-7.036128, 37.45045], [-7.03615, 37.450449], [-7.036175, 37.450448], [-7.036201, 37.450446], [-7.036231, 37.450443], [-7.036263, 37.45044], [-7.036297, 37.450437], [-7.036334, 37.450433], [-7.036372, 37.450431], [-7.036412, 37.450428], [-7.036454, 37.450426], [-7.036498, 37.450425], [-7.036544, 37.450424], [-7.036592, 37.450423], [-7.036641, 37.450422], [-7.036691, 37.450419], [-7.036742, 37.450412], [-7.036793, 37.450403], [-7.036845, 37.450391], [-7.036897, 37.450376], [-7.03695, 37.450357], [-7.037004, 37.450336], [-7.037058, 37.450312], [-7.037097, 37.450286], [-7.037122, 37.450256], [-7.037132, 37.450224], [-7.037126, 37.45019], [-7.037106, 37.450153], [-7.037072, 37.450113], [-7.037022, 37.450071], [-7.036958, 37.450026], [-7.036887, 37.449988], [-7.03681, 37.449957], [-7.036727, 37.449934], [-7.036638, 37.449917], [-7.036543, 37.449908], [-7.036441, 37.449906], [-7.036334, 37.449911], [-7.03622, 37.449923], [-7.036108, 37.449937], [-7.035998, 37.449952], [-7.035891, 37.449968], [-7.035786, 37.449986], [-7.035682, 37.450005], [-7.035581, 37.450026], [-7.035482, 37.450048], [-7.035385, 37.450071], [-7.035294, 37.450097], [-7.035208, 37.450126], [-7.035128, 37.450158], [-7.035054, 37.450193], [-7.034985, 37.450231], [-7.034922, 37.450271], [-7.034864, 37.450315], [-7.034812, 37.450361], [-7.034755, 37.450399], [-7.034693, 37.450429], [-7.034627, 37.45045], [-7.034556, 37.450463], [-7.03448, 37.450467], [-7.034399, 37.450464], [-7.034314, 37.450452], [-7.034224, 37.450431], [-7.034145, 37.450404], [-7.034077, 37.450369], [-7.03402, 37.450328], [-7.033974, 37.45028], [-7.033939, 37.450224], [-7.033916, 37.450162], [-7.033903, 37.450093], [-7.033902, 37.450016], [-7.03392, 37.449949], [-7.033958, 37.449892], [-7.034015, 37.449845], [-7.034092, 37.449806], [-7.034189, 37.449778], [-7.034306, 37.449759], [-7.034442, 37.449749], [-7.034598, 37.449749], [-7.034741, 37.449747], [-7.034872, 37.449744], [-7.034991, 37.449739], [-7.035098, 37.449733], [-7.035192, 37.449724], [-7.035273, 37.449714], [-7.035342, 37.449703], [-7.035399, 37.44969], [-7.03546, 37.449679], [-7.035525, 37.449672], [-7.035593, 37.449667], [-7.035665, 37.449665], [-7.035741, 37.449666], [-7.035821, 37.44967], [-7.035905, 37.449677], [-7.035992, 37.449687], [-7.036076, 37.449692], [-7.036157, 37.449692], [-7.036234, 37.449687], [-7.036308, 37.449678], [-7.036378, 37.449664], [-7.036445, 37.449646], [-7.036509, 37.449622], [-7.036569, 37.449594], [-7.036621, 37.449566], [-7.036664, 37.449537], [-7.036699, 37.449507], [-7.036725, 37.449477], [-7.036742, 37.449446], [-7.036751, 37.449415], [-7.036751, 37.449383], [-7.036743, 37.44935], [-7.036729, 37.449323], [-7.03671, 37.449301], [-7.036684, 37.449284], [-7.036653, 37.449273], [-7.036616, 37.449267], [-7.036573, 37.449266], [-7.036525, 37.449271], [-7.036471, 37.449281], [-7.036425, 37.449281], [-7.036387, 37.449272], [-7.036358, 37.449254], [-7.036337, 37.449227], [-7.036324, 37.44919], [-7.03632, 37.449144], [-7.036323, 37.449089], [-7.036335, 37.449024], [-7.036357, 37.448972], [-7.036388, 37.448933], [-7.036428, 37.448905], [-7.036477, 37.448891], [-7.036536, 37.448889], [-7.036604, 37.448899], [-7.036682, 37.448922], [-7.036768, 37.448957], [-7.036849, 37.448986], [-7.036923, 37.449009], [-7.03699, 37.449025], [-7.037051, 37.449035], [-7.037106, 37.449039], [-7.037154, 37.449037], [-7.037195, 37.449028], [-7.037231, 37.449013], [-7.037265, 37.448992], [-7.037299, 37.448965], [-7.037332, 37.448931], [-7.037365, 37.448891], [-7.037396, 37.448845], [-7.037427, 37.448792], [-7.037458, 37.448734], [-7.037488, 37.448669], [-7.037517, 37.44861], [-7.037547, 37.448559], [-7.037576, 37.448514], [-7.037606, 37.448476], [-7.037635, 37.448445], [-7.037664, 37.448421], [-7.037693, 37.448403], [-7.037723, 37.448392], [-7.037752, 37.448388], [-7.037782, 37.448391], [-7.037813, 37.448401], [-7.037843, 37.448418], [-7.037875, 37.448442], [-7.037906, 37.448473], [-7.037939, 37.448511], [-7.037971, 37.448556], [-7.038005, 37.448593], [-7.038039, 37.44862], [-7.038074, 37.448638], [-7.03811, 37.448647], [-7.038147, 37.448647], [-7.038184, 37.448638], [-7.038223, 37.44862], [-7.038262, 37.448593], [-7.038299, 37.448562], [-7.038335, 37.448526], [-7.038368, 37.448486], [-7.038399, 37.448442], [-7.038429, 37.448394], [-7.038456, 37.448341], [-7.038482, 37.448285], [-7.038506, 37.448224], [-7.038528, 37.448162], [-7.038549, 37.4481], [-7.038568, 37.448038], [-7.038586, 37.447975], [-7.038602, 37.447912], [-7.038617, 37.447848], [-7.038631, 37.447784], [-7.038643, 37.447719], [-7.038646, 37.447652], [-7.038642, 37.447581], [-7.038629, 37.447507], [-7.038608, 37.44743], [-7.038578, 37.44735], [-7.038541, 37.447267], [-7.038495, 37.447181], [-7.03844, 37.447091], [-7.03839, 37.447007], [-7.038345, 37.446927], [-7.038303, 37.446852], [-7.038266, 37.446783], [-7.038233, 37.446718], [-7.038205, 37.446658], [-7.038181, 37.446602], [-7.038161, 37.446552], [-7.038148, 37.446506], [-7.03814, 37.446465], [-7.038138, 37.446429], [-7.038143, 37.446397], [-7.038153, 37.446369], [-7.038169, 37.446347], [-7.038192, 37.446328], [-7.03822, 37.446315], [-7.03825, 37.4463], [-7.03828, 37.446283], [-7.038312, 37.446266], [-7.038344, 37.446247], [-7.038378, 37.446227], [-7.038412, 37.446206], [-7.038448, 37.446184], [-7.038484, 37.44616], [-7.038511, 37.446134], [-7.038528, 37.446106], [-7.038535, 37.446076], [-7.038532, 37.446044], [-7.038519, 37.44601], [-7.038497, 37.445974], [-7.038465, 37.445935], [-7.038423, 37.445895], [-7.038381, 37.445861], [-7.03834, 37.445835], [-7.038299, 37.445815], [-7.038259, 37.445803], [-7.038219, 37.445797], [-7.038179, 37.445799], [-7.03814, 37.445807], [-7.038102, 37.445823], [-7.038065, 37.445832], [-7.03803, 37.445834], [-7.037997, 37.445829], [-7.037966, 37.445818], [-7.037937, 37.4458], [-7.037909, 37.445775], [-7.037883, 37.445743], [-7.03786, 37.445705], [-7.037855, 37.44567], [-7.037868, 37.445637], [-7.037901, 37.445606], [-7.037953, 37.445578], [-7.038023, 37.445553], [-7.038112, 37.445531], [-7.03822, 37.445511], [-7.038346, 37.445493], [-7.038455, 37.445476], [-7.038545, 37.445458], [-7.038617, 37.44544], [-7.038671, 37.445421], [-7.038707, 37.445403], [-7.038724, 37.445384], [-7.038723, 37.445365], [-7.038704, 37.445346], [-7.038673, 37.445327], [-7.03863, 37.44531], [-7.038574, 37.445293], [-7.038506, 37.445277], [-7.038426, 37.445262], [-7.038334, 37.445247], [-7.03823, 37.445234], [-7.038113, 37.445221], [-7.037992, 37.445215], [-7.037865, 37.445215], [-7.037734, 37.445222], [-7.037597, 37.445235], [-7.037456, 37.445256], [-7.037309, 37.445282], [-7.037158, 37.445316], [-7.037001, 37.445355], [-7.036845, 37.445397], [-7.036689, 37.445441], [-7.036532, 37.445487], [-7.036376, 37.445536], [-7.03622, 37.445586], [-7.036064, 37.445639], [-7.035908, 37.445693], [-7.035753, 37.44575], [-7.035605, 37.445808], [-7.035466, 37.445868], [-7.035336, 37.44593], [-7.035213, 37.445993], [-7.0351, 37.446059], [-7.034994, 37.446125], [-7.034897, 37.446194], [-7.034809, 37.446264], [-7.034719, 37.446323], [-7.034627, 37.446371], [-7.034534, 37.446409], [-7.03444, 37.446436], [-7.034345, 37.446453], [-7.034248, 37.446458], [-7.03415, 37.446453], [-7.03405, 37.446437], [-7.033953, 37.44642], [-7.03386, 37.446401], [-7.03377, 37.446382], [-7.033684, 37.446361], [-7.0336, 37.446338], [-7.03352, 37.446315], [-7.033442, 37.44629], [-7.033369, 37.446263], [-7.033295, 37.446233], [-7.033223, 37.446199], [-7.033151, 37.44616], [-7.033081, 37.446118], [-7.03301, 37.446072], [-7.032941, 37.446021], [-7.032872, 37.445967], [-7.032805, 37.445908], [-7.032738, 37.445854], [-7.032674, 37.445805], [-7.032611, 37.44576], [-7.032549, 37.445721], [-7.03249, 37.445685], [-7.032431, 37.445655], [-7.032375, 37.445629], [-7.03232, 37.445608], [-7.032272, 37.445573], [-7.032232, 37.445525], [-7.032199, 37.445464], [-7.032173, 37.445389], [-7.032154, 37.445301], [-7.032143, 37.4452], [-7.032139, 37.445085], [-7.032142, 37.444957], [-7.032137, 37.444828], [-7.032125, 37.4447], [-7.032104, 37.444572], [-7.032075, 37.444444], [-7.032039, 37.444316], [-7.031994, 37.444188], [-7.031941, 37.44406], [-7.031881, 37.443932], [-7.031834, 37.443816], [-7.031802, 37.44371], [-7.031783, 37.443616], [-7.031778, 37.443533], [-7.031787, 37.443462], [-7.03181, 37.443402], [-7.031847, 37.443353], [-7.031898, 37.443315], [-7.03194, 37.443279], [-7.031974, 37.443246], [-7.031999, 37.443214], [-7.032017, 37.443184], [-7.032026, 37.443155], [-7.032026, 37.443129], [-7.032018, 37.443105], [-7.032002, 37.443082], [-7.031978, 37.443067], [-7.031945, 37.443058], [-7.031905, 37.443057], [-7.031857, 37.443063], [-7.031801, 37.443076], [-7.031737, 37.443096], [-7.031665, 37.443124], [-7.031585, 37.443158], [-7.031508, 37.443182], [-7.031433, 37.443195], [-7.031362, 37.443199], [-7.031293, 37.443191], [-7.031226, 37.443174], [-7.031162, 37.443146], [-7.031101, 37.443107], [-7.031043, 37.443058], [-7.030987, 37.443014], [-7.030934, 37.442974], [-7.030883, 37.442938], [-7.030834, 37.442907], [-7.030788, 37.442881], [-7.030745, 37.442859], [-7.030704, 37.442842], [-7.030665, 37.442829], [-7.03061, 37.442818], [-7.030539, 37.442809], [-7.030451, 37.442802], [-7.030347, 37.442797], [-7.030226, 37.442794], [-7.03009, 37.442792], [-7.029937, 37.442793], [-7.029767, 37.442795], [-7.029612, 37.442793], [-7.02947, 37.442786], [-7.029342, 37.442775], [-7.029229, 37.442759], [-7.029129, 37.442738], [-7.029043, 37.442712], [-7.02897, 37.442682], [-7.028912, 37.442648], [-7.028848, 37.442617], [-7.02878, 37.442589], [-7.028706, 37.442566], [-7.028626, 37.442546], [-7.028542, 37.442531], [-7.028452, 37.442519], [-7.028357, 37.44251], [-7.028257, 37.442506], [-7.02817, 37.442503], [-7.028097, 37.442501], [-7.028038, 37.442501], [-7.027993, 37.442502], [-7.027961, 37.442505], [-7.027943, 37.442509], [-7.027939, 37.442514], [-7.027949, 37.442521], [-7.027955, 37.442527], [-7.027957, 37.442533], [-7.027955, 37.442539], [-7.027949, 37.442544], [-7.02794, 37.442549], [-7.027926, 37.442554], [-7.027909, 37.442558], [-7.027888, 37.442562], [-7.027864, 37.442569], [-7.027838, 37.44258], [-7.027809, 37.442595], [-7.027778, 37.442614], [-7.027744, 37.442636], [-7.027708, 37.442662], [-7.027669, 37.442691], [-7.027628, 37.442724], [-7.027591, 37.442754], [-7.027559, 37.442782], [-7.027532, 37.442808], [-7.027509, 37.442831], [-7.027491, 37.442851], [-7.027478, 37.442869], [-7.02747, 37.442885], [-7.027466, 37.442898], [-7.027454, 37.442913], [-7.027434, 37.44293], [-7.027407, 37.44295], [-7.027372, 37.442972], [-7.027329, 37.442996], [-7.027278, 37.443023], [-7.027219, 37.443052], [-7.027153, 37.443083], [-7.027089, 37.443114], [-7.027029, 37.443145], [-7.026972, 37.443176], [-7.026917, 37.443206], [-7.026866, 37.443237], [-7.026818, 37.443267], [-7.026773, 37.443298], [-7.026731, 37.443328], [-7.02669, 37.443353], [-7.026648, 37.443372], [-7.026607, 37.443385], [-7.026567, 37.443392], [-7.026526, 37.443394], [-7.026486, 37.44339], [-7.026447, 37.44338], [-7.026407, 37.443364], [-7.026373, 37.443348], [-7.026345, 37.443331], [-7.026321, 37.443314], [-7.026304, 37.443296], [-7.026291, 37.443278], [-7.026284, 37.443258], [-7.026282, 37.443239], [-7.026285, 37.443218], [-7.026291, 37.443197], [-7.026298, 37.443175], [-7.026308, 37.443153], [-7.02632, 37.443129], [-7.026334, 37.443105], [-7.02635, 37.44308], [-7.026368, 37.443054], [-7.026388, 37.443028], [-7.026417, 37.442998], [-7.026456, 37.442965], [-7.026503, 37.442928], [-7.02656, 37.442888], [-7.026625, 37.442844], [-7.0267, 37.442797], [-7.026784, 37.442747], [-7.026876, 37.442693], [-7.026969, 37.442639], [-7.02706, 37.442585], [-7.027151, 37.442531], [-7.027242, 37.442476], [-7.027332, 37.442421], [-7.027422, 37.442365], [-7.027511, 37.44231], [-7.0276, 37.442254], [-7.02769, 37.442197], [-7.02778, 37.442138], [-7.027872, 37.442077], [-7.027964, 37.442015], [-7.028057, 37.441951], [-7.028152, 37.441886], [-7.028247, 37.441819], [-7.028343, 37.44175], [-7.028434, 37.441687], [-7.028521, 37.44163], [-7.028603, 37.441579], [-7.02868, 37.441534], [-7.028752, 37.441495], [-7.02882, 37.441461], [-7.028883, 37.441433], [-7.028941, 37.441411], [-7.02899, 37.441386], [-7.02903, 37.441356], [-7.02906, 37.441322], [-7.02908, 37.441284], [-7.029091, 37.441242], [-7.029093, 37.441197], [-7.029086, 37.441147], [-7.029068, 37.441093], [-7.029052, 37.44104], [-7.029035, 37.440987], [-7.029018, 37.440935], [-7.029001, 37.440882], [-7.028985, 37.44083], [-7.028968, 37.440779], [-7.028952, 37.440728], [-7.028935, 37.440677], [-7.028929, 37.440633], [-7.028933, 37.440596], [-7.028947, 37.440566], [-7.028972, 37.440543], [-7.029006, 37.440527], [-7.029051, 37.440518], [-7.029106, 37.440517], [-7.029171, 37.440522], [-7.029227, 37.440522], [-7.029275, 37.440517], [-7.029313, 37.440506], [-7.029343, 37.440491], [-7.029364, 37.440471], [-7.029376, 37.440445], [-7.029379, 37.440414], [-7.029374, 37.440378], [-7.029358, 37.440348], [-7.029333, 37.440323], [-7.029297, 37.440303], [-7.029251, 37.440289], [-7.029194, 37.44028], [-7.029128, 37.440276], [-7.029051, 37.440278], [-7.028965, 37.440286], [-7.028888, 37.440296], [-7.028821, 37.440309], [-7.028764, 37.440324], [-7.028718, 37.440343], [-7.028681, 37.440364], [-7.028654, 37.440388], [-7.028638, 37.440415], [-7.028631, 37.440444], [-7.02862, 37.440471], [-7.028606, 37.440494], [-7.028587, 37.440514], [-7.028565, 37.440531], [-7.028539, 37.440544], [-7.028508, 37.440555], [-7.028474, 37.440562], [-7.028437, 37.440566], [-7.028402, 37.440566], [-7.028372, 37.44056], [-7.028345, 37.440551], [-7.028322, 37.440537], [-7.028303, 37.440518], [-7.028287, 37.440494], [-7.028275, 37.440466], [-7.028267, 37.440434], [-7.028255, 37.440405], [-7.028239, 37.440379], [-7.028219, 37.440358], [-7.028194, 37.440339], [-7.028166, 37.440325], [-7.028134, 37.440313], [-7.028098, 37.440306], [-7.028058, 37.440302], [-7.028004, 37.440285], [-7.027934, 37.440255], [-7.02785, 37.440212], [-7.027751, 37.440156], [-7.027637, 37.440088], [-7.027509, 37.440006], [-7.027365, 37.439912], [-7.027207, 37.439804], [-7.027066, 37.439702], [-7.026941, 37.439606], [-7.026832, 37.439515], [-7.02674, 37.43943], [-7.026664, 37.43935], [-7.026604, 37.439276], [-7.026561, 37.439207], [-7.026535, 37.439144], [-7.0265, 37.439078], [-7.026456, 37.43901], [-7.026404, 37.43894], [-7.026343, 37.438868], [-7.026274, 37.438793], [-7.026196, 37.438715], [-7.02611, 37.438636], [-7.026015, 37.438554], [-7.025918, 37.438475], [-7.025821, 37.4384], [-7.025722, 37.438328], [-7.025621, 37.43826], [-7.025519, 37.438195], [-7.025416, 37.438134], [-7.025312, 37.438076], [-7.025206, 37.438022], [-7.025104, 37.437964], [-7.025006, 37.437903], [-7.024911, 37.437839], [-7.024819, 37.437772], [-7.024732, 37.437702], [-7.024648, 37.437629], [-7.024568, 37.437552], [-7.024491, 37.437473], [-7.024408, 37.437389], [-7.02432, 37.437302], [-7.024226, 37.43721], [-7.024126, 37.437115], [-7.02402, 37.437016], [-7.023908, 37.436913], [-7.02379, 37.436806], [-7.023667, 37.436695], [-7.023557, 37.436591], [-7.02346, 37.436494], [-7.023376, 37.436403], [-7.023305, 37.43632], [-7.023248, 37.436243], [-7.023204, 37.436173], [-7.023173, 37.43611], [-7.023155, 37.436054], [-7.023127, 37.435996], [-7.023088, 37.435936], [-7.023039, 37.435875], [-7.022978, 37.435812], [-7.022908, 37.435748], [-7.022827, 37.435682], [-7.022735, 37.435614], [-7.022632, 37.435545], [-7.022484, 37.435432], [-7.02229, 37.435276], [-7.02205, 37.435076], [-7.021764, 37.434834], [-7.021432, 37.434547], [-7.021055, 37.434217], [-7.020631, 37.433844], [-7.020162, 37.433428], [-7.019737, 37.433054], [-7.019357, 37.432722], [-7.019022, 37.432433], [-7.018732, 37.432187], [-7.018486, 37.431983], [-7.018285, 37.431822], [-7.018129, 37.431703], [-7.018018, 37.431627], [-7.017921, 37.431567], [-7.017836, 37.431525], [-7.017766, 37.431498], [-7.017708, 37.431489], [-7.017665, 37.431496], [-7.017634, 37.43152], [-7.017617, 37.431561], [-7.017614, 37.431618], [-7.0176, 37.43167], [-7.017574, 37.431717], [-7.017538, 37.43176], [-7.017491, 37.431797], [-7.017432, 37.431828], [-7.017363, 37.431855], [-7.017283, 37.431877], [-7.017191, 37.431894], [-7.0171, 37.431909], [-7.017008, 37.431923], [-7.016917, 37.431935], [-7.016826, 37.431946], [-7.016735, 37.431955], [-7.016644, 37.431963], [-7.016553, 37.43197], [-7.016463, 37.431975], [-7.01637, 37.43198], [-7.016277, 37.431984], [-7.016182, 37.431988], [-7.016085, 37.431991], [-7.015987, 37.431994], [-7.015888, 37.431997], [-7.015787, 37.431999], [-7.015685, 37.432], [-7.015589, 37.432008], [-7.015499, 37.432022], [-7.015416, 37.432043], [-7.01534, 37.432069], [-7.01527, 37.432102], [-7.015206, 37.432142], [-7.015149, 37.432187], [-7.015098, 37.432239], [-7.015046, 37.432289], [-7.014994, 37.432336], [-7.01494, 37.432382], [-7.014886, 37.432426], [-7.01483, 37.432468], [-7.014774, 37.432508], [-7.014717, 37.432546], [-7.014659, 37.432582], [-7.014595, 37.432614], [-7.014526, 37.432642], [-7.014451, 37.432665], [-7.014371, 37.432684], [-7.014285, 37.432698], [-7.014194, 37.432709], [-7.014097, 37.432714], [-7.013994, 37.432716], [-7.013907, 37.432723], [-7.013834, 37.432736], [-7.013776, 37.432754], [-7.013732, 37.432777], [-7.013703, 37.432806], [-7.013688, 37.432841], [-7.013689, 37.432881], [-7.013704, 37.432926], [-7.013723, 37.432969], [-7.013748, 37.43301], [-7.013777, 37.433049], [-7.013811, 37.433085], [-7.01385, 37.43312], [-7.013893, 37.433151], [-7.013941, 37.433181], [-7.013994, 37.433208], [-7.01405, 37.433233], [-7.01411, 37.433254], [-7.014173, 37.433273], [-7.014239, 37.43329], [-7.014308, 37.433303], [-7.014381, 37.433314], [-7.014457, 37.433322], [-7.014536, 37.433328], [-7.014602, 37.433338], [-7.014654, 37.433353], [-7.014693, 37.433372], [-7.014718, 37.433395], [-7.01473, 37.433424], [-7.014729, 37.433457], [-7.014714, 37.433494], [-7.014686, 37.433536], [-7.014653, 37.433574], [-7.014616, 37.433608], [-7.014575, 37.433637], [-7.01453, 37.433662], [-7.014481, 37.433683], [-7.014428, 37.4337], [-7.01437, 37.433713], [-7.014309, 37.433721], [-7.014256, 37.433735], [-7.014212, 37.433754], [-7.014177, 37.433779], [-7.014151, 37.433809], [-7.014134, 37.433845], [-7.014126, 37.433886], [-7.014126, 37.433933], [-7.014136, 37.433985], [-7.014152, 37.434033], [-7.014174, 37.434078], [-7.014202, 37.43412], [-7.014236, 37.434157], [-7.014276, 37.434191], [-7.014323, 37.434222], [-7.014376, 37.434249], [-7.014435, 37.434272], [-7.014484, 37.434299], [-7.014524, 37.434329], [-7.014555, 37.434363], [-7.014576, 37.434401], [-7.014588, 37.434442], [-7.01459, 37.434486], [-7.014583, 37.434534], [-7.014566, 37.434586], [-7.014548, 37.434642], [-7.014528, 37.434703], [-7.014507, 37.434769], [-7.014484, 37.43484], [-7.014459, 37.434916], [-7.014433, 37.434996], [-7.014406, 37.435081], [-7.014376, 37.435172], [-7.014343, 37.435252], [-7.014306, 37.435322], [-7.014265, 37.435383], [-7.01422, 37.435433], [-7.014171, 37.435474], [-7.014118, 37.435505], [-7.014061, 37.435526], [-7.014, 37.435537], [-7.013942, 37.435542], [-7.013887, 37.435541], [-7.013835, 37.435535], [-7.013786, 37.435523], [-7.013739, 37.435504], [-7.013696, 37.43548], [-7.013656, 37.43545], [-7.013619, 37.435415], [-7.01359, 37.435382], [-7.013569, 37.435352], [-7.013556, 37.435326], [-7.013552, 37.435303], [-7.013557, 37.435282], [-7.013569, 37.435265], [-7.01359, 37.435251], [-7.013619, 37.43524], [-7.013645, 37.435227], [-7.013668, 37.435211], [-7.013687, 37.435194], [-7.013703, 37.435174], [-7.013716, 37.435152], [-7.013726, 37.435127], [-7.013733, 37.4351], [-7.013736, 37.435071], [-7.013737, 37.435038], [-7.013734, 37.435001], [-7.013729, 37.43496], [-7.013722, 37.434914], [-7.013711, 37.434865], [-7.013698, 37.434811], [-7.013681, 37.434753], [-7.013662, 37.434691], [-7.013646, 37.434636], [-7.013631, 37.434589], [-7.013619, 37.43455], [-7.013609, 37.434517], [-7.013602, 37.434493], [-7.013596, 37.434475], [-7.013593, 37.434465], [-7.013593, 37.434463], [-7.013592, 37.434461], [-7.013591, 37.43446], [-7.01359, 37.434459], [-7.013589, 37.434458], [-7.013588, 37.434459], [-7.013587, 37.434459], [-7.013585, 37.434461], [-7.013584, 37.434462], [-7.01358, 37.434468], [-7.013572, 37.434478], [-7.013562, 37.434492], [-7.013549, 37.43451], [-7.013533, 37.434532], [-7.013514, 37.434558], [-7.013492, 37.434588], [-7.013467, 37.434622], [-7.013433, 37.434656], [-7.01339, 37.434688], [-7.013338, 37.434719], [-7.013277, 37.434749], [-7.013208, 37.434778], [-7.01313, 37.434806], [-7.013042, 37.434833], [-7.012946, 37.434859], [-7.012856, 37.434884], [-7.012772, 37.434908], [-7.012693, 37.434931], [-7.012621, 37.434952], [-7.012554, 37.434973], [-7.012494, 37.434992], [-7.012439, 37.435011], [-7.01239, 37.435028], [-7.012348, 37.435054], [-7.012313, 37.435087], [-7.012285, 37.435128], [-7.012264, 37.435177], [-7.012249, 37.435235], [-7.012242, 37.4353], [-7.012241, 37.435373], [-7.012247, 37.435454], [-7.012241, 37.435511], [-7.012223, 37.435544], [-7.012193, 37.435553], [-7.01215, 37.435538], [-7.012095, 37.4355], [-7.012028, 37.435437], [-7.011948, 37.43535], [-7.011857, 37.435239], [-7.011776, 37.435141], [-7.011707, 37.435055], [-7.011649, 37.434983], [-7.011602, 37.434923], [-7.011567, 37.434877], [-7.011542, 37.434843], [-7.011529, 37.434822], [-7.011527, 37.434814], [-7.011526, 37.434802], [-7.011526, 37.434787], [-7.011526, 37.434769], [-7.011528, 37.434748], [-7.011531, 37.434723], [-7.011534, 37.434694], [-7.011539, 37.434663], [-7.011544, 37.434628], [-7.011554, 37.434593], [-7.011568, 37.434557], [-7.011587, 37.434522], [-7.01161, 37.434487], [-7.011637, 37.434451], [-7.011669, 37.434416], [-7.011705, 37.43438], [-7.011746, 37.434344], [-7.011777, 37.43431], [-7.0118, 37.434277], [-7.011814, 37.434245], [-7.011818, 37.434214], [-7.011814, 37.434185], [-7.011801, 37.434157], [-7.011779, 37.43413], [-7.011747, 37.434104], [-7.011717, 37.434078], [-7.011688, 37.434052], [-7.011659, 37.434025], [-7.011631, 37.433998], [-7.011604, 37.43397], [-7.011578, 37.433942], [-7.011553, 37.433914], [-7.011529, 37.433885], [-7.011499, 37.433857], [-7.011463, 37.433829], [-7.01142, 37.433803], [-7.011372, 37.433777], [-7.011318, 37.433752], [-7.011259, 37.433727], [-7.011193, 37.433703], [-7.011121, 37.43368], [-7.011069, 37.433654], [-7.011037, 37.433625], [-7.011025, 37.433593], [-7.011032, 37.433558], [-7.01106, 37.43352], [-7.011107, 37.433479], [-7.011175, 37.433435], [-7.011262, 37.433388], [-7.011336, 37.433335], [-7.011398, 37.433278], [-7.011446, 37.433216], [-7.011483, 37.433148], [-7.011506, 37.433075], [-7.011516, 37.432998], [-7.011514, 37.432915], [-7.011499, 37.432827], [-7.011489, 37.432747], [-7.011483, 37.432676], [-7.011483, 37.432613], [-7.011487, 37.432558], [-7.011495, 37.432512], [-7.011509, 37.432474], [-7.011527, 37.432444], [-7.01155, 37.432423], [-7.011584, 37.432407], [-7.011629, 37.432395], [-7.011685, 37.432388], [-7.011751, 37.432386], [-7.011829, 37.432388], [-7.011918, 37.432396], [-7.012017, 37.432408], [-7.012128, 37.432424], [-7.012242, 37.432434], [-7.012359, 37.432436], [-7.01248, 37.432431], [-7.012604, 37.432418], [-7.012732, 37.432398], [-7.012863, 37.432371], [-7.012998, 37.432336], [-7.013136, 37.432294], [-7.01326, 37.432252], [-7.013369, 37.432212], [-7.013464, 37.432172], [-7.013545, 37.432134], [-7.013611, 37.432096], [-7.013662, 37.432059], [-7.0137, 37.432022], [-7.013723, 37.431987], [-7.013748, 37.431962], [-7.013774, 37.431947], [-7.013802, 37.431943], [-7.013832, 37.431949], [-7.013863, 37.431965], [-7.013897, 37.431991], [-7.013932, 37.432028], [-7.013968, 37.432076], [-7.014005, 37.432118], [-7.014043, 37.432156], [-7.014082, 37.432189], [-7.014121, 37.432217], [-7.01416, 37.432241], [-7.0142, 37.43226], [-7.014241, 37.432274], [-7.014283, 37.432284], [-7.014316, 37.432287], [-7.014342, 37.432283], [-7.01436, 37.432274], [-7.01437, 37.432258], [-7.014372, 37.432235], [-7.014367, 37.432207], [-7.014354, 37.432171], [-7.014332, 37.43213], [-7.014321, 37.432092], [-7.014319, 37.432056], [-7.014327, 37.432024], [-7.014345, 37.431996], [-7.014372, 37.43197], [-7.014409, 37.431948], [-7.014455, 37.431929], [-7.014512, 37.431913], [-7.014581, 37.431891], [-7.014664, 37.431864], [-7.01476, 37.431832], [-7.014869, 37.431793], [-7.014991, 37.43175], [-7.015126, 37.4317], [-7.015275, 37.431645], [-7.015437, 37.431585], [-7.015586, 37.431527], [-7.015722, 37.431472], [-7.015844, 37.431421], [-7.015955, 37.431373], [-7.016052, 37.431327], [-7.016136, 37.431285], [-7.016207, 37.431246], [-7.016265, 37.43121], [-7.01632, 37.431174], [-7.016371, 37.431139], [-7.016419, 37.431105], [-7.016464, 37.431072], [-7.016505, 37.431038], [-7.016543, 37.431006], [-7.016578, 37.430974], [-7.016609, 37.430943], [-7.016643, 37.430915], [-7.01668, 37.43089], [-7.01672, 37.430868], [-7.016763, 37.430848], [-7.016809, 37.430832], [-7.016858, 37.430819], [-7.01691, 37.430809], [-7.016965, 37.430802], [-7.017024, 37.430786], [-7.017088, 37.430762], [-7.017156, 37.430729], [-7.017229, 37.430687], [-7.017306, 37.430637], [-7.017388, 37.430578], [-7.017474, 37.430511], [-7.017565, 37.430435], [-7.017629, 37.430373], [-7.017666, 37.430325], [-7.017677, 37.430291], [-7.017662, 37.430271], [-7.01762, 37.430265], [-7.017551, 37.430273], [-7.017456, 37.430296], [-7.017334, 37.430332], [-7.01721, 37.430371], [-7.017086, 37.430414], [-7.016959, 37.43046], [-7.016832, 37.430508], [-7.016703, 37.43056], [-7.016572, 37.430615], [-7.01644, 37.430673], [-7.016307, 37.430734], [-7.016184, 37.43079], [-7.016073, 37.430839], [-7.015972, 37.430882], [-7.015882, 37.43092], [-7.015804, 37.430952], [-7.015736, 37.430977], [-7.015679, 37.430997], [-7.015633, 37.431011], [-7.015582, 37.431028], [-7.015525, 37.431047], [-7.015464, 37.431068], [-7.015397, 37.431091], [-7.015325, 37.431117], [-7.015248, 37.431145], [-7.015166, 37.431176], [-7.015078, 37.431209], [-7.014992, 37.431243], [-7.014906, 37.431277], [-7.014821, 37.431313], [-7.014736, 37.43135], [-7.014652, 37.431387], [-7.014569, 37.431426], [-7.014486, 37.431465], [-7.014404, 37.431506], [-7.014327, 37.431537], [-7.014256, 37.431559], [-7.01419, 37.431572], [-7.014129, 37.431576], [-7.014073, 37.431571], [-7.014023, 37.431557], [-7.013977, 37.431534], [-7.013937, 37.431501], [-7.0139, 37.431474], [-7.013864, 37.431452], [-7.013831, 37.431436], [-7.013799, 37.431424], [-7.01377, 37.431418], [-7.013744, 37.431417], [-7.013719, 37.431422], [-7.013697, 37.431432], [-7.013669, 37.431445], [-7.013635, 37.431462], [-7.013595, 37.431482], [-7.01355, 37.431506], [-7.013499, 37.431533], [-7.013442, 37.431564], [-7.013379, 37.431599], [-7.013311, 37.431636], [-7.013245, 37.431662], [-7.013182, 37.431676], [-7.013122, 37.431677], [-7.013064, 37.431666], [-7.013009, 37.431643], [-7.012957, 37.431608], [-7.012908, 37.431561], [-7.012861, 37.431501], [-7.012813, 37.431453], [-7.012763, 37.431415], [-7.012713, 37.431388], [-7.012661, 37.431372], [-7.012608, 37.431367], [-7.012554, 37.431372], [-7.012498, 37.431389], [-7.012441, 37.431416], [-7.012389, 37.431447], [-7.012341, 37.431481], [-7.012316, 37.431499], [-7.012314, 37.431501], [-7.012339, 37.431591], [-7.012391, 37.431771], [-7.012221, 37.431932], [-7.01183, 37.432076], [-7.01116, 37.432296], [-7.010212, 37.432593], [-7.00886, 37.432855], [-7.007104, 37.433081], [-7.006042, 37.433134], [-7.005675, 37.433014], [-7.005387, 37.432895], [-7.005176, 37.432778], [-7.0049, 37.432709], [-7.004558, 37.432688], [-7.004247, 37.432661], [-7.003967, 37.432629], [-7.003398, 37.432556], [-7.002541, 37.432443], [-7.002048, 37.432154], [-7.001918, 37.43169], [-7.00194, 37.431235], [-7.002113, 37.430789], [-7.002194, 37.430442], [-7.002184, 37.430195], [-7.002231, 37.429954], [-7.002335, 37.429719], [-7.002247, 37.4296], [-7.001967, 37.429598], [-7.001662, 37.429637], [-7.001333, 37.429717], [-7.001037, 37.429828], [-7.000774, 37.429969], [-7.000449, 37.430039], [-7.00006, 37.430037], [-6.999703, 37.42993], [-6.999378, 37.42972], [-6.999212, 37.429574], [-6.999205, 37.429492], [-6.999322, 37.429341], [-6.999565, 37.429121], [-6.999766, 37.428944], [-6.999927, 37.428811], [-7.000187, 37.428738], [-7.000546, 37.428725], [-7.000872, 37.428733], [-7.001164, 37.428763], [-7.001343, 37.428725], [-7.001407, 37.42862], [-7.001412, 37.428459], [-7.001357, 37.42824], [-7.00132, 37.428092], [-7.0013, 37.428013], [-7.001197, 37.427929], [-7.001009, 37.427838], [-7.000974, 37.427651], [-7.001091, 37.427368], [-7.000841, 37.427038], [-7.000223, 37.42666], [-6.999798, 37.426314], [-6.999566, 37.425998], [-6.999265, 37.42566], [-6.998894, 37.425299], [-6.998635, 37.424953], [-6.998488, 37.424622], [-6.998291, 37.424367], [-6.998042, 37.424188], [-6.99771, 37.424085], [-6.997295, 37.424058], [-6.996881, 37.424031], [-6.996466, 37.424004], [-6.996087, 37.424145], [-6.995744, 37.424452], [-6.995397, 37.424643], [-6.995045, 37.424717], [-6.994818, 37.424792], [-6.994713, 37.42487], [-6.994501, 37.424735], [-6.994181, 37.424388], [-6.993865, 37.424125], [-6.993552, 37.423947], [-6.993213, 37.42384], [-6.992848, 37.423804], [-6.992598, 37.423779], [-6.992464, 37.423762], [-6.992346, 37.423748], [-6.992243, 37.423736], [-6.991777, 37.423703], [-6.990948, 37.423649], [-6.989859, 37.423602], [-6.988511, 37.423561], [-6.987718, 37.423297], [-6.987481, 37.422809], [-6.987471, 37.422157], [-6.987687, 37.421342], [-6.987807, 37.420754], [-6.987831, 37.420392], [-6.987861, 37.420174], [-6.987897, 37.420099], [-6.987737, 37.419915], [-6.987382, 37.419622], [-6.987154, 37.419547], [-6.987053, 37.419688], [-6.986779, 37.419835], [-6.98633, 37.419986], [-6.985915, 37.419945], [-6.985535, 37.41971], [-6.985081, 37.419531], [-6.984554, 37.419408], [-6.984196, 37.419454], [-6.984006, 37.419667], [-6.983957, 37.419977], [-6.984048, 37.420381], [-6.983971, 37.420715], [-6.983726, 37.420978], [-6.98333, 37.42105], [-6.982784, 37.42093], [-6.982237, 37.420729], [-6.981689, 37.420447], [-6.9812, 37.420321], [-6.98077, 37.420352], [-6.980291, 37.420248], [-6.979764, 37.420009], [-6.979413, 37.419698], [-6.97924, 37.419316], [-6.978983, 37.41893], [-6.978641, 37.41854], [-6.978469, 37.418343], [-6.978465, 37.418342], [-6.978213, 37.418364], [-6.977712, 37.418411], [-6.977083, 37.41846], [-6.976327, 37.418511], [-6.975626, 37.418549], [-6.97498, 37.418573], [-6.974524, 37.41862], [-6.97426, 37.418691], [-6.974047, 37.41887], [-6.973885, 37.419157], [-6.973719, 37.41937], [-6.97355, 37.41951], [-6.97346, 37.419503], [-6.973451, 37.419349], [-6.973298, 37.419108], [-6.973002, 37.418779], [-6.972694, 37.418465], [-6.972375, 37.418164], [-6.972114, 37.417883], [-6.97191, 37.417623], [-6.971803, 37.417431], [-6.971791, 37.417307], [-6.97195, 37.417045], [-6.97228, 37.416644], [-6.972508, 37.416261], [-6.972633, 37.415895], [-6.972767, 37.415433], [-6.972908, 37.414876], [-6.973088, 37.414306], [-6.973306, 37.413724], [-6.973405, 37.413289], [-6.973384, 37.413001], [-6.973333, 37.412696], [-6.973252, 37.412373], [-6.973192, 37.412069], [-6.973153, 37.411785], [-6.97313, 37.411589], [-6.973122, 37.411483], [-6.973089, 37.411436], [-6.973031, 37.411446], [-6.973002, 37.411451], [-6.973002, 37.41145], [-6.972973, 37.411282], [-6.972913, 37.410946], [-6.972884, 37.410641], [-6.972887, 37.410365], [-6.97288, 37.410213], [-6.972863, 37.410187], [-6.972859, 37.410076], [-6.97287, 37.409882], [-6.972885, 37.409332], [-6.972905, 37.408426], [-6.973268, 37.406913], [-6.973974, 37.404793], [-6.974409, 37.403384], [-6.974575, 37.402687], [-6.97477, 37.402015], [-6.974994, 37.401371], [-6.975084, 37.400973], [-6.975041, 37.400821], [-6.97524, 37.400304], [-6.975682, 37.399422], [-6.976022, 37.398709], [-6.97626, 37.398165], [-6.976433, 37.397892], [-6.976543, 37.39789], [-6.976632, 37.397838], [-6.9767, 37.397737], [-6.976772, 37.397634], [-6.976848, 37.397529], [-6.976908, 37.39745], [-6.976953, 37.397398], [-6.976998, 37.397345], [-6.977043, 37.397291], [-6.977089, 37.397235], [-6.977135, 37.397178], [-6.977182, 37.397119], [-6.977229, 37.39706], [-6.977277, 37.396998], [-6.977325, 37.396936], [-6.977379, 37.396872], [-6.97744, 37.396807], [-6.977507, 37.396741], [-6.977581, 37.396674], [-6.97766, 37.396605], [-6.977746, 37.396536], [-6.977839, 37.396465], [-6.977938, 37.396393], [-6.978033, 37.396324], [-6.978125, 37.396257], [-6.978214, 37.396192], [-6.978299, 37.39613], [-6.978381, 37.39607], [-6.97846, 37.396013], [-6.978535, 37.395958], [-6.978606, 37.395905], [-6.978675, 37.395852], [-6.978739, 37.3958], [-6.978801, 37.395748], [-6.978859, 37.395697], [-6.978913, 37.395645], [-6.978964, 37.395594], [-6.979011, 37.395543], [-6.979055, 37.395493], [-6.979097, 37.395442], [-6.979138, 37.395391], [-6.979176, 37.395339], [-6.979213, 37.395287], [-6.979247, 37.395235], [-6.97928, 37.395182], [-6.979311, 37.395129], [-6.97934, 37.395075], [-6.979367, 37.395025], [-6.979393, 37.394979], [-6.979417, 37.394936], [-6.979439, 37.394897], [-6.979459, 37.394861], [-6.979477, 37.394828], [-6.979494, 37.394799], [-6.979509, 37.394774], [-6.979529, 37.394748], [-6.979556, 37.394722], [-6.979588, 37.394696], [-6.979625, 37.394669], [-6.979668, 37.394642], [-6.979717, 37.394615], [-6.979772, 37.394587], [-6.979832, 37.394559], [-6.979892, 37.394529], [-6.979952, 37.394496], [-6.980012, 37.394461], [-6.980071, 37.394423], [-6.980131, 37.394383], [-6.98019, 37.39434], [-6.980249, 37.394295], [-6.980308, 37.394247], [-6.98037, 37.394198], [-6.980436, 37.394147], [-6.980506, 37.394095], [-6.980579, 37.39404], [-6.980655, 37.393984], [-6.980736, 37.393926], [-6.980819, 37.393867], [-6.980907, 37.393806], [-6.980987, 37.393744], [-6.981059, 37.393681], [-6.981125, 37.393617], [-6.981183, 37.393553], [-6.981234, 37.393487], [-6.981278, 37.393421], [-6.981314, 37.393354], [-6.981343, 37.393287], [-6.98137, 37.393211], [-6.981395, 37.393128], [-6.981419, 37.393037], [-6.98144, 37.392938], [-6.981459, 37.392831], [-6.981476, 37.392717], [-6.981492, 37.392595], [-6.981505, 37.392465], [-6.981513, 37.392343], [-6.981516, 37.39223], [-6.981513, 37.392125], [-6.981505, 37.392029], [-6.981491, 37.391941], [-6.981472, 37.391861], [-6.981448, 37.39179], [-6.981418, 37.391728], [-6.981391, 37.391661], [-6.981367, 37.391591], [-6.981345, 37.391518], [-6.981327, 37.39144], [-6.981311, 37.391359], [-6.981298, 37.391275], [-6.981288, 37.391186], [-6.98128, 37.391094], [-6.981272, 37.390986], [-6.981262, 37.390862], [-6.98125, 37.390722], [-6.981238, 37.390565], [-6.98123, 37.390474], [-6.981228, 37.390449], [-6.981151, 37.390314], [-6.981, 37.39007], [-6.980928, 37.389934], [-6.980936, 37.389906], [-6.980879, 37.389623], [-6.980756, 37.389085], [-6.980687, 37.388717], [-6.980671, 37.388517], [-6.980662, 37.388251], [-6.980661, 37.387918], [-6.980701, 37.387602], [-6.980782, 37.387303], [-6.980843, 37.387064], [-6.980882, 37.386886], [-6.980874, 37.386575], [-6.980819, 37.386131], [-6.980714, 37.385755], [-6.980558, 37.385446], [-6.980461, 37.385205], [-6.980424, 37.385033], [-6.980388, 37.384889], [-6.980353, 37.384773], [-6.980246, 37.384591], [-6.980066, 37.38434], [-6.979901, 37.384031], [-6.979753, 37.383662], [-6.979655, 37.383451], [-6.979606, 37.383397], [-6.979582, 37.383327], [-6.979582, 37.38324], [-6.979633, 37.383027], [-6.979735, 37.382688], [-6.97977, 37.382362], [-6.979738, 37.382051], [-6.979724, 37.381895], [-6.979729, 37.381896], [-6.97972, 37.381825], [-6.979696, 37.381682], [-6.979691, 37.38141], [-6.979706, 37.381009], [-6.979688, 37.380563], [-6.979637, 37.380074], [-6.979812, 37.379675], [-6.980215, 37.379367], [-6.980742, 37.379254], [-6.981393, 37.379335], [-6.981839, 37.379517], [-6.982079, 37.379801], [-6.982313, 37.380186], [-6.982541, 37.380672], [-6.982929, 37.381032], [-6.983476, 37.381268], [-6.984304, 37.381452], [-6.985413, 37.381585], [-6.986017, 37.381725], [-6.986115, 37.381871], [-6.986228, 37.382089], [-6.986354, 37.382379], [-6.986596, 37.382585], [-6.986955, 37.382705], [-6.987137, 37.382766], [-6.987142, 37.382768], [-6.987276, 37.382746], [-6.98754, 37.382699], [-6.987819, 37.382656], [-6.988112, 37.382616], [-6.98834, 37.382639], [-6.988504, 37.382724], [-6.98865, 37.382886], [-6.988778, 37.383126], [-6.988923, 37.383302], [-6.989085, 37.383414], [-6.989234, 37.383505], [-6.98937, 37.383575], [-6.989523, 37.383665], [-6.989693, 37.383776], [-6.989796, 37.383899], [-6.989829, 37.384034], [-6.989876, 37.384221], [-6.989936, 37.38446], [-6.989997, 37.384674], [-6.990058, 37.384863], [-6.990262, 37.384966], [-6.990608, 37.384983], [-6.990949, 37.385165], [-6.991286, 37.385512], [-6.991482, 37.385731], [-6.991539, 37.385821], [-6.991559, 37.385986], [-6.991543, 37.386224], [-6.991606, 37.386459], [-6.991748, 37.38669], [-6.991994, 37.3868], [-6.992344, 37.386791], [-6.992527, 37.386794], [-6.992543, 37.38681], [-6.992797, 37.386815], [-6.993289, 37.386807], [-6.993787, 37.386784], [-6.994291, 37.386747], [-6.994624, 37.386798], [-6.994785, 37.386937], [-6.994864, 37.38705], [-6.994862, 37.387138], [-6.994938, 37.387199], [-6.995093, 37.387234], [-6.995187, 37.387321], [-6.995222, 37.38746], [-6.995239, 37.387718], [-6.995237, 37.388095], [-6.995241, 37.38845], [-6.995249, 37.388782], [-6.995071, 37.389117], [-6.994708, 37.389454], [-6.994478, 37.389667], [-6.994382, 37.389756], [-6.994353, 37.389896], [-6.99439, 37.390086], [-6.994534, 37.390363], [-6.994786, 37.390729], [-6.994939, 37.391107], [-6.994995, 37.3915], [-6.994908, 37.391965], [-6.99468, 37.392503], [-6.994579, 37.392954], [-6.994606, 37.393317], [-6.994654, 37.393638], [-6.994724, 37.393916], [-6.994787, 37.394083], [-6.994841, 37.394139], [-6.994963, 37.394262], [-6.995152, 37.394453], [-6.995367, 37.394711], [-6.995608, 37.395035], [-6.995779, 37.395313], [-6.99588, 37.395543], [-6.995805, 37.395736], [-6.995556, 37.395892], [-6.995241, 37.396022], [-6.994861, 37.396123], [-6.994661, 37.396177], [-6.99464, 37.396182], [-6.99462, 37.396251], [-6.9946, 37.396383], [-6.994601, 37.396452], [-6.994624, 37.396457], [-6.994805, 37.396496], [-6.995144, 37.396571], [-6.99558, 37.396693], [-6.996114, 37.396861], [-6.996424, 37.397053], [-6.99651, 37.397269], [-6.996459, 37.397492], [-6.996271, 37.397723], [-6.996017, 37.397816], [-6.995696, 37.397772], [-6.995411, 37.397738], [-6.995162, 37.397715], [-6.995023, 37.39778], [-6.994994, 37.397935], [-6.994991, 37.398042], [-6.995015, 37.398102], [-6.99503, 37.398191], [-6.995039, 37.398308], [-6.995038, 37.398417], [-6.99503, 37.398516], [-6.995012, 37.398607], [-6.994987, 37.398688], [-6.994953, 37.39876], [-6.99491, 37.398823], [-6.994859, 37.398877], [-6.994799, 37.398922], [-6.994736, 37.398963], [-6.994668, 37.399001], [-6.994597, 37.399035], [-6.994521, 37.399066], [-6.994442, 37.399093], [-6.994359, 37.399117], [-6.994271, 37.399137], [-6.99418, 37.399154], [-6.9941, 37.39917], [-6.994033, 37.399188], [-6.993978, 37.399205], [-6.993934, 37.399223], [-6.993903, 37.399241], [-6.993884, 37.399259], [-6.993877, 37.399278], [-6.993881, 37.399297], [-6.993889, 37.399318], [-6.993899, 37.399342], [-6.993912, 37.399368], [-6.993928, 37.399396], [-6.993947, 37.399427], [-6.993969, 37.39946], [-6.993993, 37.399495], [-6.99402, 37.399533], [-6.994038, 37.399568], [-6.994046, 37.3996], [-6.994044, 37.39963], [-6.994034, 37.399658], [-6.994013, 37.399683], [-6.993984, 37.399705], [-6.993944, 37.399725], [-6.993896, 37.399743], [-6.993853, 37.39976], [-6.993817, 37.399778], [-6.993787, 37.399796], [-6.993763, 37.399815], [-6.993746, 37.399834], [-6.993735, 37.399853], [-6.99373, 37.399872], [-6.993731, 37.399892], [-6.993744, 37.399907], [-6.993768, 37.399917], [-6.993803, 37.399923], [-6.993849, 37.399925], [-6.993907, 37.399922], [-6.993976, 37.399914], [-6.994056, 37.399902], [-6.994147, 37.399885], [-6.994228, 37.399874], [-6.994298, 37.399869], [-6.994358, 37.399868], [-6.994407, 37.399874], [-6.994446, 37.399884], [-6.994474, 37.399901], [-6.994491, 37.399922], [-6.994498, 37.399949], [-6.994504, 37.399977], [-6.994511, 37.400006], [-6.994517, 37.400035], [-6.994522, 37.400065], [-6.994528, 37.400096], [-6.994533, 37.400128], [-6.994538, 37.40016], [-6.994543, 37.400193], [-6.994547, 37.400225], [-6.994551, 37.400255], [-6.994555, 37.400283], [-6.994558, 37.400309], [-6.99456, 37.400334], [-6.994563, 37.400357], [-6.994565, 37.400378], [-6.994566, 37.400398], [-6.994574, 37.400418], [-6.994588, 37.40044], [-6.994609, 37.400462], [-6.994636, 37.400486], [-6.994669, 37.40051], [-6.994709, 37.400536], [-6.994756, 37.400562], [-6.994808, 37.400589], [-6.99486, 37.400614], [-6.994911, 37.400638], [-6.994961, 37.400659], [-6.995011, 37.400679], [-6.995059, 37.400696], [-6.995106, 37.400712], [-6.995152, 37.400725], [-6.995198, 37.400737], [-6.995233, 37.400743], [-6.995258, 37.400744], [-6.995273, 37.40074], [-6.995278, 37.400731], [-6.995272, 37.400716], [-6.995257, 37.400696], [-6.995231, 37.400671], [-6.995195, 37.400641], [-6.995163, 37.400608], [-6.995136, 37.400573], [-6.995112, 37.400535], [-6.995093, 37.400494], [-6.995079, 37.400451], [-6.995068, 37.400405], [-6.995062, 37.400357], [-6.99506, 37.400307], [-6.995059, 37.400253], [-6.99506, 37.400196], [-6.995062, 37.400136], [-6.995066, 37.400073], [-6.995071, 37.400007], [-6.995077, 37.399938], [-6.995085, 37.399865], [-6.995095, 37.39979], [-6.995106, 37.399726], [-6.995119, 37.399674], [-6.995133, 37.399634], [-6.995149, 37.399606], [-6.995166, 37.399589], [-6.995185, 37.399584], [-6.995206, 37.399591], [-6.995228, 37.39961], [-6.995261, 37.399636], [-6.995303, 37.39967], [-6.995355, 37.399712], [-6.995417, 37.399762], [-6.995489, 37.399819], [-6.995571, 37.399884], [-6.995662, 37.399957], [-6.995764, 37.400038], [-6.995859, 37.400115], [-6.995949, 37.400188], [-6.996031, 37.400258], [-6.996108, 37.400323], [-6.996178, 37.400385], [-6.996242, 37.400443], [-6.9963, 37.400497], [-6.996352, 37.400547], [-6.996402, 37.400597], [-6.996451, 37.400647], [-6.996498, 37.400697], [-6.996544, 37.400747], [-6.996589, 37.400796], [-6.996632, 37.400846], [-6.996674, 37.400895], [-6.996715, 37.400944], [-6.996758, 37.400994], [-6.996804, 37.401044], [-6.996853, 37.401094], [-6.996905, 37.401144], [-6.996959, 37.401194], [-6.997016, 37.401245], [-6.997076, 37.401296], [-6.997138, 37.401347], [-6.997195, 37.401396], [-6.997248, 37.401442], [-6.997295, 37.401486], [-6.997337, 37.401528], [-6.997375, 37.401568], [-6.997407, 37.401605], [-6.997434, 37.40164], [-6.997457, 37.401673], [-6.997469, 37.4017], [-6.997471, 37.401721], [-6.997462, 37.401736], [-6.997443, 37.401745], [-6.997414, 37.401748], [-6.997374, 37.401746], [-6.997324, 37.401737], [-6.997264, 37.401722], [-6.997196, 37.401706], [-6.99712, 37.401689], [-6.997036, 37.40167], [-6.996944, 37.40165], [-6.996844, 37.401629], [-6.996737, 37.401606], [-6.996621, 37.401581], [-6.996498, 37.401555], [-6.996384, 37.401526], [-6.996279, 37.401492], [-6.996184, 37.401455], [-6.996097, 37.401414], [-6.99602, 37.401369], [-6.995952, 37.401321], [-6.995894, 37.401268], [-6.995844, 37.401212], [-6.995803, 37.401159], [-6.99577, 37.40111], [-6.995746, 37.401064], [-6.99573, 37.401021], [-6.995722, 37.400982], [-6.995723, 37.400947], [-6.995732, 37.400915], [-6.99575, 37.400886], [-6.995759, 37.400863], [-6.99576, 37.400845], [-6.995752, 37.400832], [-6.995737, 37.400825], [-6.995712, 37.400824], [-6.99568, 37.400827], [-6.995639, 37.400837], [-6.995589, 37.400851], [-6.995548, 37.400875], [-6.995514, 37.400908], [-6.995489, 37.40095], [-6.995472, 37.401002], [-6.995463, 37.401062], [-6.995462, 37.401132], [-6.995469, 37.401211], [-6.995484, 37.401299], [-6.995486, 37.40137], [-6.995475, 37.401425], [-6.995451, 37.401464], [-6.995414, 37.401487], [-6.995364, 37.401492], [-6.995301, 37.401482], [-6.995225, 37.401455], [-6.995137, 37.401411], [-6.995061, 37.401367], [-6.995, 37.401322], [-6.994952, 37.401277], [-6.994917, 37.401231], [-6.994896, 37.401184], [-6.994889, 37.401136], [-6.994895, 37.401088], [-6.994914, 37.401039], [-6.994924, 37.400998], [-6.994923, 37.400964], [-6.994913, 37.400937], [-6.994892, 37.400918], [-6.994861, 37.400907], [-6.99482, 37.400903], [-6.994769, 37.400907], [-6.994709, 37.400918], [-6.994653, 37.400926], [-6.994602, 37.400931], [-6.994556, 37.400933], [-6.994515, 37.400932], [-6.994479, 37.400928], [-6.994448, 37.40092], [-6.994422, 37.40091], [-6.994401, 37.400897], [-6.994372, 37.40088], [-6.994335, 37.40086], [-6.99429, 37.400836], [-6.994237, 37.400809], [-6.994176, 37.400778], [-6.994108, 37.400744], [-6.994031, 37.400706], [-6.993946, 37.400665], [-6.993866, 37.400618], [-6.99379, 37.400566], [-6.993719, 37.400508], [-6.993651, 37.400446], [-6.993589, 37.400377], [-6.99353, 37.400303], [-6.993477, 37.400224], [-6.993427, 37.40014], [-6.993391, 37.400059], [-6.993369, 37.399982], [-6.993361, 37.399909], [-6.993367, 37.39984], [-6.993386, 37.399775], [-6.99342, 37.399713], [-6.993467, 37.399656], [-6.993528, 37.399602], [-6.993577, 37.399554], [-6.993614, 37.399512], [-6.993639, 37.399476], [-6.993653, 37.399445], [-6.993655, 37.39942], [-6.993644, 37.3994], [-6.993622, 37.399387], [-6.993588, 37.399379], [-6.993557, 37.399371], [-6.993529, 37.399364], [-6.993504, 37.399358], [-6.993481, 37.399352], [-6.993461, 37.399347], [-6.993444, 37.399342], [-6.99343, 37.399338], [-6.993418, 37.399334], [-6.993398, 37.399329], [-6.993369, 37.39932], [-6.993332, 37.39931], [-6.993287, 37.399297], [-6.993232, 37.399281], [-6.993169, 37.399264], [-6.993098, 37.399244], [-6.993018, 37.399221], [-6.992943, 37.3992], [-6.992872, 37.399178], [-6.992806, 37.399158], [-6.992744, 37.399138], [-6.992687, 37.399118], [-6.992635, 37.3991], [-6.992587, 37.399081], [-6.992543, 37.399064], [-6.992503, 37.399044], [-6.992467, 37.399021], [-6.992434, 37.398996], [-6.992404, 37.398969], [-6.992377, 37.39894], [-6.992354, 37.398908], [-6.992335, 37.398873], [-6.992318, 37.398837], [-6.9923, 37.398802], [-6.99228, 37.398771], [-6.992257, 37.398741], [-6.992233, 37.398715], [-6.992207, 37.39869], [-6.992178, 37.398669], [-6.992148, 37.398649], [-6.992115, 37.398633], [-6.992081, 37.398626], [-6.992045, 37.398631], [-6.992007, 37.398646], [-6.991967, 37.398671], [-6.991926, 37.398708], [-6.991883, 37.398754], [-6.991838, 37.398812], [-6.991791, 37.39888], [-6.991749, 37.398947], [-6.991711, 37.399014], [-6.991677, 37.399079], [-6.991647, 37.399144], [-6.991621, 37.399209], [-6.9916, 37.399272], [-6.991583, 37.399335], [-6.99157, 37.399397], [-6.991557, 37.399455], [-6.991544, 37.399509], [-6.991531, 37.399559], [-6.991518, 37.399605], [-6.991505, 37.399648], [-6.991492, 37.399686], [-6.991478, 37.399721], [-6.991465, 37.399752], [-6.991449, 37.399781], [-6.991431, 37.399808], [-6.99141, 37.399833], [-6.991387, 37.399857], [-6.991362, 37.399879], [-6.991335, 37.399899], [-6.991305, 37.399917], [-6.991273, 37.399934], [-6.991246, 37.39995], [-6.991223, 37.399965], [-6.991205, 37.399979], [-6.991192, 37.399993], [-6.991184, 37.400007], [-6.991181, 37.400019], [-6.991182, 37.400031], [-6.991188, 37.400043], [-6.991183, 37.400059], [-6.991167, 37.40008], [-6.99114, 37.400107], [-6.991103, 37.400138], [-6.991054, 37.400174], [-6.990994, 37.400216], [-6.990924, 37.400262], [-6.990842, 37.400313], [-6.990768, 37.40036], [-6.990702, 37.400403], [-6.990643, 37.400442], [-6.990592, 37.400476], [-6.990549, 37.400507], [-6.990513, 37.400533], [-6.990485, 37.400555], [-6.990465, 37.400573], [-6.99046, 37.400589], [-6.99047, 37.400605], [-6.990495, 37.400618], [-6.990535, 37.400631], [-6.990591, 37.400642], [-6.990662, 37.400652], [-6.990747, 37.400661], [-6.990848, 37.400668], [-6.990938, 37.40068], [-6.991018, 37.400697], [-6.991087, 37.40072], [-6.991145, 37.400748], [-6.991193, 37.400781], [-6.99123, 37.400819], [-6.991256, 37.400862], [-6.991272, 37.40091], [-6.991276, 37.400954], [-6.991269, 37.400994], [-6.991251, 37.40103], [-6.991222, 37.401063], [-6.991182, 37.401091], [-6.991131, 37.401115], [-6.991068, 37.401135], [-6.990994, 37.401152], [-6.99093, 37.40117], [-6.990875, 37.401191], [-6.990829, 37.401214], [-6.990793, 37.401239], [-6.990766, 37.401266], [-6.990749, 37.401295], [-6.990741, 37.401327], [-6.990742, 37.40136], [-6.990744, 37.401397], [-6.990747, 37.401436], [-6.99075, 37.401478], [-6.990754, 37.401523], [-6.990759, 37.40157], [-6.990765, 37.40162], [-6.990771, 37.401673], [-6.990778, 37.401728], [-6.99079, 37.401776], [-6.990808, 37.401817], [-6.990832, 37.40185], [-6.990862, 37.401876], [-6.990897, 37.401895], [-6.990938, 37.401906], [-6.990984, 37.401909], [-6.991036, 37.401905], [-6.991077, 37.401908], [-6.991106, 37.401918], [-6.991123, 37.401934], [-6.991129, 37.401957], [-6.991123, 37.401987], [-6.991106, 37.402024], [-6.991077, 37.402067], [-6.991036, 37.402117], [-6.990994, 37.402163], [-6.990951, 37.402205], [-6.990906, 37.402243], [-6.990859, 37.402276], [-6.990811, 37.402306], [-6.990762, 37.402332], [-6.990712, 37.402354], [-6.990659, 37.402372], [-6.990605, 37.40238], [-6.990548, 37.402379], [-6.990488, 37.402367], [-6.990426, 37.402346], [-6.990362, 37.402315], [-6.990295, 37.402274], [-6.990226, 37.402223], [-6.990154, 37.402162], [-6.990085, 37.402111], [-6.990019, 37.40207], [-6.989956, 37.402039], [-6.989895, 37.402017], [-6.989838, 37.402005], [-6.989783, 37.402003], [-6.989732, 37.402011], [-6.989683, 37.402028], [-6.989635, 37.402039], [-6.989589, 37.402044], [-6.989543, 37.402043], [-6.989499, 37.402035], [-6.989456, 37.402021], [-6.989413, 37.402001], [-6.989372, 37.401975], [-6.989332, 37.401943], [-6.989294, 37.401912], [-6.989257, 37.401884], [-6.989221, 37.401859], [-6.989187, 37.401835], [-6.989154, 37.401814], [-6.989123, 37.401795], [-6.989093, 37.401778], [-6.989064, 37.401763], [-6.989035, 37.401747], [-6.989006, 37.401731], [-6.988975, 37.401713], [-6.988944, 37.401695], [-6.988912, 37.401676], [-6.98888, 37.401655], [-6.988846, 37.401634], [-6.988812, 37.401612], [-6.988775, 37.40159], [-6.988733, 37.401568], [-6.988687, 37.401547], [-6.988638, 37.401526], [-6.988585, 37.401506], [-6.988527, 37.401486], [-6.988466, 37.401466], [-6.988401, 37.401447], [-6.988338, 37.40143], [-6.988277, 37.401417], [-6.988218, 37.401406], [-6.988162, 37.401398], [-6.988107, 37.401392], [-6.988054, 37.40139], [-6.988003, 37.40139], [-6.987954, 37.401393], [-6.987908, 37.401398], [-6.987866, 37.401403], [-6.987826, 37.40141], [-6.987789, 37.401418], [-6.987755, 37.401428], [-6.987724, 37.401438], [-6.987696, 37.40145], [-6.987671, 37.401463], [-6.987631, 37.401475], [-6.987577, 37.401484], [-6.987508, 37.401493], [-6.987425, 37.401499], [-6.987327, 37.401504], [-6.987215, 37.401508], [-6.987088, 37.40151], [-6.986946, 37.40151], [-6.986823, 37.401519], [-6.986719, 37.401536], [-6.986633, 37.401562], [-6.986566, 37.401597], [-6.986517, 37.401641], [-6.986487, 37.401693], [-6.986475, 37.401754], [-6.986482, 37.401824], [-6.986482, 37.401888], [-6.986474, 37.401948], [-6.98646, 37.402002], [-6.986439, 37.402051], [-6.986411, 37.402096], [-6.986375, 37.402135], [-6.986333, 37.402168], [-6.986283, 37.402197], [-6.986242, 37.402231], [-6.986208, 37.402271], [-6.986183, 37.402316], [-6.986165, 37.402366], [-6.986156, 37.402421], [-6.986154, 37.402481], [-6.98616, 37.402547], [-6.986175, 37.402618], [-6.986189, 37.40269], [-6.986205, 37.402761], [-6.986221, 37.402833], [-6.986237, 37.402905], [-6.986254, 37.402978], [-6.986271, 37.403051], [-6.986289, 37.403124], [-6.986307, 37.403197], [-6.986329, 37.403267], [-6.986354, 37.403334], [-6.986382, 37.403398], [-6.986413, 37.403459], [-6.986447, 37.403517], [-6.986485, 37.403572], [-6.986526, 37.403624], [-6.98657, 37.403672], [-6.986614, 37.403718], [-6.986658, 37.403761], [-6.986703, 37.403801], [-6.986748, 37.403839], [-6.986792, 37.403873], [-6.986837, 37.403905], [-6.986883, 37.403933], [-6.986928, 37.403959], [-6.986979, 37.403988], [-6.987036, 37.40402], [-6.987098, 37.404056], [-6.987166, 37.404094], [-6.98724, 37.404136], [-6.98732, 37.404181], [-6.987405, 37.40423], [-6.987496, 37.404281], [-6.987574, 37.404331], [-6.98764, 37.404378], [-6.987693, 37.404424], [-6.987734, 37.404468], [-6.987763, 37.404509], [-6.987779, 37.404549], [-6.987783, 37.404586], [-6.987774, 37.404622], [-6.987759, 37.404659], [-6.987737, 37.404698], [-6.98771, 37.404738], [-6.987676, 37.404779], [-6.987636, 37.404823], [-6.98759, 37.404867], [-6.987537, 37.404913], [-6.987478, 37.404961], [-6.987439, 37.404999], [-6.98742, 37.405027], [-6.98742, 37.405046], [-6.98744, 37.405055], [-6.987479, 37.405054], [-6.987539, 37.405044], [-6.987618, 37.405025], [-6.987717, 37.404995], [-6.987805, 37.404963], [-6.987883, 37.404928], [-6.98795, 37.404889], [-6.988007, 37.404848], [-6.988054, 37.404803], [-6.988089, 37.404755], [-6.988115, 37.404705], [-6.98813, 37.404651], [-6.988147, 37.404602], [-6.988167, 37.404559], [-6.98819, 37.404521], [-6.988215, 37.404488], [-6.988243, 37.40446], [-6.988274, 37.404438], [-6.988307, 37.40442], [-6.988343, 37.404408], [-6.988384, 37.404395], [-6.988429, 37.404382], [-6.988479, 37.404368], [-6.988534, 37.404354], [-6.988594, 37.40434], [-6.988658, 37.404324], [-6.988727, 37.404309], [-6.988801, 37.404292], [-6.988864, 37.404274], [-6.988918, 37.404255], [-6.988961, 37.404233], [-6.988994, 37.40421], [-6.989017, 37.404186], [-6.98903, 37.404159], [-6.989033, 37.404131], [-6.989025, 37.404101], [-6.989019, 37.40407], [-6.989015, 37.404038], [-6.989012, 37.404004], [-6.98901, 37.403969], [-6.98901, 37.403932], [-6.989011, 37.403894], [-6.989013, 37.403855], [-6.989017, 37.403815], [-6.989024, 37.403774], [-6.989032, 37.403732], [-6.989042, 37.403689], [-6.989054, 37.403646], [-6.989068, 37.403602], [-6.989084, 37.403557], [-6.989103, 37.403512], [-6.989123, 37.403465], [-6.989133, 37.403422], [-6.989132, 37.403382], [-6.989122, 37.403344], [-6.989101, 37.40331], [-6.989069, 37.403278], [-6.989028, 37.40325], [-6.988976, 37.403224], [-6.988913, 37.403201], [-6.988855, 37.403183], [-6.988801, 37.40317], [-6.988752, 37.403161], [-6.988706, 37.403156], [-6.988665, 37.403156], [-6.988628, 37.403161], [-6.988596, 37.40317], [-6.988567, 37.403183], [-6.988541, 37.403193], [-6.988515, 37.403199], [-6.988492, 37.403201], [-6.98847, 37.4032], [-6.98845, 37.403194], [-6.988432, 37.403185], [-6.988416, 37.403171], [-6.988401, 37.403154], [-6.988387, 37.403136], [-6.988374, 37.403117], [-6.988363, 37.403097], [-6.988352, 37.403076], [-6.988343, 37.403055], [-6.988334, 37.403032], [-6.988327, 37.403009], [-6.988321, 37.402984], [-6.988314, 37.402961], [-6.988306, 37.40294], [-6.988297, 37.402921], [-6.988287, 37.402902], [-6.988276, 37.402886], [-6.988265, 37.402871], [-6.988252, 37.402858], [-6.988239, 37.402846], [-6.988224, 37.402833], [-6.988209, 37.40282], [-6.988194, 37.402805], [-6.988178, 37.40279], [-6.988161, 37.402773], [-6.988143, 37.402756], [-6.988125, 37.402738], [-6.988106, 37.402719], [-6.988087, 37.402696], [-6.988069, 37.402669], [-6.988051, 37.402639], [-6.988034, 37.402605], [-6.988017, 37.402568], [-6.988001, 37.402527], [-6.987985, 37.402482], [-6.987969, 37.402434], [-6.987969, 37.402388], [-6.987984, 37.402343], [-6.988015, 37.4023], [-6.988061, 37.402259], [-6.988123, 37.40222], [-6.988201, 37.402183], [-6.988293, 37.402147], [-6.988402, 37.402113], [-6.9885, 37.402085], [-6.988588, 37.402062], [-6.988666, 37.402044], [-6.988734, 37.402032], [-6.988791, 37.402025], [-6.988839, 37.402023], [-6.988876, 37.402027], [-6.988903, 37.402036], [-6.988932, 37.402049], [-6.988963, 37.402067], [-6.988995, 37.402088], [-6.98903, 37.402112], [-6.989066, 37.402141], [-6.989105, 37.402174], [-6.989145, 37.402211], [-6.989187, 37.402251], [-6.98922, 37.40229], [-6.989246, 37.402327], [-6.989263, 37.402363], [-6.989271, 37.402397], [-6.989271, 37.402429], [-6.989263, 37.40246], [-6.989246, 37.402489], [-6.989221, 37.402516], [-6.989199, 37.402544], [-6.98918, 37.402573], [-6.989163, 37.402603], [-6.98915, 37.402634], [-6.989139, 37.402665], [-6.989131, 37.402698], [-6.989127, 37.402732], [-6.989125, 37.402766], [-6.989134, 37.402795], [-6.989155, 37.40282], [-6.989188, 37.40284], [-6.989232, 37.402854], [-6.989288, 37.402864], [-6.989356, 37.402869], [-6.989435, 37.402868], [-6.989526, 37.402863], [-6.989607, 37.402859], [-6.989677, 37.402855], [-6.989738, 37.402852], [-6.989789, 37.40285], [-6.98983, 37.402849], [-6.989861, 37.402848], [-6.989881, 37.402848], [-6.989892, 37.402849], [-6.989903, 37.402852], [-6.989914, 37.402856], [-6.989925, 37.402862], [-6.989936, 37.40287], [-6.989946, 37.40288], [-6.989957, 37.402892], [-6.989968, 37.402905], [-6.989979, 37.40292], [-6.989995, 37.402935], [-6.990016, 37.402952], [-6.990041, 37.402968], [-6.990072, 37.402985], [-6.990108, 37.403003], [-6.990149, 37.403021], [-6.990195, 37.403039], [-6.990246, 37.403059], [-6.990284, 37.403078], [-6.990311, 37.403097], [-6.990326, 37.403116], [-6.990329, 37.403136], [-6.990321, 37.403155], [-6.9903, 37.403174], [-6.990267, 37.403194], [-6.990222, 37.403213], [-6.990186, 37.403235], [-6.990158, 37.40326], [-6.990138, 37.403288], [-6.990126, 37.403319], [-6.990122, 37.403352], [-6.990127, 37.403388], [-6.99014, 37.403427], [-6.990161, 37.403468], [-6.990184, 37.403506], [-6.99021, 37.403539], [-6.990239, 37.403569], [-6.99027, 37.403594], [-6.990304, 37.403616], [-6.99034, 37.403633], [-6.990379, 37.403647], [-6.99042, 37.403656], [-6.99046, 37.403659], [-6.990498, 37.403655], [-6.990534, 37.403644], [-6.990568, 37.403627], [-6.990601, 37.403602], [-6.990632, 37.403571], [-6.990662, 37.403533], [-6.990689, 37.403488], [-6.990714, 37.403445], [-6.990734, 37.403403], [-6.990751, 37.403362], [-6.990764, 37.403323], [-6.990774, 37.403285], [-6.990779, 37.403249], [-6.990782, 37.403214], [-6.99078, 37.40318], [-6.990784, 37.40315], [-6.990794, 37.403124], [-6.990809, 37.403102], [-6.990829, 37.403085], [-6.990855, 37.403071], [-6.990886, 37.403061], [-6.990922, 37.403055], [-6.990964, 37.403053], [-6.991005, 37.40306], [-6.991044, 37.403075], [-6.991082, 37.403099], [-6.991119, 37.403133], [-6.991154, 37.403174], [-6.991188, 37.403225], [-6.991221, 37.403284], [-6.991252, 37.403352], [-6.991277, 37.403419], [-6.991297, 37.403483], [-6.991311, 37.403546], [-6.991319, 37.403607], [-6.991321, 37.403666], [-6.991318, 37.403723], [-6.991309, 37.403779], [-6.991294, 37.403832], [-6.991292, 37.403875], [-6.991304, 37.403906], [-6.991328, 37.403926], [-6.991366, 37.403935], [-6.991417, 37.403932], [-6.99148, 37.403919], [-6.991557, 37.403894], [-6.991647, 37.403857], [-6.991726, 37.403823], [-6.991794, 37.40379], [-6.991851, 37.403759], [-6.991897, 37.403729], [-6.991931, 37.403701], [-6.991955, 37.403675], [-6.991967, 37.403651], [-6.991968, 37.403628], [-6.991965, 37.403603], [-6.991956, 37.403576], [-6.991943, 37.403547], [-6.991925, 37.403516], [-6.991901, 37.403484], [-6.991873, 37.403449], [-6.99184, 37.403413], [-6.991802, 37.403374], [-6.991764, 37.403336], [-6.991726, 37.403299], [-6.991687, 37.403263], [-6.991648, 37.403228], [-6.991609, 37.403193], [-6.991569, 37.403159], [-6.99153, 37.403126], [-6.99149, 37.403094], [-6.991466, 37.403067], [-6.99146, 37.403045], [-6.991471, 37.403029], [-6.991498, 37.403018], [-6.991542, 37.403013], [-6.991604, 37.403013], [-6.991681, 37.403019], [-6.991776, 37.40303], [-6.991862, 37.403049], [-6.991937, 37.403076], [-6.992003, 37.40311], [-6.99206, 37.403152], [-6.992107, 37.403202], [-6.992144, 37.40326], [-6.992172, 37.403325], [-6.992191, 37.403399], [-6.99221, 37.403463], [-6.992231, 37.403519], [-6.992254, 37.403566], [-6.992278, 37.403604], [-6.992303, 37.403634], [-6.992329, 37.403654], [-6.992357, 37.403666], [-6.992386, 37.403669], [-6.992422, 37.403681], [-6.992464, 37.4037], [-6.992512, 37.403727], [-6.992567, 37.403763], [-6.992628, 37.403806], [-6.992696, 37.403858], [-6.99277, 37.403917], [-6.992851, 37.403985], [-6.992921, 37.404047], [-6.992981, 37.404103], [-6.993031, 37.404154], [-6.993071, 37.404199], [-6.9931, 37.404239], [-6.99312, 37.404273], [-6.993128, 37.404302], [-6.993127, 37.404325], [-6.99312, 37.404346], [-6.993107, 37.404365], [-6.993089, 37.404383], [-6.993064, 37.404398], [-6.993034, 37.404412], [-6.992998, 37.404425], [-6.992957, 37.404435], [-6.992909, 37.404444], [-6.992863, 37.404453], [-6.992818, 37.404463], [-6.992774, 37.404475], [-6.992731, 37.404487], [-6.992689, 37.4045], [-6.992648, 37.404513], [-6.992608, 37.404528], [-6.99257, 37.404544], [-6.992545, 37.40456], [-6.992534, 37.404577], [-6.992537, 37.404594], [-6.992554, 37.404612], [-6.992585, 37.404631], [-6.99263, 37.404651], [-6.992688, 37.404671], [-6.992761, 37.404692], [-6.992821, 37.404713], [-6.992868, 37.404735], [-6.992902, 37.404758], [-6.992924, 37.404781], [-6.992933, 37.404804], [-6.992929, 37.404828], [-6.992913, 37.404853], [-6.992883, 37.404878], [-6.99286, 37.404904], [-6.992842, 37.404931], [-6.99283, 37.40496], [-6.992823, 37.40499], [-6.992822, 37.40502], [-6.992826, 37.405052], [-6.992836, 37.405085], [-6.992852, 37.405119], [-6.992876, 37.405152], [-6.992909, 37.405183], [-6.99295, 37.405214], [-6.993, 37.405243], [-6.993058, 37.405271], [-6.993125, 37.405298], [-6.9932, 37.405324], [-6.993284, 37.405348], [-6.993363, 37.405374], [-6.993435, 37.405401], [-6.993501, 37.40543], [-6.993562, 37.40546], [-6.993617, 37.405492], [-6.993666, 37.405524], [-6.993709, 37.405559], [-6.993746, 37.405595], [-6.993784, 37.405622], [-6.993822, 37.405643], [-6.99386, 37.405655], [-6.993898, 37.405659], [-6.993936, 37.405656], [-6.993975, 37.405644], [-6.994014, 37.405625], [-6.994053, 37.405598], [-6.994085, 37.405572], [-6.994109, 37.405545], [-6.994126, 37.405519], [-6.994136, 37.405493], [-6.994138, 37.405468], [-6.994132, 37.405443], [-6.99412, 37.405418], [-6.994099, 37.405393], [-6.994085, 37.405367], [-6.994076, 37.405339], [-6.994073, 37.40531], [-6.994076, 37.40528], [-6.994085, 37.405248], [-6.9941, 37.405215], [-6.99412, 37.405181], [-6.994147, 37.405145], [-6.994174, 37.405116], [-6.994203, 37.405095], [-6.994232, 37.405082], [-6.994262, 37.405077], [-6.994294, 37.405079], [-6.994326, 37.405089], [-6.99436, 37.405106], [-6.994395, 37.405131], [-6.994427, 37.405153], [-6.994459, 37.405172], [-6.994489, 37.405188], [-6.994517, 37.405201], [-6.994543, 37.405212], [-6.994568, 37.405219], [-6.994591, 37.405224], [-6.994613, 37.405226], [-6.994637, 37.405225], [-6.994663, 37.405223], [-6.994691, 37.405218], [-6.994721, 37.405211], [-6.994753, 37.405202], [-6.994787, 37.405191], [-6.994824, 37.405178], [-6.994863, 37.405162], [-6.994901, 37.405144], [-6.994941, 37.405122], [-6.99498, 37.405098], [-6.99502, 37.405071], [-6.995061, 37.405041], [-6.995101, 37.405008], [-6.995142, 37.404972], [-6.995183, 37.404933], [-6.995221, 37.404898], [-6.995253, 37.404868], [-6.995282, 37.404841], [-6.995306, 37.404818], [-6.995326, 37.404799], [-6.995342, 37.404784], [-6.995354, 37.404773], [-6.995361, 37.404766], [-6.995374, 37.40476], [-6.995393, 37.404755], [-6.995418, 37.40475], [-6.995448, 37.404746], [-6.995484, 37.404743], [-6.995525, 37.40474], [-6.995572, 37.404738], [-6.995625, 37.404737], [-6.995673, 37.404738], [-6.995717, 37.404742], [-6.995756, 37.404748], [-6.99579, 37.404757], [-6.99582, 37.404768], [-6.995845, 37.404782], [-6.995866, 37.404798], [-6.995882, 37.404816], [-6.995897, 37.404836], [-6.995909, 37.404856], [-6.99592, 37.404878], [-6.995929, 37.4049], [-6.995937, 37.404924], [-6.995942, 37.404948], [-6.995946, 37.404973], [-6.995949, 37.405], [-6.995957, 37.405028], [-6.995971, 37.405058], [-6.99599, 37.405089], [-6.996016, 37.405122], [-6.996047, 37.405156], [-6.996084, 37.405192], [-6.996127, 37.40523], [-6.996176, 37.405269], [-6.996222, 37.405307], [-6.996266, 37.405343], [-6.996307, 37.405377], [-6.996345, 37.40541], [-6.996381, 37.405441], [-6.996414, 37.405471], [-6.996444, 37.405499], [-6.996472, 37.405525], [-6.99649, 37.405552], [-6.996499, 37.40558], [-6.996498, 37.405609], [-6.996488, 37.405639], [-6.996469, 37.405671], [-6.99644, 37.405703], [-6.996401, 37.405736], [-6.996353, 37.40577], [-6.996305, 37.405808], [-6.996258, 37.405848], [-6.996211, 37.405892], [-6.996164, 37.405939], [-6.996118, 37.405989], [-6.996072, 37.406042], [-6.996026, 37.406098], [-6.995981, 37.406157], [-6.995951, 37.406204], [-6.995937, 37.406239], [-6.995938, 37.406263], [-6.995955, 37.406274], [-6.995988, 37.406273], [-6.996036, 37.40626], [-6.996099, 37.406235], [-6.996179, 37.406198], [-6.996255, 37.406164], [-6.996329, 37.406133], [-6.9964, 37.406106], [-6.996468, 37.406083], [-6.996534, 37.406062], [-6.996597, 37.406045], [-6.996657, 37.406031], [-6.996715, 37.406021], [-6.996766, 37.406007], [-6.996812, 37.405991], [-6.996851, 37.405973], [-6.996885, 37.405951], [-6.996912, 37.405926], [-6.996934, 37.405899], [-6.996949, 37.405869], [-6.996959, 37.405836], [-6.996965, 37.405801], [-6.996968, 37.405763], [-6.996968, 37.405724], [-6.996964, 37.405682], [-6.996958, 37.405638], [-6.996948, 37.405591], [-6.996935, 37.405543], [-6.996918, 37.405492], [-6.996901, 37.405441], [-6.996883, 37.405392], [-6.996864, 37.405343], [-6.996844, 37.405294], [-6.996822, 37.405247], [-6.9968, 37.405199], [-6.996777, 37.405153], [-6.996753, 37.405107], [-6.99673, 37.405063], [-6.996708, 37.405021], [-6.996687, 37.40498], [-6.996666, 37.404941], [-6.996647, 37.404904], [-6.996628, 37.404869], [-6.996611, 37.404835], [-6.996594, 37.404803], [-6.996591, 37.404772], [-6.9966, 37.404741], [-6.996623, 37.404711], [-6.996659, 37.404682], [-6.996708, 37.404653], [-6.996771, 37.404624], [-6.996846, 37.404596], [-6.996935, 37.404569], [-6.997015, 37.404549], [-6.997086, 37.404536], [-6.997149, 37.404532], [-6.997202, 37.404535], [-6.997248, 37.404545], [-6.997284, 37.404564], [-6.997312, 37.404589], [-6.997331, 37.404623], [-6.997352, 37.404655], [-6.997376, 37.404686], [-6.997402, 37.404716], [-6.99743, 37.404745], [-6.997461, 37.404773], [-6.997494, 37.404799], [-6.99753, 37.404825], [-6.997568, 37.404849], [-6.997605, 37.404881], [-6.99764, 37.404919], [-6.997674, 37.404966], [-6.997707, 37.405019], [-6.997738, 37.40508], [-6.997769, 37.405147], [-6.997798, 37.405223], [-6.997825, 37.405305], [-6.99785, 37.405377], [-6.997871, 37.405439], [-6.997888, 37.405491], [-6.997902, 37.405532], [-6.997912, 37.405563], [-6.997919, 37.405584], [-6.997923, 37.405595], [-6.997925, 37.405598], [-6.997927, 37.405602], [-6.997932, 37.405608], [-6.997937, 37.405615], [-6.997944, 37.405625], [-6.997952, 37.405636], [-6.997962, 37.40565], [-6.997972, 37.405665], [-6.997984, 37.40568], [-6.997995, 37.405694], [-6.998007, 37.405709], [-6.99802, 37.405724], [-6.998033, 37.405739], [-6.998046, 37.405753], [-6.99806, 37.405768], [-6.998074, 37.405782], [-6.998082, 37.405801], [-6.998084, 37.405825], [-6.998079, 37.405854], [-6.998068, 37.405887], [-6.99805, 37.405925], [-6.998027, 37.405967], [-6.997996, 37.406015], [-6.99796, 37.406067], [-6.997917, 37.406116], [-6.997868, 37.406164], [-6.997812, 37.406208], [-6.99775, 37.406251], [-6.997682, 37.406291], [-6.997607, 37.406329], [-6.997526, 37.406364], [-6.997439, 37.406397], [-6.997371, 37.406426], [-6.997322, 37.406452], [-6.997291, 37.406475], [-6.99728, 37.406494], [-6.997288, 37.406509], [-6.997315, 37.406521], [-6.997361, 37.40653], [-6.997426, 37.406535], [-6.997494, 37.406537], [-6.997564, 37.406535], [-6.997637, 37.406529], [-6.997712, 37.406519], [-6.99779, 37.406506], [-6.997871, 37.406489], [-6.997955, 37.406469], [-6.998041, 37.406445], [-6.998115, 37.406417], [-6.998179, 37.406386], [-6.998232, 37.406352], [-6.998273, 37.406314], [-6.998303, 37.406273], [-6.998322, 37.406228], [-6.99833, 37.406179], [-6.998327, 37.406128], [-6.998324, 37.406082], [-6.998322, 37.406042], [-6.99832, 37.406008], [-6.998318, 37.40598], [-6.998317, 37.405958], [-6.998316, 37.405942], [-6.998315, 37.405931], [-6.998315, 37.405927], [-6.99832, 37.405921], [-6.998331, 37.405913], [-6.998348, 37.405903], [-6.99837, 37.405891], [-6.998398, 37.405877], [-6.998431, 37.405861], [-6.99847, 37.405844], [-6.998515, 37.405824], [-6.998557, 37.405812], [-6.998595, 37.405806], [-6.99863, 37.405807], [-6.998662, 37.405816], [-6.998691, 37.405831], [-6.998717, 37.405853], [-6.99874, 37.405882], [-6.99876, 37.405919], [-6.998775, 37.405955], [-6.998787, 37.405993], [-6.998794, 37.406032], [-6.998796, 37.406071], [-6.998795, 37.406111], [-6.998789, 37.406151], [-6.998779, 37.406193], [-6.998765, 37.406235], [-6.998752, 37.406275], [-6.99874, 37.406314], [-6.99873, 37.40635], [-6.998721, 37.406384], [-6.998713, 37.406417], [-6.998707, 37.406447], [-6.998701, 37.406475], [-6.998697, 37.406501], [-6.998694, 37.406528], [-6.998692, 37.406555], [-6.998691, 37.406583], [-6.998691, 37.406612], [-6.998692, 37.40664], [-6.998694, 37.40667], [-6.998697, 37.4067], [-6.998701, 37.40673], [-6.998708, 37.406758], [-6.998717, 37.406782], [-6.998728, 37.406804], [-6.998742, 37.406823], [-6.998757, 37.406839], [-6.998776, 37.406852], [-6.998796, 37.406862], [-6.998819, 37.406869], [-6.998844, 37.406868], [-6.998871, 37.406859], [-6.9989, 37.406842], [-6.998931, 37.406816], [-6.998964, 37.406783], [-6.998998, 37.406741], [-6.999035, 37.406691], [-6.999073, 37.406633], [-6.999107, 37.406576], [-6.999137, 37.406519], [-6.999161, 37.406464], [-6.999181, 37.406409], [-6.999196, 37.406355], [-6.999207, 37.406302], [-6.999213, 37.40625], [-6.999214, 37.406199], [-6.999219, 37.406157], [-6.999228, 37.406125], [-6.999241, 37.406103], [-6.999257, 37.40609], [-6.999277, 37.406087], [-6.9993, 37.406093], [-6.999328, 37.406109], [-6.999359, 37.406134], [-6.999394, 37.406159], [-6.999433, 37.406184], [-6.999476, 37.406209], [-6.999523, 37.406233], [-6.999573, 37.406257], [-6.999628, 37.40628], [-6.999686, 37.406303], [-6.999749, 37.406326], [-6.99981, 37.406348], [-6.99987, 37.406369], [-6.999929, 37.406389], [-6.999987, 37.406408], [-7.000044, 37.406426], [-7.0001, 37.406444], [-7.000154, 37.406461], [-7.000208, 37.406476], [-7.00026, 37.406492], [-7.000312, 37.406507], [-7.000363, 37.406523], [-7.000412, 37.406538], [-7.000461, 37.406553], [-7.000509, 37.406567], [-7.000556, 37.406582], [-7.000602, 37.406596], [-7.000646, 37.406609], [-7.000688, 37.40662], [-7.000727, 37.406629], [-7.000765, 37.406636], [-7.0008, 37.406642], [-7.000832, 37.406646], [-7.000863, 37.406648], [-7.000891, 37.406648], [-7.000922, 37.406648], [-7.000954, 37.406646], [-7.000989, 37.406644], [-7.001025, 37.40664], [-7.001063, 37.406635], [-7.001103, 37.406629], [-7.001145, 37.406622], [-7.001189, 37.406614], [-7.001234, 37.406606], [-7.001281, 37.406599], [-7.001329, 37.406591], [-7.001379, 37.406583], [-7.001429, 37.406576], [-7.001482, 37.406568], [-7.001535, 37.406561], [-7.00159, 37.406554], [-7.001645, 37.406547], [-7.001701, 37.406541], [-7.001758, 37.406534], [-7.001814, 37.406528], [-7.001872, 37.406522], [-7.00193, 37.406517], [-7.001988, 37.406511], [-7.002047, 37.406506], [-7.002102, 37.406508], [-7.002153, 37.406517], [-7.002201, 37.406533], [-7.002244, 37.406556], [-7.002284, 37.406585], [-7.00232, 37.406622], [-7.002352, 37.406666], [-7.002381, 37.406716], [-7.002408, 37.406754], [-7.002434, 37.40678], [-7.002458, 37.406794], [-7.002482, 37.406795], [-7.002504, 37.406785], [-7.002525, 37.406761], [-7.002544, 37.406726], [-7.002563, 37.406678], [-7.002582, 37.406635], [-7.002601, 37.406597], [-7.002621, 37.406564], [-7.002641, 37.406535], [-7.002662, 37.406511], [-7.002683, 37.406492], [-7.002705, 37.406478], [-7.002728, 37.406468], [-7.002746, 37.406468], [-7.002761, 37.406478], [-7.002772, 37.406498], [-7.00278, 37.406528], [-7.002784, 37.406568], [-7.002784, 37.406617], [-7.00278, 37.406677], [-7.002773, 37.406746], [-7.002762, 37.406815], [-7.002749, 37.406882], [-7.002733, 37.406949], [-7.002714, 37.407015], [-7.002693, 37.40708], [-7.002668, 37.407144], [-7.00264, 37.407207], [-7.00261, 37.407269], [-7.002578, 37.407331], [-7.002545, 37.407393], [-7.002511, 37.407455], [-7.002475, 37.407517], [-7.002438, 37.407579], [-7.002399, 37.40764], [-7.002359, 37.407702], [-7.002318, 37.407763], [-7.00228, 37.407822], [-7.002245, 37.407878], [-7.002214, 37.407931], [-7.002186, 37.407981], [-7.002161, 37.408029], [-7.00214, 37.408074], [-7.002122, 37.408116], [-7.002107, 37.408156], [-7.002094, 37.408191], [-7.002083, 37.408222], [-7.002074, 37.408249], [-7.002068, 37.408272], [-7.002063, 37.40829], [-7.00206, 37.408305], [-7.00206, 37.408315], [-7.002061, 37.40832], [-7.002063, 37.408328], [-7.002065, 37.408338], [-7.002068, 37.408349], [-7.002072, 37.408363], [-7.002076, 37.408378], [-7.00208, 37.408396], [-7.002085, 37.408415], [-7.00209, 37.408437], [-7.002096, 37.408454], [-7.002103, 37.408467], [-7.002111, 37.408476], [-7.00212, 37.408482], [-7.002129, 37.408483], [-7.002139, 37.40848], [-7.00215, 37.408473], [-7.002161, 37.408462], [-7.002173, 37.40845], [-7.002185, 37.408439], [-7.002198, 37.408427], [-7.002211, 37.408415], [-7.002224, 37.408402], [-7.002237, 37.408389], [-7.002251, 37.408376], [-7.002265, 37.408362], [-7.002279, 37.408347], [-7.002292, 37.40833], [-7.002305, 37.408312], [-7.002318, 37.408291], [-7.00233, 37.408269], [-7.002341, 37.408245], [-7.002353, 37.408219], [-7.002363, 37.408192], [-7.002377, 37.408169], [-7.002394, 37.408151], [-7.002414, 37.408138], [-7.002436, 37.408129], [-7.002462, 37.408126], [-7.002491, 37.408127], [-7.002522, 37.408133], [-7.002557, 37.408144], [-7.002591, 37.408151], [-7.002624, 37.408155], [-7.002658, 37.408155], [-7.002691, 37.408152], [-7.002723, 37.408145], [-7.002755, 37.408135], [-7.002787, 37.408122], [-7.002818, 37.408105], [-7.002849, 37.408092], [-7.00288, 37.408083], [-7.002912, 37.408079], [-7.002944, 37.408079], [-7.002976, 37.408083], [-7.003008, 37.408091], [-7.003041, 37.408104], [-7.003073, 37.408121], [-7.003101, 37.40814], [-7.003125, 37.408161], [-7.003145, 37.408184], [-7.00316, 37.40821], [-7.003171, 37.408238], [-7.003178, 37.408268], [-7.00318, 37.4083], [-7.003178, 37.408334], [-7.003167, 37.408367], [-7.003146, 37.408399], [-7.003116, 37.408429], [-7.003077, 37.408458], [-7.003028, 37.408485], [-7.00297, 37.408512], [-7.002903, 37.408536], [-7.002827, 37.40856], [-7.002758, 37.408581], [-7.002697, 37.408599], [-7.002643, 37.408616], [-7.002597, 37.40863], [-7.002559, 37.408641], [-7.002528, 37.408651], [-7.002505, 37.408658], [-7.002489, 37.408663], [-7.002478, 37.408667], [-7.002472, 37.40867], [-7.00247, 37.408673], [-7.002474, 37.408675], [-7.002481, 37.408676], [-7.002494, 37.408676], [-7.002511, 37.408676], [-7.002533, 37.408675], [-7.002557, 37.408674], [-7.002583, 37.408673], [-7.002611, 37.408672], [-7.002641, 37.408671], [-7.002673, 37.40867], [-7.002706, 37.408669], [-7.002742, 37.408667], [-7.00278, 37.408666], [-7.002817, 37.408665], [-7.002856, 37.408665], [-7.002894, 37.408666], [-7.002933, 37.408667], [-7.002972, 37.408669], [-7.003011, 37.408672], [-7.003051, 37.408675], [-7.003091, 37.408679], [-7.003135, 37.408683], [-7.003183, 37.408687], [-7.003235, 37.408691], [-7.003291, 37.408695], [-7.00335, 37.408699], [-7.003414, 37.408703], [-7.003482, 37.408707], [-7.003554, 37.408711], [-7.003616, 37.408717], [-7.003668, 37.408724], [-7.003711, 37.408734], [-7.003744, 37.408745], [-7.003767, 37.408757], [-7.00378, 37.408772], [-7.003784, 37.408788], [-7.003778, 37.408807], [-7.003762, 37.408824], [-7.003736, 37.40884], [-7.0037, 37.408856], [-7.003654, 37.408871], [-7.003598, 37.408884], [-7.003533, 37.408898], [-7.003457, 37.40891], [-7.003372, 37.408921], [-7.003293, 37.408932], [-7.003221, 37.408941], [-7.003156, 37.40895], [-7.003098, 37.408958], [-7.003047, 37.408964], [-7.003002, 37.40897], [-7.002964, 37.408975], [-7.002933, 37.40898], [-7.002905, 37.408989], [-7.002881, 37.409005], [-7.002859, 37.409026], [-7.002841, 37.409052], [-7.002826, 37.409085], [-7.002815, 37.409123], [-7.002806, 37.409166], [-7.002801, 37.409215], [-7.002789, 37.409266], [-7.002772, 37.409318], [-7.002749, 37.409371], [-7.002721, 37.409426], [-7.002686, 37.409482], [-7.002646, 37.40954], [-7.0026, 37.409599], [-7.002547, 37.40966], [-7.002487, 37.409713], [-7.002418, 37.409758], [-7.00234, 37.409795], [-7.002254, 37.409825], [-7.002159, 37.409847], [-7.002055, 37.409862], [-7.001943, 37.409869], [-7.001823, 37.409868], [-7.001719, 37.409875], [-7.001631, 37.409888], [-7.00156, 37.40991], [-7.001505, 37.409938], [-7.001466, 37.409974], [-7.001444, 37.410017], [-7.001439, 37.410067], [-7.00145, 37.410124], [-7.001465, 37.410177], [-7.001486, 37.410225], [-7.001511, 37.410268], [-7.00154, 37.410307], [-7.001575, 37.41034], [-7.001614, 37.410369], [-7.001657, 37.410393], [-7.001706, 37.410412], [-7.001752, 37.410429], [-7.001797, 37.410443], [-7.00184, 37.410455], [-7.001881, 37.410464], [-7.001921, 37.410472], [-7.001959, 37.410476], [-7.001995, 37.410479], [-7.002029, 37.410478], [-7.002067, 37.410481], [-7.002108, 37.410486], [-7.002152, 37.410493], [-7.0022, 37.410503], [-7.002252, 37.410516], [-7.002307, 37.41053], [-7.002365, 37.410548], [-7.002427, 37.410568], [-7.002488, 37.410587], [-7.002551, 37.410606], [-7.002613, 37.410623], [-7.002676, 37.41064], [-7.002739, 37.410657], [-7.002802, 37.410672], [-7.002865, 37.410687], [-7.002929, 37.410701], [-7.002992, 37.410714], [-7.003055, 37.410728], [-7.003117, 37.410741], [-7.003178, 37.410754], [-7.00324, 37.410766], [-7.0033, 37.410779], [-7.00336, 37.410791], [-7.00342, 37.410803], [-7.003477, 37.410816], [-7.003531, 37.410829], [-7.003582, 37.410844], [-7.00363, 37.410859], [-7.003675, 37.410875], [-7.003717, 37.410892], [-7.003757, 37.41091], [-7.003793, 37.410929], [-7.003836, 37.410948], [-7.003885, 37.410966], [-7.00394, 37.410983], [-7.004001, 37.411001], [-7.004068, 37.411018], [-7.004141, 37.411034], [-7.00422, 37.41105], [-7.004305, 37.411066], [-7.004391, 37.411083], [-7.004476, 37.411103], [-7.004562, 37.411123], [-7.004647, 37.411146], [-7.004732, 37.411171], [-7.004818, 37.411197], [-7.004903, 37.411225], [-7.004988, 37.411255], [-7.005067, 37.411287], [-7.00514, 37.411322], [-7.005205, 37.411358], [-7.005265, 37.411397], [-7.005317, 37.411438], [-7.005364, 37.411481], [-7.005403, 37.411527], [-7.005437, 37.411575], [-7.00547, 37.411618], [-7.005504, 37.411657], [-7.005537, 37.411691], [-7.005571, 37.41172], [-7.005605, 37.411744], [-7.00564, 37.411764], [-7.005674, 37.41178], [-7.005709, 37.411791], [-7.005742, 37.411801], [-7.005775, 37.41181], [-7.005806, 37.41182], [-7.005837, 37.411828], [-7.005866, 37.411836], [-7.005894, 37.411844], [-7.005922, 37.411851], [-7.005948, 37.411858], [-7.005977, 37.411869], [-7.006009, 37.411886], [-7.006043, 37.411908], [-7.00608, 37.411936], [-7.00612, 37.411968], [-7.006162, 37.412006], [-7.006207, 37.412049], [-7.006254, 37.412097], [-7.006304, 37.412146], [-7.006356, 37.412197], [-7.00641, 37.412249], [-7.006465, 37.412303], [-7.006524, 37.412358], [-7.006584, 37.412415], [-7.006646, 37.412472], [-7.00671, 37.412531], [-7.006768, 37.412588], [-7.00682, 37.41264], [-7.006865, 37.41269], [-7.006903, 37.412737], [-7.006935, 37.41278], [-7.006961, 37.41282], [-7.00698, 37.412858], [-7.006993, 37.412892], [-7.007004, 37.412921], [-7.007014, 37.412947], [-7.007023, 37.412968], [-7.007031, 37.412985], [-7.007038, 37.412998], [-7.007043, 37.413006], [-7.007047, 37.413011], [-7.00705, 37.413011], [-7.007059, 37.413006], [-7.007073, 37.412997], [-7.007093, 37.412983], [-7.007118, 37.412965], [-7.007148, 37.412942], [-7.007185, 37.412914], [-7.007227, 37.412881], [-7.007274, 37.412845], [-7.007319, 37.412811], [-7.007362, 37.412781], [-7.007403, 37.412755], [-7.007443, 37.412732], [-7.007479, 37.412713], [-7.007514, 37.412697], [-7.007547, 37.412685], [-7.007578, 37.412676], [-7.007608, 37.412668], [-7.007637, 37.412659], [-7.007666, 37.412651], [-7.007694, 37.412643], [-7.007721, 37.412635], [-7.007748, 37.412628], [-7.007774, 37.41262], [-7.0078, 37.412613], [-7.007818, 37.412604], [-7.007829, 37.412594], [-7.007832, 37.412582], [-7.007829, 37.412569], [-7.007817, 37.412554], [-7.007799, 37.412538], [-7.007773, 37.41252], [-7.00774, 37.4125], [-7.007709, 37.412476], [-7.00768, 37.412447], [-7.007654, 37.412414], [-7.007631, 37.412376], [-7.007609, 37.412333], [-7.00759, 37.412285], [-7.007574, 37.412233], [-7.007559, 37.412176], [-7.007554, 37.412125], [-7.007557, 37.412081], [-7.007568, 37.412042], [-7.007589, 37.41201], [-7.007617, 37.411984], [-7.007655, 37.411965], [-7.007701, 37.411951], [-7.007756, 37.411944], [-7.007803, 37.411931], [-7.007841, 37.411911], [-7.007871, 37.411885], [-7.007893, 37.411853], [-7.007907, 37.411814], [-7.007913, 37.411769], [-7.00791, 37.411718], [-7.007899, 37.41166], [-7.007885, 37.411608], [-7.007868, 37.411561], [-7.007848, 37.411519], [-7.007824, 37.411482], [-7.007798, 37.41145], [-7.007768, 37.411424], [-7.007735, 37.411402], [-7.007699, 37.411386], [-7.007664, 37.411369], [-7.00763, 37.41135], [-7.007598, 37.41133], [-7.007566, 37.411309], [-7.007535, 37.411287], [-7.007505, 37.411263], [-7.007476, 37.411238], [-7.007448, 37.411212], [-7.007431, 37.411174], [-7.007424, 37.411124], [-7.007427, 37.411063], [-7.00744, 37.410989], [-7.007464, 37.410904], [-7.007498, 37.410807], [-7.007543, 37.410698], [-7.007597, 37.410578], [-7.007652, 37.410477], [-7.007707, 37.410394], [-7.007761, 37.410331], [-7.007816, 37.410287], [-7.00787, 37.410262], [-7.007924, 37.410257], [-7.007979, 37.41027], [-7.008033, 37.410303], [-7.008088, 37.410337], [-7.008144, 37.410372], [-7.0082, 37.410409], [-7.008257, 37.410447], [-7.008315, 37.410486], [-7.008374, 37.410526], [-7.008434, 37.410568], [-7.008494, 37.410611], [-7.008553, 37.410654], [-7.00861, 37.410698], [-7.008665, 37.410743], [-7.008719, 37.410789], [-7.008772, 37.410835], [-7.008822, 37.410882], [-7.008871, 37.410929], [-7.008919, 37.410977], [-7.008975, 37.411023], [-7.009039, 37.411067], [-7.009111, 37.411108], [-7.009192, 37.411147], [-7.009281, 37.411184], [-7.009378, 37.411219], [-7.009483, 37.411252], [-7.009597, 37.411282], [-7.009693, 37.411315], [-7.009772, 37.41135], [-7.009833, 37.411388], [-7.009877, 37.411428], [-7.009903, 37.411471], [-7.009912, 37.411516], [-7.009903, 37.411564], [-7.009877, 37.411614], [-7.009853, 37.411663], [-7.009833, 37.411712], [-7.009815, 37.411759], [-7.0098, 37.411806], [-7.009788, 37.411852], [-7.009779, 37.411897], [-7.009773, 37.411941], [-7.00977, 37.411984], [-7.009757, 37.412026], [-7.009734, 37.412067], [-7.009702, 37.412107], [-7.009661, 37.412145], [-7.009609, 37.412183], [-7.009549, 37.41222], [-7.009478, 37.412255], [-7.009399, 37.412289], [-7.009324, 37.412324], [-7.009254, 37.412359], [-7.009188, 37.412394], [-7.009128, 37.412429], [-7.009073, 37.412464], [-7.009022, 37.412499], [-7.008977, 37.412535], [-7.008936, 37.412571], [-7.008897, 37.412604], [-7.00886, 37.412636], [-7.008825, 37.412665], [-7.008791, 37.412693], [-7.008759, 37.412718], [-7.008728, 37.412741], [-7.008699, 37.412763], [-7.008672, 37.412782], [-7.008644, 37.4128], [-7.008615, 37.412816], [-7.008584, 37.412832], [-7.008552, 37.412846], [-7.008519, 37.412859], [-7.008485, 37.412871], [-7.00845, 37.412882], [-7.008413, 37.412891], [-7.00838, 37.412902], [-7.008349, 37.412913], [-7.008322, 37.412925], [-7.008297, 37.412938], [-7.008276, 37.412952], [-7.008257, 37.412967], [-7.008242, 37.412983], [-7.008229, 37.413], [-7.008216, 37.413018], [-7.008203, 37.413036], [-7.008189, 37.413055], [-7.008174, 37.413075], [-7.008159, 37.413095], [-7.008143, 37.413116], [-7.008127, 37.413138], [-7.008111, 37.41316], [-7.008098, 37.413182], [-7.008089, 37.413202], [-7.008084, 37.413222], [-7.008083, 37.41324], [-7.008085, 37.413258], [-7.008092, 37.413274], [-7.008102, 37.413289], [-7.008117, 37.413304], [-7.008132, 37.413317], [-7.008148, 37.413329], [-7.008165, 37.41334], [-7.008184, 37.413349], [-7.008203, 37.413357], [-7.008223, 37.413364], [-7.008245, 37.41337], [-7.008267, 37.413374], [-7.00829, 37.413379], [-7.008312, 37.413385], [-7.008335, 37.413392], [-7.008358, 37.413399], [-7.008381, 37.413407], [-7.008405, 37.413415], [-7.008428, 37.413424], [-7.008452, 37.413434], [-7.008475, 37.413447], [-7.008498, 37.413463], [-7.00852, 37.413482], [-7.008541, 37.413503], [-7.008562, 37.413528], [-7.008582, 37.413555], [-7.008602, 37.413586], [-7.008621, 37.413619], [-7.008635, 37.41365], [-7.008646, 37.413678], [-7.008652, 37.413703], [-7.008654, 37.413725], [-7.008652, 37.413745], [-7.008646, 37.413761], [-7.008635, 37.413775], [-7.00862, 37.413787], [-7.00861, 37.4138], [-7.008605, 37.413815], [-7.008605, 37.413832], [-7.00861, 37.413851], [-7.008619, 37.413872], [-7.008634, 37.413895], [-7.008653, 37.413919], [-7.008678, 37.413946], [-7.008701, 37.413973], [-7.008724, 37.414], [-7.008746, 37.414027], [-7.008767, 37.414055], [-7.008787, 37.414082], [-7.008807, 37.41411], [-7.008825, 37.414138], [-7.008843, 37.414166], [-7.008862, 37.414192], [-7.008882, 37.414218], [-7.008904, 37.414242], [-7.008928, 37.414265], [-7.008952, 37.414286], [-7.008979, 37.414306], [-7.009006, 37.414325], [-7.009036, 37.414342], [-7.009064, 37.414356], [-7.009093, 37.414366], [-7.00912, 37.414373], [-7.009148, 37.414377], [-7.009175, 37.414377], [-7.009201, 37.414374], [-7.009228, 37.414367], [-7.009253, 37.414356], [-7.009277, 37.41434], [-7.009299, 37.414316], [-7.009318, 37.414287], [-7.009336, 37.414251], [-7.009351, 37.414209], [-7.009365, 37.414161], [-7.009376, 37.414106], [-7.009386, 37.414044], [-7.009398, 37.413998], [-7.009412, 37.413967], [-7.009429, 37.413951], [-7.009448, 37.413951], [-7.00947, 37.413965], [-7.009494, 37.413995], [-7.009521, 37.41404], [-7.00955, 37.4141], [-7.009584, 37.414147], [-7.009622, 37.414183], [-7.009664, 37.414206], [-7.009712, 37.414218], [-7.009763, 37.414217], [-7.009819, 37.414204], [-7.00988, 37.414179], [-7.009945, 37.414141], [-7.010011, 37.41411], [-7.010078, 37.414086], [-7.010147, 37.414068], [-7.010216, 37.414057], [-7.010287, 37.414052], [-7.01036, 37.414054], [-7.010433, 37.414062], [-7.010507, 37.414077], [-7.010581, 37.41409], [-7.010655, 37.414102], [-7.010728, 37.414111], [-7.010801, 37.414119], [-7.010874, 37.414126], [-7.010946, 37.41413], [-7.011017, 37.414133], [-7.011088, 37.414135], [-7.011157, 37.414136], [-7.011223, 37.414139], [-7.011286, 37.414141], [-7.011347, 37.414144], [-7.011406, 37.414148], [-7.011462, 37.414152], [-7.011515, 37.414156], [-7.011566, 37.414161], [-7.01162, 37.41417], [-7.011678, 37.414182], [-7.01174, 37.414198], [-7.011805, 37.414217], [-7.011873, 37.41424], [-7.011945, 37.414267], [-7.012021, 37.414297], [-7.0121, 37.414331], [-7.01218, 37.414366], [-7.012259, 37.414403], [-7.012338, 37.414443], [-7.012417, 37.414483], [-7.012497, 37.414526], [-7.012576, 37.414571], [-7.012655, 37.414617], [-7.012735, 37.414665], [-7.012811, 37.414706], [-7.012883, 37.41474], [-7.012952, 37.414768], [-7.013017, 37.414788], [-7.013079, 37.414802], [-7.013137, 37.414809], [-7.013192, 37.41481], [-7.013244, 37.414803], [-7.013297, 37.414796], [-7.013352, 37.414789], [-7.013408, 37.414782], [-7.013467, 37.414774], [-7.013527, 37.414766], [-7.013588, 37.414758], [-7.013652, 37.414749], [-7.013717, 37.41474], [-7.013781, 37.414733], [-7.013844, 37.414728], [-7.013907, 37.414725], [-7.013968, 37.414723], [-7.014029, 37.414724], [-7.014089, 37.414726], [-7.014148, 37.414731], [-7.014206, 37.414737], [-7.01426, 37.414747], [-7.014308, 37.41476], [-7.014352, 37.414777], [-7.01439, 37.414797], [-7.014424, 37.41482], [-7.014453, 37.414847], [-7.014477, 37.414877], [-7.014496, 37.41491], [-7.014517, 37.414944], [-7.01454, 37.414977], [-7.014566, 37.41501], [-7.014594, 37.415043], [-7.014624, 37.415077], [-7.014656, 37.41511], [-7.01469, 37.415143], [-7.014727, 37.415176], [-7.014763, 37.415205], [-7.014798, 37.415229], [-7.014833, 37.41525], [-7.014867, 37.415267], [-7.014901, 37.415279], [-7.014934, 37.415287], [-7.014967, 37.415291], [-7.014998, 37.415291], [-7.015025, 37.415288], [-7.015048, 37.415282], [-7.015065, 37.415272], [-7.015078, 37.41526], [-7.015086, 37.415245], [-7.01509, 37.415226], [-7.015088, 37.415205], [-7.015082, 37.415181], [-7.015077, 37.415158], [-7.015072, 37.415136], [-7.015069, 37.415116], [-7.015066, 37.415098], [-7.015063, 37.415081], [-7.015062, 37.415065], [-7.015061, 37.415051], [-7.015062, 37.415039], [-7.015062, 37.415024], [-7.015062, 37.415008], [-7.015062, 37.41499], [-7.015063, 37.41497], [-7.015063, 37.414948], [-7.015063, 37.414925], [-7.015064, 37.414899], [-7.015064, 37.414872], [-7.015064, 37.414843], [-7.015064, 37.414813], [-7.015063, 37.414781], [-7.015062, 37.414748], [-7.01506, 37.414713], [-7.015058, 37.414677], [-7.015056, 37.414639], [-7.015053, 37.4146], [-7.01505, 37.414562], [-7.015045, 37.414526], [-7.015039, 37.41449], [-7.015032, 37.414456], [-7.015024, 37.414423], [-7.015016, 37.414391], [-7.015006, 37.414361], [-7.014995, 37.414332], [-7.014981, 37.414303], [-7.014965, 37.414274], [-7.014946, 37.414245], [-7.014925, 37.414216], [-7.014901, 37.414187], [-7.014874, 37.414159], [-7.014845, 37.414131], [-7.014813, 37.414102], [-7.014783, 37.414075], [-7.014754, 37.414049], [-7.014727, 37.414024], [-7.014702, 37.414001], [-7.014678, 37.413978], [-7.014656, 37.413957], [-7.014635, 37.413936], [-7.014616, 37.413917], [-7.014596, 37.413894], [-7.014574, 37.413866], [-7.014551, 37.413835], [-7.014526, 37.4138], [-7.0145, 37.413761], [-7.014472, 37.413718], [-7.014443, 37.413671], [-7.014412, 37.413619], [-7.014382, 37.413571], [-7.014351, 37.413525], [-7.014319, 37.413481], [-7.014288, 37.41344], [-7.014256, 37.413401], [-7.014224, 37.413365], [-7.014192, 37.413332], [-7.014159, 37.413301], [-7.014136, 37.413274], [-7.014124, 37.413252], [-7.014121, 37.413234], [-7.014128, 37.413219], [-7.014145, 37.41321], [-7.014172, 37.413204], [-7.014209, 37.413203], [-7.014255, 37.413206], [-7.014299, 37.41321], [-7.014339, 37.413215], [-7.014376, 37.413222], [-7.01441, 37.41323], [-7.014441, 37.413239], [-7.014468, 37.41325], [-7.014493, 37.413262], [-7.014514, 37.413275], [-7.014539, 37.413292], [-7.014568, 37.413314], [-7.014602, 37.41334], [-7.014639, 37.41337], [-7.014681, 37.413404], [-7.014727, 37.413442], [-7.014777, 37.413485], [-7.014831, 37.413532], [-7.014882, 37.413576], [-7.01493, 37.413618], [-7.014974, 37.413657], [-7.015015, 37.413693], [-7.015053, 37.413727], [-7.015087, 37.413759], [-7.015118, 37.413787], [-7.015146, 37.413813], [-7.015174, 37.413834], [-7.015203, 37.413848], [-7.015231, 37.413855], [-7.01526, 37.413857], [-7.015289, 37.413853], [-7.015318, 37.413843], [-7.015348, 37.413826], [-7.015377, 37.413804], [-7.015409, 37.413774], [-7.015443, 37.413736], [-7.015479, 37.41369], [-7.015517, 37.413636], [-7.015557, 37.413575], [-7.015599, 37.413505], [-7.015642, 37.413428], [-7.015688, 37.413343], [-7.015731, 37.413272], [-7.015771, 37.413215], [-7.015807, 37.413171], [-7.01584, 37.413141], [-7.01587, 37.413124], [-7.015897, 37.413121], [-7.01592, 37.413132], [-7.015941, 37.413157], [-7.015953, 37.413189], [-7.015957, 37.413229], [-7.015952, 37.413276], [-7.015939, 37.413331], [-7.015918, 37.413393], [-7.015889, 37.413463], [-7.015851, 37.413541], [-7.015805, 37.413625], [-7.015764, 37.413702], [-7.015727, 37.413772], [-7.015695, 37.413833], [-7.015668, 37.413886], [-7.015645, 37.413931], [-7.015627, 37.413968], [-7.015614, 37.413998], [-7.015605, 37.414019], [-7.015597, 37.414046], [-7.01559, 37.414077], [-7.015583, 37.414113], [-7.015578, 37.414153], [-7.015573, 37.414199], [-7.015568, 37.414249], [-7.015565, 37.414304], [-7.015562, 37.414364], [-7.015562, 37.414422], [-7.015563, 37.414477], [-7.015567, 37.41453], [-7.015572, 37.41458], [-7.01558, 37.414627], [-7.015589, 37.414672], [-7.015601, 37.414715], [-7.015614, 37.414755], [-7.01563, 37.414796], [-7.015649, 37.414838], [-7.01567, 37.414881], [-7.015693, 37.414925], [-7.015719, 37.41497], [-7.015748, 37.415016], [-7.015778, 37.415063], [-7.015812, 37.41511], [-7.015842, 37.415155], [-7.015868, 37.415196], [-7.015892, 37.415234], [-7.015912, 37.415268], [-7.015929, 37.415299], [-7.015942, 37.415327], [-7.015953, 37.415351], [-7.01596, 37.415372], [-7.015967, 37.415393], [-7.015974, 37.415413], [-7.015981, 37.415434], [-7.015988, 37.415454], [-7.015994, 37.415474], [-7.016001, 37.415493], [-7.016008, 37.415512], [-7.016014, 37.415532], [-7.016022, 37.415552], [-7.016033, 37.415574], [-7.016045, 37.415597], [-7.016059, 37.415622], [-7.016075, 37.415648], [-7.016093, 37.415675], [-7.016113, 37.415704], [-7.016134, 37.415734], [-7.016158, 37.41576], [-7.016184, 37.415783], [-7.016213, 37.415802], [-7.016243, 37.415818], [-7.016276, 37.41583], [-7.016311, 37.415839], [-7.016348, 37.415844], [-7.016387, 37.415845], [-7.016426, 37.415846], [-7.016464, 37.415847], [-7.016501, 37.415848], [-7.016538, 37.415848], [-7.016575, 37.415848], [-7.01661, 37.415848], [-7.016645, 37.415847], [-7.01668, 37.415847], [-7.01671, 37.415846], [-7.016736, 37.415845], [-7.016758, 37.415845], [-7.016775, 37.415845], [-7.016789, 37.415844], [-7.016798, 37.415844], [-7.016803, 37.415844], [-7.016804, 37.415844], [-7.016805, 37.415844], [-7.016806, 37.415844], [-7.016806, 37.415845], [-7.016807, 37.415845], [-7.016808, 37.415846], [-7.01681, 37.41585], [-7.016813, 37.415856], [-7.016818, 37.415865], [-7.016824, 37.415876], [-7.016832, 37.415891], [-7.016842, 37.415908], [-7.016853, 37.415928], [-7.016866, 37.41595], [-7.016877, 37.41597], [-7.016888, 37.415987], [-7.016897, 37.416002], [-7.016905, 37.416014], [-7.016912, 37.416023], [-7.016919, 37.41603], [-7.016924, 37.416034], [-7.016928, 37.416035], [-7.016934, 37.416037], [-7.016941, 37.416039], [-7.016951, 37.416042], [-7.016962, 37.416046], [-7.016976, 37.41605], [-7.016991, 37.416055], [-7.017008, 37.41606], [-7.017027, 37.416066], [-7.017047, 37.416071], [-7.017069, 37.416075], [-7.017091, 37.416078], [-7.017114, 37.416079], [-7.017139, 37.41608], [-7.017164, 37.41608], [-7.017191, 37.416079], [-7.017219, 37.416077], [-7.017244, 37.416079], [-7.017266, 37.416084], [-7.017284, 37.416095], [-7.0173, 37.416109], [-7.017313, 37.416127], [-7.017323, 37.416149], [-7.01733, 37.416175], [-7.017335, 37.416206], [-7.017336, 37.416235], [-7.017334, 37.416263], [-7.017329, 37.41629], [-7.017321, 37.416315], [-7.01731, 37.41634], [-7.017296, 37.416363], [-7.01728, 37.416384], [-7.01726, 37.416405], [-7.017247, 37.41643], [-7.01724, 37.41646], [-7.01724, 37.416495], [-7.017247, 37.416534], [-7.01726, 37.416578], [-7.01728, 37.416627], [-7.017306, 37.41668], [-7.017339, 37.416738], [-7.017381, 37.416807], [-7.017431, 37.416887], [-7.017489, 37.416977], [-7.017556, 37.417078], [-7.017631, 37.417191], [-7.017714, 37.417313], [-7.017806, 37.417447], [-7.017907, 37.417592], [-7.018001, 37.417725], [-7.018088, 37.417848], [-7.018168, 37.417961], [-7.018242, 37.418062], [-7.018309, 37.418153], [-7.018369, 37.418233], [-7.018423, 37.418302], [-7.01847, 37.41836], [-7.018507, 37.418412], [-7.018535, 37.418458], [-7.018552, 37.418499], [-7.01856, 37.418533], [-7.018559, 37.418561], [-7.018547, 37.418582], [-7.018526, 37.418598], [-7.018495, 37.418608], [-7.018462, 37.418613], [-7.018427, 37.418612], [-7.018391, 37.418606], [-7.018352, 37.418596], [-7.018311, 37.41858], [-7.018268, 37.418559], [-7.018223, 37.418533], [-7.018176, 37.418502], [-7.01813, 37.418473], [-7.018085, 37.418446], [-7.01804, 37.418422], [-7.017995, 37.418401], [-7.017952, 37.418381], [-7.017908, 37.418364], [-7.017866, 37.41835], [-7.017824, 37.418338], [-7.017784, 37.418321], [-7.017745, 37.418299], [-7.017709, 37.418273], [-7.017675, 37.418243], [-7.017643, 37.418207], [-7.017612, 37.418168], [-7.017584, 37.418123], [-7.017557, 37.418074], [-7.01753, 37.418027], [-7.017501, 37.417982], [-7.01747, 37.417939], [-7.017439, 37.417898], [-7.017406, 37.417859], [-7.017372, 37.417822], [-7.017337, 37.417787], [-7.0173, 37.417754], [-7.017258, 37.417719], [-7.01721, 37.417684], [-7.017157, 37.417648], [-7.017098, 37.41761], [-7.017033, 37.417572], [-7.016963, 37.417532], [-7.016887, 37.417491], [-7.016806, 37.417449], [-7.01673, 37.417402], [-7.016659, 37.417349], [-7.016593, 37.41729], [-7.016533, 37.417226], [-7.016478, 37.417156], [-7.016428, 37.417081], [-7.016383, 37.417], [-7.016344, 37.416914], [-7.016306, 37.416837], [-7.016268, 37.416769], [-7.016232, 37.416711], [-7.016197, 37.416662], [-7.016162, 37.416622], [-7.016129, 37.416592], [-7.016097, 37.416571], [-7.016066, 37.41656], [-7.016041, 37.416558], [-7.016021, 37.416566], [-7.016008, 37.416583], [-7.016, 37.41661], [-7.015999, 37.416647], [-7.016003, 37.416693], [-7.016014, 37.416748], [-7.01603, 37.416813], [-7.016046, 37.416877], [-7.016062, 37.41694], [-7.016078, 37.417002], [-7.016093, 37.417064], [-7.016108, 37.417124], [-7.016123, 37.417183], [-7.016137, 37.41724], [-7.016152, 37.417297], [-7.016163, 37.417348], [-7.01617, 37.417393], [-7.016175, 37.417431], [-7.016176, 37.417464], [-7.016174, 37.41749], [-7.016168, 37.41751], [-7.016159, 37.417524], [-7.016147, 37.417532], [-7.016127, 37.417529], [-7.016101, 37.417514], [-7.016067, 37.417487], [-7.016025, 37.417449], [-7.015977, 37.4174], [-7.015921, 37.417339], [-7.015857, 37.417267], [-7.015787, 37.417184], [-7.015717, 37.417117], [-7.015647, 37.417067], [-7.015577, 37.417035], [-7.015507, 37.417019], [-7.015438, 37.41702], [-7.015369, 37.417038], [-7.015301, 37.417074], [-7.015232, 37.417126], [-7.015175, 37.41718], [-7.015127, 37.417235], [-7.015091, 37.417292], [-7.015065, 37.417351], [-7.015049, 37.417411], [-7.015045, 37.417473], [-7.01505, 37.417536], [-7.015067, 37.417601], [-7.015079, 37.41766], [-7.015088, 37.417712], [-7.015093, 37.417758], [-7.015094, 37.417798], [-7.015091, 37.417831], [-7.015085, 37.417857], [-7.015074, 37.417878], [-7.01506, 37.417892], [-7.015049, 37.417909], [-7.015041, 37.41793], [-7.015036, 37.417953], [-7.015034, 37.417981], [-7.015035, 37.418011], [-7.015039, 37.418045], [-7.015046, 37.418083], [-7.015056, 37.418123], [-7.01506, 37.41816], [-7.015059, 37.418191], [-7.015051, 37.418218], [-7.015037, 37.41824], [-7.015017, 37.418258], [-7.014991, 37.418271], [-7.014959, 37.41828], [-7.014921, 37.418284], [-7.014884, 37.418292], [-7.014847, 37.418303], [-7.01481, 37.418317], [-7.014774, 37.418335], [-7.014738, 37.418356], [-7.014703, 37.418381], [-7.014668, 37.41841], [-7.014633, 37.418441], [-7.014591, 37.418466], [-7.01454, 37.418482], [-7.014481, 37.41849], [-7.014414, 37.418491], [-7.014339, 37.418484], [-7.014255, 37.41847], [-7.014164, 37.418447], [-7.014064, 37.418417], [-7.013973, 37.41839], [-7.01389, 37.418365], [-7.013815, 37.418344], [-7.013748, 37.418325], [-7.013689, 37.418308], [-7.013639, 37.418295], [-7.013597, 37.418284], [-7.013563, 37.418276], [-7.013533, 37.418274], [-7.013506, 37.418279], [-7.013482, 37.418291], [-7.013462, 37.418309], [-7.013445, 37.418333], [-7.013431, 37.418364], [-7.013421, 37.418401], [-7.013414, 37.418445], [-7.01341, 37.41849], [-7.013408, 37.418537], [-7.013407, 37.418586], [-7.013409, 37.418637], [-7.013414, 37.418689], [-7.01342, 37.418744], [-7.013429, 37.418799], [-7.01344, 37.418857], [-7.01346, 37.418914], [-7.013488, 37.418971], [-7.013525, 37.419027], [-7.013571, 37.419082], [-7.013625, 37.419137], [-7.013688, 37.419191], [-7.01376, 37.419245], [-7.013841, 37.419299], [-7.013928, 37.419341], [-7.014022, 37.419373], [-7.014123, 37.419394], [-7.01423, 37.419405], [-7.014343, 37.419404], [-7.014464, 37.419393], [-7.01459, 37.419371], [-7.014724, 37.419338], [-7.014844, 37.41931], [-7.014952, 37.419287], [-7.015046, 37.419269], [-7.015128, 37.419255], [-7.015197, 37.419247], [-7.015252, 37.419243], [-7.015295, 37.419244], [-7.015325, 37.41925], [-7.015356, 37.419255], [-7.015389, 37.419259], [-7.015423, 37.419262], [-7.015459, 37.419264], [-7.015497, 37.419265], [-7.015536, 37.419265], [-7.015576, 37.419264], [-7.015618, 37.419262], [-7.015659, 37.419259], [-7.015699, 37.419256], [-7.015738, 37.419253], [-7.015776, 37.419249], [-7.015813, 37.419244], [-7.015849, 37.419239], [-7.015884, 37.419234], [-7.015917, 37.419227], [-7.015954, 37.419224], [-7.015993, 37.419224], [-7.016034, 37.419227], [-7.016078, 37.419234], [-7.016125, 37.419243], [-7.016174, 37.419255], [-7.016226, 37.419271], [-7.01628, 37.419289], [-7.016328, 37.419307], [-7.01637, 37.419325], [-7.016405, 37.419343], [-7.016434, 37.41936], [-7.016457, 37.419377], [-7.016474, 37.419394], [-7.016484, 37.419411], [-7.016488, 37.419427], [-7.016489, 37.419446], [-7.016487, 37.419467], [-7.016483, 37.41949], [-7.016475, 37.419515], [-7.016464, 37.419543], [-7.01645, 37.419573], [-7.016434, 37.419606], [-7.016414, 37.41964], [-7.016395, 37.419673], [-7.016376, 37.419704], [-7.016358, 37.419734], [-7.01634, 37.419761], [-7.016322, 37.419786], [-7.016305, 37.41981], [-7.016289, 37.419832], [-7.016273, 37.419852], [-7.016261, 37.419872], [-7.016253, 37.419892], [-7.01625, 37.419911], [-7.016252, 37.419931], [-7.016257, 37.41995], [-7.016268, 37.41997], [-7.016282, 37.419989], [-7.016301, 37.420008], [-7.016324, 37.420024], [-7.01635, 37.420035], [-7.016379, 37.420043], [-7.016412, 37.420047], [-7.016448, 37.420047], [-7.016488, 37.420044], [-7.016531, 37.420036], [-7.016578, 37.420025], [-7.016624, 37.420012], [-7.016668, 37.419999], [-7.016711, 37.419985], [-7.016754, 37.419971], [-7.016795, 37.419955], [-7.016835, 37.419939], [-7.016874, 37.419921], [-7.016912, 37.419903], [-7.016951, 37.419889], [-7.016991, 37.419879], [-7.017032, 37.419873], [-7.017074, 37.419871], [-7.017117, 37.419873], [-7.017161, 37.419879], [-7.017206, 37.419889], [-7.017252, 37.419903], [-7.017299, 37.419919], [-7.017348, 37.419936], [-7.017397, 37.419954], [-7.017448, 37.419973], [-7.0175, 37.419993], [-7.017553, 37.420015], [-7.017608, 37.420037], [-7.017663, 37.420061], [-7.017713, 37.420085], [-7.017756, 37.420109], [-7.017793, 37.420133], [-7.017824, 37.420157], [-7.017849, 37.420182], [-7.017867, 37.420206], [-7.017879, 37.42023], [-7.017885, 37.420255], [-7.017885, 37.420277], [-7.017879, 37.420297], [-7.017866, 37.420316], [-7.017847, 37.420332], [-7.017822, 37.420346], [-7.017791, 37.420358], [-7.017753, 37.420368], [-7.017709, 37.420376], [-7.017663, 37.420385], [-7.017616, 37.420394], [-7.017567, 37.420404], [-7.017517, 37.420415], [-7.017465, 37.420426], [-7.017411, 37.420438], [-7.017356, 37.42045], [-7.017299, 37.420464], [-7.017246, 37.420477], [-7.017198, 37.420492], [-7.017153, 37.420507], [-7.017113, 37.420523], [-7.017077, 37.420539], [-7.017045, 37.420557], [-7.017017, 37.420574], [-7.016993, 37.420593], [-7.016975, 37.420612], [-7.016964, 37.420633], [-7.016958, 37.420655], [-7.016959, 37.420677], [-7.016965, 37.420701], [-7.016977, 37.420726], [-7.016996, 37.420751], [-7.01702, 37.420778], [-7.017046, 37.420803], [-7.017074, 37.420825], [-7.017104, 37.420846], [-7.017135, 37.420864], [-7.017168, 37.420881], [-7.017202, 37.420895], [-7.017238, 37.420907], [-7.017276, 37.420917], [-7.017317, 37.420927], [-7.017359, 37.420937], [-7.017403, 37.420947], [-7.01745, 37.420957], [-7.017499, 37.420967], [-7.01755, 37.420977], [-7.017604, 37.420987], [-7.017659, 37.420996], [-7.017714, 37.421006], [-7.017769, 37.421016], [-7.017823, 37.421026], [-7.017877, 37.421036], [-7.017931, 37.421046], [-7.017984, 37.421056], [-7.018036, 37.421067], [-7.018088, 37.421077], [-7.018143, 37.421089], [-7.018199, 37.421101], [-7.018257, 37.421114], [-7.018317, 37.421129], [-7.01838, 37.421145], [-7.018444, 37.421161], [-7.018511, 37.421179], [-7.018579, 37.421198], [-7.018646, 37.421212], [-7.018711, 37.421221], [-7.018775, 37.421226], [-7.018837, 37.421226], [-7.018897, 37.421221], [-7.018956, 37.421212], [-7.019013, 37.421198], [-7.019068, 37.42118], [-7.01912, 37.421166], [-7.019167, 37.421156], [-7.01921, 37.421152], [-7.019249, 37.421152], [-7.019284, 37.421156], [-7.019315, 37.421166], [-7.019341, 37.42118], [-7.019363, 37.421198], [-7.019397, 37.421216], [-7.01944, 37.421232], [-7.019495, 37.421247], [-7.01956, 37.42126], [-7.019637, 37.421273], [-7.019723, 37.421284], [-7.019821, 37.421294], [-7.019929, 37.421302], [-7.020024, 37.421312], [-7.020106, 37.421324], [-7.020173, 37.421337], [-7.020227, 37.421351], [-7.020268, 37.421367], [-7.020295, 37.421385], [-7.020308, 37.421404], [-7.020308, 37.421424], [-7.020303, 37.421442], [-7.020295, 37.421457], [-7.020282, 37.42147], [-7.020265, 37.42148], [-7.020244, 37.421488], [-7.020219, 37.421493], [-7.020189, 37.421495], [-7.020156, 37.421495], [-7.020122, 37.421495], [-7.020089, 37.421494], [-7.020056, 37.421493], [-7.020023, 37.421492], [-7.01999, 37.42149], [-7.019957, 37.421488], [-7.019924, 37.421486], [-7.019892, 37.421484], [-7.019854, 37.421482], [-7.019812, 37.421481], [-7.019764, 37.421481], [-7.019711, 37.421482], [-7.019653, 37.421484], [-7.01959, 37.421487], [-7.019522, 37.421491], [-7.019449, 37.421496], [-7.019378, 37.421504], [-7.01931, 37.421516], [-7.019245, 37.421531], [-7.019183, 37.421549], [-7.019123, 37.421571], [-7.019065, 37.421597], [-7.01901, 37.421625], [-7.018958, 37.421658], [-7.018911, 37.421689], [-7.018869, 37.421719], [-7.018832, 37.421749], [-7.018801, 37.421777], [-7.018774, 37.421805], [-7.018752, 37.421831], [-7.018736, 37.421857], [-7.018724, 37.421882], [-7.018719, 37.421907], [-7.018721, 37.421932], [-7.01873, 37.421957], [-7.018745, 37.421983], [-7.018767, 37.422009], [-7.018796, 37.422035], [-7.018831, 37.422061], [-7.018873, 37.422087], [-7.018912, 37.422117], [-7.018947, 37.42215], [-7.018978, 37.422187], [-7.019006, 37.422228], [-7.01903, 37.422271], [-7.019051, 37.422319], [-7.019068, 37.422369], [-7.019082, 37.422424], [-7.019095, 37.422475], [-7.01911, 37.422524], [-7.019124, 37.422571], [-7.019139, 37.422615], [-7.019153, 37.422657], [-7.019169, 37.422696], [-7.019184, 37.422733], [-7.0192, 37.422767], [-7.019218, 37.422805], [-7.01924, 37.422849], [-7.019264, 37.422897], [-7.019292, 37.42295], [-7.019322, 37.423008], [-7.019356, 37.423071], [-7.019392, 37.423138], [-7.019431, 37.423211], [-7.01946, 37.423272], [-7.019478, 37.423323], [-7.019486, 37.423363], [-7.019482, 37.423392], [-7.019468, 37.42341], [-7.019443, 37.423417], [-7.019408, 37.423414], [-7.019362, 37.423399], [-7.019317, 37.423388], [-7.019272, 37.42338], [-7.019228, 37.423375], [-7.019185, 37.423372], [-7.019143, 37.423373], [-7.019102, 37.423377], [-7.019061, 37.423384], [-7.019021, 37.423395], [-7.018986, 37.423394], [-7.018955, 37.423382], [-7.01893, 37.42336], [-7.018909, 37.423327], [-7.018893, 37.423283], [-7.018882, 37.423228], [-7.018876, 37.423163], [-7.018875, 37.423087], [-7.018868, 37.423017], [-7.018856, 37.422953], [-7.01884, 37.422895], [-7.018818, 37.422844], [-7.018791, 37.422799], [-7.018759, 37.42276], [-7.018722, 37.422727], [-7.01868, 37.422701], [-7.018642, 37.422675], [-7.018608, 37.422651], [-7.018577, 37.422628], [-7.01855, 37.422606], [-7.018527, 37.422585], [-7.018508, 37.422565], [-7.018493, 37.422546], [-7.018481, 37.422529], [-7.018467, 37.422501], [-7.01845, 37.422463], [-7.018431, 37.422414], [-7.01841, 37.422356], [-7.018385, 37.422287], [-7.018358, 37.422208], [-7.018329, 37.42212], [-7.018297, 37.42202], [-7.018258, 37.421934], [-7.018214, 37.421861], [-7.018162, 37.4218], [-7.018104, 37.421753], [-7.01804, 37.421718], [-7.017969, 37.421696], [-7.017891, 37.421687], [-7.017807, 37.421691], [-7.01774, 37.421716], [-7.017691, 37.421763], [-7.017659, 37.421831], [-7.017644, 37.42192], [-7.017647, 37.422031], [-7.017667, 37.422162], [-7.017704, 37.422316], [-7.017758, 37.42249], [-7.017813, 37.422645], [-7.01787, 37.422782], [-7.017927, 37.422899], [-7.017986, 37.422998], [-7.018045, 37.423078], [-7.018105, 37.423138], [-7.018167, 37.42318], [-7.018229, 37.423203], [-7.018283, 37.423224], [-7.018328, 37.423245], [-7.018364, 37.423265], [-7.018392, 37.423284], [-7.018411, 37.423302], [-7.018422, 37.42332], [-7.018424, 37.423336], [-7.018417, 37.423351], [-7.018411, 37.423367], [-7.018407, 37.423383], [-7.018403, 37.423399], [-7.0184, 37.423416], [-7.018399, 37.423433], [-7.018398, 37.423451], [-7.018398, 37.423468], [-7.0184, 37.423486], [-7.018396, 37.4235], [-7.018388, 37.42351], [-7.018374, 37.423516], [-7.018355, 37.423518], [-7.018331, 37.423516], [-7.018302, 37.42351], [-7.018267, 37.4235], [-7.018228, 37.423487], [-7.018188, 37.423471], [-7.018147, 37.423455], [-7.018106, 37.423438], [-7.018064, 37.423419], [-7.018021, 37.4234], [-7.017977, 37.423379], [-7.017933, 37.423357], [-7.017889, 37.423334], [-7.017844, 37.423308], [-7.0178, 37.42328], [-7.017756, 37.42325], [-7.017712, 37.423217], [-7.017669, 37.423181], [-7.017625, 37.423143], [-7.017582, 37.423102], [-7.01754, 37.423059], [-7.017498, 37.423026], [-7.017458, 37.423003], [-7.017419, 37.422991], [-7.017382, 37.42299], [-7.017345, 37.422998], [-7.01731, 37.423017], [-7.017276, 37.423047], [-7.017244, 37.423087], [-7.017213, 37.423124], [-7.017182, 37.423158], [-7.017153, 37.423189], [-7.017124, 37.423216], [-7.017097, 37.423241], [-7.017071, 37.423263], [-7.017045, 37.423282], [-7.017021, 37.423298], [-7.016998, 37.42331], [-7.016977, 37.423319], [-7.016958, 37.423324], [-7.016941, 37.423326], [-7.016926, 37.423324], [-7.016912, 37.423318], [-7.0169, 37.42331], [-7.01689, 37.423297], [-7.016882, 37.423281], [-7.016877, 37.423261], [-7.016874, 37.423236], [-7.016874, 37.423208], [-7.016877, 37.423176], [-7.016882, 37.423139], [-7.016889, 37.423099], [-7.0169, 37.423055], [-7.016903, 37.423014], [-7.016899, 37.422977], [-7.016888, 37.422944], [-7.01687, 37.422915], [-7.016845, 37.422889], [-7.016813, 37.422867], [-7.016774, 37.422849], [-7.016728, 37.422835], [-7.016686, 37.422819], [-7.016648, 37.422802], [-7.016614, 37.422783], [-7.016584, 37.422763], [-7.016558, 37.422742], [-7.016536, 37.422719], [-7.016519, 37.422694], [-7.016505, 37.422668], [-7.016501, 37.422646], [-7.016507, 37.422626], [-7.016522, 37.42261], [-7.016547, 37.422597], [-7.016582, 37.422587], [-7.016626, 37.42258], [-7.01668, 37.422577], [-7.016744, 37.422577], [-7.016803, 37.422574], [-7.016858, 37.42257], [-7.016908, 37.422564], [-7.016954, 37.422555], [-7.016995, 37.422545], [-7.017032, 37.422533], [-7.017064, 37.422518], [-7.017092, 37.422502], [-7.017113, 37.422484], [-7.017127, 37.422463], [-7.017135, 37.422441], [-7.017136, 37.422417], [-7.01713, 37.42239], [-7.017118, 37.422362], [-7.017099, 37.422332], [-7.017073, 37.4223], [-7.017045, 37.422266], [-7.017014, 37.422232], [-7.01698, 37.422195], [-7.016944, 37.422158], [-7.016906, 37.422119], [-7.016865, 37.422079], [-7.016821, 37.422038], [-7.016775, 37.421995], [-7.01673, 37.421949], [-7.016686, 37.4219], [-7.016642, 37.421847], [-7.0166, 37.421791], [-7.016559, 37.421732], [-7.016518, 37.421669], [-7.016478, 37.421603], [-7.01644, 37.421533], [-7.0164, 37.421469], [-7.016358, 37.421411], [-7.016316, 37.421358], [-7.016272, 37.42131], [-7.016227, 37.421269], [-7.016181, 37.421232], [-7.016133, 37.421202], [-7.016085, 37.421176], [-7.01604, 37.42116], [-7.015999, 37.421152], [-7.015962, 37.421152], [-7.015928, 37.421161], [-7.015899, 37.421178], [-7.015874, 37.421204], [-7.015852, 37.421239], [-7.015835, 37.421281], [-7.01582, 37.421328], [-7.015809, 37.421377], [-7.0158, 37.42143], [-7.015795, 37.421486], [-7.015793, 37.421546], [-7.015794, 37.421609], [-7.015797, 37.421675], [-7.015804, 37.421745], [-7.015806, 37.421811], [-7.015804, 37.421872], [-7.015797, 37.421929], [-7.015786, 37.421982], [-7.01577, 37.422031], [-7.015749, 37.422076], [-7.015724, 37.422117], [-7.015694, 37.422154], [-7.015667, 37.422191], [-7.015642, 37.422229], [-7.015619, 37.422267], [-7.015599, 37.422306], [-7.015581, 37.422346], [-7.015566, 37.422386], [-7.015552, 37.422427], [-7.015542, 37.422469], [-7.015529, 37.422507], [-7.015513, 37.422541], [-7.015496, 37.422571], [-7.015476, 37.422597], [-7.015453, 37.42262], [-7.015429, 37.422639], [-7.015402, 37.422653], [-7.015373, 37.422664], [-7.015344, 37.42267], [-7.015314, 37.422669], [-7.015285, 37.422663], [-7.015256, 37.422652], [-7.015226, 37.422634], [-7.015196, 37.422611], [-7.015167, 37.422583], [-7.015137, 37.422548], [-7.015113, 37.422513], [-7.015094, 37.422476], [-7.015082, 37.422437], [-7.015076, 37.422397], [-7.015075, 37.422356], [-7.01508, 37.422313], [-7.015091, 37.422269], [-7.015108, 37.422223], [-7.015122, 37.422179], [-7.015134, 37.422137], [-7.015143, 37.422096], [-7.015149, 37.422056], [-7.015152, 37.422019], [-7.015153, 37.421982], [-7.01515, 37.421948], [-7.015146, 37.421914], [-7.015142, 37.421881], [-7.01514, 37.421848], [-7.015139, 37.421816], [-7.01514, 37.421783], [-7.015142, 37.42175], [-7.015145, 37.421718], [-7.01515, 37.421685], [-7.015156, 37.421653], [-7.01516, 37.421615], [-7.015161, 37.421571], [-7.01516, 37.42152], [-7.015157, 37.421464], [-7.015151, 37.421402], [-7.015143, 37.421334], [-7.015132, 37.42126], [-7.015119, 37.421181], [-7.015102, 37.421107], [-7.01508, 37.421041], [-7.015053, 37.420982], [-7.015022, 37.420929], [-7.014987, 37.420884], [-7.014947, 37.420845], [-7.014903, 37.420813], [-7.014854, 37.420788], [-7.014802, 37.420771], [-7.014747, 37.420763], [-7.014688, 37.420763], [-7.014627, 37.420771], [-7.014562, 37.420788], [-7.014494, 37.420813], [-7.014423, 37.420846], [-7.014348, 37.420888], [-7.014275, 37.42092], [-7.014203, 37.420942], [-7.014133, 37.420953], [-7.014065, 37.420954], [-7.013997, 37.420945], [-7.013931, 37.420926], [-7.013867, 37.420896], [-7.013804, 37.420857], [-7.013747, 37.420822], [-7.013696, 37.420792], [-7.013651, 37.420768], [-7.013613, 37.420748], [-7.01358, 37.420733], [-7.013554, 37.420723], [-7.013533, 37.420717], [-7.013519, 37.420717], [-7.013502, 37.420726], [-7.013483, 37.420745], [-7.013461, 37.420772], [-7.013437, 37.420809], [-7.01341, 37.420856], [-7.013381, 37.420911], [-7.013349, 37.420976], [-7.013314, 37.421051], [-7.013282, 37.421118], [-7.013253, 37.421178], [-7.013227, 37.42123], [-7.013203, 37.421276], [-7.013181, 37.421314], [-7.013163, 37.421345], [-7.013146, 37.421369], [-7.013133, 37.421386], [-7.013114, 37.421395], [-7.013091, 37.421396], [-7.013062, 37.42139], [-7.013029, 37.421376], [-7.01299, 37.421355], [-7.012947, 37.421326], [-7.012898, 37.42129], [-7.012844, 37.421245], [-7.012797, 37.4212], [-7.012755, 37.421153], [-7.012719, 37.421104], [-7.012689, 37.421055], [-7.012664, 37.421003], [-7.012646, 37.420951], [-7.012633, 37.420897], [-7.012626, 37.420841], [-7.012618, 37.420791], [-7.012607, 37.420747], [-7.012596, 37.420709], [-7.012582, 37.420676], [-7.012567, 37.420648], [-7.01255, 37.420627], [-7.012531, 37.42061], [-7.012511, 37.4206], [-7.012487, 37.420592], [-7.01246, 37.420585], [-7.012429, 37.420581], [-7.012395, 37.420578], [-7.012357, 37.420578], [-7.012316, 37.42058], [-7.012271, 37.420584], [-7.012223, 37.42059], [-7.012179, 37.420589], [-7.012138, 37.420583], [-7.012101, 37.420569], [-7.012068, 37.42055], [-7.012039, 37.420524], [-7.012013, 37.420492], [-7.011991, 37.420453], [-7.011972, 37.420409], [-7.011953, 37.420373], [-7.011932, 37.420347], [-7.01191, 37.420331], [-7.011887, 37.420323], [-7.011863, 37.420326], [-7.011838, 37.420337], [-7.011811, 37.420359], [-7.011783, 37.420389], [-7.011759, 37.420423], [-7.011738, 37.420459], [-7.01172, 37.420498], [-7.011706, 37.420541], [-7.011696, 37.420586], [-7.011688, 37.420634], [-7.011684, 37.420685], [-7.011684, 37.420739], [-7.01169, 37.42079], [-7.011702, 37.420837], [-7.011722, 37.420881], [-7.011748, 37.420922], [-7.011781, 37.420959], [-7.01182, 37.420993], [-7.011866, 37.421023], [-7.011919, 37.421051], [-7.011967, 37.421079], [-7.012009, 37.421108], [-7.012045, 37.421138], [-7.012076, 37.42117], [-7.012101, 37.421202], [-7.012121, 37.421235], [-7.012135, 37.421269], [-7.012144, 37.421305], [-7.012155, 37.421341], [-7.012169, 37.421377], [-7.012185, 37.421414], [-7.012203, 37.421452], [-7.012224, 37.42149], [-7.012247, 37.42153], [-7.012272, 37.421569], [-7.0123, 37.42161], [-7.012323, 37.42165], [-7.01234, 37.421691], [-7.012352, 37.421732], [-7.012359, 37.421773], [-7.012361, 37.421815], [-7.012357, 37.421857], [-7.012348, 37.421899], [-7.012334, 37.421941], [-7.012334, 37.421982], [-7.012347, 37.422021], [-7.012374, 37.422059], [-7.012415, 37.422096], [-7.01247, 37.422131], [-7.012539, 37.422164], [-7.012621, 37.422196], [-7.012717, 37.422227], [-7.01281, 37.422251], [-7.012898, 37.422267], [-7.012982, 37.422277], [-7.013062, 37.422279], [-7.013139, 37.422275], [-7.013211, 37.422263], [-7.013279, 37.422244], [-7.013344, 37.422218], [-7.013406, 37.422196], [-7.013466, 37.422179], [-7.013524, 37.422166], [-7.013581, 37.422157], [-7.013635, 37.422153], [-7.013687, 37.422152], [-7.013737, 37.422156], [-7.013785, 37.422165], [-7.013832, 37.42217], [-7.013877, 37.422174], [-7.01392, 37.422174], [-7.013962, 37.422172], [-7.014003, 37.422168], [-7.014042, 37.422161], [-7.014079, 37.422151], [-7.014115, 37.422139], [-7.014151, 37.422127], [-7.014187, 37.422116], [-7.014224, 37.422106], [-7.01426, 37.422097], [-7.014297, 37.422088], [-7.014334, 37.42208], [-7.014371, 37.422072], [-7.014408, 37.422066], [-7.01444, 37.422068], [-7.014467, 37.422078], [-7.014488, 37.422098], [-7.014504, 37.422126], [-7.014515, 37.422163], [-7.01452, 37.422209], [-7.01452, 37.422264], [-7.014515, 37.422327], [-7.014513, 37.422386], [-7.014516, 37.42244], [-7.014523, 37.422489], [-7.014535, 37.422534], [-7.01455, 37.422574], [-7.01457, 37.422609], [-7.014593, 37.42264], [-7.014621, 37.422666], [-7.014646, 37.422692], [-7.014669, 37.422717], [-7.01469, 37.422741], [-7.014708, 37.422765], [-7.014724, 37.422788], [-7.014738, 37.42281], [-7.014749, 37.422832], [-7.014758, 37.422853], [-7.014769, 37.422877], [-7.014783, 37.422903], [-7.014799, 37.422932], [-7.014818, 37.422964], [-7.014839, 37.422999], [-7.014863, 37.423037], [-7.014889, 37.423077], [-7.014917, 37.42312], [-7.014952, 37.423156], [-7.014993, 37.423185], [-7.01504, 37.423206], [-7.015093, 37.423221], [-7.015152, 37.423228], [-7.015218, 37.423228], [-7.01529, 37.423221], [-7.015367, 37.423207], [-7.01544, 37.423201], [-7.015507, 37.423203], [-7.015568, 37.423213], [-7.015624, 37.423231], [-7.015674, 37.423257], [-7.015719, 37.423292], [-7.015759, 37.423334], [-7.015793, 37.423385], [-7.015829, 37.423427], [-7.015868, 37.423461], [-7.015909, 37.423487], [-7.015952, 37.423505], [-7.015998, 37.423514], [-7.016046, 37.423515], [-7.016096, 37.423508], [-7.016149, 37.423493], [-7.0162, 37.423481], [-7.016249, 37.423472], [-7.016297, 37.423466], [-7.016342, 37.423464], [-7.016385, 37.423464], [-7.016427, 37.423468], [-7.016467, 37.423475], [-7.016505, 37.423485], [-7.016539, 37.423497], [-7.016569, 37.423512], [-7.016595, 37.423528], [-7.016618, 37.423547], [-7.016636, 37.423568], [-7.016651, 37.42359], [-7.016661, 37.423615], [-7.016668, 37.423642], [-7.01667, 37.423669], [-7.016665, 37.423693], [-7.016655, 37.423717], [-7.01664, 37.42374], [-7.016618, 37.423761], [-7.016592, 37.423782], [-7.016559, 37.423801], [-7.016522, 37.423819], [-7.016492, 37.42384], [-7.01647, 37.423864], [-7.016457, 37.423891], [-7.016452, 37.42392], [-7.016455, 37.423952], [-7.016467, 37.423987], [-7.016486, 37.424024], [-7.016514, 37.424065], [-7.016523, 37.424104], [-7.016513, 37.424141], [-7.016484, 37.424177], [-7.016436, 37.424211], [-7.016369, 37.424244], [-7.016283, 37.424275], [-7.016178, 37.424305], [-7.016054, 37.424333], [-7.015943, 37.424362], [-7.015847, 37.424392], [-7.015763, 37.424424], [-7.015694, 37.424456], [-7.015637, 37.42449], [-7.015595, 37.424525], [-7.015566, 37.424561], [-7.01555, 37.424597], [-7.015547, 37.424627], [-7.015557, 37.424649], [-7.01558, 37.424664], [-7.015616, 37.424672], [-7.015664, 37.424672], [-7.015725, 37.424666], [-7.015799, 37.424651], [-7.015886, 37.42463], [-7.015965, 37.424614], [-7.016037, 37.424603], [-7.016101, 37.424597], [-7.016157, 37.424597], [-7.016206, 37.424602], [-7.016248, 37.424612], [-7.016282, 37.424627], [-7.016308, 37.424648], [-7.016338, 37.424661], [-7.016373, 37.424666], [-7.01641, 37.424664], [-7.016452, 37.424653], [-7.016497, 37.424635], [-7.016547, 37.424609], [-7.0166, 37.424575], [-7.016657, 37.424534], [-7.016706, 37.424491], [-7.016748, 37.424447], [-7.016783, 37.424402], [-7.01681, 37.424356], [-7.01683, 37.424309], [-7.016843, 37.424261], [-7.016848, 37.424211], [-7.016846, 37.42416], [-7.016854, 37.424116], [-7.016872, 37.424078], [-7.0169, 37.424046], [-7.016938, 37.424021], [-7.016986, 37.424002], [-7.017044, 37.423989], [-7.017111, 37.423983], [-7.017189, 37.423983], [-7.017263, 37.423977], [-7.017334, 37.423964], [-7.0174, 37.423945], [-7.017463, 37.423919], [-7.017522, 37.423887], [-7.017577, 37.423849], [-7.017628, 37.423804], [-7.017675, 37.423753], [-7.017726, 37.423712], [-7.017781, 37.423681], [-7.017839, 37.423661], [-7.017901, 37.42365], [-7.017966, 37.42365], [-7.018035, 37.42366], [-7.018108, 37.423681], [-7.018184, 37.423711], [-7.018251, 37.42374], [-7.01831, 37.423767], [-7.01836, 37.423792], [-7.018401, 37.423816], [-7.018434, 37.423838], [-7.018458, 37.423858], [-7.018473, 37.423877], [-7.01848, 37.423894], [-7.018483, 37.423911], [-7.018483, 37.42393], [-7.01848, 37.423949], [-7.018474, 37.423969], [-7.018464, 37.42399], [-7.018452, 37.424012], [-7.018436, 37.424034], [-7.018417, 37.424057], [-7.018403, 37.424084], [-7.018394, 37.424113], [-7.018389, 37.424146], [-7.018389, 37.424181], [-7.018394, 37.424219], [-7.018403, 37.424261], [-7.018418, 37.424306], [-7.018437, 37.424353], [-7.018461, 37.424394], [-7.018492, 37.424428], [-7.018529, 37.424455], [-7.018571, 37.424476], [-7.018619, 37.42449], [-7.018673, 37.424497], [-7.018733, 37.424498], [-7.018799, 37.424491], [-7.01886, 37.42449], [-7.018917, 37.424493], [-7.018969, 37.424501], [-7.019016, 37.424514], [-7.019059, 37.424531], [-7.019097, 37.424553], [-7.019131, 37.42458], [-7.01916, 37.424611], [-7.01919, 37.42464], [-7.019222, 37.424667], [-7.019254, 37.42469], [-7.019288, 37.424711], [-7.019322, 37.424729], [-7.019358, 37.424744], [-7.019395, 37.424757], [-7.019433, 37.424767], [-7.019473, 37.424768], [-7.019516, 37.424758], [-7.019561, 37.424738], [-7.019608, 37.424708], [-7.019658, 37.424668], [-7.01971, 37.424618], [-7.019765, 37.424558], [-7.019821, 37.424488], [-7.019868, 37.424424], [-7.019903, 37.424364], [-7.019928, 37.424309], [-7.019942, 37.42426], [-7.019945, 37.424216], [-7.019938, 37.424177], [-7.01992, 37.424143], [-7.019892, 37.424114], [-7.019869, 37.424086], [-7.019853, 37.424058], [-7.019842, 37.424031], [-7.019837, 37.424005], [-7.019838, 37.42398], [-7.019846, 37.423955], [-7.019859, 37.423931], [-7.019877, 37.423908], [-7.0199, 37.423883], [-7.019927, 37.423855], [-7.019958, 37.423825], [-7.019992, 37.423794], [-7.020031, 37.42376], [-7.020073, 37.423724], [-7.020119, 37.423685], [-7.020169, 37.423645], [-7.020217, 37.423612], [-7.020261, 37.423586], [-7.020304, 37.423567], [-7.020343, 37.423556], [-7.02038, 37.423552], [-7.020415, 37.423555], [-7.020446, 37.423565], [-7.020476, 37.423582], [-7.020501, 37.423599], [-7.020524, 37.423616], [-7.020544, 37.423632], [-7.02056, 37.423647], [-7.020573, 37.423663], [-7.020583, 37.423677], [-7.02059, 37.423692], [-7.020593, 37.423705], [-7.020598, 37.423724], [-7.020604, 37.423748], [-7.020611, 37.423777], [-7.02062, 37.423811], [-7.020629, 37.42385], [-7.020641, 37.423894], [-7.020653, 37.423943], [-7.020666, 37.423997], [-7.020681, 37.424048], [-7.020697, 37.424096], [-7.020713, 37.424141], [-7.020731, 37.424183], [-7.020749, 37.424222], [-7.020769, 37.424258], [-7.02079, 37.424291], [-7.020812, 37.424321], [-7.020835, 37.42435], [-7.020861, 37.424378], [-7.020888, 37.424405], [-7.020918, 37.424431], [-7.020949, 37.424455], [-7.020983, 37.424479], [-7.021018, 37.424502], [-7.021055, 37.424523], [-7.021091, 37.424546], [-7.021126, 37.42457], [-7.021159, 37.424596], [-7.02119, 37.424623], [-7.02122, 37.424651], [-7.021249, 37.424681], [-7.021276, 37.424711], [-7.021302, 37.424744], [-7.021322, 37.424777], [-7.021336, 37.424811], [-7.021344, 37.424847], [-7.021346, 37.424883], [-7.021342, 37.424921], [-7.021332, 37.424959], [-7.021316, 37.424999], [-7.021295, 37.42504], [-7.02128, 37.425079], [-7.021273, 37.425116], [-7.021273, 37.425152], [-7.021279, 37.425187], [-7.021293, 37.425219], [-7.021314, 37.42525], [-7.021343, 37.425279], [-7.021378, 37.425307], [-7.021414, 37.425328], [-7.02145, 37.425344], [-7.021488, 37.425353], [-7.021526, 37.425356], [-7.021564, 37.425353], [-7.021603, 37.425343], [-7.021643, 37.425328], [-7.021684, 37.425306], [-7.021717, 37.425283], [-7.021743, 37.425258], [-7.021761, 37.425231], [-7.021771, 37.425202], [-7.021774, 37.425171], [-7.021769, 37.425139], [-7.021757, 37.425105], [-7.021738, 37.425068], [-7.021723, 37.425036], [-7.021714, 37.425008], [-7.021711, 37.424984], [-7.021713, 37.424964], [-7.02172, 37.424947], [-7.021733, 37.424935], [-7.021752, 37.424927], [-7.021775, 37.424923], [-7.021804, 37.424919], [-7.021838, 37.424916], [-7.021876, 37.424913], [-7.02192, 37.42491], [-7.021969, 37.424909], [-7.022022, 37.424907], [-7.022081, 37.424907], [-7.022145, 37.424906], [-7.022205, 37.424907], [-7.022262, 37.424908], [-7.022315, 37.424909], [-7.022366, 37.424912], [-7.022412, 37.424914], [-7.022456, 37.424918], [-7.022496, 37.424922], [-7.022532, 37.424927], [-7.022573, 37.424926], [-7.022619, 37.424921], [-7.022669, 37.42491], [-7.022723, 37.424895], [-7.022782, 37.424874], [-7.022846, 37.424848], [-7.022914, 37.424818], [-7.022986, 37.424782], [-7.02305, 37.424755], [-7.023106, 37.424738], [-7.023154, 37.42473], [-7.023193, 37.424731], [-7.023224, 37.424742], [-7.023247, 37.424762], [-7.023261, 37.424791], [-7.023267, 37.42483], [-7.023278, 37.424859], [-7.023293, 37.42488], [-7.023312, 37.424892], [-7.023336, 37.424895], [-7.023364, 37.424888], [-7.023397, 37.424873], [-7.023433, 37.424849], [-7.023475, 37.424816], [-7.023514, 37.424785], [-7.023551, 37.424756], [-7.023585, 37.424728], [-7.023618, 37.424702], [-7.023648, 37.424678], [-7.023676, 37.424656], [-7.023702, 37.424636], [-7.023726, 37.424617], [-7.023746, 37.424604], [-7.023763, 37.424597], [-7.023776, 37.424595], [-7.023786, 37.424599], [-7.023792, 37.424609], [-7.023795, 37.424624], [-7.023795, 37.424644], [-7.023791, 37.424671], [-7.02379, 37.424697], [-7.023792, 37.424725], [-7.023798, 37.424752], [-7.023807, 37.424781], [-7.023819, 37.424809], [-7.023834, 37.424838], [-7.023852, 37.424868], [-7.023874, 37.424898], [-7.023899, 37.424923], [-7.023926, 37.424943], [-7.023956, 37.424958], [-7.023988, 37.424967], [-7.024023, 37.424972], [-7.024061, 37.424971], [-7.024102, 37.424966], [-7.024145, 37.424955], [-7.024186, 37.424944], [-7.024224, 37.424932], [-7.024258, 37.42492], [-7.024291, 37.424907], [-7.02432, 37.424893], [-7.024347, 37.424879], [-7.02437, 37.424864], [-7.024391, 37.424849], [-7.024417, 37.424834], [-7.024449, 37.424817], [-7.024485, 37.4248], [-7.024527, 37.424783], [-7.024574, 37.424765], [-7.024626, 37.424746], [-7.024683, 37.424727], [-7.024745, 37.424707], [-7.024802, 37.424694], [-7.024853, 37.424689], [-7.024898, 37.424692], [-7.024938, 37.424702], [-7.024972, 37.424719], [-7.025, 37.424743], [-7.025023, 37.424776], [-7.02504, 37.424815], [-7.025064, 37.424848], [-7.025097, 37.424876], [-7.025137, 37.424897], [-7.025185, 37.424913], [-7.025241, 37.424922], [-7.025305, 37.424925], [-7.025376, 37.424922], [-7.025456, 37.424914], [-7.025535, 37.424909], [-7.025613, 37.424909], [-7.025692, 37.424913], [-7.02577, 37.424922], [-7.025848, 37.424934], [-7.025926, 37.424951], [-7.026003, 37.424973], [-7.026081, 37.424998], [-7.02615, 37.425014], [-7.02621, 37.425018], [-7.026262, 37.425012], [-7.026306, 37.424996], [-7.026341, 37.424969], [-7.026368, 37.424931], [-7.026386, 37.424883], [-7.026396, 37.424825], [-7.026412, 37.42478], [-7.026432, 37.424748], [-7.026458, 37.424731], [-7.026489, 37.424726], [-7.026525, 37.424736], [-7.026566, 37.424759], [-7.026612, 37.424795], [-7.026664, 37.424846], [-7.026714, 37.424883], [-7.026762, 37.424907], [-7.02681, 37.424919], [-7.026855, 37.424918], [-7.0269, 37.424904], [-7.026942, 37.424877], [-7.026984, 37.424837], [-7.027024, 37.424784], [-7.027066, 37.424737], [-7.02711, 37.424694], [-7.027156, 37.424656], [-7.027204, 37.424623], [-7.027255, 37.424595], [-7.027308, 37.424572], [-7.027362, 37.424554], [-7.027419, 37.424541], [-7.027473, 37.424529], [-7.027525, 37.424518], [-7.027573, 37.424508], [-7.027619, 37.4245], [-7.027662, 37.424493], [-7.027702, 37.424487], [-7.027739, 37.424482], [-7.027774, 37.424479], [-7.027811, 37.424477], [-7.02785, 37.424476], [-7.027893, 37.424476], [-7.027937, 37.424478], [-7.027985, 37.424481], [-7.028034, 37.424486], [-7.028087, 37.424491], [-7.028142, 37.424499], [-7.028189, 37.424511], [-7.028229, 37.424528], [-7.028261, 37.424551], [-7.028286, 37.424579], [-7.028303, 37.424613], [-7.028313, 37.424651], [-7.028315, 37.424695], [-7.02831, 37.424744], [-7.02831, 37.424802], [-7.028317, 37.424867], [-7.02833, 37.424941], [-7.028348, 37.425022], [-7.028373, 37.425112], [-7.028404, 37.42521], [-7.028441, 37.425316], [-7.028484, 37.42543], [-7.028525, 37.42554], [-7.028565, 37.425646], [-7.028603, 37.425747], [-7.02864, 37.425844], [-7.028675, 37.425936], [-7.028709, 37.426024], [-7.028741, 37.426108], [-7.028771, 37.426188], [-7.028803, 37.426262], [-7.028834, 37.426332], [-7.028867, 37.426398], [-7.0289, 37.426458], [-7.028933, 37.426514], [-7.028967, 37.426566], [-7.029002, 37.426612], [-7.029037, 37.426654], [-7.029072, 37.426695], [-7.029106, 37.426737], [-7.02914, 37.426778], [-7.029173, 37.426818], [-7.029206, 37.426859], [-7.029238, 37.426899], [-7.02927, 37.426939], [-7.029301, 37.426979], [-7.029333, 37.42702], [-7.029366, 37.427062], [-7.0294, 37.427106], [-7.029434, 37.42715], [-7.029469, 37.427196], [-7.029505, 37.427244], [-7.029541, 37.427292], [-7.029579, 37.427342], [-7.029618, 37.427394], [-7.02966, 37.427446], [-7.029703, 37.4275], [-7.029749, 37.427556], [-7.029797, 37.427613], [-7.029847, 37.427671], [-7.029899, 37.427731], [-7.029954, 37.427792], [-7.030007, 37.427847], [-7.030061, 37.427898], [-7.030114, 37.427943], [-7.030166, 37.427983], [-7.030219, 37.428018], [-7.03027, 37.428048], [-7.030322, 37.428072], [-7.030372, 37.428091], [-7.030417, 37.428114], [-7.030454, 37.428139], [-7.030485, 37.428169], [-7.030509, 37.428201], [-7.030526, 37.428237], [-7.030537, 37.428276], [-7.030541, 37.428319], [-7.030538, 37.428364], [-7.030538, 37.428406], [-7.03054, 37.428443], [-7.030545, 37.428476], [-7.030552, 37.428504], [-7.030562, 37.428529], [-7.030574, 37.428548], [-7.030589, 37.428564], [-7.030605, 37.428575], [-7.030623, 37.428586], [-7.030641, 37.428597], [-7.030659, 37.428608], [-7.030678, 37.428618], [-7.030697, 37.428629], [-7.030716, 37.42864], [-7.030736, 37.42865], [-7.030756, 37.428661], [-7.030779, 37.428672], [-7.030805, 37.428683], [-7.030834, 37.428696], [-7.030866, 37.428708], [-7.0309, 37.428722], [-7.030937, 37.428735], [-7.030977, 37.42875], [-7.03102, 37.428765], [-7.031059, 37.428779], [-7.031095, 37.428793], [-7.031127, 37.428806], [-7.031156, 37.428819], [-7.031181, 37.428832], [-7.031203, 37.428844], [-7.031221, 37.428855], [-7.031236, 37.428866], [-7.031258, 37.428876], [-7.031288, 37.428886], [-7.031326, 37.428896], [-7.03137, 37.428904], [-7.031422, 37.428913], [-7.031482, 37.428921], [-7.031549, 37.428928], [-7.031624, 37.428935], [-7.031698, 37.428943], [-7.031772, 37.428954], [-7.031846, 37.428966], [-7.031919, 37.42898], [-7.031993, 37.428995], [-7.032066, 37.429013], [-7.032139, 37.429032], [-7.032211, 37.429053], [-7.032285, 37.429072], [-7.032359, 37.42909], [-7.032435, 37.429108], [-7.032511, 37.429123], [-7.032589, 37.429138], [-7.032668, 37.429151], [-7.032747, 37.429163], [-7.032828, 37.429174], [-7.03291, 37.429191], [-7.032995, 37.429214], [-7.033081, 37.429243], [-7.03317, 37.429278], [-7.03326, 37.429319], [-7.033353, 37.429366], [-7.033447, 37.429419], [-7.033543, 37.429478], [-7.033634, 37.429533], [-7.033721, 37.429583], [-7.033802, 37.429629], [-7.033878, 37.42967], [-7.033948, 37.429707], [-7.034014, 37.42974], [-7.034075, 37.429768], [-7.03413, 37.429792], [-7.03418, 37.429826], [-7.034224, 37.42987], [-7.034262, 37.429923], [-7.034294, 37.429987], [-7.03432, 37.430061], [-7.03434, 37.430144], [-7.034354, 37.430238], [-7.034362, 37.430341], [-7.034372, 37.430433], [-7.034383, 37.430513], [-7.034396, 37.430581], [-7.03441, 37.430637], [-7.034426, 37.430682], [-7.034443, 37.430715], [-7.034461, 37.430736], [-7.034481, 37.430745], [-7.034499, 37.430757], [-7.034513, 37.430773], [-7.034525, 37.430791], [-7.034533, 37.430812], [-7.034539, 37.430836], [-7.034543, 37.430863], [-7.034543, 37.430893], [-7.034541, 37.430925], [-7.034535, 37.430952], [-7.034526, 37.430972], [-7.034514, 37.430986], [-7.034498, 37.430994], [-7.034479, 37.430996], [-7.034457, 37.430991], [-7.034431, 37.43098], [-7.034402, 37.430962], [-7.034372, 37.43094], [-7.034341, 37.430914], [-7.03431, 37.430883], [-7.034278, 37.430848], [-7.034246, 37.430808], [-7.034212, 37.430764], [-7.034178, 37.430715], [-7.034144, 37.430662], [-7.03411, 37.430611], [-7.034076, 37.430563], [-7.034044, 37.430518], [-7.034012, 37.430476], [-7.033981, 37.430436], [-7.03395, 37.430399], [-7.03392, 37.430365], [-7.033891, 37.430333], [-7.033861, 37.430304], [-7.033831, 37.430277], [-7.033799, 37.430252], [-7.033767, 37.43023], [-7.033734, 37.43021], [-7.0337, 37.430192], [-7.033666, 37.430176], [-7.03363, 37.430163], [-7.033599, 37.430154], [-7.033572, 37.430151], [-7.033548, 37.430152], [-7.033528, 37.430158], [-7.033513, 37.43017], [-7.033501, 37.430186], [-7.033493, 37.430207], [-7.033489, 37.430234], [-7.033491, 37.430262], [-7.033498, 37.430293], [-7.033512, 37.430325], [-7.033531, 37.43036], [-7.033557, 37.430397], [-7.033588, 37.430436], [-7.033624, 37.430477], [-7.033667, 37.43052], [-7.033705, 37.430561], [-7.033739, 37.4306], [-7.033768, 37.430636], [-7.033792, 37.43067], [-7.033812, 37.430701], [-7.033828, 37.43073], [-7.033838, 37.430757], [-7.033844, 37.430781], [-7.033847, 37.43081], [-7.033847, 37.430843], [-7.033843, 37.43088], [-7.033835, 37.430921], [-7.033824, 37.430966], [-7.03381, 37.431015], [-7.033793, 37.431069], [-7.033772, 37.431127], [-7.033751, 37.43118], [-7.033729, 37.431228], [-7.033708, 37.431272], [-7.033686, 37.431312], [-7.033663, 37.431347], [-7.033641, 37.431377], [-7.033618, 37.431403], [-7.033595, 37.431424], [-7.033572, 37.431438], [-7.033549, 37.431446], [-7.033527, 37.431447], [-7.033504, 37.431441], [-7.033481, 37.431429], [-7.033459, 37.431409], [-7.033436, 37.431383], [-7.033414, 37.431351], [-7.033386, 37.431326], [-7.033354, 37.43131], [-7.033317, 37.431302], [-7.033274, 37.431303], [-7.033227, 37.431312], [-7.033175, 37.431329], [-7.033117, 37.431355], [-7.033055, 37.431389], [-7.033003, 37.43142], [-7.032962, 37.431448], [-7.03293, 37.431473], [-7.032909, 37.431496], [-7.032899, 37.431515], [-7.032898, 37.431531], [-7.032908, 37.431545], [-7.032929, 37.431555], [-7.03295, 37.431564], [-7.032973, 37.43157], [-7.032997, 37.431575], [-7.033023, 37.431577], [-7.033049, 37.431577], [-7.033077, 37.431576], [-7.033107, 37.431572], [-7.033137, 37.431567], [-7.033166, 37.431566], [-7.033194, 37.431571], [-7.03322, 37.431581], [-7.033245, 37.431597], [-7.033269, 37.431617], [-7.033292, 37.431643], [-7.033313, 37.431674], [-7.033332, 37.43171], [-7.033361, 37.431755], [-7.033399, 37.431809], [-7.033445, 37.431872], [-7.0335, 37.431945], [-7.033565, 37.432026], [-7.033638, 37.432116], [-7.03372, 37.432215], [-7.033811, 37.432323], [-7.033882, 37.432424], [-7.033934, 37.432518], [-7.033966, 37.432603], [-7.033979, 37.432682], [-7.033972, 37.432753], [-7.033945, 37.432817], [-7.033899, 37.432873], [-7.033834, 37.432922], [-7.033778, 37.432972], [-7.033731, 37.433023], [-7.033694, 37.433075], [-7.033667, 37.433128], [-7.033649, 37.433182], [-7.033641, 37.433238], [-7.033642, 37.433294], [-7.033653, 37.433352], [-7.033675, 37.433417], [-7.033707, 37.433491], [-7.033751, 37.433572], [-7.033805, 37.433662], [-7.033871, 37.433759], [-7.033947, 37.433864], [-7.034033, 37.433977], [-7.034131, 37.434098], [-7.034228, 37.434217], [-7.034322, 37.434334], [-7.034416, 37.434449], [-7.034508, 37.434561], [-7.034598, 37.434671], [-7.034687, 37.434779], [-7.034775, 37.434885], [-7.034861, 37.434988], [-7.034956, 37.435064], [-7.03506, 37.435112], [-7.035172, 37.435134], [-7.035292, 37.435127], [-7.035361, 37.43512], [-7.035377, 37.435113], [-7.03539, 37.435121], [-7.0354, 37.435144], [-7.035627, 37.435334], [-7.036073, 37.435692], [-7.036602, 37.436095], [-7.037215, 37.436545], [-7.037871, 37.437015], [-7.03857, 37.437503], [-7.039098, 37.437749], [-7.039455, 37.437753], [-7.039731, 37.437761], [-7.039926, 37.437772], [-7.039994, 37.437909], [-7.039935, 37.438174], [-7.040068, 37.438338], [-7.040392, 37.438402], [-7.040886, 37.438343], [-7.041551, 37.43816], [-7.042066, 37.438124], [-7.04243, 37.438235], [-7.042955, 37.438278], [-7.043641, 37.438253], [-7.044171, 37.437995], [-7.044547, 37.437503], [-7.044502, 37.437015], [-7.044034, 37.436531], [-7.043802, 37.436258], [-7.043805, 37.436195], [-7.04392, 37.435886], [-7.044145, 37.435329], [-7.044115, 37.434981], [-7.04383, 37.434841], [-7.043546, 37.434727], [-7.043265, 37.434639], [-7.042637, 37.434358], [-7.041662, 37.433881], [-7.041143, 37.433556], [-7.04108, 37.433383], [-7.040936, 37.433098], [-7.040711, 37.4327], [-7.040341, 37.43249], [-7.039827, 37.432469], [-7.039524, 37.432392], [-7.039433, 37.432261], [-7.039394, 37.43219], [-7.039406, 37.43218], [-7.039461, 37.432134], [-7.039559, 37.432052], [-7.039648, 37.431975], [-7.039729, 37.431904], [-7.03981, 37.431828], [-7.039889, 37.431747], [-7.039969, 37.431662], [-7.040047, 37.431573], [-7.040125, 37.431479], [-7.040202, 37.43138], [-7.040278, 37.431277], [-7.040354, 37.43117], [-7.040426, 37.431066], [-7.040495, 37.430966], [-7.04056, 37.430869], [-7.040621, 37.430775], [-7.040679, 37.430685], [-7.040734, 37.430599], [-7.040784, 37.430516], [-7.040832, 37.430436], [-7.040879, 37.430371], [-7.040925, 37.43032], [-7.040971, 37.430283], [-7.041017, 37.430261], [-7.041062, 37.430253], [-7.041107, 37.430259], [-7.041152, 37.430279], [-7.041196, 37.430313], [-7.041246, 37.430337], [-7.041304, 37.430351], [-7.041368, 37.430354], [-7.041439, 37.430347], [-7.041516, 37.430329], [-7.0416, 37.430301], [-7.041691, 37.430263], [-7.041789, 37.430214], [-7.04188, 37.430167], [-7.041964, 37.430123], [-7.042042, 37.430081], [-7.042113, 37.430041], [-7.042178, 37.430003], [-7.042237, 37.429967], [-7.042288, 37.429934], [-7.042334, 37.429903], [-7.042375, 37.429873], [-7.042412, 37.429844], [-7.042444, 37.429815], [-7.042473, 37.429787], [-7.042497, 37.42976], [-7.042517, 37.429734], [-7.042533, 37.429708], [-7.042544, 37.429683], [-7.042551, 37.429658], [-7.042555, 37.429633], [-7.042554, 37.429607], [-7.042549, 37.429581], [-7.04254, 37.429555], [-7.042528, 37.429528], [-7.042511, 37.429501], [-7.042489, 37.429474], [-7.042471, 37.429448], [-7.042454, 37.429424], [-7.04244, 37.429402], [-7.042427, 37.429381], [-7.042417, 37.429363], [-7.04241, 37.429346], [-7.042404, 37.42933], [-7.0424, 37.429317], [-7.042394, 37.429301], [-7.042384, 37.429284], [-7.042371, 37.429265], [-7.042355, 37.429243], [-7.042336, 37.42922], [-7.042314, 37.429195], [-7.042289, 37.429168], [-7.04226, 37.42914], [-7.042228, 37.42911], [-7.042191, 37.429081], [-7.04215, 37.429051], [-7.042106, 37.429021], [-7.042057, 37.428991], [-7.042004, 37.42896], [-7.041947, 37.428929], [-7.041886, 37.428897], [-7.041832, 37.428867], [-7.041785, 37.428838], [-7.041745, 37.42881], [-7.041711, 37.428784], [-7.041685, 37.428758], [-7.041666, 37.428734], [-7.041653, 37.428711], [-7.041648, 37.42869], [-7.041647, 37.428668], [-7.041652, 37.428648], [-7.041661, 37.428628], [-7.041676, 37.428608], [-7.041695, 37.428589], [-7.04172, 37.42857], [-7.041749, 37.428552], [-7.041784, 37.428534], [-7.041818, 37.428521], [-7.041852, 37.428511], [-7.041886, 37.428505], [-7.041919, 37.428503], [-7.041952, 37.428506], [-7.041984, 37.428512], [-7.042016, 37.428522], [-7.042048, 37.428536], [-7.042085, 37.428547], [-7.042127, 37.428554], [-7.042173, 37.428558], [-7.042225, 37.428558], [-7.042281, 37.428555], [-7.042342, 37.428549], [-7.042409, 37.42854], [-7.04248, 37.428527], [-7.042555, 37.428518], [-7.042635, 37.428514], [-7.042719, 37.428515], [-7.042807, 37.42852], [-7.042899, 37.42853], [-7.042995, 37.428544], [-7.043096, 37.428563], [-7.043201, 37.428587], [-7.043301, 37.428609], [-7.043395, 37.428631], [-7.043483, 37.428652], [-7.043566, 37.428673], [-7.043644, 37.428692], [-7.043716, 37.428711], [-7.043783, 37.428729], [-7.043844, 37.428746], [-7.043903, 37.428762], [-7.04396, 37.428776], [-7.044016, 37.428789], [-7.044071, 37.428801], [-7.044123, 37.428811], [-7.044174, 37.428819], [-7.044223, 37.428826], [-7.04427, 37.428832], [-7.044317, 37.428832], [-7.044362, 37.428826], [-7.044407, 37.428815], [-7.044451, 37.428799], [-7.044493, 37.428777], [-7.044535, 37.428749], [-7.044576, 37.428716], [-7.044616, 37.428678], [-7.044655, 37.428649], [-7.044694, 37.42863], [-7.044732, 37.428621], [-7.044769, 37.428621], [-7.044806, 37.428631], [-7.044842, 37.428651], [-7.044877, 37.42868], [-7.044911, 37.428719], [-7.044947, 37.428751], [-7.044985, 37.428776], [-7.045023, 37.428794], [-7.045063, 37.428805], [-7.045105, 37.42881], [-7.045147, 37.428807], [-7.045191, 37.428797], [-7.045237, 37.42878], [-7.045282, 37.428773], [-7.045327, 37.428777], [-7.045372, 37.42879], [-7.045417, 37.428813], [-7.045461, 37.428846], [-7.045506, 37.428889], [-7.04555, 37.428942], [-7.045594, 37.429004], [-7.04564, 37.429058], [-7.045689, 37.429102], [-7.045739, 37.429138], [-7.045792, 37.429163], [-7.045846, 37.42918], [-7.045903, 37.429187], [-7.045962, 37.429186], [-7.046023, 37.429174], [-7.046072, 37.42916], [-7.04611, 37.429142], [-7.046137, 37.42912], [-7.046152, 37.429094], [-7.046155, 37.429065], [-7.046147, 37.429033], [-7.046127, 37.428997], [-7.046096, 37.428957], [-7.046076, 37.42892], [-7.046068, 37.428885], [-7.046072, 37.428853], [-7.046088, 37.428823], [-7.046115, 37.428796], [-7.046154, 37.428771], [-7.046204, 37.428749], [-7.046267, 37.428729], [-7.046326, 37.428709], [-7.046382, 37.42869], [-7.046435, 37.42867], [-7.046485, 37.428651], [-7.046532, 37.428632], [-7.046576, 37.428614], [-7.046617, 37.428595], [-7.046655, 37.428577], [-7.046684, 37.428553], [-7.046703, 37.428522], [-7.046712, 37.428486], [-7.046712, 37.428443], [-7.046702, 37.428395], [-7.046683, 37.42834], [-7.046655, 37.428279], [-7.046617, 37.428213], [-7.046579, 37.428146], [-7.046542, 37.42808], [-7.046506, 37.428014], [-7.04647, 37.427948], [-7.046434, 37.427882], [-7.046399, 37.427817], [-7.046365, 37.427752], [-7.046331, 37.427688], [-7.046308, 37.427625], [-7.046296, 37.427566], [-7.046296, 37.427509], [-7.046307, 37.427454], [-7.04633, 37.427402], [-7.046363, 37.427353], [-7.046408, 37.427306], [-7.046464, 37.427262], [-7.046513, 37.42722], [-7.046553, 37.42718], [-7.046586, 37.427142], [-7.04661, 37.427106], [-7.046627, 37.427073], [-7.046636, 37.427041], [-7.046637, 37.427012], [-7.04663, 37.426985], [-7.046622, 37.426958], [-7.046613, 37.426932], [-7.046603, 37.426907], [-7.046591, 37.426882], [-7.046578, 37.426858], [-7.046564, 37.426834], [-7.046549, 37.426811], [-7.046533, 37.426789], [-7.046516, 37.426765], [-7.046497, 37.426742], [-7.046478, 37.426718], [-7.046458, 37.426693], [-7.046436, 37.426668], [-7.046414, 37.426642], [-7.04639, 37.426616], [-7.046366, 37.426589], [-7.04634, 37.426566], [-7.046312, 37.426547], [-7.046283, 37.426532], [-7.046251, 37.426521], [-7.046218, 37.426513], [-7.046184, 37.42651], [-7.046148, 37.42651], [-7.04611, 37.426514], [-7.046074, 37.426515], [-7.04604, 37.426514], [-7.046008, 37.426509], [-7.045977, 37.426502], [-7.045949, 37.426492], [-7.045923, 37.426479], [-7.045899, 37.426463], [-7.045876, 37.426444], [-7.045854, 37.426425], [-7.045832, 37.426404], [-7.04581, 37.426382], [-7.045788, 37.426359], [-7.045767, 37.426335], [-7.045745, 37.42631], [-7.045724, 37.426284], [-7.045703, 37.426256], [-7.045692, 37.426232], [-7.04569, 37.426212], [-7.045698, 37.426195], [-7.045716, 37.426182], [-7.045744, 37.426173], [-7.045782, 37.426166], [-7.045829, 37.426164], [-7.045886, 37.426165], [-7.045942, 37.426167], [-7.045999, 37.426171], [-7.046056, 37.426176], [-7.046112, 37.426183], [-7.046169, 37.426191], [-7.046225, 37.426201], [-7.046282, 37.426212], [-7.046338, 37.426224], [-7.046398, 37.426241], [-7.046461, 37.426263], [-7.046527, 37.42629], [-7.046597, 37.426321], [-7.04667, 37.426357], [-7.046747, 37.426398], [-7.046827, 37.426443], [-7.04691, 37.426493], [-7.046986, 37.426539], [-7.047055, 37.42658], [-7.047117, 37.426617], [-7.047171, 37.42665], [-7.047218, 37.426678], [-7.047257, 37.426702], [-7.04729, 37.426721], [-7.047315, 37.426737], [-7.047345, 37.426753], [-7.047379, 37.42677], [-7.047418, 37.426788], [-7.047462, 37.426807], [-7.04751, 37.426827], [-7.047563, 37.426848], [-7.047621, 37.42687], [-7.047683, 37.426892], [-7.047748, 37.426912], [-7.047814, 37.42693], [-7.047883, 37.426945], [-7.047953, 37.426958], [-7.048026, 37.426968], [-7.0481, 37.426976], [-7.048177, 37.426981], [-7.048255, 37.426984], [-7.04833, 37.426988], [-7.048402, 37.426994], [-7.04847, 37.427002], [-7.048534, 37.427012], [-7.048595, 37.427023], [-7.048652, 37.427036], [-7.048706, 37.427051], [-7.048756, 37.427067], [-7.048809, 37.427088], [-7.048865, 37.427113], [-7.048924, 37.427143], [-7.048986, 37.427177], [-7.04905, 37.427215], [-7.049118, 37.427258], [-7.049188, 37.427306], [-7.049261, 37.427358], [-7.049331, 37.427406], [-7.049398, 37.42745], [-7.049462, 37.427491], [-7.049523, 37.427528], [-7.049581, 37.427562], [-7.049635, 37.427592], [-7.049686, 37.427618], [-7.049734, 37.42764], [-7.049782, 37.427662], [-7.049829, 37.427683], [-7.049875, 37.427704], [-7.049921, 37.427724], [-7.049966, 37.427743], [-7.050011, 37.427762], [-7.050055, 37.42778], [-7.050098, 37.427798], [-7.050165, 37.427823], [-7.050256, 37.427856], [-7.05037, 37.427897], [-7.050508, 37.427946], [-7.05067, 37.428002], [-7.050855, 37.428066], [-7.051064, 37.428138], [-7.051296, 37.428218], [-7.051499, 37.428284], [-7.051672, 37.428338], [-7.051815, 37.428378], [-7.051928, 37.428406], [-7.052011, 37.428421], [-7.052065, 37.428422], [-7.052089, 37.428411], [-7.052082, 37.428386], [-7.052063, 37.428361], [-7.052031, 37.428335], [-7.051986, 37.428308], [-7.051927, 37.428281], [-7.051856, 37.428252], [-7.051772, 37.428223], [-7.051674, 37.428193], [-7.051564, 37.428162], [-7.051464, 37.42813], [-7.051376, 37.428098], [-7.051298, 37.428066], [-7.051231, 37.428032], [-7.051175, 37.427999], [-7.05113, 37.427964], [-7.051096, 37.427929], [-7.051073, 37.427894], [-7.05107, 37.427846], [-7.051087, 37.427786], [-7.051124, 37.427715], [-7.05118, 37.42763], [-7.051257, 37.427534], [-7.051354, 37.427426], [-7.05147, 37.427305], [-7.051607, 37.427173], [-7.05173, 37.427049], [-7.051841, 37.426936], [-7.051938, 37.426832], [-7.052022, 37.426737], [-7.052093, 37.426651], [-7.052151, 37.426576], [-7.052196, 37.426509], [-7.052228, 37.426453], [-7.052259, 37.426406], [-7.05229, 37.42637], [-7.05232, 37.426344], [-7.05235, 37.426329], [-7.052379, 37.426324], [-7.052408, 37.426329], [-7.052436, 37.426345], [-7.052464, 37.426371], [-7.052488, 37.426397], [-7.052509, 37.426423], [-7.052526, 37.426449], [-7.05254, 37.426475], [-7.05255, 37.426501], [-7.052556, 37.426527], [-7.052559, 37.426552], [-7.052559, 37.426578], [-7.052565, 37.426607], [-7.052579, 37.42664], [-7.0526, 37.426677], [-7.052627, 37.426717], [-7.052662, 37.426761], [-7.052704, 37.426809], [-7.052754, 37.42686], [-7.05281, 37.426915], [-7.052851, 37.42697], [-7.052877, 37.427024], [-7.052888, 37.427077], [-7.052884, 37.427131], [-7.052864, 37.427183], [-7.05283, 37.427236], [-7.05278, 37.427288], [-7.052715, 37.427339], [-7.052657, 37.42739], [-7.052606, 37.427441], [-7.052562, 37.427491], [-7.052525, 37.42754], [-7.052494, 37.427589], [-7.052471, 37.427637], [-7.052455, 37.427685], [-7.052445, 37.427732], [-7.052437, 37.427777], [-7.052429, 37.427821], [-7.052423, 37.427863], [-7.052417, 37.427904], [-7.052412, 37.427943], [-7.052408, 37.427981], [-7.052406, 37.428017], [-7.052404, 37.428051], [-7.052401, 37.428088], [-7.052397, 37.428126], [-7.052393, 37.428166], [-7.052387, 37.428208], [-7.052381, 37.428252], [-7.052374, 37.428298], [-7.052366, 37.428346], [-7.052357, 37.428396], [-7.052357, 37.428441], [-7.052365, 37.428482], [-7.052381, 37.428519], [-7.052405, 37.428552], [-7.052437, 37.42858], [-7.052478, 37.428604], [-7.052526, 37.428623], [-7.052583, 37.428638], [-7.052637, 37.428654], [-7.052687, 37.428669], [-7.052733, 37.428685], [-7.052776, 37.428702], [-7.052816, 37.428718], [-7.052852, 37.428735], [-7.052885, 37.428752], [-7.052914, 37.428769], [-7.052945, 37.428785], [-7.052978, 37.428798], [-7.053014, 37.428809], [-7.053051, 37.428817], [-7.053091, 37.428824], [-7.053133, 37.428828], [-7.053177, 37.428831], [-7.053223, 37.428831], [-7.053268, 37.42883], [-7.053312, 37.428829], [-7.053355, 37.428828], [-7.053397, 37.428826], [-7.053438, 37.428823], [-7.053478, 37.42882], [-7.053517, 37.428817], [-7.053555, 37.428813], [-7.053602, 37.428811], [-7.053659, 37.428811], [-7.053725, 37.428814], [-7.053801, 37.428818], [-7.053886, 37.428825], [-7.05398, 37.428834], [-7.054084, 37.428845], [-7.054197, 37.428859], [-7.054297, 37.428865], [-7.054384, 37.428863], [-7.054459, 37.428854], [-7.05452, 37.428837], [-7.054568, 37.428812], [-7.054604, 37.42878], [-7.054626, 37.428741], [-7.054635, 37.428694], [-7.05465, 37.428649], [-7.05467, 37.428605], [-7.054696, 37.428564], [-7.054726, 37.428524], [-7.054762, 37.428486], [-7.054804, 37.42845], [-7.054851, 37.428416], [-7.054903, 37.428384], [-7.05495, 37.428363], [-7.054991, 37.428352], [-7.055028, 37.428353], [-7.055059, 37.428364], [-7.055085, 37.428386], [-7.055105, 37.42842], [-7.055121, 37.428463], [-7.055131, 37.428518], [-7.055146, 37.428565], [-7.055167, 37.428603], [-7.055192, 37.428633], [-7.055222, 37.428654], [-7.055257, 37.428667], [-7.055297, 37.428672], [-7.055343, 37.428668], [-7.055393, 37.428656], [-7.055441, 37.428647], [-7.055487, 37.428641], [-7.055531, 37.428638], [-7.055574, 37.428637], [-7.055614, 37.428639], [-7.055653, 37.428644], [-7.055689, 37.428652], [-7.055724, 37.428663], [-7.055759, 37.428671], [-7.055796, 37.428677], [-7.055834, 37.428681], [-7.055874, 37.428682], [-7.055914, 37.428681], [-7.055956, 37.428678], [-7.055999, 37.428672], [-7.056043, 37.428664], [-7.056084, 37.428668], [-7.056123, 37.428682], [-7.05616, 37.428709], [-7.056194, 37.428746], [-7.056226, 37.428796], [-7.056256, 37.428856], [-7.056283, 37.428928], [-7.056307, 37.429012], [-7.056349, 37.429091], [-7.056408, 37.429167], [-7.056484, 37.429239], [-7.056577, 37.429307], [-7.056688, 37.429371], [-7.056815, 37.429432], [-7.05696, 37.429488], [-7.057122, 37.429541], [-7.057264, 37.429587], [-7.057385, 37.429626], [-7.057487, 37.429659], [-7.057568, 37.429686], [-7.057628, 37.429706], [-7.057669, 37.429719], [-7.057689, 37.429726], [-7.057692, 37.429726], [-7.057696, 37.429726], [-7.057704, 37.429726], [-7.057714, 37.429727], [-7.057726, 37.429727], [-7.057741, 37.429728], [-7.057758, 37.429728], [-7.057778, 37.429729], [-7.0578, 37.429735], [-7.057824, 37.429746], [-7.057851, 37.429763], [-7.057881, 37.429785], [-7.057913, 37.429813], [-7.057947, 37.429846], [-7.057984, 37.429884], [-7.058024, 37.429928], [-7.058071, 37.42997], [-7.058127, 37.430009], [-7.058192, 37.430046], [-7.058264, 37.430081], [-7.058345, 37.430114], [-7.058434, 37.430145], [-7.058532, 37.430173], [-7.058637, 37.430199], [-7.058748, 37.430226], [-7.058862, 37.430253], [-7.058982, 37.430281], [-7.059106, 37.430309], [-7.059235, 37.430338], [-7.059368, 37.430368], [-7.059506, 37.430398], [-7.059648, 37.430429], [-7.059763, 37.430462], [-7.059852, 37.430497], [-7.059913, 37.430534], [-7.059948, 37.430573], [-7.059956, 37.430614], [-7.059936, 37.430657], [-7.05989, 37.430702], [-7.059817, 37.43075], [-7.059755, 37.430791], [-7.059704, 37.430828], [-7.059664, 37.430858], [-7.059635, 37.430884], [-7.059617, 37.430903], [-7.05961, 37.430917], [-7.059614, 37.430926], [-7.059629, 37.430929], [-7.059655, 37.430937], [-7.059692, 37.430952], [-7.05974, 37.430972], [-7.0598, 37.430998], [-7.059871, 37.43103], [-7.059953, 37.431067], [-7.060046, 37.431111], [-7.060151, 37.43116], [-7.060252, 37.43121], [-7.060351, 37.43126], [-7.060447, 37.431312], [-7.060541, 37.431365], [-7.060631, 37.431418], [-7.060719, 37.431472], [-7.060805, 37.431527], [-7.060887, 37.431584], [-7.060965, 37.431633], [-7.061038, 37.431677], [-7.061107, 37.431714], [-7.061172, 37.431745], [-7.061232, 37.431769], [-7.061287, 37.431787], [-7.061338, 37.431799], [-7.061384, 37.431805], [-7.061447, 37.431821], [-7.061524, 37.431849], [-7.061618, 37.431887], [-7.061727, 37.431937], [-7.061852, 37.431997], [-7.061993, 37.432068], [-7.06215, 37.432151], [-7.062322, 37.432244], [-7.06249, 37.432336], [-7.062655, 37.432427], [-7.062816, 37.432516], [-7.062972, 37.432603], [-7.063125, 37.43269], [-7.063274, 37.432775], [-7.063419, 37.432858], [-7.06356, 37.43294], [-7.063682, 37.432997], [-7.063784, 37.43303], [-7.063866, 37.433037], [-7.063929, 37.43302], [-7.063972, 37.432978], [-7.063996, 37.432912], [-7.064001, 37.43282], [-7.063986, 37.432704], [-7.064004, 37.432619], [-7.064057, 37.432567], [-7.064143, 37.432547], [-7.064263, 37.43256], [-7.064416, 37.432604], [-7.064604, 37.43268], [-7.064825, 37.432789], [-7.06508, 37.432929], [-7.065314, 37.433057], [-7.065527, 37.433171], [-7.065719, 37.433272], [-7.06589, 37.43336], [-7.06604, 37.433435], [-7.066169, 37.433497], [-7.066277, 37.433545], [-7.066363, 37.43358], [-7.066435, 37.433625], [-7.066491, 37.433678], [-7.066531, 37.433741], [-7.066557, 37.433813], [-7.066567, 37.433894], [-7.066561, 37.433985], [-7.06654, 37.434084], [-7.066504, 37.434193], [-7.066473, 37.434296], [-7.066448, 37.434392], [-7.066428, 37.434483], [-7.066414, 37.434568], [-7.066405, 37.434647], [-7.066403, 37.43472], [-7.066405, 37.434786], [-7.066414, 37.434847], [-7.066428, 37.434911], [-7.066448, 37.434977], [-7.066474, 37.435045], [-7.066506, 37.435116], [-7.066544, 37.435189], [-7.066588, 37.435264], [-7.066637, 37.435343], [-7.066693, 37.435423], [-7.06675, 37.435505], [-7.066808, 37.435588], [-7.066867, 37.435672], [-7.066928, 37.435758], [-7.06699, 37.435844], [-7.067052, 37.435932], [-7.067117, 37.436021], [-7.067182, 37.436111], [-7.067248, 37.436207], [-7.067316, 37.436308], [-7.067386, 37.436414], [-7.067456, 37.436526], [-7.067528, 37.436644], [-7.067602, 37.436766], [-7.067677, 37.436894], [-7.067753, 37.437028], [-7.067829, 37.43715], [-7.067905, 37.437261], [-7.06798, 37.437361], [-7.068056, 37.437449], [-7.068131, 37.437526], [-7.068206, 37.437592], [-7.068281, 37.437646], [-7.068355, 37.43769], [-7.068432, 37.437734], [-7.068511, 37.437781], [-7.068592, 37.437829], [-7.068676, 37.437879], [-7.068761, 37.437931], [-7.068849, 37.437984], [-7.068939, 37.43804], [-7.069032, 37.438097], [-7.069132, 37.438181], [-7.06924, 37.438293], [-7.069355, 37.438433], [-7.069479, 37.438601], [-7.069611, 37.438796], [-7.06975, 37.439018], [-7.069897, 37.439269], [-7.070052, 37.439547], [-7.070185, 37.439814], [-7.070296, 37.44007], [-7.070384, 37.440316], [-7.070451, 37.44055], [-7.070495, 37.440774], [-7.070516, 37.440987], [-7.070516, 37.441189], [-7.070493, 37.441381], [-7.070479, 37.441556], [-7.070473, 37.441716], [-7.070476, 37.44186], [-7.070487, 37.441989], [-7.070507, 37.442102], [-7.070535, 37.442199], [-7.070571, 37.44228], [-7.070616, 37.442345], [-7.070663, 37.442411], [-7.070711, 37.442476], [-7.070761, 37.44254], [-7.070812, 37.442605], [-7.070866, 37.442669], [-7.070921, 37.442732], [-7.070977, 37.442796], [-7.071036, 37.442859], [-7.071097, 37.442928], [-7.07116, 37.443003], [-7.071225, 37.443084], [-7.071293, 37.443171], [-7.071364, 37.443263], [-7.071436, 37.443362], [-7.071512, 37.443467], [-7.071589, 37.443577], [-7.071653, 37.443684], [-7.071703, 37.443785], [-7.07174, 37.443882], [-7.071763, 37.443974], [-7.071773, 37.444061], [-7.071769, 37.444144], [-7.071752, 37.444223], [-7.071721, 37.444297], [-7.07168, 37.444347], [-7.071631, 37.444375], [-7.071571, 37.444379], [-7.071503, 37.44436], [-7.071425, 37.444319], [-7.071338, 37.444254], [-7.071241, 37.444166], [-7.071135, 37.444054], [-7.071044, 37.443968], [-7.070968, 37.443905], [-7.070907, 37.443866], [-7.070861, 37.443852], [-7.07083, 37.443862], [-7.070814, 37.443896], [-7.070813, 37.443955], [-7.070826, 37.444037], [-7.070843, 37.444126], [-7.070864, 37.444222], [-7.070888, 37.444324], [-7.070915, 37.444432], [-7.070946, 37.444547], [-7.07098, 37.444668], [-7.071018, 37.444796], [-7.071059, 37.444931], [-7.071106, 37.44505], [-7.071161, 37.445153], [-7.071222, 37.445241], [-7.07129, 37.445314], [-7.071365, 37.445371], [-7.071446, 37.445413], [-7.071534, 37.44544], [-7.071629, 37.445451], [-7.071707, 37.445466], [-7.071769, 37.445486], [-7.071814, 37.44551], [-7.071843, 37.445539], [-7.071855, 37.445572], [-7.07185, 37.44561], [-7.071829, 37.445652], [-7.071791, 37.445699], [-7.071759, 37.445749], [-7.071733, 37.445802], [-7.071714, 37.445858], [-7.0717, 37.445917], [-7.071693, 37.445979], [-7.071692, 37.446045], [-7.071697, 37.446113], [-7.071708, 37.446185], [-7.071727, 37.446263], [-7.071753, 37.446348], [-7.071788, 37.446438], [-7.07183, 37.446536], [-7.07188, 37.446639], [-7.071938, 37.446749], [-7.072003, 37.446866], [-7.072077, 37.446988], [-7.072151, 37.447109], [-7.072225, 37.447227], [-7.072299, 37.447343], [-7.072374, 37.447457], [-7.072449, 37.447569], [-7.072525, 37.447679], [-7.0726, 37.447786], [-7.072677, 37.447891], [-7.07275, 37.447991], [-7.07282, 37.448086], [-7.072888, 37.448174], [-7.072953, 37.448258], [-7.073014, 37.448336], [-7.073073, 37.448409], [-7.07313, 37.448476], [-7.073183, 37.448537], [-7.073237, 37.4486], [-7.073291, 37.448662], [-7.073345, 37.448726], [-7.0734, 37.448789], [-7.073456, 37.448853], [-7.073512, 37.448918], [-7.073568, 37.448983], [-7.073625, 37.449049], [-7.073682, 37.449117], [-7.073739, 37.449188], [-7.073795, 37.449261], [-7.073852, 37.449337], [-7.073909, 37.449416], [-7.073966, 37.449496], [-7.074023, 37.44958], [-7.074081, 37.449666], [-7.074141, 37.449744], [-7.074205, 37.449815], [-7.074272, 37.449878], [-7.074343, 37.449933], [-7.074417, 37.44998], [-7.074494, 37.45002], [-7.074575, 37.450052], [-7.074659, 37.450077], [-7.074743, 37.450104], [-7.074827, 37.450134], [-7.07491, 37.450167], [-7.074994, 37.450203], [-7.075077, 37.450241], [-7.07516, 37.450283], [-7.075243, 37.450327], [-7.075326, 37.450375], [-7.075408, 37.450426], [-7.075489, 37.45048], [-7.075569, 37.450539], [-7.075648, 37.450601], [-7.075727, 37.450667], [-7.075805, 37.450736], [-7.075882, 37.450809], [-7.075958, 37.450886], [-7.076027, 37.450962], [-7.076091, 37.451037], [-7.076147, 37.451111], [-7.076198, 37.451184], [-7.076242, 37.451256], [-7.076279, 37.451327], [-7.07631, 37.451398], [-7.076334, 37.451467], [-7.076362, 37.451536], [-7.076394, 37.451604], [-7.076428, 37.451671], [-7.076467, 37.451738], [-7.076508, 37.451804], [-7.076553, 37.451869], [-7.076601, 37.451934], [-7.076653, 37.451999], [-7.076719, 37.452048], [-7.076801, 37.452083], [-7.076897, 37.452103], [-7.077008, 37.452108], [-7.077134, 37.452099], [-7.077275, 37.452074], [-7.077431, 37.452035], [-7.077602, 37.451982], [-7.07775, 37.451939], [-7.077877, 37.451907], [-7.077982, 37.451887], [-7.078064, 37.451877], [-7.078125, 37.451879], [-7.078164, 37.451892], [-7.07818, 37.451916], [-7.078175, 37.451951], [-7.078155, 37.451989], [-7.078122, 37.452031], [-7.078074, 37.452076], [-7.078011, 37.452124], [-7.077935, 37.452175], [-7.077844, 37.45223], [-7.077739, 37.452288], [-7.07762, 37.45235], [-7.077529, 37.452412], [-7.077465, 37.452475], [-7.077428, 37.452538], [-7.07742, 37.452602], [-7.077439, 37.452666], [-7.077485, 37.452732], [-7.077559, 37.452798], [-7.077661, 37.452864], [-7.077765, 37.452932], [-7.077871, 37.453], [-7.077979, 37.45307], [-7.078089, 37.453141], [-7.078201, 37.453212], [-7.078315, 37.453285], [-7.078431, 37.453359], [-7.078549, 37.453434], [-7.078659, 37.45349], [-7.07876, 37.453526], [-7.078853, 37.453544], [-7.078938, 37.453543], [-7.079014, 37.453523], [-7.079082, 37.453483], [-7.079142, 37.453425], [-7.079193, 37.453347], [-7.079245, 37.453281], [-7.079296, 37.453224], [-7.079347, 37.453179], [-7.079399, 37.453144], [-7.07945, 37.45312], [-7.079502, 37.453106], [-7.079553, 37.453103], [-7.079605, 37.453111], [-7.079664, 37.453121], [-7.079731, 37.453134], [-7.079806, 37.45315], [-7.079889, 37.453169], [-7.079979, 37.453191], [-7.080078, 37.453216], [-7.080184, 37.453243], [-7.080298, 37.453273], [-7.080404, 37.453298], [-7.080503, 37.453317], [-7.080594, 37.45333], [-7.080677, 37.453338], [-7.080753, 37.453339], [-7.080821, 37.453335], [-7.080881, 37.453326], [-7.080934, 37.45331], [-7.080967, 37.453292], [-7.080979, 37.45327], [-7.080971, 37.453244], [-7.080942, 37.453215], [-7.080893, 37.453183], [-7.080824, 37.453148], [-7.080735, 37.453109], [-7.080625, 37.453066], [-7.080527, 37.453017], [-7.080442, 37.45296], [-7.080369, 37.452896], [-7.080309, 37.452825], [-7.08026, 37.452746], [-7.080225, 37.452661], [-7.080201, 37.452568], [-7.08019, 37.452468], [-7.080172, 37.452378], [-7.080146, 37.452297], [-7.080113, 37.452227], [-7.080073, 37.452166], [-7.080026, 37.452115], [-7.079971, 37.452074], [-7.079909, 37.452043], [-7.07984, 37.452021], [-7.079775, 37.452], [-7.079712, 37.451978], [-7.079654, 37.451957], [-7.079599, 37.451936], [-7.079548, 37.451915], [-7.0795, 37.451894], [-7.079456, 37.451873], [-7.079415, 37.451852], [-7.079379, 37.451829], [-7.079347, 37.451805], [-7.07932, 37.451779], [-7.079297, 37.451751], [-7.079279, 37.451721], [-7.079265, 37.45169], [-7.079256, 37.451656], [-7.079252, 37.451621], [-7.079252, 37.451593], [-7.079256, 37.451572], [-7.079265, 37.451558], [-7.079278, 37.451551], [-7.079295, 37.45155], [-7.079317, 37.451557], [-7.079344, 37.45157], [-7.079375, 37.451591], [-7.079404, 37.451607], [-7.079431, 37.45162], [-7.079457, 37.451629], [-7.079481, 37.451634], [-7.079503, 37.451635], [-7.079524, 37.451632], [-7.079542, 37.451626], [-7.079559, 37.451616], [-7.079577, 37.4516], [-7.079595, 37.451578], [-7.079614, 37.451551], [-7.079633, 37.451518], [-7.079653, 37.45148], [-7.079673, 37.451436], [-7.079694, 37.451387], [-7.079716, 37.451332], [-7.079736, 37.451273], [-7.079756, 37.45121], [-7.079774, 37.451143], [-7.079792, 37.451071], [-7.079808, 37.450996], [-7.079824, 37.450917], [-7.079838, 37.450833], [-7.079851, 37.450746], [-7.079868, 37.45066], [-7.079888, 37.450577], [-7.079911, 37.450497], [-7.079937, 37.450418], [-7.079967, 37.450342], [-7.079999, 37.450268], [-7.080035, 37.450196], [-7.080074, 37.450126], [-7.080115, 37.450057], [-7.080158, 37.449988], [-7.080203, 37.44992], [-7.08025, 37.449852], [-7.080298, 37.449784], [-7.080348, 37.449717], [-7.080401, 37.44965], [-7.080455, 37.449583], [-7.080509, 37.449522], [-7.080563, 37.449465], [-7.080616, 37.449413], [-7.08067, 37.449366], [-7.080724, 37.449324], [-7.080778, 37.449286], [-7.080832, 37.449254], [-7.080885, 37.449227], [-7.080933, 37.4492], [-7.080975, 37.449175], [-7.081011, 37.449152], [-7.08104, 37.449129], [-7.081064, 37.449108], [-7.081082, 37.449088], [-7.081094, 37.449069], [-7.0811, 37.449052], [-7.081117, 37.449027], [-7.081147, 37.448993], [-7.081188, 37.448952], [-7.081241, 37.448903], [-7.081306, 37.448846], [-7.081382, 37.448781], [-7.08147, 37.448709], [-7.081571, 37.448628], [-7.081669, 37.448552], [-7.081767, 37.448482], [-7.081863, 37.448417], [-7.081958, 37.448357], [-7.082051, 37.448303], [-7.082143, 37.448253], [-7.082234, 37.448209], [-7.082323, 37.44817], [-7.082412, 37.448132], [-7.0825, 37.448095], [-7.082587, 37.448058], [-7.082674, 37.448022], [-7.08276, 37.447988], [-7.082845, 37.447954], [-7.08293, 37.44792], [-7.083014, 37.447888], [-7.083089, 37.44786], [-7.083156, 37.447836], [-7.083214, 37.447816], [-7.083263, 37.4478], [-7.083304, 37.447788], [-7.083336, 37.447781], [-7.083359, 37.447777], [-7.083374, 37.447778], [-7.083391, 37.447778], [-7.083409, 37.447779], [-7.083429, 37.44778], [-7.08345, 37.447781], [-7.083473, 37.447782], [-7.083498, 37.447783], [-7.083524, 37.447784], [-7.083552, 37.447785], [-7.083577, 37.447787], [-7.0836, 37.447788], [-7.08362, 37.447788], [-7.083638, 37.447789], [-7.083653, 37.44779], [-7.083665, 37.44779], [-7.083675, 37.447791], [-7.083683, 37.447791], [-7.083695, 37.447798], [-7.083713, 37.447812], [-7.083736, 37.447832], [-7.083764, 37.447859], [-7.083798, 37.447892], [-7.083836, 37.447933], [-7.08388, 37.447979], [-7.083929, 37.448033], [-7.083975, 37.448083], [-7.084019, 37.448131], [-7.08406, 37.448175], [-7.084099, 37.448216], [-7.084135, 37.448254], [-7.084169, 37.448289], [-7.0842, 37.448321], [-7.084228, 37.44835], [-7.08427, 37.44837], [-7.084324, 37.448381], [-7.084391, 37.448384], [-7.084471, 37.448378], [-7.084564, 37.448363], [-7.084669, 37.448339], [-7.084788, 37.448307], [-7.084919, 37.448266], [-7.085043, 37.448239], [-7.085158, 37.448227], [-7.085266, 37.448228], [-7.085366, 37.448244], [-7.085457, 37.448274], [-7.085541, 37.448318], [-7.085617, 37.448377], [-7.085685, 37.44845], [-7.085749, 37.448522], [-7.08581, 37.448595], [-7.085867, 37.448667], [-7.085921, 37.44874], [-7.085971, 37.448812], [-7.086018, 37.448884], [-7.086061, 37.448957], [-7.0861, 37.449029], [-7.086137, 37.449099], [-7.08617, 37.449167], [-7.086199, 37.449232], [-7.086226, 37.449295], [-7.086249, 37.449356], [-7.08627, 37.449415], [-7.086286, 37.449471], [-7.0863, 37.449526], [-7.086311, 37.449582], [-7.086318, 37.44964], [-7.086323, 37.4497], [-7.086324, 37.449762], [-7.086323, 37.449826], [-7.086318, 37.449893], [-7.086311, 37.449961], [-7.0863, 37.450031], [-7.086293, 37.4501], [-7.086289, 37.450169], [-7.086288, 37.450237], [-7.086291, 37.450304], [-7.086297, 37.450371], [-7.086307, 37.450438], [-7.08632, 37.450503], [-7.086336, 37.450568], [-7.086354, 37.450628], [-7.086373, 37.450683], [-7.086394, 37.450732], [-7.086416, 37.450777], [-7.086439, 37.450816], [-7.086463, 37.45085], [-7.086489, 37.450878], [-7.086516, 37.450902], [-7.086547, 37.450913], [-7.086583, 37.450912], [-7.086622, 37.450899], [-7.086665, 37.450874], [-7.086713, 37.450837], [-7.086764, 37.450788], [-7.086819, 37.450727], [-7.086879, 37.450654], [-7.086937, 37.450599], [-7.086993, 37.450561], [-7.087047, 37.450542], [-7.0871, 37.450541], [-7.087151, 37.450558], [-7.087201, 37.450593], [-7.087249, 37.450646], [-7.087295, 37.450717], [-7.087334, 37.45079], [-7.087366, 37.450867], [-7.08739, 37.450946], [-7.087407, 37.451028], [-7.087417, 37.451113], [-7.08742, 37.4512], [-7.087415, 37.45129], [-7.087403, 37.451383], [-7.087408, 37.451475], [-7.087431, 37.451564], [-7.087471, 37.451652], [-7.087528, 37.451738], [-7.087602, 37.451822], [-7.087694, 37.451905], [-7.087803, 37.451985], [-7.087929, 37.452064], [-7.088046, 37.452139], [-7.088154, 37.452208], [-7.088253, 37.452273], [-7.088343, 37.452334], [-7.088423, 37.452389], [-7.088494, 37.45244], [-7.088557, 37.452486], [-7.08861, 37.452527], [-7.088664, 37.452566], [-7.088719, 37.452603], [-7.088775, 37.452637], [-7.088833, 37.452669], [-7.088892, 37.452699], [-7.088952, 37.452726], [-7.089013, 37.452751], [-7.089076, 37.452774], [-7.08914, 37.452792], [-7.089205, 37.452806], [-7.089272, 37.452815], [-7.08934, 37.452819], [-7.08941, 37.452819], [-7.089482, 37.452815], [-7.089555, 37.452806], [-7.089629, 37.452792], [-7.089699, 37.452785], [-7.089762, 37.452785], [-7.089821, 37.452791], [-7.089873, 37.452804], [-7.089921, 37.452824], [-7.089963, 37.45285], [-7.09, 37.452883], [-7.090031, 37.452923], [-7.090072, 37.452965], [-7.090122, 37.45301], [-7.090182, 37.453057], [-7.090251, 37.453107], [-7.09033, 37.453159], [-7.090418, 37.453214], [-7.090516, 37.453271], [-7.090623, 37.453331], [-7.090724, 37.453396], [-7.09082, 37.453467], [-7.09091, 37.453542], [-7.090994, 37.453623], [-7.091073, 37.45371], [-7.091146, 37.453801], [-7.091213, 37.453898], [-7.091274, 37.454001], [-7.091337, 37.454095], [-7.091403, 37.45418], [-7.091472, 37.454258], [-7.091542, 37.454327], [-7.091615, 37.454388], [-7.091691, 37.454441], [-7.091768, 37.454486], [-7.091849, 37.454522], [-7.091918, 37.454539], [-7.091977, 37.454535], [-7.092026, 37.454511], [-7.092065, 37.454467], [-7.092093, 37.454403], [-7.092111, 37.454319], [-7.092118, 37.454215], [-7.092115, 37.454091], [-7.092113, 37.453974], [-7.092112, 37.453863], [-7.092111, 37.45376], [-7.092112, 37.453663], [-7.092113, 37.453574], [-7.092115, 37.453491], [-7.092118, 37.453415], [-7.092122, 37.453346], [-7.092132, 37.453272], [-7.092147, 37.453193], [-7.092168, 37.453108], [-7.092195, 37.453018], [-7.092228, 37.452923], [-7.092266, 37.452822], [-7.09231, 37.452716], [-7.09236, 37.452605], [-7.092409, 37.452513], [-7.092456, 37.452441], [-7.092502, 37.452388], [-7.092547, 37.452354], [-7.09259, 37.45234], [-7.092632, 37.452345], [-7.092673, 37.452369], [-7.092712, 37.452413], [-7.092756, 37.452446], [-7.092804, 37.452467], [-7.092856, 37.452476], [-7.092912, 37.452475], [-7.092972, 37.452462], [-7.093037, 37.452437], [-7.093106, 37.452401], [-7.093179, 37.452354], [-7.093248, 37.45232], [-7.093314, 37.452301], [-7.093377, 37.452296], [-7.093436, 37.452305], [-7.093491, 37.452328], [-7.093543, 37.452366], [-7.093592, 37.452417], [-7.093637, 37.452483], [-7.093673, 37.45255], [-7.093702, 37.45262], [-7.093722, 37.452693], [-7.093733, 37.452767], [-7.093737, 37.452844], [-7.093732, 37.452923], [-7.093719, 37.453004], [-7.093697, 37.453087], [-7.093671, 37.453169], [-7.093639, 37.453248], [-7.093603, 37.453326], [-7.093562, 37.453401], [-7.093516, 37.453475], [-7.093465, 37.453546], [-7.093409, 37.453616], [-7.093348, 37.453684], [-7.093305, 37.453746], [-7.09328, 37.453801], [-7.093273, 37.453851], [-7.093284, 37.453894], [-7.093313, 37.453932], [-7.09336, 37.453963], [-7.093425, 37.453988], [-7.093508, 37.454007], [-7.093582, 37.454017], [-7.093648, 37.454017], [-7.093705, 37.454009], [-7.093754, 37.453992], [-7.093794, 37.453965], [-7.093826, 37.453929], [-7.093849, 37.453885], [-7.093864, 37.453831], [-7.093899, 37.453774], [-7.093954, 37.453712], [-7.09403, 37.453647], [-7.094126, 37.453579], [-7.094242, 37.453507], [-7.094379, 37.453431], [-7.094536, 37.453351], [-7.094714, 37.453267], [-7.094867, 37.453182], [-7.094998, 37.453094], [-7.095104, 37.453004], [-7.095187, 37.452913], [-7.095247, 37.452819], [-7.095283, 37.452723], [-7.095295, 37.452625], [-7.095284, 37.452525], [-7.095281, 37.452437], [-7.095285, 37.452361], [-7.095296, 37.452297], [-7.095315, 37.452246], [-7.095341, 37.452206], [-7.095375, 37.452179], [-7.095416, 37.452163], [-7.095465, 37.45216], [-7.095513, 37.452163], [-7.095562, 37.452171], [-7.095609, 37.452185], [-7.095657, 37.452204], [-7.095704, 37.45223], [-7.095751, 37.452261], [-7.095797, 37.452298], [-7.095844, 37.45234], [-7.095899, 37.452372], [-7.095962, 37.452393], [-7.096035, 37.452403], [-7.096116, 37.452403], [-7.096206, 37.452391], [-7.096305, 37.452369], [-7.096413, 37.452336], [-7.096529, 37.452292], [-7.096639, 37.45226], [-7.096742, 37.452239], [-7.096838, 37.452231], [-7.096928, 37.452235], [-7.09701, 37.45225], [-7.097086, 37.452277], [-7.097156, 37.452316], [-7.097218, 37.452367], [-7.097262, 37.452424], [-7.097289, 37.452486], [-7.097297, 37.452553], [-7.097287, 37.452626], [-7.097259, 37.452704], [-7.097213, 37.452787], [-7.097148, 37.452876], [-7.097066, 37.452971], [-7.097008, 37.453059], [-7.096976, 37.453142], [-7.096969, 37.453218], [-7.096987, 37.453289], [-7.09703, 37.453353], [-7.097097, 37.453412], [-7.09719, 37.453464], [-7.097308, 37.453511], [-7.097409, 37.453567], [-7.097493, 37.453632], [-7.09756, 37.453707], [-7.09761, 37.453792], [-7.097642, 37.453886], [-7.097658, 37.453989], [-7.097656, 37.454102], [-7.097638, 37.454225], [-7.09761, 37.454338], [-7.097574, 37.454441], [-7.09753, 37.454534], [-7.097476, 37.454618], [-7.097414, 37.454691], [-7.097344, 37.454755], [-7.097264, 37.454809], [-7.097176, 37.454854], [-7.097098, 37.454899], [-7.09703, 37.454944], [-7.096971, 37.454989], [-7.096923, 37.455035], [-7.096884, 37.455081], [-7.096855, 37.455127], [-7.096836, 37.455174], [-7.096826, 37.455221], [-7.096815, 37.455268], [-7.096802, 37.455314], [-7.096787, 37.45536], [-7.09677, 37.455406], [-7.096751, 37.455451], [-7.096731, 37.455496], [-7.096708, 37.455541], [-7.096684, 37.455585], [-7.096655, 37.455625], [-7.096622, 37.455663], [-7.096585, 37.455697], [-7.096543, 37.455727], [-7.096497, 37.455754], [-7.096446, 37.455777], [-7.096391, 37.455797], [-7.096331, 37.455814], [-7.09627, 37.455832], [-7.096208, 37.455852], [-7.096144, 37.455873], [-7.096079, 37.455897], [-7.096013, 37.455922], [-7.095945, 37.455948], [-7.095876, 37.455976], [-7.095806, 37.456006], [-7.095744, 37.456042], [-7.09569, 37.456083], [-7.095645, 37.456129], [-7.095609, 37.456181], [-7.095581, 37.456239], [-7.095561, 37.456302], [-7.09555, 37.456371], [-7.095548, 37.456445], [-7.095554, 37.456507], [-7.095568, 37.456557], [-7.095591, 37.456594], [-7.095622, 37.45662], [-7.095662, 37.456633], [-7.09571, 37.456634], [-7.095766, 37.456623], [-7.095831, 37.4566], [-7.095892, 37.456573], [-7.095948, 37.456543], [-7.096, 37.45651], [-7.096047, 37.456473], [-7.09609, 37.456432], [-7.096129, 37.456388], [-7.096163, 37.456341], [-7.096193, 37.45629], [-7.096223, 37.456245], [-7.096254, 37.456205], [-7.096285, 37.456171], [-7.096317, 37.456143], [-7.096349, 37.45612], [-7.096382, 37.456102], [-7.096415, 37.456091], [-7.096449, 37.456084], [-7.096478, 37.456088], [-7.096503, 37.4561], [-7.096522, 37.456122], [-7.096537, 37.456153], [-7.096547, 37.456194], [-7.096553, 37.456244], [-7.096554, 37.456303], [-7.09655, 37.456372], [-7.096551, 37.456436], [-7.096557, 37.456494], [-7.096568, 37.456548], [-7.096583, 37.456596], [-7.096604, 37.456639], [-7.09663, 37.456677], [-7.09666, 37.45671], [-7.096695, 37.456737], [-7.096733, 37.45675], [-7.096773, 37.456748], [-7.096816, 37.456732], [-7.096862, 37.456701], [-7.096909, 37.456655], [-7.09696, 37.456595], [-7.097013, 37.45652], [-7.097068, 37.456431], [-7.097125, 37.456354], [-7.097183, 37.456289], [-7.097242, 37.456237], [-7.097303, 37.456198], [-7.097365, 37.456171], [-7.097429, 37.456156], [-7.097494, 37.456154], [-7.097561, 37.456165], [-7.097624, 37.456185], [-7.097684, 37.456213], [-7.097742, 37.456251], [-7.097796, 37.456298], [-7.097847, 37.456354], [-7.097896, 37.456419], [-7.097941, 37.456492], [-7.097983, 37.456576], [-7.098018, 37.456656], [-7.098045, 37.456735], [-7.098064, 37.456812], [-7.098076, 37.456886], [-7.09808, 37.456958], [-7.098076, 37.457029], [-7.098065, 37.457097], [-7.098046, 37.457162], [-7.098032, 37.457228], [-7.098022, 37.457294], [-7.098016, 37.457359], [-7.098015, 37.457425], [-7.098019, 37.45749], [-7.098026, 37.457555], [-7.098038, 37.457621], [-7.098055, 37.457686], [-7.098067, 37.457749], [-7.098076, 37.457812], [-7.098081, 37.457872], [-7.098081, 37.457932], [-7.098078, 37.45799], [-7.098071, 37.458046], [-7.09806, 37.458102], [-7.098046, 37.458155], [-7.09803, 37.458207], [-7.098013, 37.458256], [-7.097996, 37.458303], [-7.097978, 37.458348], [-7.097958, 37.45839], [-7.097938, 37.45843], [-7.097917, 37.458468], [-7.097895, 37.458504], [-7.097887, 37.458537], [-7.097894, 37.458569], [-7.097915, 37.458598], [-7.09795, 37.458626], [-7.098, 37.458652], [-7.098064, 37.458675], [-7.098142, 37.458697], [-7.098235, 37.458716], [-7.098328, 37.458731], [-7.09842, 37.45874], [-7.098513, 37.458743], [-7.098606, 37.458742], [-7.0987, 37.458735], [-7.098793, 37.458723], [-7.098886, 37.458705], [-7.09898, 37.458682], [-7.099069, 37.458666], [-7.099153, 37.458656], [-7.099233, 37.458653], [-7.099308, 37.458656], [-7.099379, 37.458666], [-7.099445, 37.458682], [-7.099506, 37.458705], [-7.099563, 37.458735], [-7.099622, 37.458752], [-7.099682, 37.458758], [-7.099743, 37.458753], [-7.099806, 37.458736], [-7.099871, 37.458707], [-7.099937, 37.458666], [-7.100004, 37.458614], [-7.100073, 37.458551], [-7.100136, 37.458504], [-7.100192, 37.458474], [-7.100242, 37.45846], [-7.100285, 37.458464], [-7.100322, 37.458484], [-7.100353, 37.458521], [-7.100377, 37.458575], [-7.100395, 37.458645], [-7.100425, 37.458717], [-7.100469, 37.458792], [-7.100525, 37.458868], [-7.100595, 37.458946], [-7.100677, 37.459026], [-7.100772, 37.459108], [-7.10088, 37.459192], [-7.101001, 37.459277], [-7.101118, 37.459362], [-7.101231, 37.459445], [-7.10134, 37.459526], [-7.101445, 37.459606], [-7.101547, 37.459685], [-7.101644, 37.459762], [-7.101738, 37.459838], [-7.101828, 37.459912], [-7.101913, 37.459983], [-7.101994, 37.46005], [-7.10207, 37.460114], [-7.102142, 37.460175], [-7.10221, 37.460232], [-7.102273, 37.460286], [-7.102332, 37.460336], [-7.102386, 37.460383], [-7.102444, 37.460426], [-7.102505, 37.460464], [-7.102569, 37.460498], [-7.102637, 37.460528], [-7.102708, 37.460554], [-7.102783, 37.460576], [-7.102861, 37.460594], [-7.102942, 37.460607], [-7.103016, 37.460619], [-7.103083, 37.46063], [-7.103142, 37.460639], [-7.103193, 37.460647], [-7.103237, 37.460653], [-7.103274, 37.460657], [-7.103303, 37.460661], [-7.103325, 37.460662], [-7.103357, 37.460656], [-7.1034, 37.460643], [-7.103453, 37.460622], [-7.103516, 37.460593], [-7.103591, 37.460557], [-7.103675, 37.460513], [-7.10377, 37.460462], [-7.103876, 37.460403], [-7.103969, 37.460366], [-7.104051, 37.460351], [-7.10412, 37.460358], [-7.104177, 37.460387], [-7.104222, 37.460439], [-7.104254, 37.460512], [-7.104275, 37.460608], [-7.104283, 37.460725], [-7.104298, 37.460842], [-7.104319, 37.460959], [-7.104345, 37.461076], [-7.104378, 37.461192], [-7.104417, 37.461307], [-7.104462, 37.461422], [-7.104513, 37.461537], [-7.104571, 37.461651], [-7.104628, 37.461763], [-7.104685, 37.461871], [-7.104743, 37.461977], [-7.104801, 37.46208], [-7.104859, 37.46218], [-7.104917, 37.462277], [-7.104976, 37.462371], [-7.105034, 37.462463], [-7.1051, 37.462557], [-7.105172, 37.462655], [-7.105252, 37.462755], [-7.105338, 37.462858], [-7.105431, 37.462965], [-7.105532, 37.463074], [-7.105639, 37.463186], [-7.105753, 37.463302], [-7.105863, 37.463409], [-7.105968, 37.463509], [-7.106068, 37.463601], [-7.106164, 37.463686], [-7.106255, 37.463763], [-7.106342, 37.463832], [-7.106424, 37.463894], [-7.106501, 37.463948], [-7.106576, 37.463998], [-7.106648, 37.464044], [-7.106717, 37.464087], [-7.106784, 37.464126], [-7.106847, 37.464161], [-7.106908, 37.464192], [-7.106967, 37.46422], [-7.107022, 37.464244], [-7.107075, 37.464274], [-7.107125, 37.46431], [-7.107172, 37.464353], [-7.107216, 37.464401], [-7.107258, 37.464456], [-7.107296, 37.464517], [-7.107332, 37.464584], [-7.107365, 37.464658], [-7.107391, 37.464729], [-7.107412, 37.464797], [-7.107427, 37.464863], [-7.107436, 37.464927], [-7.107439, 37.464988], [-7.107436, 37.465047], [-7.107427, 37.465103], [-7.107413, 37.465157], [-7.107406, 37.46521], [-7.107407, 37.465262], [-7.107415, 37.465314], [-7.107432, 37.465364], [-7.107456, 37.465415], [-7.107488, 37.465464], [-7.107528, 37.465513], [-7.107575, 37.465561], [-7.10762, 37.465619], [-7.107662, 37.465686], [-7.107701, 37.465763], [-7.107737, 37.46585], [-7.10777, 37.465947], [-7.107801, 37.466054], [-7.107828, 37.46617], [-7.107853, 37.466296], [-7.107888, 37.466418], [-7.107934, 37.466536], [-7.10799, 37.466649], [-7.108057, 37.466759], [-7.108134, 37.466865], [-7.108222, 37.466966], [-7.10832, 37.467064], [-7.108429, 37.467158], [-7.108538, 37.467251], [-7.108646, 37.467345], [-7.108755, 37.467438], [-7.108864, 37.467532], [-7.108973, 37.467626], [-7.109081, 37.467719], [-7.10919, 37.467813], [-7.109299, 37.467906], [-7.109387, 37.467963], [-7.109456, 37.467983], [-7.109505, 37.467966], [-7.109534, 37.467913], [-7.109543, 37.467823], [-7.109532, 37.467696], [-7.109502, 37.467532], [-7.109451, 37.467331], [-7.109416, 37.467155], [-7.109398, 37.467004], [-7.109395, 37.466878], [-7.109408, 37.466776], [-7.109437, 37.466699], [-7.109483, 37.466647], [-7.109544, 37.466619], [-7.109621, 37.466616], [-7.109704, 37.466627], [-7.109791, 37.466651], [-7.109884, 37.466687], [-7.109981, 37.466738], [-7.110084, 37.466801], [-7.110192, 37.466878], [-7.110305, 37.466968], [-7.110424, 37.467071], [-7.110543, 37.46717], [-7.110665, 37.467264], [-7.110787, 37.467353], [-7.110912, 37.467438], [-7.111038, 37.467519], [-7.111165, 37.467595], [-7.111294, 37.467666], [-7.111424, 37.467733], [-7.111553, 37.467799], [-7.111681, 37.467864], [-7.111808, 37.467927], [-7.111933, 37.467989], [-7.112058, 37.46805], [-7.112181, 37.46811], [-7.112303, 37.468168], [-7.112424, 37.468226], [-7.112547, 37.468285], [-7.112672, 37.468345], [-7.1128, 37.468408], [-7.112929, 37.468472], [-7.113061, 37.468538], [-7.113195, 37.468606], [-7.113332, 37.468675], [-7.11347, 37.468746], [-7.113598, 37.468818], [-7.113715, 37.46889], [-7.113822, 37.468963], [-7.113919, 37.469036], [-7.114005, 37.469109], [-7.11408, 37.469183], [-7.114145, 37.469258], [-7.1142, 37.469333], [-7.114252, 37.469398], [-7.114301, 37.469453], [-7.114348, 37.469498], [-7.114392, 37.469532], [-7.114433, 37.469556], [-7.114472, 37.46957], [-7.114509, 37.469574], [-7.114543, 37.469568], [-7.114584, 37.469582], [-7.114634, 37.469615], [-7.11469, 37.469669], [-7.114755, 37.469742], [-7.114827, 37.469835], [-7.114907, 37.469948], [-7.114995, 37.470081], [-7.11509, 37.470234], [-7.115183, 37.470355], [-7.115273, 37.470443], [-7.11536, 37.4705], [-7.115444, 37.470524], [-7.115525, 37.470516], [-7.115604, 37.470476], [-7.115679, 37.470404], [-7.115752, 37.4703], [-7.115819, 37.470216], [-7.115879, 37.470153], [-7.115933, 37.47011], [-7.11598, 37.470087], [-7.116021, 37.470084], [-7.116056, 37.470102], [-7.116084, 37.47014], [-7.116106, 37.470199], [-7.116124, 37.470256], [-7.116138, 37.470313], [-7.116149, 37.470369], [-7.116156, 37.470425], [-7.116159, 37.47048], [-7.116159, 37.470534], [-7.116154, 37.470587], [-7.116146, 37.470639], [-7.116138, 37.470698], [-7.116129, 37.470762], [-7.11612, 37.470831], [-7.116111, 37.470907], [-7.116102, 37.470988], [-7.116092, 37.471075], [-7.116081, 37.471167], [-7.116071, 37.471266], [-7.116072, 37.471362], [-7.116085, 37.471456], [-7.11611, 37.471548], [-7.116147, 37.471638], [-7.116196, 37.471725], [-7.116257, 37.47181], [-7.116329, 37.471894], [-7.116413, 37.471975], [-7.116494, 37.472042], [-7.116572, 37.472096], [-7.116646, 37.472136], [-7.116716, 37.472163], [-7.116783, 37.472176], [-7.116847, 37.472176], [-7.116907, 37.472162], [-7.116964, 37.472135], [-7.117035, 37.472129], [-7.117121, 37.472144], [-7.117221, 37.472182], [-7.117335, 37.47224], [-7.117463, 37.47232], [-7.117606, 37.472422], [-7.117763, 37.472545], [-7.117934, 37.472689], [-7.118079, 37.472822], [-7.118198, 37.472942], [-7.118291, 37.473049], [-7.118358, 37.473145], [-7.118398, 37.473228], [-7.118413, 37.473299], [-7.118401, 37.473358], [-7.118363, 37.473405], [-7.118335, 37.473451], [-7.118316, 37.473497], [-7.118308, 37.473543], [-7.118308, 37.473588], [-7.118319, 37.473633], [-7.118339, 37.473677], [-7.118369, 37.473722], [-7.118408, 37.473765], [-7.11845, 37.473803], [-7.118493, 37.473835], [-7.118539, 37.473861], [-7.118586, 37.47388], [-7.118636, 37.473894], [-7.118687, 37.473902], [-7.118741, 37.473903], [-7.118796, 37.473899], [-7.11886, 37.473905], [-7.118932, 37.473923], [-7.119012, 37.473953], [-7.1191, 37.473993], [-7.119197, 37.474045], [-7.119301, 37.474108], [-7.119414, 37.474183], [-7.119535, 37.474268], [-7.119653, 37.474355], [-7.119769, 37.474441], [-7.119883, 37.474528], [-7.119993, 37.474616], [-7.120102, 37.474704], [-7.120207, 37.474792], [-7.12031, 37.474881], [-7.120411, 37.47497], [-7.120501, 37.475055], [-7.12058, 37.475136], [-7.120648, 37.475212], [-7.120705, 37.475284], [-7.120751, 37.475351], [-7.120787, 37.475414], [-7.120811, 37.475473], [-7.120825, 37.475527], [-7.120828, 37.475582], [-7.12082, 37.475638], [-7.120801, 37.475695], [-7.120771, 37.475752], [-7.120731, 37.47581], [-7.120679, 37.475869], [-7.120617, 37.475929], [-7.120544, 37.47599], [-7.120484, 37.476044], [-7.120438, 37.476094], [-7.120405, 37.476137], [-7.120385, 37.476175], [-7.120378, 37.476207], [-7.120385, 37.476233], [-7.120406, 37.476253], [-7.120439, 37.476268], [-7.120478, 37.47629], [-7.120521, 37.47632], [-7.120568, 37.476357], [-7.12062, 37.476402], [-7.120677, 37.476454], [-7.120738, 37.476514], [-7.120803, 37.476581], [-7.120874, 37.476656], [-7.120937, 37.476727], [-7.120992, 37.476794], [-7.121041, 37.476858], [-7.121082, 37.476919], [-7.121115, 37.476976], [-7.121142, 37.477029], [-7.121161, 37.477079], [-7.121173, 37.477126], [-7.121186, 37.477173], [-7.1212, 37.477221], [-7.121215, 37.47727], [-7.121231, 37.47732], [-7.121248, 37.47737], [-7.121266, 37.477422], [-7.121286, 37.477474], [-7.121306, 37.477527], [-7.121325, 37.477579], [-7.121344, 37.477629], [-7.12136, 37.477679], [-7.121376, 37.477727], [-7.121391, 37.477774], [-7.121404, 37.477819], [-7.121416, 37.477864], [-7.121427, 37.477907], [-7.121439, 37.477952], [-7.121453, 37.477998], [-7.121467, 37.478045], [-7.121483, 37.478093], [-7.1215, 37.478142], [-7.121518, 37.478193], [-7.121537, 37.478245], [-7.121558, 37.478298], [-7.121579, 37.478348], [-7.121602, 37.478395], [-7.121625, 37.478438], [-7.12165, 37.478479], [-7.121676, 37.478517], [-7.121702, 37.478552], [-7.12173, 37.478584], [-7.121758, 37.478613], [-7.121786, 37.47864], [-7.121812, 37.478666], [-7.121837, 37.478691], [-7.121862, 37.478715], [-7.121885, 37.478737], [-7.121907, 37.478758], [-7.121927, 37.478777], [-7.121947, 37.478796], [-7.121968, 37.478815], [-7.121989, 37.478834], [-7.122012, 37.478855], [-7.122035, 37.478876], [-7.122059, 37.478898], [-7.122084, 37.478921], [-7.122109, 37.478945], [-7.122136, 37.478969], [-7.122162, 37.479003], [-7.122188, 37.479045], [-7.122214, 37.479097], [-7.122239, 37.479158], [-7.122264, 37.479228], [-7.12229, 37.479307], [-7.122314, 37.479396], [-7.122339, 37.479494], [-7.12237, 37.479586], [-7.122408, 37.479672], [-7.122453, 37.479754], [-7.122504, 37.479829], [-7.122562, 37.4799], [-7.122626, 37.479964], [-7.122697, 37.480024], [-7.122774, 37.480078], [-7.122848, 37.480138], [-7.122918, 37.480205], [-7.122984, 37.480277], [-7.123047, 37.480357], [-7.123106, 37.480442], [-7.123161, 37.480534], [-7.123213, 37.480633], [-7.12326, 37.480738], [-7.123312, 37.48083], [-7.123368, 37.480911], [-7.123428, 37.480979], [-7.123492, 37.481036], [-7.12356, 37.48108], [-7.123632, 37.481112], [-7.123708, 37.481132], [-7.123788, 37.48114], [-7.123861, 37.481162], [-7.123928, 37.481196], [-7.123989, 37.481244], [-7.124044, 37.481305], [-7.124092, 37.481379], [-7.124133, 37.481466], [-7.124169, 37.481567], [-7.124197, 37.481681], [-7.124214, 37.481782], [-7.124219, 37.48187], [-7.124211, 37.481946], [-7.124192, 37.482009], [-7.12416, 37.48206], [-7.124117, 37.482098], [-7.124061, 37.482123], [-7.123993, 37.482135], [-7.123935, 37.482158], [-7.123887, 37.482191], [-7.123848, 37.482234], [-7.123819, 37.482287], [-7.1238, 37.482351], [-7.12379, 37.482425], [-7.12379, 37.48251], [-7.1238, 37.482604], [-7.123808, 37.482692], [-7.123813, 37.482771], [-7.123815, 37.482843], [-7.123815, 37.482908], [-7.123813, 37.482965], [-7.123809, 37.483014], [-7.123802, 37.483056], [-7.123792, 37.48309], [-7.123783, 37.483123], [-7.123775, 37.483153], [-7.123767, 37.483182], [-7.12376, 37.483209], [-7.123753, 37.483234], [-7.123746, 37.483257], [-7.12374, 37.483278], [-7.123735, 37.483298], [-7.123733, 37.483316], [-7.123734, 37.483334], [-7.123737, 37.48335], [-7.123744, 37.483366], [-7.123754, 37.48338], [-7.123767, 37.483394], [-7.123783, 37.483406], [-7.123802, 37.483418], [-7.123823, 37.48343], [-7.123845, 37.483444], [-7.123869, 37.483458], [-7.123894, 37.483473], [-7.123921, 37.48349], [-7.123949, 37.483507], [-7.123978, 37.483525], [-7.12401, 37.483544], [-7.124043, 37.48356], [-7.124078, 37.483573], [-7.124116, 37.483584], [-7.124156, 37.483592], [-7.124198, 37.483597], [-7.124243, 37.483599], [-7.124289, 37.483598], [-7.124338, 37.483595], [-7.124385, 37.483604], [-7.124429, 37.483624], [-7.124471, 37.483656], [-7.12451, 37.4837], [-7.124547, 37.483755], [-7.124582, 37.483823], [-7.124614, 37.483902], [-7.124645, 37.483993], [-7.12468, 37.484083], [-7.12472, 37.484172], [-7.124765, 37.48426], [-7.124816, 37.484347], [-7.124871, 37.484434], [-7.124932, 37.484519], [-7.124998, 37.484603], [-7.125068, 37.484687], [-7.125136, 37.484765], [-7.1252, 37.484837], [-7.125261, 37.484903], [-7.125319, 37.484963], [-7.125374, 37.485017], [-7.125425, 37.485066], [-7.125473, 37.485109], [-7.125518, 37.485146], [-7.12557, 37.485199], [-7.125628, 37.485268], [-7.125693, 37.485353], [-7.125764, 37.485453], [-7.125842, 37.485569], [-7.125927, 37.485701], [-7.126019, 37.485849], [-7.126117, 37.486013], [-7.126201, 37.486168], [-7.126272, 37.486315], [-7.12633, 37.486454], [-7.126373, 37.486585], [-7.126404, 37.486708], [-7.12642, 37.486823], [-7.126423, 37.486929], [-7.126413, 37.487028], [-7.126402, 37.487127], [-7.12639, 37.487227], [-7.126377, 37.487328], [-7.126364, 37.48743], [-7.12635, 37.487532], [-7.126335, 37.487635], [-7.12632, 37.48774], [-7.126304, 37.487845], [-7.126295, 37.487936], [-7.126294, 37.488015], [-7.1263, 37.488079], [-7.126313, 37.488131], [-7.126333, 37.488169], [-7.126361, 37.488194], [-7.126395, 37.488205], [-7.126437, 37.488203], [-7.126509, 37.488214], [-7.126611, 37.488238], [-7.126743, 37.488275], [-7.126904, 37.488325], [-7.127096, 37.488388], [-7.127317, 37.488463], [-7.127568, 37.488552], [-7.127849, 37.488654], [-7.12809, 37.488748], [-7.128291, 37.488835], [-7.128452, 37.488914], [-7.128573, 37.488985], [-7.128654, 37.489049], [-7.128695, 37.489106], [-7.128696, 37.489154], [-7.128657, 37.489195], [-7.128613, 37.489254], [-7.128565, 37.489329], [-7.128512, 37.489422], [-7.128455, 37.489532], [-7.128393, 37.489659], [-7.128326, 37.489803], [-7.128255, 37.489964], [-7.12818, 37.490142], [-7.12811, 37.490307], [-7.128046, 37.49046], [-7.127987, 37.490599], [-7.127934, 37.490725], [-7.127886, 37.490838], [-7.127844, 37.490937], [-7.127808, 37.491024], [-7.127777, 37.491098], [-7.127751, 37.491171], [-7.127731, 37.491245], [-7.127716, 37.491318], [-7.127706, 37.49139], [-7.127701, 37.491463], [-7.127701, 37.491535], [-7.127707, 37.491607], [-7.127718, 37.491679], [-7.127724, 37.491742], [-7.127724, 37.491798], [-7.127718, 37.491845], [-7.127706, 37.491884], [-7.127689, 37.491915], [-7.127667, 37.491937], [-7.127639, 37.491952], [-7.127605, 37.491958], [-7.127579, 37.491986], [-7.127562, 37.492036], [-7.127552, 37.492108], [-7.127551, 37.492202], [-7.127558, 37.492317], [-7.127574, 37.492455], [-7.127597, 37.492614], [-7.127629, 37.492796], [-7.127665, 37.492957], [-7.127707, 37.493099], [-7.127752, 37.49322], [-7.127803, 37.493321], [-7.127858, 37.493403], [-7.127918, 37.493464], [-7.127982, 37.493505], [-7.128052, 37.493527], [-7.12812, 37.493543], [-7.128186, 37.493553], [-7.128251, 37.493558], [-7.128315, 37.493558], [-7.128377, 37.493552], [-7.128438, 37.493541], [-7.128498, 37.493525], [-7.128556, 37.493503], [-7.128611, 37.49349], [-7.128661, 37.493486], [-7.128708, 37.493492], [-7.12875, 37.493507], [-7.128789, 37.493531], [-7.128824, 37.493564], [-7.128856, 37.493607], [-7.128883, 37.493658], [-7.128901, 37.493708], [-7.128909, 37.493756], [-7.128909, 37.493802], [-7.128899, 37.493847], [-7.128879, 37.493889], [-7.128851, 37.49393], [-7.128813, 37.493969], [-7.128765, 37.494006], [-7.128715, 37.494052], [-7.128662, 37.494107], [-7.128605, 37.494171], [-7.128546, 37.494245], [-7.128483, 37.494327], [-7.128418, 37.494419], [-7.128349, 37.494519], [-7.128278, 37.494629], [-7.128189, 37.494718], [-7.128082, 37.494787], [-7.127958, 37.494836], [-7.127816, 37.494865], [-7.127657, 37.494873], [-7.12748, 37.494862], [-7.127286, 37.49483], [-7.127074, 37.494778], [-7.126872, 37.494727], [-7.126678, 37.494677], [-7.126494, 37.494629], [-7.126319, 37.494581], [-7.126153, 37.494535], [-7.125996, 37.49449], [-7.125849, 37.494446], [-7.12571, 37.494403], [-7.125575, 37.494361], [-7.125442, 37.494321], [-7.125312, 37.49428], [-7.125185, 37.494241], [-7.125061, 37.494203], [-7.12494, 37.494166], [-7.124822, 37.494129], [-7.124706, 37.494093], [-7.124596, 37.494059], [-7.12449, 37.494026], [-7.124389, 37.493994], [-7.124292, 37.493964], [-7.124201, 37.493934], [-7.124114, 37.493906], [-7.124031, 37.493879], [-7.123954, 37.493854], [-7.123874, 37.493836], [-7.123792, 37.493827], [-7.123708, 37.493827], [-7.123621, 37.493834], [-7.123532, 37.493849], [-7.12344, 37.493873], [-7.123347, 37.493905], [-7.12325, 37.493946], [-7.123167, 37.493976], [-7.123096, 37.493996], [-7.123037, 37.494006], [-7.122991, 37.494006], [-7.122957, 37.493996], [-7.122936, 37.493975], [-7.122928, 37.493945], [-7.122932, 37.493905], [-7.122911, 37.493872], [-7.122866, 37.493848], [-7.122796, 37.493832], [-7.122702, 37.493823], [-7.122583, 37.493823], [-7.12244, 37.493831], [-7.122272, 37.493847], [-7.122079, 37.493871], [-7.121897, 37.493889], [-7.121725, 37.493902], [-7.121563, 37.49391], [-7.121411, 37.493912], [-7.121269, 37.493909], [-7.121137, 37.4939], [-7.121016, 37.493886], [-7.120905, 37.493867], [-7.120795, 37.493844], [-7.120688, 37.493819], [-7.120582, 37.49379], [-7.120478, 37.493758], [-7.120376, 37.493723], [-7.120276, 37.493684], [-7.120178, 37.493643], [-7.120081, 37.493598], [-7.119993, 37.493555], [-7.119913, 37.493515], [-7.119841, 37.493477], [-7.119777, 37.493441], [-7.119722, 37.493408], [-7.119674, 37.493377], [-7.119635, 37.493348], [-7.119604, 37.493321], [-7.119567, 37.493289], [-7.119524, 37.493252], [-7.119476, 37.493211], [-7.119421, 37.493164], [-7.119361, 37.493112], [-7.119295, 37.493055], [-7.119223, 37.492993], [-7.119145, 37.492927], [-7.119074, 37.492882], [-7.119009, 37.49286], [-7.118949, 37.492861], [-7.118897, 37.492884], [-7.11885, 37.492929], [-7.118809, 37.492997], [-7.118775, 37.493088], [-7.118747, 37.493201], [-7.118708, 37.493297], [-7.118659, 37.493375], [-7.118599, 37.493436], [-7.118529, 37.49348], [-7.118448, 37.493507], [-7.118356, 37.493517], [-7.118254, 37.493509], [-7.118141, 37.493485], [-7.118036, 37.493458], [-7.117939, 37.493431], [-7.117849, 37.493402], [-7.117767, 37.493371], [-7.117693, 37.49334], [-7.117626, 37.493307], [-7.117566, 37.493272], [-7.117515, 37.493236], [-7.117461, 37.493202], [-7.117405, 37.49317], [-7.117347, 37.493139], [-7.117286, 37.493111], [-7.117224, 37.493084], [-7.117159, 37.493059], [-7.117092, 37.493035], [-7.117022, 37.493014], [-7.116952, 37.492999], [-7.116881, 37.492991], [-7.116809, 37.492989], [-7.116736, 37.492994], [-7.116661, 37.493006], [-7.116586, 37.493024], [-7.11651, 37.493048], [-7.116433, 37.493079], [-7.116368, 37.493116], [-7.116317, 37.493158], [-7.116278, 37.493205], [-7.116253, 37.493258], [-7.11624, 37.493317], [-7.11624, 37.49338], [-7.116253, 37.49345], [-7.116279, 37.493524], [-7.116311, 37.493593], [-7.116348, 37.493656], [-7.116391, 37.493712], [-7.116439, 37.493763], [-7.116493, 37.493808], [-7.116552, 37.493847], [-7.116617, 37.493879], [-7.116688, 37.493906], [-7.116752, 37.49393], [-7.11681, 37.493951], [-7.116861, 37.493969], [-7.116905, 37.493984], [-7.116943, 37.493997], [-7.116974, 37.494006], [-7.116999, 37.494013], [-7.117017, 37.494016], [-7.11704, 37.494021], [-7.117068, 37.494026], [-7.117101, 37.494033], [-7.117138, 37.49404], [-7.11718, 37.494048], [-7.117227, 37.494058], [-7.117279, 37.494068], [-7.117335, 37.494079], [-7.117391, 37.494095], [-7.117447, 37.494117], [-7.117504, 37.494143], [-7.11756, 37.494175], [-7.117616, 37.494212], [-7.117672, 37.494253], [-7.117727, 37.494301], [-7.117783, 37.494353], [-7.117822, 37.494401], [-7.117844, 37.494445], [-7.117849, 37.494485], [-7.117837, 37.494522], [-7.117808, 37.494554], [-7.117762, 37.494582], [-7.117699, 37.494606], [-7.117619, 37.494627], [-7.117538, 37.494641], [-7.117457, 37.494649], [-7.117375, 37.49465], [-7.117292, 37.494645], [-7.117208, 37.494634], [-7.117124, 37.494617], [-7.117039, 37.494594], [-7.116954, 37.494564], [-7.116874, 37.494534], [-7.116799, 37.494503], [-7.116729, 37.494472], [-7.116665, 37.49444], [-7.116606, 37.494408], [-7.116552, 37.494375], [-7.116503, 37.494342], [-7.11646, 37.494308], [-7.116421, 37.494278], [-7.116386, 37.494251], [-7.116356, 37.494227], [-7.116329, 37.494206], [-7.116307, 37.494189], [-7.116289, 37.494174], [-7.116275, 37.494164], [-7.116265, 37.494156], [-7.116247, 37.494142], [-7.116222, 37.494121], [-7.116189, 37.494093], [-7.116148, 37.494059], [-7.116099, 37.494018], [-7.116042, 37.493971], [-7.115978, 37.493917], [-7.115906, 37.493856], [-7.115836, 37.493796], [-7.115767, 37.493734], [-7.1157, 37.493673], [-7.115635, 37.493611], [-7.115571, 37.493549], [-7.115509, 37.493486], [-7.115449, 37.493424], [-7.115391, 37.493361], [-7.115333, 37.493302], [-7.115277, 37.493247], [-7.115221, 37.493196], [-7.115167, 37.493149], [-7.115113, 37.493106], [-7.115061, 37.493068], [-7.11501, 37.493033], [-7.11496, 37.493003], [-7.114912, 37.492974], [-7.114868, 37.492946], [-7.114827, 37.492921], [-7.114789, 37.492896], [-7.114754, 37.492874], [-7.114722, 37.492853], [-7.114693, 37.492833], [-7.114667, 37.492815], [-7.114644, 37.492782], [-7.114623, 37.492733], [-7.114604, 37.492669], [-7.114587, 37.49259], [-7.114573, 37.492495], [-7.114561, 37.492386], [-7.114552, 37.49226], [-7.114545, 37.49212], [-7.114532, 37.49201], [-7.114514, 37.491931], [-7.11449, 37.491883], [-7.114461, 37.491866], [-7.114426, 37.491879], [-7.114386, 37.491923], [-7.11434, 37.491998], [-7.114289, 37.492104], [-7.114239, 37.492208], [-7.114191, 37.492311], [-7.114143, 37.492412], [-7.114098, 37.492511], [-7.114053, 37.492608], [-7.11401, 37.492704], [-7.113968, 37.492798], [-7.113928, 37.492891], [-7.113894, 37.492979], [-7.113868, 37.493063], [-7.113848, 37.493143], [-7.113836, 37.49322], [-7.11383, 37.493292], [-7.113831, 37.493359], [-7.113839, 37.493423], [-7.113854, 37.493483], [-7.11387, 37.49354], [-7.113885, 37.493595], [-7.113901, 37.493648], [-7.113918, 37.493699], [-7.113935, 37.493748], [-7.113952, 37.493794], [-7.113969, 37.493838], [-7.113986, 37.49388], [-7.114004, 37.493922], [-7.114022, 37.493964], [-7.11404, 37.494006], [-7.114057, 37.494048], [-7.114075, 37.49409], [-7.114093, 37.494132], [-7.114111, 37.494175], [-7.114129, 37.494217], [-7.114163, 37.494252], [-7.114214, 37.494279], [-7.114282, 37.494299], [-7.114366, 37.494311], [-7.114467, 37.494315], [-7.114584, 37.494312], [-7.114718, 37.494302], [-7.114868, 37.494283], [-7.115004, 37.494267], [-7.115126, 37.494252], [-7.115233, 37.494239], [-7.115326, 37.494227], [-7.115404, 37.494218], [-7.115468, 37.49421], [-7.115518, 37.494204], [-7.115554, 37.4942], [-7.115585, 37.494196], [-7.115612, 37.494194], [-7.115635, 37.494193], [-7.115653, 37.494193], [-7.115668, 37.494193], [-7.115679, 37.494195], [-7.115685, 37.494198], [-7.115687, 37.494201], [-7.115692, 37.494209], [-7.115699, 37.494221], [-7.115709, 37.494238], [-7.115721, 37.494258], [-7.115736, 37.494283], [-7.115753, 37.494311], [-7.115773, 37.494344], [-7.115795, 37.494382], [-7.115808, 37.494422], [-7.115811, 37.494465], [-7.115804, 37.494511], [-7.115787, 37.49456], [-7.115761, 37.494613], [-7.115725, 37.494668], [-7.115679, 37.494726], [-7.115624, 37.494787], [-7.115567, 37.49485], [-7.115509, 37.494915], [-7.11545, 37.494981], [-7.115389, 37.495049], [-7.115327, 37.495118], [-7.115263, 37.495189], [-7.115198, 37.495262], [-7.115132, 37.495337], [-7.115078, 37.495412], [-7.115038, 37.495489], [-7.11501, 37.495568], [-7.114994, 37.495647], [-7.114992, 37.495728], [-7.115002, 37.495809], [-7.115024, 37.495892], [-7.11506, 37.495977], [-7.115077, 37.496054], [-7.115075, 37.496124], [-7.115054, 37.496186], [-7.115015, 37.496242], [-7.114957, 37.49629], [-7.114881, 37.496331], [-7.114818, 37.496357], [-7.11477, 37.496368], [-7.114671, 37.496566], [-7.114523, 37.496951], [-7.11452, 37.497311], [-7.114662, 37.497649], [-7.114803, 37.498094], [-7.114943, 37.498647], [-7.114854, 37.499082], [-7.114538, 37.499401], [-7.114271, 37.499581], [-7.114054, 37.49962], [-7.113625, 37.499659], [-7.112982, 37.499697], [-7.112225, 37.499847], [-7.111355, 37.500108], [-7.110562, 37.500054], [-7.109845, 37.499686], [-7.109271, 37.499348], [-7.108841, 37.499039], [-7.10859, 37.498934], [-7.108518, 37.499032], [-7.108231, 37.499099], [-7.107728, 37.499135], [-7.107134, 37.499194], [-7.106448, 37.499277], [-7.105634, 37.499305], [-7.104692, 37.49928], [-7.104041, 37.499393], [-7.103683, 37.499646], [-7.103551, 37.499804], [-7.103645, 37.499868], [-7.103844, 37.499996], [-7.104149, 37.500188], [-7.104427, 37.500398], [-7.10468, 37.500628], [-7.104644, 37.501065], [-7.104322, 37.50171], [-7.104261, 37.502307], [-7.104462, 37.502857], [-7.104081, 37.503202], [-7.103119, 37.503342], [-7.102463, 37.50349], [-7.102114, 37.503646], [-7.101882, 37.503847], [-7.101768, 37.504094], [-7.101549, 37.504466], [-7.101224, 37.504963], [-7.101186, 37.505613], [-7.101433, 37.506416], [-7.101639, 37.507144], [-7.101805, 37.507799], [-7.101881, 37.508187], [-7.101866, 37.508309], [-7.101761, 37.508378], [-7.101565, 37.508395], [-7.101425, 37.508361], [-7.101339, 37.508277], [-7.10109, 37.508064], [-7.100677, 37.507722], [-7.100139, 37.507132], [-7.099477, 37.506293], [-7.099125, 37.505756], [-7.099083, 37.505524], [-7.099165, 37.505287], [-7.099368, 37.505044], [-7.099336, 37.504778], [-7.099069, 37.504488], [-7.098648, 37.504413], [-7.098074, 37.504553], [-7.097716, 37.504396], [-7.097575, 37.503942], [-7.097252, 37.503609], [-7.096748, 37.503397], [-7.096297, 37.503027], [-7.095899, 37.5025], [-7.095646, 37.502129], [-7.095539, 37.501916], [-7.095481, 37.501793], [-7.095472, 37.501761], [-7.095403, 37.501775], [-7.095274, 37.501835], [-7.0951, 37.501754], [-7.09488, 37.501532], [-7.094247, 37.5016], [-7.093199, 37.501958], [-7.092646, 37.502207], [-7.092587, 37.502346], [-7.092379, 37.502403], [-7.092024, 37.502377], [-7.091797, 37.502468], [-7.0917, 37.502674], [-7.091688, 37.503081], [-7.091763, 37.503689], [-7.091589, 37.504138], [-7.091168, 37.504427], [-7.090734, 37.504562], [-7.090288, 37.504545], [-7.089581, 37.504176], [-7.088613, 37.503455], [-7.08774, 37.502855], [-7.086962, 37.502375], [-7.086491, 37.502136], [-7.086327, 37.502137], [-7.085958, 37.502395], [-7.085385, 37.502909], [-7.085093, 37.503223], [-7.085082, 37.503338], [-7.084672, 37.503476], [-7.083863, 37.503637], [-7.083318, 37.503666], [-7.083035, 37.503563], [-7.082853, 37.503447], [-7.082771, 37.503317], [-7.082586, 37.503245], [-7.082299, 37.503232], [-7.08215, 37.502735], [-7.08214, 37.501756], [-7.082025, 37.501023], [-7.081806, 37.500538], [-7.081413, 37.500219], [-7.080846, 37.500066], [-7.08041, 37.499863], [-7.080106, 37.499611], [-7.079742, 37.4996], [-7.07932, 37.499831], [-7.079072, 37.499943], [-7.078998, 37.499936], [-7.078797, 37.499917], [-7.078727, 37.499992], [-7.077924, 37.500138], [-7.077451, 37.499795], [-7.077258, 37.499466], [-7.076764, 37.499093], [-7.076587, 37.4986], [-7.076614, 37.498132], [-7.076602, 37.498125], [-7.076603, 37.498123], [-7.076551, 37.497915], [-7.076446, 37.497502], [-7.076359, 37.497159], [-7.076674, 37.496499], [-7.076731, 37.49644], [-7.07663, 37.49613], [-7.07646, 37.49552], [-7.076301, 37.495132], [-7.076152, 37.494966], [-7.075985, 37.494778], [-7.075799, 37.49457], [-7.075653, 37.494458], [-7.075548, 37.494442], [-7.075369, 37.494337], [-7.075117, 37.494143], [-7.075034, 37.494105], [-7.074885, 37.49325], [-7.074293, 37.491979], [-7.073412, 37.490762], [-7.072146, 37.49104], [-7.072088, 37.490846], [-7.072044, 37.490602], [-7.07197, 37.490673], [-7.071191, 37.491869], [-7.070254, 37.491519], [-7.070258, 37.491454], [-7.070076, 37.491348], [-7.069913, 37.49115], [-7.070135, 37.490906], [-7.070345, 37.490834], [-7.070422, 37.490808], [-7.070742, 37.490614], [-7.07072, 37.490413], [-7.070563, 37.490301], [-7.070443, 37.490214], [-7.070198, 37.490146], [-7.069949, 37.490168], [-7.069557, 37.489627], [-7.069551, 37.489379], [-7.06966, 37.489211], [-7.069833, 37.489146], [-7.069946, 37.489034], [-7.069973, 37.488746], [-7.070013, 37.488512], [-7.069907, 37.488372], [-7.069828, 37.488341], [-7.069654, 37.488271], [-7.069562, 37.488129], [-7.069556, 37.48792], [-7.069258, 37.487445], [-7.067941, 37.485912], [-7.067745, 37.485705], [-7.067538, 37.485616], [-7.067378, 37.485487], [-7.067231, 37.485185], [-7.06694, 37.485045], [-7.066489, 37.484662], [-7.066664, 37.484603], [-7.066855, 37.484538], [-7.066469, 37.484019], [-7.06611, 37.483778], [-7.065956, 37.483727], [-7.065657, 37.483668], [-7.065622, 37.483675], [-7.065571, 37.483629], [-7.06542, 37.483477], [-7.065256, 37.483593], [-7.065112, 37.483586], [-7.065, 37.483424], [-7.065021, 37.483114], [-7.065029, 37.482977], [-7.065159, 37.4829], [-7.065084, 37.482601], [-7.064902, 37.482497], [-7.064638, 37.482549], [-7.064538, 37.482658], [-7.064484, 37.482781], [-7.064226, 37.482658], [-7.064432, 37.482519], [-7.064258, 37.482391], [-7.064079, 37.482413], [-7.064044, 37.482612], [-7.063609, 37.482181], [-7.062809, 37.482326], [-7.062471, 37.482388], [-7.062539, 37.482829], [-7.06264, 37.483117], [-7.062369, 37.483053], [-7.062235, 37.482635], [-7.062009, 37.482302], [-7.061834, 37.481608], [-7.061728, 37.481242], [-7.061557, 37.481295], [-7.061432, 37.48142], [-7.061485, 37.48174], [-7.061548, 37.482046], [-7.061654, 37.482355], [-7.06178, 37.482741], [-7.062138, 37.483095], [-7.062348, 37.48342], [-7.061906, 37.48324], [-7.061353, 37.482286], [-7.061287, 37.481798], [-7.061202, 37.481406], [-7.06121, 37.481211], [-7.061584, 37.481064], [-7.061232, 37.480402], [-7.060979, 37.480073], [-7.061082, 37.479805], [-7.061077, 37.479699], [-7.06105, 37.479655], [-7.061374, 37.479561], [-7.062192, 37.479678]], [[-7.069076, 37.47675], [-7.069242, 37.47678], [-7.069363, 37.476817], [-7.069577, 37.476778], [-7.069883, 37.476663], [-7.070167, 37.476604], [-7.070427, 37.476601], [-7.07051, 37.476377], [-7.070416, 37.475932], [-7.070396, 37.475667], [-7.07045, 37.475583], [-7.070392, 37.475467], [-7.070224, 37.475318], [-7.069994, 37.475219], [-7.069702, 37.475168], [-7.06955, 37.475046], [-7.069539, 37.474854], [-7.069565, 37.4747], [-7.069629, 37.474584], [-7.069711, 37.474428], [-7.06981, 37.474231], [-7.06989, 37.474067], [-7.06995, 37.473937], [-7.069914, 37.47372], [-7.069782, 37.473416], [-7.069822, 37.473207], [-7.070036, 37.473094], [-7.07019, 37.472931], [-7.070286, 37.47272], [-7.070505, 37.472591], [-7.070847, 37.472543], [-7.070893, 37.47243], [-7.070643, 37.472252], [-7.070492, 37.472094], [-7.070438, 37.471954], [-7.070493, 37.471765], [-7.070656, 37.471527], [-7.070732, 37.471312], [-7.070721, 37.47112], [-7.07059, 37.470823], [-7.07034, 37.470421], [-7.070254, 37.470415], [-7.070334, 37.470803], [-7.070409, 37.471102], [-7.070481, 37.471313], [-7.070465, 37.471472], [-7.070362, 37.47158], [-7.070254, 37.471667], [-7.07014, 37.471733], [-7.06997, 37.471764], [-7.069746, 37.47176], [-7.069647, 37.471957], [-7.069672, 37.472355], [-7.06965, 37.472635], [-7.069579, 37.472797], [-7.069405, 37.472955], [-7.069127, 37.47311], [-7.068883, 37.47314], [-7.068672, 37.473044], [-7.068437, 37.472849], [-7.068176, 37.472553], [-7.067908, 37.472267], [-7.067633, 37.471989], [-7.067411, 37.471738], [-7.067243, 37.471515], [-7.067256, 37.471379], [-7.067448, 37.471329], [-7.067713, 37.47131], [-7.068052, 37.471323], [-7.068189, 37.471276], [-7.068125, 37.471168], [-7.068012, 37.471092], [-7.067852, 37.471047], [-7.067661, 37.471029], [-7.06744, 37.47104], [-7.067226, 37.470967], [-7.067019, 37.470811], [-7.066869, 37.470622], [-7.066776, 37.4704], [-7.066633, 37.470128], [-7.06644, 37.469806], [-7.066245, 37.469513], [-7.066048, 37.469251], [-7.065948, 37.469001], [-7.065944, 37.468763], [-7.065703, 37.468434], [-7.065224, 37.468014], [-7.06488, 37.467868], [-7.06467, 37.467996], [-7.06466, 37.468214], [-7.064849, 37.468523], [-7.064935, 37.468753], [-7.064918, 37.468905], [-7.06469, 37.468962], [-7.064251, 37.468922], [-7.06387, 37.468962], [-7.063546, 37.469081], [-7.063252, 37.469246], [-7.062989, 37.469458], [-7.062754, 37.46971], [-7.062548, 37.470001], [-7.062442, 37.470244], [-7.062435, 37.470439], [-7.062437, 37.470595], [-7.062448, 37.470712], [-7.062254, 37.470941], [-7.061856, 37.471283], [-7.061539, 37.471504], [-7.061304, 37.471607], [-7.061242, 37.47173], [-7.061353, 37.471874], [-7.061487, 37.471998], [-7.061644, 37.472104], [-7.061892, 37.472275], [-7.062231, 37.472511], [-7.062492, 37.47262], [-7.062673, 37.472602], [-7.062967, 37.472511], [-7.063373, 37.472348], [-7.063649, 37.472298], [-7.063795, 37.47236], [-7.063854, 37.472447], [-7.063826, 37.472556], [-7.063773, 37.472678], [-7.063695, 37.472811], [-7.063844, 37.472814], [-7.064222, 37.472685], [-7.064553, 37.47267], [-7.064839, 37.472767], [-7.065053, 37.472877], [-7.065196, 37.473], [-7.06531, 37.473195], [-7.065396, 37.473463], [-7.065472, 37.473725], [-7.065536, 37.473981], [-7.065608, 37.474192], [-7.065687, 37.474357], [-7.065801, 37.47444], [-7.065951, 37.474443], [-7.066136, 37.474476], [-7.066357, 37.47454], [-7.066653, 37.474605], [-7.067024, 37.474672], [-7.067172, 37.474854], [-7.067098, 37.47515], [-7.066954, 37.475281], [-7.06674, 37.475245], [-7.066496, 37.475201], [-7.066221, 37.475146], [-7.065934, 37.475117], [-7.065635, 37.475111], [-7.065509, 37.475127], [-7.065555, 37.475163], [-7.065651, 37.475213], [-7.065798, 37.475276], [-7.065978, 37.475362], [-7.066192, 37.475472], [-7.066379, 37.47555], [-7.06654, 37.475595], [-7.066729, 37.475605], [-7.066946, 37.475581], [-7.067176, 37.475569], [-7.067418, 37.475569], [-7.067577, 37.475607], [-7.067652, 37.475683], [-7.067738, 37.475802], [-7.067834, 37.475963], [-7.067892, 37.476154], [-7.06791, 37.476374], [-7.067918, 37.476626], [-7.067915, 37.47691], [-7.068022, 37.477077], [-7.06824, 37.477127], [-7.068451, 37.477043], [-7.068658, 37.476827], [-7.068866, 37.476729], [-7.069076, 37.47675]], [[-6.982822, 37.407921], [-6.983226, 37.407744], [-6.983786, 37.407954], [-6.984524, 37.408595], [-6.984795, 37.409066], [-6.985168, 37.409329], [-6.98527, 37.40931], [-6.985685, 37.409178], [-6.985736, 37.408772], [-6.985668, 37.408501], [-6.985273, 37.408053], [-6.98497, 37.407597], [-6.984394, 37.406993], [-6.983733, 37.406943], [-6.982566, 37.407183], [-6.981926, 37.407215], [-6.981492, 37.407463], [-6.980965, 37.407805], [-6.980674, 37.407962], [-6.980276, 37.407977], [-6.979807, 37.407798], [-6.979333, 37.407742], [-6.979303, 37.407766], [-6.979295, 37.408014], [-6.979301, 37.408135], [-6.980255, 37.409068], [-6.981185, 37.409485], [-6.982045, 37.409385], [-6.982744, 37.408928], [-6.98289, 37.408381], [-6.982822, 37.407921]]]}}]}