{"type": "FeatureCollection", "name": "TABARA", "features": [{"type": "Feature", "properties": {"id": "206474", "FIREDATE": "2022-07-17T21:23:00", "FINALDATE": "2022-07-24T21:23:00", "LASTUPDATE": "2022-07-21 13:21:33.497027", "COUNTRY": "ES", "PROVINCE": "Zamora", "COMMUNE": "Tábara", "AREA_HA": 32528.0, "BROADLEA": 16.0746, "CONIFER": 10.9317, "MIXED": 0.7474, "SCLEROPH": 33.281, "TRANSIT": 8.8893, "OTHERNATLC": 2.8544, "AGRIAREAS": 27.1754, "ARTIFSURF": 0.0461, "OTHERLC": 0.0, "PERCNA2K": 31.3476, "CLASS": "FireSeason", "AÑO": 2022, "LATITUD": 41.84867929515087, "LONGITUD": -6.010395681113009}, "geometry": {"type": "Polygon", "coordinates": [[[-6.041442, 41.940145], [-6.040995, 41.940398], [-6.040505, 41.940655], [-6.039971, 41.940915], [-6.039394, 41.941178], [-6.038775, 41.941444], [-6.038201, 41.941703], [-6.037675, 41.941957], [-6.037195, 41.942203], [-6.036761, 41.942444], [-6.036375, 41.942678], [-6.036034, 41.942905], [-6.035741, 41.943126], [-6.035494, 41.943341], [-6.035293, 41.943549], [-6.035139, 41.94375], [-6.035032, 41.943945], [-6.034972, 41.944134], [-6.035091, 41.944486], [-6.03539, 41.945001], [-6.035869, 41.945678], [-6.036529, 41.946519], [-6.037077, 41.947275], [-6.037515, 41.947946], [-6.037842, 41.948532], [-6.038059, 41.949034], [-6.038242, 41.949431], [-6.038391, 41.949723], [-6.038506, 41.949911], [-6.038586, 41.949994], [-6.038723, 41.950092], [-6.038917, 41.950206], [-6.039166, 41.950336], [-6.039471, 41.95048], [-6.039707, 41.950609], [-6.039873, 41.95072], [-6.03997, 41.950816], [-6.039997, 41.950894], [-6.039986, 41.951048], [-6.039938, 41.951277], [-6.039852, 41.951582], [-6.039729, 41.951962], [-6.039639, 41.952292], [-6.039584, 41.952573], [-6.039564, 41.952804], [-6.039577, 41.952985], [-6.039639, 41.953294], [-6.039749, 41.95373], [-6.039907, 41.954293], [-6.040113, 41.954985], [-6.040268, 41.955566], [-6.040373, 41.956038], [-6.040427, 41.9564], [-6.040431, 41.956653], [-6.040345, 41.957183], [-6.040171, 41.95799], [-6.039908, 41.959075], [-6.039556, 41.960437], [-6.039271, 41.961591], [-6.039054, 41.962537], [-6.038903, 41.963276], [-6.03882, 41.963806], [-6.038765, 41.964319], [-6.038737, 41.964815], [-6.038736, 41.965293], [-6.038763, 41.965753], [-6.038759, 41.966148], [-6.038725, 41.966476], [-6.038659, 41.966739], [-6.038562, 41.966936], [-6.038458, 41.967105], [-6.038347, 41.967248], [-6.038229, 41.967363], [-6.038103, 41.967451], [-6.037916, 41.967555], [-6.037667, 41.967676], [-6.037357, 41.967814], [-6.036985, 41.967968], [-6.036596, 41.968114], [-6.036191, 41.968251], [-6.035768, 41.968381], [-6.035329, 41.968502], [-6.034873, 41.968613], [-6.034399, 41.968715], [-6.033908, 41.968807], [-6.0334, 41.968889], [-6.032873, 41.968957], [-6.032327, 41.96901], [-6.031764, 41.969049], [-6.031181, 41.969073], [-6.030374, 41.969075], [-6.029341, 41.969054], [-6.028083, 41.969011], [-6.026601, 41.968945], [-6.025433, 41.968901], [-6.02458, 41.968879], [-6.024043, 41.96888], [-6.02382, 41.968903], [-6.023611, 41.968935], [-6.023414, 41.968978], [-6.023231, 41.969031], [-6.02306, 41.969093], [-6.022902, 41.969166], [-6.022757, 41.969248], [-6.022625, 41.96934], [-6.022506, 41.969442], [-6.0224, 41.969554], [-6.022307, 41.969676], [-6.022226, 41.969808], [-6.022159, 41.96995], [-6.022065, 41.970101], [-6.021946, 41.970261], [-6.0218, 41.97043], [-6.021628, 41.970609], [-6.021444, 41.970752], [-6.021247, 41.97086], [-6.021038, 41.970933], [-6.020817, 41.970971], [-6.02061, 41.970968], [-6.020418, 41.970924], [-6.020241, 41.970838], [-6.020078, 41.970712], [-6.019939, 41.970542], [-6.019823, 41.97033], [-6.019731, 41.970074], [-6.019662, 41.969775], [-6.019598, 41.969523], [-6.019539, 41.969318], [-6.019484, 41.969159], [-6.019433, 41.969047], [-6.019376, 41.96895], [-6.019311, 41.968868], [-6.01924, 41.9688], [-6.019161, 41.968748], [-6.01901, 41.968734], [-6.018787, 41.968759], [-6.018491, 41.968823], [-6.018123, 41.968926], [-6.017818, 41.969003], [-6.017575, 41.969053], [-6.017395, 41.969076], [-6.017277, 41.969074], [-6.017136, 41.969045], [-6.016971, 41.968989], [-6.016784, 41.968908], [-6.016573, 41.9688], [-6.016412, 41.968697], [-6.016299, 41.9686], [-6.016236, 41.968507], [-6.016221, 41.96842], [-6.016268, 41.968299], [-6.016375, 41.968144], [-6.016545, 41.967956], [-6.016775, 41.967733], [-6.017089, 41.967478], [-6.017486, 41.96719], [-6.017967, 41.966869], [-6.018532, 41.966516], [-6.019034, 41.966135], [-6.019475, 41.965726], [-6.019854, 41.965288], [-6.020172, 41.964822], [-6.020405, 41.964436], [-6.020553, 41.964131], [-6.020616, 41.963906], [-6.020595, 41.963761], [-6.02055, 41.963623], [-6.020483, 41.963492], [-6.020393, 41.963368], [-6.020279, 41.963251], [-6.020179, 41.963164], [-6.020094, 41.963105], [-6.020021, 41.963077], [-6.019963, 41.963077], [-6.019889, 41.963108], [-6.0198, 41.963168], [-6.019695, 41.963258], [-6.019575, 41.963378], [-6.019468, 41.963476], [-6.019374, 41.963552], [-6.019293, 41.963607], [-6.019226, 41.963639], [-6.019157, 41.96366], [-6.019086, 41.96367], [-6.019014, 41.963667], [-6.01894, 41.963653], [-6.01869, 41.963455], [-6.018264, 41.963075], [-6.017662, 41.962511], [-6.016884, 41.961763], [-6.016243, 41.961171], [-6.015739, 41.960733], [-6.015372, 41.96045], [-6.015141, 41.960321], [-6.014921, 41.960218], [-6.014711, 41.96014], [-6.014512, 41.960089], [-6.014323, 41.960062], [-6.014163, 41.96005], [-6.014032, 41.960052], [-6.013929, 41.960067], [-6.013855, 41.960097], [-6.013751, 41.960175], [-6.013619, 41.960302], [-6.013456, 41.960478], [-6.013265, 41.960704], [-6.013091, 41.960891], [-6.012935, 41.961042], [-6.012797, 41.961155], [-6.012677, 41.961232], [-6.01246, 41.961347], [-6.012145, 41.961503], [-6.011734, 41.961698], [-6.011226, 41.961933], [-6.010792, 41.962181], [-6.010431, 41.962444], [-6.010145, 41.962719], [-6.009932, 41.963009], [-6.009724, 41.963354], [-6.009519, 41.963753], [-6.009318, 41.964208], [-6.009121, 41.964718], [-6.008925, 41.965157], [-6.008731, 41.965527], [-6.008539, 41.965826], [-6.008348, 41.966056], [-6.008173, 41.966244], [-6.008011, 41.966391], [-6.007865, 41.966497], [-6.007733, 41.966562], [-6.007545, 41.966614], [-6.0073, 41.966654], [-6.007, 41.96668], [-6.006643, 41.966694], [-6.00632, 41.966692], [-6.006029, 41.966673], [-6.005771, 41.966639], [-6.005547, 41.966587], [-6.005339, 41.966529], [-6.005148, 41.966462], [-6.004975, 41.966388], [-6.004818, 41.966307], [-6.004678, 41.966217], [-6.004556, 41.966121], [-6.00445, 41.966016], [-6.004361, 41.965904], [-6.00429, 41.965784], [-6.004235, 41.965656], [-6.004197, 41.965521], [-6.004177, 41.965378], [-6.004174, 41.965196], [-6.004189, 41.964974], [-6.004222, 41.964713], [-6.004274, 41.964412], [-6.004302, 41.964166], [-6.004308, 41.963976], [-6.004291, 41.96384], [-6.004252, 41.963759], [-6.004202, 41.963689], [-6.004141, 41.963632], [-6.00407, 41.963585], [-6.003987, 41.963551], [-6.003894, 41.963528], [-6.003789, 41.963516], [-6.003674, 41.963516], [-6.003549, 41.963528], [-6.003414, 41.963561], [-6.003271, 41.963617], [-6.003119, 41.963695], [-6.002958, 41.963795], [-6.002828, 41.963921], [-6.002728, 41.964072], [-6.002658, 41.964249], [-6.002619, 41.964452], [-6.002555, 41.964658], [-6.002468, 41.964868], [-6.002356, 41.96508], [-6.002221, 41.965297], [-6.002043, 41.965508], [-6.001824, 41.965716], [-6.001562, 41.96592], [-6.001258, 41.96612], [-6.000984, 41.966284], [-6.00074, 41.966413], [-6.000527, 41.966506], [-6.000343, 41.966564], [-6.000105, 41.966607], [-5.999814, 41.966634], [-5.999468, 41.966646], [-5.999069, 41.966643], [-5.998664, 41.966613], [-5.998252, 41.966558], [-5.997833, 41.966476], [-5.997409, 41.966367], [-5.996991, 41.966273], [-5.99658, 41.966193], [-5.996176, 41.966128], [-5.995778, 41.966076], [-5.995381, 41.966047], [-5.994985, 41.96604], [-5.99459, 41.966055], [-5.994196, 41.966092], [-5.993896, 41.966132], [-5.993691, 41.966174], [-5.993579, 41.966218], [-5.993562, 41.966264], [-5.993578, 41.966334], [-5.993627, 41.966428], [-5.993708, 41.966545], [-5.993822, 41.966686], [-5.994035, 41.966895], [-5.994346, 41.967171], [-5.994756, 41.967514], [-5.995264, 41.967925], [-5.995647, 41.96825], [-5.995904, 41.968488], [-5.996036, 41.968639], [-5.996041, 41.968703], [-5.996026, 41.968761], [-5.99599, 41.968812], [-5.995932, 41.968855], [-5.995854, 41.968892], [-5.995677, 41.968911], [-5.9954, 41.968911], [-5.995024, 41.968895], [-5.994549, 41.96886], [-5.994118, 41.968803], [-5.993731, 41.968724], [-5.993387, 41.968622], [-5.993087, 41.968498], [-5.992796, 41.96839], [-5.992514, 41.968299], [-5.992241, 41.968225], [-5.991976, 41.968167], [-5.991722, 41.968139], [-5.991479, 41.968138], [-5.991247, 41.968167], [-5.991025, 41.968225], [-5.990666, 41.968358], [-5.990172, 41.968568], [-5.989541, 41.968854], [-5.988773, 41.969215], [-5.98817, 41.969485], [-5.98773, 41.969664], [-5.987454, 41.969752], [-5.987341, 41.969748], [-5.987238, 41.969731], [-5.987144, 41.969702], [-5.987058, 41.969659], [-5.986982, 41.969604], [-5.986915, 41.969536], [-5.986856, 41.969455], [-5.986807, 41.969361], [-5.986766, 41.969254], [-5.986712, 41.969155], [-5.986644, 41.969065], [-5.986562, 41.968982], [-5.986466, 41.968908], [-5.986304, 41.968841], [-5.986077, 41.968779], [-5.985784, 41.968724], [-5.985425, 41.968675], [-5.98509, 41.968644], [-5.984779, 41.968632], [-5.984492, 41.968638], [-5.984229, 41.968663], [-5.983921, 41.968721], [-5.983567, 41.96881], [-5.983168, 41.968932], [-5.982723, 41.969087], [-5.982225, 41.969343], [-5.981675, 41.9697], [-5.981072, 41.970158], [-5.980416, 41.970718], [-5.979841, 41.971182], [-5.979348, 41.971552], [-5.978937, 41.971827], [-5.978607, 41.972006], [-5.97832, 41.972152], [-5.978074, 41.972265], [-5.977871, 41.972344], [-5.977711, 41.97239], [-5.977514, 41.972421], [-5.977282, 41.972439], [-5.977013, 41.972443], [-5.976709, 41.972433], [-5.976444, 41.972412], [-5.97622, 41.972379], [-5.976036, 41.972335], [-5.975893, 41.97228], [-5.975692, 41.972224], [-5.975436, 41.972167], [-5.975122, 41.972109], [-5.974752, 41.972051], [-5.974308, 41.972019], [-5.973789, 41.972013], [-5.973196, 41.972033], [-5.972529, 41.97208], [-5.971998, 41.972128], [-5.971604, 41.972178], [-5.971347, 41.972231], [-5.971227, 41.972285], [-5.971123, 41.972344], [-5.971037, 41.972408], [-5.970966, 41.972477], [-5.970913, 41.972551], [-5.970874, 41.972677], [-5.97085, 41.972855], [-5.97084, 41.973084], [-5.970845, 41.973364], [-5.970832, 41.973644], [-5.970801, 41.973923], [-5.970752, 41.974201], [-5.970686, 41.974478], [-5.970662, 41.974751], [-5.970682, 41.975022], [-5.970745, 41.97529], [-5.970851, 41.975554], [-5.97092, 41.975773], [-5.970953, 41.975947], [-5.97095, 41.976075], [-5.970911, 41.976157], [-5.970847, 41.976239], [-5.970759, 41.97632], [-5.970646, 41.9764], [-5.970509, 41.976479], [-5.970201, 41.976592], [-5.969722, 41.976742], [-5.969073, 41.976926], [-5.968253, 41.977145], [-5.967594, 41.977328], [-5.967097, 41.977476], [-5.966763, 41.977588], [-5.966589, 41.977664], [-5.966418, 41.977775], [-5.966249, 41.977921], [-5.966083, 41.978102], [-5.965918, 41.978318], [-5.965769, 41.978489], [-5.965635, 41.978614], [-5.965517, 41.978694], [-5.965415, 41.978728], [-5.965205, 41.978756], [-5.964888, 41.97878], [-5.964463, 41.978799], [-5.96393, 41.978813], [-5.963481, 41.978834], [-5.963115, 41.978864], [-5.962833, 41.978901], [-5.962634, 41.978946], [-5.962243, 41.979076], [-5.961659, 41.979291], [-5.960882, 41.979591], [-5.959912, 41.979976], [-5.959037, 41.980277], [-5.958256, 41.980495], [-5.957568, 41.980628], [-5.956975, 41.980678], [-5.956132, 41.98067], [-5.95504, 41.980606], [-5.953698, 41.980485], [-5.952106, 41.980307], [-5.950857, 41.980176], [-5.949952, 41.980094], [-5.94939, 41.980059], [-5.949171, 41.980073], [-5.948913, 41.980116], [-5.948616, 41.98019], [-5.94828, 41.980294], [-5.947906, 41.980429], [-5.947513, 41.980601], [-5.947101, 41.980813], [-5.946669, 41.981063], [-5.946219, 41.981351], [-5.945812, 41.981584], [-5.94545, 41.981763], [-5.945131, 41.981886], [-5.944856, 41.981954], [-5.944632, 41.981998], [-5.944459, 41.982018], [-5.944336, 41.982015], [-5.944265, 41.981987], [-5.944208, 41.981947], [-5.944168, 41.981894], [-5.944143, 41.98183], [-5.944135, 41.981753], [-5.944171, 41.981619], [-5.944252, 41.981429], [-5.944378, 41.981183], [-5.944549, 41.980881], [-5.944713, 41.980618], [-5.944868, 41.980394], [-5.945016, 41.98021], [-5.945156, 41.980065], [-5.945349, 41.979908], [-5.945593, 41.979738], [-5.94589, 41.979555], [-5.946239, 41.979359], [-5.946591, 41.979183], [-5.946946, 41.979027], [-5.947305, 41.97889], [-5.947666, 41.978773], [-5.947961, 41.978665], [-5.948189, 41.978566], [-5.948351, 41.978476], [-5.948447, 41.978395], [-5.948524, 41.978283], [-5.948582, 41.97814], [-5.948622, 41.977965], [-5.948643, 41.977758], [-5.948632, 41.977587], [-5.94859, 41.977449], [-5.948516, 41.977347], [-5.948409, 41.977279], [-5.948281, 41.977221], [-5.948131, 41.977175], [-5.947959, 41.977139], [-5.947765, 41.977113], [-5.947455, 41.977113], [-5.947032, 41.977139], [-5.946493, 41.97719], [-5.94584, 41.977266], [-5.94524, 41.977358], [-5.944694, 41.977464], [-5.944202, 41.977585], [-5.943764, 41.977721], [-5.943418, 41.977842], [-5.943165, 41.977948], [-5.943005, 41.978039], [-5.942938, 41.978116], [-5.942899, 41.978211], [-5.942891, 41.978326], [-5.942911, 41.97846], [-5.942961, 41.978614], [-5.942984, 41.978767], [-5.942981, 41.97892], [-5.942952, 41.979073], [-5.942896, 41.979226], [-5.942819, 41.97934], [-5.942722, 41.979413], [-5.942603, 41.979447], [-5.942464, 41.979441], [-5.942269, 41.979399], [-5.94202, 41.97932], [-5.941715, 41.979205], [-5.941355, 41.979053], [-5.941051, 41.978944], [-5.940804, 41.978876], [-5.940612, 41.978852], [-5.940476, 41.978869], [-5.940263, 41.978947], [-5.939973, 41.979085], [-5.939606, 41.979284], [-5.939163, 41.979543], [-5.938789, 41.979751], [-5.938484, 41.979909], [-5.938248, 41.980017], [-5.938082, 41.980074], [-5.937779, 41.980143], [-5.937341, 41.980223], [-5.936766, 41.980315], [-5.936055, 41.980418], [-5.935402, 41.980551], [-5.934807, 41.980715], [-5.93427, 41.980908], [-5.93379, 41.981131], [-5.933239, 41.981345], [-5.932617, 41.981549], [-5.931924, 41.981745], [-5.931159, 41.981931], [-5.93045, 41.982131], [-5.929797, 41.982346], [-5.9292, 41.982576], [-5.928658, 41.98282], [-5.928206, 41.983014], [-5.927843, 41.983157], [-5.927569, 41.98325], [-5.927384, 41.983293], [-5.927196, 41.983322], [-5.927006, 41.983337], [-5.926812, 41.983339], [-5.926615, 41.983327], [-5.926416, 41.983301], [-5.926213, 41.983262], [-5.926008, 41.983208], [-5.9258, 41.983141], [-5.925497, 41.98302], [-5.9251, 41.982844], [-5.924608, 41.982613], [-5.924022, 41.982327], [-5.923516, 41.982099], [-5.923089, 41.981927], [-5.922742, 41.981812], [-5.922475, 41.981755], [-5.92223, 41.981675], [-5.922009, 41.981574], [-5.921809, 41.98145], [-5.921632, 41.981303], [-5.921486, 41.981161], [-5.92137, 41.981023], [-5.921284, 41.980888], [-5.921229, 41.980757], [-5.921184, 41.98058], [-5.921149, 41.980355], [-5.921124, 41.980084], [-5.921109, 41.979765], [-5.921116, 41.979494], [-5.921144, 41.97927], [-5.921194, 41.979094], [-5.921265, 41.978965], [-5.921349, 41.97884], [-5.921446, 41.978721], [-5.921556, 41.978607], [-5.92168, 41.978498], [-5.921857, 41.978381], [-5.922089, 41.978256], [-5.922375, 41.978124], [-5.922716, 41.977984], [-5.923046, 41.977883], [-5.923367, 41.977821], [-5.923677, 41.977798], [-5.923977, 41.977813], [-5.924264, 41.977847], [-5.924539, 41.977901], [-5.924802, 41.977975], [-5.925052, 41.978068], [-5.925284, 41.978122], [-5.925496, 41.978138], [-5.925689, 41.978116], [-5.925864, 41.978055], [-5.926016, 41.977961], [-5.926146, 41.977833], [-5.926253, 41.977672], [-5.926339, 41.977477], [-5.926402, 41.9773], [-5.926443, 41.977139], [-5.926461, 41.976996], [-5.926457, 41.97687], [-5.926426, 41.976668], [-5.926368, 41.976391], [-5.926283, 41.976037], [-5.926172, 41.975608], [-5.9261, 41.975267], [-5.926069, 41.975013], [-5.926079, 41.974847], [-5.926128, 41.97477], [-5.926192, 41.974703], [-5.926271, 41.974646], [-5.926364, 41.974601], [-5.926472, 41.974566], [-5.926625, 41.974539], [-5.926822, 41.974521], [-5.927064, 41.97451], [-5.92735, 41.974508], [-5.927591, 41.974487], [-5.927785, 41.974447], [-5.927933, 41.974388], [-5.928036, 41.974311], [-5.928105, 41.97419], [-5.92814, 41.974028], [-5.928143, 41.973822], [-5.928112, 41.973574], [-5.928125, 41.973251], [-5.928183, 41.972854], [-5.928286, 41.972381], [-5.928432, 41.971834], [-5.928571, 41.971362], [-5.928701, 41.970964], [-5.928822, 41.970642], [-5.928935, 41.970395], [-5.929058, 41.970159], [-5.929191, 41.969935], [-5.929335, 41.969722], [-5.929489, 41.969521], [-5.9296, 41.969351], [-5.929667, 41.969212], [-5.929691, 41.969105], [-5.92967, 41.96903], [-5.929596, 41.968903], [-5.929466, 41.968724], [-5.929281, 41.968494], [-5.929042, 41.968211], [-5.928859, 41.967946], [-5.928731, 41.967698], [-5.928659, 41.967468], [-5.928643, 41.967254], [-5.928644, 41.967066], [-5.928662, 41.966903], [-5.928697, 41.966765], [-5.928749, 41.966652], [-5.928851, 41.966509], [-5.929003, 41.966338], [-5.929205, 41.966137], [-5.929457, 41.965906], [-5.929758, 41.965675], [-5.930109, 41.965442], [-5.930509, 41.965207], [-5.930959, 41.964971], [-5.931396, 41.964759], [-5.931822, 41.964569], [-5.932235, 41.964403], [-5.932636, 41.96426], [-5.933005, 41.964148], [-5.933341, 41.964068], [-5.933644, 41.96402], [-5.933915, 41.964002], [-5.934149, 41.963979], [-5.934346, 41.963949], [-5.934506, 41.963914], [-5.93463, 41.963872], [-5.934755, 41.963818], [-5.934881, 41.963752], [-5.935008, 41.963674], [-5.935136, 41.963584], [-5.935299, 41.963434], [-5.935499, 41.963225], [-5.935733, 41.962957], [-5.936003, 41.96263], [-5.936214, 41.962354], [-5.936367, 41.962129], [-5.93646, 41.961955], [-5.936494, 41.961832], [-5.936503, 41.961724], [-5.936486, 41.961633], [-5.936443, 41.961558], [-5.936375, 41.961499], [-5.936281, 41.961457], [-5.936161, 41.96143], [-5.936015, 41.96142], [-5.935844, 41.961425], [-5.935233, 41.961547], [-5.934182, 41.961783], [-5.93269, 41.962135], [-5.930759, 41.962602], [-5.929198, 41.96295], [-5.928008, 41.963178], [-5.92719, 41.963287], [-5.926741, 41.963276], [-5.926358, 41.963235], [-5.926041, 41.963163], [-5.925788, 41.963062], [-5.925601, 41.962931], [-5.925468, 41.962816], [-5.925389, 41.962717], [-5.925364, 41.962635], [-5.925393, 41.962569], [-5.925443, 41.962503], [-5.925513, 41.962438], [-5.925604, 41.962372], [-5.925715, 41.962306], [-5.926052, 41.962189], [-5.926613, 41.96202], [-5.927399, 41.9618], [-5.928411, 41.961528], [-5.929259, 41.961288], [-5.929946, 41.961078], [-5.93047, 41.9609], [-5.930832, 41.960752], [-5.931289, 41.960471], [-5.93184, 41.960055], [-5.932485, 41.959505], [-5.933225, 41.958821], [-5.933854, 41.958216], [-5.934373, 41.95769], [-5.934781, 41.957242], [-5.935078, 41.956874], [-5.935231, 41.956601], [-5.935241, 41.956422], [-5.935107, 41.956339], [-5.934829, 41.956351], [-5.934606, 41.956345], [-5.934438, 41.956321], [-5.934326, 41.956278], [-5.934269, 41.956217], [-5.934225, 41.956104], [-5.934194, 41.955939], [-5.934176, 41.955722], [-5.934171, 41.955452], [-5.93416, 41.95522], [-5.934142, 41.955027], [-5.934118, 41.954871], [-5.934086, 41.954754], [-5.934043, 41.954648], [-5.933988, 41.954552], [-5.933922, 41.954467], [-5.933843, 41.954392], [-5.933753, 41.954328], [-5.933651, 41.954274], [-5.933537, 41.954232], [-5.933411, 41.954199], [-5.933274, 41.954178], [-5.933124, 41.954167], [-5.932963, 41.954167], [-5.93279, 41.954177], [-5.93258, 41.954205], [-5.932334, 41.954252], [-5.93205, 41.954316], [-5.931729, 41.954398], [-5.93102, 41.954703], [-5.929924, 41.955231], [-5.92844, 41.955983], [-5.926568, 41.956958], [-5.92514, 41.957714], [-5.924158, 41.958251], [-5.92362, 41.95857], [-5.923526, 41.95867], [-5.923449, 41.95891], [-5.923388, 41.95929], [-5.923342, 41.959809], [-5.923313, 41.960468], [-5.92328, 41.961005], [-5.923242, 41.961419], [-5.9232, 41.96171], [-5.923155, 41.961879], [-5.92307, 41.962078], [-5.922947, 41.962307], [-5.922784, 41.962567], [-5.922583, 41.962857], [-5.922394, 41.963104], [-5.922216, 41.963309], [-5.922049, 41.963473], [-5.921894, 41.963594], [-5.921748, 41.963698], [-5.921612, 41.963787], [-5.921486, 41.963859], [-5.921369, 41.963915], [-5.921262, 41.963954], [-5.921164, 41.963977], [-5.921076, 41.963984], [-5.920997, 41.963975], [-5.920928, 41.96395], [-5.920869, 41.963908], [-5.920819, 41.96385], [-5.920778, 41.963776], [-5.920761, 41.963576], [-5.920767, 41.963251], [-5.920795, 41.962801], [-5.920847, 41.962226], [-5.920877, 41.961775], [-5.920887, 41.961448], [-5.920876, 41.961246], [-5.920843, 41.961168], [-5.920749, 41.961156], [-5.920592, 41.961211], [-5.920373, 41.961332], [-5.920092, 41.961519], [-5.919765, 41.961813], [-5.919391, 41.962214], [-5.918972, 41.962723], [-5.918506, 41.963339], [-5.9181, 41.963818], [-5.917754, 41.96416], [-5.917467, 41.964366], [-5.917239, 41.964435], [-5.917033, 41.964486], [-5.916848, 41.964519], [-5.916685, 41.964534], [-5.916544, 41.964531], [-5.916383, 41.96455], [-5.916204, 41.964592], [-5.916006, 41.964656], [-5.915789, 41.964743], [-5.915462, 41.96492], [-5.915023, 41.965187], [-5.914474, 41.965543], [-5.913813, 41.96599], [-5.913108, 41.966488], [-5.912357, 41.967038], [-5.91156, 41.967641], [-5.910718, 41.968295], [-5.909921, 41.968885], [-5.909168, 41.969412], [-5.908459, 41.969874], [-5.907795, 41.970273], [-5.907101, 41.970635], [-5.906376, 41.97096], [-5.90562, 41.971247], [-5.904835, 41.971497], [-5.904058, 41.971711], [-5.903289, 41.971889], [-5.902529, 41.97203], [-5.901778, 41.972136], [-5.901098, 41.972246], [-5.900489, 41.972362], [-5.899951, 41.972484], [-5.899484, 41.972611], [-5.899027, 41.972751], [-5.89858, 41.972903], [-5.898143, 41.973068], [-5.897716, 41.973246], [-5.897269, 41.973448], [-5.896802, 41.973676], [-5.896316, 41.973928], [-5.895809, 41.974206], [-5.89539, 41.974424], [-5.895057, 41.974582], [-5.894811, 41.97468], [-5.894651, 41.974719], [-5.89449, 41.974743], [-5.894325, 41.974754], [-5.894159, 41.974752], [-5.893991, 41.974735], [-5.89382, 41.974704], [-5.893647, 41.97466], [-5.893472, 41.974602], [-5.893295, 41.97453], [-5.893086, 41.974411], [-5.892845, 41.974244], [-5.892573, 41.97403], [-5.892269, 41.973769], [-5.892029, 41.973538], [-5.891853, 41.973338], [-5.89174, 41.973167], [-5.891691, 41.973026], [-5.891659, 41.972884], [-5.891644, 41.972741], [-5.891646, 41.972595], [-5.891666, 41.972448], [-5.891702, 41.972299], [-5.891756, 41.972149], [-5.891827, 41.971997], [-5.891915, 41.971843], [-5.892063, 41.971653], [-5.89227, 41.971427], [-5.892538, 41.971164], [-5.892866, 41.970865], [-5.893171, 41.970604], [-5.893455, 41.970382], [-5.893716, 41.970199], [-5.893956, 41.970053], [-5.894495, 41.969783], [-5.895335, 41.969388], [-5.896474, 41.968868], [-5.897913, 41.968223], [-5.899057, 41.967725], [-5.899905, 41.967374], [-5.900458, 41.96717], [-5.900715, 41.967114], [-5.900965, 41.967072], [-5.901208, 41.967045], [-5.901445, 41.967033], [-5.901674, 41.967035], [-5.901896, 41.967053], [-5.902111, 41.967085], [-5.902319, 41.967131], [-5.90252, 41.967193], [-5.902714, 41.967269], [-5.9029, 41.967361], [-5.90308, 41.967466], [-5.903253, 41.967587], [-5.903435, 41.967687], [-5.903628, 41.967766], [-5.90383, 41.967825], [-5.904042, 41.967863], [-5.904265, 41.96788], [-5.904497, 41.967877], [-5.904738, 41.967853], [-5.90499, 41.967808], [-5.905252, 41.967743], [-5.905523, 41.967657], [-5.905804, 41.96755], [-5.906095, 41.967423], [-5.90651, 41.967189], [-5.907048, 41.96685], [-5.907709, 41.966405], [-5.908494, 41.965854], [-5.909126, 41.965381], [-5.909607, 41.964988], [-5.909936, 41.964673], [-5.910114, 41.964437], [-5.910239, 41.964247], [-5.910312, 41.964102], [-5.910332, 41.964003], [-5.9103, 41.963949], [-5.910247, 41.963908], [-5.910172, 41.96388], [-5.910075, 41.963864], [-5.909957, 41.963861], [-5.909745, 41.963896], [-5.90944, 41.963968], [-5.90904, 41.964077], [-5.908546, 41.964224], [-5.908065, 41.96435], [-5.907598, 41.964456], [-5.907145, 41.96454], [-5.906705, 41.964604], [-5.906338, 41.964644], [-5.906043, 41.964658], [-5.905821, 41.964648], [-5.905671, 41.964613], [-5.905533, 41.964567], [-5.905406, 41.96451], [-5.905291, 41.964442], [-5.905188, 41.964362], [-5.905107, 41.964285], [-5.905047, 41.964211], [-5.90501, 41.964139], [-5.904994, 41.964069], [-5.905001, 41.964002], [-5.905029, 41.963938], [-5.905079, 41.963876], [-5.905151, 41.963816], [-5.905408, 41.963718], [-5.905849, 41.963582], [-5.906474, 41.963408], [-5.907285, 41.963195], [-5.908003, 41.962971], [-5.908628, 41.962737], [-5.909162, 41.962491], [-5.909603, 41.962235], [-5.909982, 41.962031], [-5.910299, 41.961879], [-5.910553, 41.961778], [-5.910746, 41.96173], [-5.911077, 41.961681], [-5.911549, 41.961632], [-5.91216, 41.961582], [-5.912911, 41.961531], [-5.913615, 41.961454], [-5.914271, 41.961351], [-5.91488, 41.961222], [-5.915442, 41.961066], [-5.916063, 41.960849], [-5.916742, 41.960569], [-5.917481, 41.960228], [-5.918279, 41.959825], [-5.919021, 41.95941], [-5.919707, 41.958981], [-5.920339, 41.958539], [-5.920915, 41.958085], [-5.921537, 41.957635], [-5.922206, 41.957189], [-5.922922, 41.956748], [-5.923684, 41.956311], [-5.924295, 41.955925], [-5.924754, 41.95559], [-5.925063, 41.955305], [-5.92522, 41.95507], [-5.92533, 41.954843], [-5.925393, 41.954625], [-5.92541, 41.954414], [-5.925379, 41.954212], [-5.925341, 41.954057], [-5.925295, 41.95395], [-5.925241, 41.953891], [-5.925179, 41.953879], [-5.924949, 41.954001], [-5.924552, 41.954258], [-5.923987, 41.954649], [-5.923255, 41.955175], [-5.922605, 41.955623], [-5.922037, 41.955993], [-5.921552, 41.956286], [-5.92115, 41.956501], [-5.920812, 41.956665], [-5.920539, 41.956778], [-5.920331, 41.956839], [-5.920187, 41.956849], [-5.920053, 41.956842], [-5.919928, 41.95682], [-5.919813, 41.956781], [-5.919708, 41.956726], [-5.919607, 41.956624], [-5.91951, 41.956476], [-5.919418, 41.956282], [-5.91933, 41.95604], [-5.919289, 41.955798], [-5.919295, 41.955555], [-5.919347, 41.955311], [-5.919445, 41.955066], [-5.919676, 41.954727], [-5.920037, 41.954292], [-5.92053, 41.953763], [-5.921154, 41.953139], [-5.921641, 41.952635], [-5.921991, 41.952249], [-5.922203, 41.951983], [-5.922278, 41.951835], [-5.92233, 41.951635], [-5.922359, 41.951382], [-5.922366, 41.951075], [-5.922349, 41.950716], [-5.922303, 41.95035], [-5.922227, 41.949978], [-5.922122, 41.9496], [-5.921987, 41.949216], [-5.921901, 41.948872], [-5.921864, 41.948568], [-5.921876, 41.948304], [-5.921937, 41.948081], [-5.922201, 41.947801], [-5.922669, 41.947464], [-5.923341, 41.94707], [-5.924216, 41.94662], [-5.924951, 41.946187], [-5.925545, 41.945774], [-5.925998, 41.945378], [-5.92631, 41.945], [-5.926607, 41.944697], [-5.926889, 41.944469], [-5.927155, 41.944315], [-5.927406, 41.944235], [-5.927638, 41.944175], [-5.927851, 41.944134], [-5.928045, 41.944113], [-5.928221, 41.944111], [-5.9284, 41.944124], [-5.928583, 41.944151], [-5.928769, 41.944193], [-5.92896, 41.94425], [-5.929155, 41.944321], [-5.929353, 41.944407], [-5.929556, 41.944507], [-5.929762, 41.944623], [-5.930073, 41.94484], [-5.930487, 41.94516], [-5.931006, 41.945581], [-5.931629, 41.946105], [-5.932118, 41.946499], [-5.932474, 41.946763], [-5.932696, 41.946896], [-5.932785, 41.946899], [-5.932839, 41.946771], [-5.932859, 41.94651], [-5.932844, 41.946117], [-5.932795, 41.945593], [-5.932772, 41.945162], [-5.932775, 41.944826], [-5.932803, 41.944584], [-5.932857, 41.944435], [-5.932926, 41.944297], [-5.933008, 41.944168], [-5.933105, 41.944049], [-5.933217, 41.943939], [-5.933376, 41.943815], [-5.933583, 41.943676], [-5.933839, 41.943522], [-5.934142, 41.943353], [-5.934395, 41.943195], [-5.934597, 41.943048], [-5.934749, 41.942912], [-5.93485, 41.942786], [-5.934974, 41.942571], [-5.93512, 41.942266], [-5.935287, 41.941872], [-5.935477, 41.941387], [-5.935656, 41.940993], [-5.935822, 41.940689], [-5.935976, 41.940476], [-5.936119, 41.940353], [-5.936436, 41.940178], [-5.936926, 41.939952], [-5.93759, 41.939674], [-5.938427, 41.939346], [-5.939176, 41.939004], [-5.939837, 41.93865], [-5.94041, 41.938284], [-5.940895, 41.937905], [-5.941412, 41.937574], [-5.941961, 41.93729], [-5.942543, 41.937054], [-5.943157, 41.936866], [-5.943716, 41.936676], [-5.94422, 41.936485], [-5.944669, 41.936292], [-5.945062, 41.936098], [-5.945562, 41.935904], [-5.946169, 41.935711], [-5.946883, 41.935517], [-5.947704, 41.935324], [-5.948398, 41.935119], [-5.948965, 41.934901], [-5.949405, 41.934671], [-5.949718, 41.934429], [-5.95026, 41.934106], [-5.951032, 41.933702], [-5.952034, 41.933218], [-5.953265, 41.932654], [-5.954216, 41.932186], [-5.954885, 41.931815], [-5.955274, 41.931542], [-5.955382, 41.931365], [-5.95549, 41.931217], [-5.955597, 41.931099], [-5.955704, 41.931009], [-5.955811, 41.930948], [-5.956032, 41.93085], [-5.956368, 41.930715], [-5.956818, 41.930544], [-5.957383, 41.930335], [-5.957836, 41.930161], [-5.958176, 41.930021], [-5.958404, 41.929915], [-5.95852, 41.929844], [-5.958623, 41.929756], [-5.958713, 41.92965], [-5.95879, 41.929526], [-5.958855, 41.929384], [-5.958876, 41.929263], [-5.958853, 41.929161], [-5.958787, 41.929078], [-5.958676, 41.929015], [-5.958474, 41.928978], [-5.958181, 41.928966], [-5.957797, 41.92898], [-5.957322, 41.929019], [-5.956949, 41.929025], [-5.956678, 41.928998], [-5.956509, 41.928937], [-5.956443, 41.928843], [-5.956337, 41.928756], [-5.956189, 41.928676], [-5.956002, 41.928603], [-5.955773, 41.928537], [-5.955413, 41.928497], [-5.954922, 41.928481], [-5.954298, 41.92849], [-5.953543, 41.928524], [-5.952856, 41.928582], [-5.952237, 41.928663], [-5.951685, 41.928768], [-5.951201, 41.928896], [-5.950783, 41.929016], [-5.950431, 41.929128], [-5.950145, 41.929232], [-5.949925, 41.929329], [-5.949473, 41.929554], [-5.948791, 41.929909], [-5.947877, 41.930392], [-5.946731, 41.931003], [-5.94575, 41.931496], [-5.944934, 41.93187], [-5.944281, 41.932124], [-5.943793, 41.932259], [-5.943364, 41.932366], [-5.942995, 41.932445], [-5.942684, 41.932496], [-5.942433, 41.932519], [-5.942189, 41.932532], [-5.941952, 41.932534], [-5.941723, 41.932526], [-5.941501, 41.932507], [-5.941287, 41.932477], [-5.94108, 41.932437], [-5.940881, 41.932387], [-5.940689, 41.932326], [-5.940472, 41.932219], [-5.940228, 41.932065], [-5.93996, 41.931864], [-5.939666, 41.931617], [-5.939406, 41.931408], [-5.93918, 41.931237], [-5.938989, 41.931104], [-5.938832, 41.931009], [-5.938668, 41.930927], [-5.938499, 41.930857], [-5.938323, 41.9308], [-5.938142, 41.930755], [-5.937847, 41.930738], [-5.93744, 41.930748], [-5.936921, 41.930787], [-5.936289, 41.930854], [-5.935775, 41.930894], [-5.935381, 41.930907], [-5.935105, 41.930894], [-5.934948, 41.930853], [-5.934757, 41.930755], [-5.934532, 41.930598], [-5.934273, 41.930382], [-5.933981, 41.930109], [-5.933737, 41.929912], [-5.933543, 41.929791], [-5.933397, 41.929748], [-5.933301, 41.929781], [-5.933202, 41.929835], [-5.933102, 41.92991], [-5.933001, 41.930006], [-5.932897, 41.930123], [-5.932732, 41.930352], [-5.932506, 41.930694], [-5.932218, 41.931148], [-5.931868, 41.931715], [-5.93154, 41.932219], [-5.931233, 41.932661], [-5.930948, 41.933041], [-5.930684, 41.933358], [-5.930411, 41.933657], [-5.930127, 41.933939], [-5.929833, 41.934202], [-5.92953, 41.934447], [-5.929102, 41.934726], [-5.92855, 41.93504], [-5.927875, 41.935387], [-5.927075, 41.935769], [-5.926415, 41.936098], [-5.925896, 41.936374], [-5.925517, 41.936598], [-5.925279, 41.936769], [-5.924976, 41.937079], [-5.924608, 41.937528], [-5.924175, 41.938115], [-5.923677, 41.938841], [-5.923257, 41.939431], [-5.922914, 41.939885], [-5.922648, 41.940204], [-5.92246, 41.940387], [-5.922271, 41.940592], [-5.922081, 41.94082], [-5.921891, 41.94107], [-5.9217, 41.941343], [-5.921454, 41.941623], [-5.921153, 41.94191], [-5.920797, 41.942205], [-5.920385, 41.942507], [-5.919806, 41.942852], [-5.919057, 41.943242], [-5.918141, 41.943675], [-5.917056, 41.944153], [-5.91621, 41.944513], [-5.915605, 41.944755], [-5.915238, 41.94488], [-5.915111, 41.944887], [-5.914967, 41.944869], [-5.914807, 41.944826], [-5.914629, 41.944758], [-5.914434, 41.944665], [-5.914261, 41.944592], [-5.91411, 41.94454], [-5.91398, 41.944509], [-5.913872, 41.944498], [-5.913758, 41.9445], [-5.913639, 41.944516], [-5.913515, 41.944545], [-5.913386, 41.944588], [-5.913209, 41.944681], [-5.912984, 41.944825], [-5.912711, 41.94502], [-5.91239, 41.945266], [-5.912108, 41.945473], [-5.911867, 41.945643], [-5.911664, 41.945775], [-5.911502, 41.945869], [-5.911342, 41.945948], [-5.911184, 41.946014], [-5.911028, 41.946066], [-5.910874, 41.946104], [-5.910722, 41.946127], [-5.910572, 41.946137], [-5.910425, 41.946133], [-5.910279, 41.946115], [-5.910136, 41.946083], [-5.909995, 41.946037], [-5.909856, 41.945977], [-5.909719, 41.945903], [-5.909453, 41.945728], [-5.909058, 41.945453], [-5.908534, 41.945078], [-5.90788, 41.944603], [-5.907368, 41.944218], [-5.906996, 41.943923], [-5.906766, 41.943718], [-5.906677, 41.943603], [-5.906611, 41.943497], [-5.906567, 41.943398], [-5.906546, 41.943307], [-5.906547, 41.943224], [-5.906571, 41.943149], [-5.906617, 41.943081], [-5.906686, 41.943022], [-5.906778, 41.94297], [-5.906954, 41.942906], [-5.907215, 41.942829], [-5.90756, 41.94274], [-5.907989, 41.942638], [-5.908335, 41.942528], [-5.908596, 41.94241], [-5.908773, 41.942283], [-5.908866, 41.942148], [-5.908918, 41.942029], [-5.90893, 41.941924], [-5.908901, 41.941835], [-5.908832, 41.941761], [-5.908738, 41.941687], [-5.908621, 41.941613], [-5.908479, 41.94154], [-5.908313, 41.941466], [-5.907973, 41.941352], [-5.907459, 41.941198], [-5.906771, 41.941003], [-5.905909, 41.940768], [-5.905233, 41.940566], [-5.904741, 41.940397], [-5.904435, 41.940262], [-5.904314, 41.940159], [-5.904223, 41.940052], [-5.904161, 41.939942], [-5.90413, 41.939829], [-5.904128, 41.939711], [-5.904226, 41.939528], [-5.904425, 41.93928], [-5.904724, 41.938967], [-5.905124, 41.938589], [-5.905511, 41.93825], [-5.905885, 41.93795], [-5.906246, 41.937689], [-5.906594, 41.937468], [-5.906957, 41.937257], [-5.907336, 41.937058], [-5.90773, 41.93687], [-5.90814, 41.936693], [-5.908565, 41.936529], [-5.909004, 41.936377], [-5.909459, 41.936239], [-5.909929, 41.936113], [-5.910325, 41.936], [-5.910646, 41.935898], [-5.910893, 41.935808], [-5.911066, 41.93573], [-5.911221, 41.935647], [-5.911358, 41.935558], [-5.911478, 41.935464], [-5.91158, 41.935365], [-5.911662, 41.935148], [-5.911722, 41.934813], [-5.911761, 41.934361], [-5.911779, 41.933791], [-5.911837, 41.933249], [-5.911934, 41.932734], [-5.912071, 41.932248], [-5.912248, 41.93179], [-5.912367, 41.931429], [-5.912428, 41.931165], [-5.912432, 41.930998], [-5.912378, 41.930928], [-5.912306, 41.930871], [-5.912215, 41.930827], [-5.912106, 41.930795], [-5.911978, 41.930776], [-5.911831, 41.93077], [-5.911666, 41.930777], [-5.911483, 41.930797], [-5.911281, 41.930829], [-5.911088, 41.930847], [-5.910906, 41.93085], [-5.910734, 41.930838], [-5.910572, 41.930812], [-5.91042, 41.930771], [-5.910278, 41.930715], [-5.910146, 41.930645], [-5.910023, 41.93056], [-5.909883, 41.930369], [-5.909723, 41.930073], [-5.909545, 41.929671], [-5.909349, 41.929164], [-5.909143, 41.928734], [-5.908928, 41.928383], [-5.908704, 41.928109], [-5.90847, 41.927913], [-5.908089, 41.927733], [-5.907559, 41.927571], [-5.906883, 41.927425], [-5.906058, 41.927295], [-5.905364, 41.927159], [-5.904802, 41.927015], [-5.904372, 41.926865], [-5.904072, 41.926708], [-5.903785, 41.92651], [-5.903511, 41.92627], [-5.903249, 41.925989], [-5.902999, 41.925667], [-5.902802, 41.92538], [-5.902657, 41.925127], [-5.902565, 41.924909], [-5.902525, 41.924725], [-5.902505, 41.924542], [-5.902504, 41.924357], [-5.902523, 41.924173], [-5.902561, 41.923988], [-5.90262, 41.923802], [-5.902698, 41.923616], [-5.902795, 41.92343], [-5.902912, 41.923243], [-5.903049, 41.923056], [-5.903205, 41.922868], [-5.903382, 41.92268], [-5.903577, 41.922492], [-5.903794, 41.922308], [-5.904032, 41.922129], [-5.904291, 41.921955], [-5.90457, 41.921786], [-5.904801, 41.921664], [-5.904983, 41.921589], [-5.905116, 41.921561], [-5.9052, 41.92158], [-5.905319, 41.921724], [-5.905473, 41.921993], [-5.905661, 41.922387], [-5.905884, 41.922905], [-5.906067, 41.923304], [-5.90621, 41.923585], [-5.906314, 41.923746], [-5.906377, 41.923788], [-5.906472, 41.923822], [-5.906597, 41.923848], [-5.906754, 41.923865], [-5.90694, 41.923874], [-5.907118, 41.923849], [-5.907286, 41.923788], [-5.907445, 41.923692], [-5.907595, 41.923561], [-5.907725, 41.923392], [-5.907837, 41.923184], [-5.907929, 41.922938], [-5.908003, 41.922653], [-5.908073, 41.922412], [-5.908139, 41.922215], [-5.908201, 41.922062], [-5.90826, 41.921952], [-5.908326, 41.921855], [-5.9084, 41.921771], [-5.908483, 41.9217], [-5.908572, 41.921642], [-5.908783, 41.92161], [-5.909115, 41.921604], [-5.909568, 41.921623], [-5.910142, 41.921669], [-5.910731, 41.921647], [-5.911336, 41.921559], [-5.911955, 41.921404], [-5.91259, 41.921182], [-5.913216, 41.920977], [-5.913835, 41.920788], [-5.914445, 41.920616], [-5.915048, 41.92046], [-5.915587, 41.920295], [-5.916063, 41.920121], [-5.916476, 41.919936], [-5.916825, 41.919743], [-5.917153, 41.91953], [-5.917458, 41.919299], [-5.917742, 41.919049], [-5.918004, 41.91878], [-5.918222, 41.918501], [-5.918397, 41.918211], [-5.918528, 41.917911], [-5.918615, 41.9176], [-5.91866, 41.917286], [-5.918664, 41.916969], [-5.918625, 41.916649], [-5.918545, 41.916326], [-5.918461, 41.91605], [-5.918374, 41.915822], [-5.918284, 41.915641], [-5.91819, 41.915508], [-5.917987, 41.915302], [-5.917676, 41.915024], [-5.917256, 41.914673], [-5.916728, 41.914249], [-5.916307, 41.913871], [-5.915993, 41.913537], [-5.915786, 41.913249], [-5.915686, 41.913005], [-5.915576, 41.912781], [-5.915455, 41.912575], [-5.915324, 41.912389], [-5.915183, 41.912222], [-5.915051, 41.912086], [-5.914926, 41.911982], [-5.91481, 41.911909], [-5.914703, 41.911867], [-5.914551, 41.911836], [-5.914355, 41.911815], [-5.914115, 41.911804], [-5.913831, 41.911804], [-5.913476, 41.911854], [-5.91305, 41.911956], [-5.912552, 41.912108], [-5.911982, 41.91231], [-5.911501, 41.912469], [-5.911109, 41.912585], [-5.910806, 41.912656], [-5.910591, 41.912684], [-5.910374, 41.912695], [-5.910156, 41.91269], [-5.909937, 41.912668], [-5.909716, 41.912629], [-5.909493, 41.912574], [-5.909269, 41.912502], [-5.909044, 41.912413], [-5.908817, 41.912308], [-5.908588, 41.912186], [-5.908358, 41.912047], [-5.908127, 41.911892], [-5.907894, 41.91172], [-5.907686, 41.911551], [-5.907502, 41.911385], [-5.907344, 41.911222], [-5.907211, 41.911062], [-5.907103, 41.910906], [-5.90702, 41.910752], [-5.906961, 41.910602], [-5.906928, 41.910454], [-5.90692, 41.91031], [-5.906936, 41.910169], [-5.906978, 41.910031], [-5.907044, 41.909896], [-5.907136, 41.909764], [-5.907252, 41.909635], [-5.907394, 41.909509], [-5.90756, 41.909386], [-5.907777, 41.909259], [-5.908045, 41.909128], [-5.908364, 41.908992], [-5.908733, 41.908852], [-5.909115, 41.908747], [-5.909509, 41.908677], [-5.909915, 41.908643], [-5.910334, 41.908643], [-5.910754, 41.908622], [-5.911175, 41.908578], [-5.911598, 41.908512], [-5.912022, 41.908425], [-5.912445, 41.908296], [-5.912865, 41.908126], [-5.913282, 41.907915], [-5.913698, 41.907662], [-5.914038, 41.907435], [-5.914303, 41.907232], [-5.914493, 41.907054], [-5.914607, 41.9069], [-5.914698, 41.906745], [-5.914766, 41.906588], [-5.914811, 41.906429], [-5.914833, 41.906268], [-5.914831, 41.906106], [-5.914807, 41.905942], [-5.914759, 41.905776], [-5.914688, 41.905609], [-5.914555, 41.905414], [-5.91436, 41.905192], [-5.914103, 41.904943], [-5.913784, 41.904667], [-5.913507, 41.904453], [-5.913274, 41.904301], [-5.913083, 41.90421], [-5.912935, 41.904182], [-5.912789, 41.904171], [-5.912644, 41.904179], [-5.912502, 41.904205], [-5.912362, 41.90425], [-5.912223, 41.904312], [-5.912087, 41.904393], [-5.911952, 41.904492], [-5.91182, 41.90461], [-5.911653, 41.90472], [-5.911452, 41.904824], [-5.911218, 41.904922], [-5.91095, 41.905013], [-5.910648, 41.905049], [-5.910311, 41.905028], [-5.909942, 41.904952], [-5.909538, 41.904821], [-5.909204, 41.904725], [-5.908939, 41.904665], [-5.908744, 41.904641], [-5.908618, 41.904652], [-5.908494, 41.904674], [-5.908371, 41.904707], [-5.90825, 41.904751], [-5.908129, 41.904805], [-5.907857, 41.905007], [-5.907432, 41.905358], [-5.906855, 41.905857], [-5.906126, 41.906504], [-5.905449, 41.907077], [-5.904824, 41.907577], [-5.904251, 41.908003], [-5.90373, 41.908355], [-5.903246, 41.908643], [-5.902798, 41.908867], [-5.902387, 41.909028], [-5.902012, 41.909126], [-5.901639, 41.909177], [-5.901269, 41.909181], [-5.900901, 41.90914], [-5.900535, 41.909053], [-5.900235, 41.908968], [-5.9, 41.908887], [-5.89983, 41.908809], [-5.899725, 41.908734], [-5.899639, 41.908657], [-5.899573, 41.908579], [-5.899526, 41.908498], [-5.899498, 41.908415], [-5.899521, 41.908305], [-5.899594, 41.908169], [-5.899719, 41.908006], [-5.899894, 41.907817], [-5.900105, 41.907626], [-5.900354, 41.907433], [-5.90064, 41.907239], [-5.900962, 41.907043], [-5.901488, 41.906764], [-5.902216, 41.9064], [-5.903148, 41.905953], [-5.904282, 41.905422], [-5.905174, 41.904981], [-5.905824, 41.90463], [-5.906232, 41.90437], [-5.906397, 41.904199], [-5.906514, 41.904023], [-5.906583, 41.903842], [-5.906604, 41.903655], [-5.906576, 41.903464], [-5.906562, 41.903299], [-5.906562, 41.903161], [-5.906576, 41.903051], [-5.906604, 41.902968], [-5.906648, 41.902889], [-5.906708, 41.902814], [-5.906785, 41.902743], [-5.906879, 41.902675], [-5.90708, 41.902587], [-5.907391, 41.902479], [-5.90781, 41.902349], [-5.908338, 41.902199], [-5.908749, 41.902064], [-5.909045, 41.901945], [-5.909225, 41.901841], [-5.909289, 41.901752], [-5.909334, 41.901656], [-5.909358, 41.901554], [-5.909362, 41.901446], [-5.909346, 41.90133], [-5.9093, 41.901174], [-5.909224, 41.900977], [-5.909118, 41.900739], [-5.908982, 41.900459], [-5.908973, 41.900281], [-5.90909, 41.900203], [-5.909333, 41.900226], [-5.909702, 41.90035], [-5.910027, 41.900447], [-5.910308, 41.900518], [-5.910544, 41.900562], [-5.910736, 41.900579], [-5.910895, 41.900583], [-5.911021, 41.900574], [-5.911115, 41.900551], [-5.911175, 41.900515], [-5.911226, 41.900442], [-5.911267, 41.90033], [-5.911297, 41.900181], [-5.911318, 41.899995], [-5.911309, 41.899787], [-5.91127, 41.899558], [-5.911201, 41.899307], [-5.911102, 41.899035], [-5.910985, 41.898792], [-5.910849, 41.898578], [-5.910694, 41.898393], [-5.910522, 41.898238], [-5.910336, 41.89811], [-5.910139, 41.898011], [-5.909929, 41.89794], [-5.909707, 41.897897], [-5.909492, 41.897879], [-5.909283, 41.897887], [-5.909081, 41.897919], [-5.908885, 41.897977], [-5.908694, 41.898047], [-5.908507, 41.898129], [-5.908324, 41.898224], [-5.908145, 41.898331], [-5.907986, 41.898416], [-5.907849, 41.898477], [-5.907733, 41.898515], [-5.907637, 41.89853], [-5.907491, 41.898529], [-5.907295, 41.89851], [-5.907048, 41.898475], [-5.90675, 41.898422], [-5.906505, 41.898388], [-5.906312, 41.898373], [-5.906172, 41.898377], [-5.906084, 41.8984], [-5.905981, 41.89845], [-5.905861, 41.898529], [-5.905725, 41.898634], [-5.905573, 41.898768], [-5.905404, 41.898891], [-5.905215, 41.899003], [-5.905009, 41.899104], [-5.904784, 41.899194], [-5.90449, 41.899255], [-5.904125, 41.899285], [-5.903689, 41.899285], [-5.903184, 41.899255], [-5.902684, 41.899199], [-5.90219, 41.899118], [-5.901702, 41.899012], [-5.901219, 41.89888], [-5.900841, 41.898765], [-5.900566, 41.898668], [-5.900396, 41.898589], [-5.90033, 41.898528], [-5.900286, 41.898465], [-5.900265, 41.898399], [-5.900265, 41.898332], [-5.900288, 41.898263], [-5.900382, 41.898171], [-5.900549, 41.898056], [-5.900788, 41.897918], [-5.901099, 41.897757], [-5.901367, 41.897602], [-5.901591, 41.897454], [-5.901771, 41.897312], [-5.901908, 41.897176], [-5.902028, 41.897028], [-5.902133, 41.896868], [-5.902223, 41.896694], [-5.902296, 41.896508], [-5.902354, 41.896309], [-5.902395, 41.896097], [-5.902421, 41.895872], [-5.902431, 41.895635], [-5.902414, 41.895348], [-5.90237, 41.895012], [-5.902299, 41.894625], [-5.902201, 41.89419], [-5.902118, 41.893861], [-5.90205, 41.893639], [-5.901998, 41.893525], [-5.901961, 41.893518], [-5.901908, 41.893666], [-5.901839, 41.893969], [-5.901755, 41.894428], [-5.901655, 41.895042], [-5.90156, 41.895537], [-5.90147, 41.895914], [-5.901385, 41.896172], [-5.901305, 41.896311], [-5.901217, 41.896434], [-5.901123, 41.896539], [-5.90102, 41.896628], [-5.900911, 41.8967], [-5.900794, 41.896756], [-5.90067, 41.896794], [-5.900538, 41.896816], [-5.900399, 41.896821], [-5.900238, 41.89681], [-5.900055, 41.896784], [-5.899851, 41.896742], [-5.899625, 41.896684], [-5.899417, 41.896604], [-5.899226, 41.896502], [-5.899052, 41.896377], [-5.898896, 41.896229], [-5.898734, 41.896096], [-5.898566, 41.895977], [-5.898393, 41.895872], [-5.898214, 41.89578], [-5.897916, 41.895719], [-5.897501, 41.895687], [-5.896968, 41.895686], [-5.896318, 41.895714], [-5.895415, 41.895708], [-5.894259, 41.89567], [-5.892851, 41.895599], [-5.891191, 41.895494], [-5.889895, 41.895399], [-5.888963, 41.895315], [-5.888395, 41.895242], [-5.888191, 41.895179], [-5.888011, 41.895109], [-5.887853, 41.895034], [-5.887719, 41.894953], [-5.887608, 41.894866], [-5.88753, 41.894751], [-5.887484, 41.894606], [-5.887471, 41.894433], [-5.887491, 41.894232], [-5.887565, 41.894049], [-5.887695, 41.893887], [-5.887879, 41.893744], [-5.888118, 41.89362], [-5.888432, 41.893497], [-5.88882, 41.893372], [-5.889283, 41.893247], [-5.88982, 41.893122], [-5.890322, 41.892979], [-5.890788, 41.892818], [-5.891219, 41.892639], [-5.891614, 41.892443], [-5.892211, 41.892216], [-5.893011, 41.891961], [-5.894012, 41.891675], [-5.895216, 41.89136], [-5.896262, 41.891062], [-5.897153, 41.89078], [-5.897887, 41.890516], [-5.898465, 41.890268], [-5.898932, 41.890079], [-5.89929, 41.889949], [-5.899537, 41.889877], [-5.899674, 41.889864], [-5.899803, 41.889862], [-5.899926, 41.88987], [-5.90004, 41.88989], [-5.900148, 41.889921], [-5.900284, 41.889978], [-5.900448, 41.890062], [-5.90064, 41.890172], [-5.900861, 41.890309], [-5.901078, 41.890424], [-5.901292, 41.890518], [-5.901502, 41.890589], [-5.901708, 41.890639], [-5.902091, 41.890693], [-5.90265, 41.890752], [-5.903387, 41.890815], [-5.9043, 41.890882], [-5.905119, 41.89092], [-5.905846, 41.890929], [-5.906479, 41.890909], [-5.907018, 41.890859], [-5.90764, 41.89078], [-5.908344, 41.89067], [-5.909129, 41.89053], [-5.909997, 41.890361], [-5.910803, 41.890223], [-5.911547, 41.890118], [-5.912229, 41.890045], [-5.91285, 41.890004], [-5.913563, 41.889988], [-5.914367, 41.889998], [-5.915262, 41.890032], [-5.916249, 41.890092], [-5.917117, 41.890154], [-5.917866, 41.890218], [-5.918495, 41.890284], [-5.919004, 41.890353], [-5.919441, 41.890424], [-5.919804, 41.890498], [-5.920094, 41.890574], [-5.920311, 41.890653], [-5.920518, 41.890741], [-5.920716, 41.890841], [-5.920904, 41.89095], [-5.921082, 41.89107], [-5.921304, 41.891292], [-5.92157, 41.891617], [-5.921881, 41.892044], [-5.922235, 41.892574], [-5.922569, 41.893029], [-5.922882, 41.893409], [-5.923175, 41.893713], [-5.923446, 41.893942], [-5.923689, 41.894129], [-5.923903, 41.894275], [-5.924089, 41.894379], [-5.924246, 41.894441], [-5.924412, 41.894492], [-5.924586, 41.894531], [-5.924769, 41.89456], [-5.924961, 41.894577], [-5.925161, 41.894583], [-5.925371, 41.894578], [-5.925588, 41.894561], [-5.925815, 41.894533], [-5.926125, 41.894465], [-5.926517, 41.894356], [-5.926992, 41.894207], [-5.92755, 41.894017], [-5.928024, 41.893843], [-5.928415, 41.893685], [-5.928723, 41.893543], [-5.928947, 41.893418], [-5.929153, 41.893291], [-5.929341, 41.893161], [-5.929511, 41.89303], [-5.929662, 41.892896], [-5.929817, 41.892691], [-5.929974, 41.892413], [-5.930134, 41.892064], [-5.930297, 41.891643], [-5.930456, 41.8913], [-5.93061, 41.891034], [-5.93076, 41.890845], [-5.930907, 41.890735], [-5.93107, 41.890629], [-5.931251, 41.890528], [-5.931449, 41.890431], [-5.931664, 41.89034], [-5.931959, 41.890243], [-5.932332, 41.89014], [-5.932785, 41.890032], [-5.933316, 41.889918], [-5.933767, 41.88983], [-5.934136, 41.889768], [-5.934425, 41.88973], [-5.934632, 41.889719], [-5.934892, 41.889729], [-5.935205, 41.889762], [-5.935571, 41.889817], [-5.935989, 41.889893], [-5.93633, 41.889943], [-5.936594, 41.889966], [-5.93678, 41.889963], [-5.936889, 41.889932], [-5.937051, 41.889833], [-5.937267, 41.889665], [-5.937536, 41.889429], [-5.937858, 41.889124], [-5.938276, 41.88878], [-5.938788, 41.888398], [-5.939396, 41.887976], [-5.940098, 41.887516], [-5.940656, 41.887138], [-5.941068, 41.88684], [-5.941335, 41.886624], [-5.941457, 41.886488], [-5.941538, 41.886361], [-5.94158, 41.886242], [-5.941581, 41.886131], [-5.941542, 41.886029], [-5.941463, 41.885934], [-5.941343, 41.885847], [-5.941183, 41.885769], [-5.940983, 41.885698], [-5.94066, 41.885621], [-5.940215, 41.885535], [-5.939647, 41.885442], [-5.938956, 41.885342], [-5.938297, 41.885216], [-5.937669, 41.885066], [-5.937072, 41.884892], [-5.936507, 41.884692], [-5.935974, 41.884471], [-5.935472, 41.884228], [-5.935001, 41.883963], [-5.934562, 41.883675], [-5.934189, 41.883419], [-5.933884, 41.883193], [-5.933644, 41.882998], [-5.933472, 41.882834], [-5.93328, 41.882618], [-5.933069, 41.882351], [-5.932838, 41.882033], [-5.932587, 41.881663], [-5.932386, 41.881339], [-5.932235, 41.881063], [-5.932133, 41.880832], [-5.932082, 41.880649], [-5.93206, 41.880425], [-5.932069, 41.880162], [-5.932108, 41.879859], [-5.932178, 41.879516], [-5.932275, 41.879191], [-5.9324, 41.878884], [-5.932552, 41.878595], [-5.932731, 41.878324], [-5.932864, 41.878105], [-5.932951, 41.877937], [-5.932992, 41.877821], [-5.932986, 41.877756], [-5.932965, 41.877703], [-5.932928, 41.877662], [-5.932875, 41.877633], [-5.932806, 41.877616], [-5.932412, 41.877664], [-5.931693, 41.877776], [-5.930649, 41.877953], [-5.92928, 41.878195], [-5.928173, 41.878381], [-5.927328, 41.878512], [-5.926744, 41.878586], [-5.926421, 41.878605], [-5.926122, 41.878613], [-5.925846, 41.878608], [-5.925593, 41.878591], [-5.925363, 41.878563], [-5.925156, 41.878522], [-5.924972, 41.87847], [-5.924812, 41.878406], [-5.924675, 41.87833], [-5.924561, 41.878242], [-5.92447, 41.878142], [-5.924402, 41.87803], [-5.924357, 41.877906], [-5.924293, 41.877799], [-5.924209, 41.877707], [-5.924105, 41.877633], [-5.923981, 41.877574], [-5.923837, 41.877532], [-5.923674, 41.877505], [-5.923491, 41.877496], [-5.923288, 41.877502], [-5.923065, 41.877525], [-5.922822, 41.877564], [-5.92256, 41.877619], [-5.922278, 41.877691], [-5.921634, 41.877906], [-5.920628, 41.878266], [-5.919261, 41.878771], [-5.917533, 41.879419], [-5.916155, 41.879928], [-5.915129, 41.880297], [-5.914453, 41.880526], [-5.914129, 41.880615], [-5.913728, 41.880701], [-5.91325, 41.880785], [-5.912695, 41.880865], [-5.912064, 41.880943], [-5.911456, 41.880987], [-5.910872, 41.880997], [-5.910313, 41.880975], [-5.909777, 41.880919], [-5.909339, 41.880858], [-5.908996, 41.880792], [-5.908751, 41.880721], [-5.908602, 41.880644], [-5.908473, 41.88056], [-5.908363, 41.880467], [-5.908274, 41.880366], [-5.908204, 41.880258], [-5.908154, 41.880141], [-5.908123, 41.880016], [-5.908113, 41.879883], [-5.908122, 41.879742], [-5.908149, 41.879609], [-5.908194, 41.879485], [-5.908256, 41.87937], [-5.908336, 41.879263], [-5.908433, 41.879165], [-5.908548, 41.879076], [-5.908681, 41.878995], [-5.908832, 41.878923], [-5.909073, 41.878859], [-5.909404, 41.878802], [-5.909826, 41.878753], [-5.910339, 41.878713], [-5.910774, 41.878668], [-5.911131, 41.878619], [-5.91141, 41.878567], [-5.911612, 41.87851], [-5.91179, 41.878441], [-5.911947, 41.878358], [-5.912081, 41.878262], [-5.912192, 41.878152], [-5.912281, 41.878029], [-5.912347, 41.877893], [-5.912391, 41.877744], [-5.912412, 41.877581], [-5.91241, 41.877405], [-5.912386, 41.877216], [-5.91234, 41.877013], [-5.912271, 41.876798], [-5.912232, 41.876603], [-5.912224, 41.876428], [-5.912246, 41.876275], [-5.912298, 41.876142], [-5.912381, 41.87603], [-5.912494, 41.875939], [-5.912638, 41.875868], [-5.912812, 41.875818], [-5.913016, 41.875789], [-5.913251, 41.875781], [-5.913516, 41.875794], [-5.913811, 41.875827], [-5.914137, 41.875881], [-5.914493, 41.875956], [-5.91488, 41.876051], [-5.915297, 41.876168], [-5.915669, 41.876259], [-5.915997, 41.876325], [-5.91628, 41.876367], [-5.916518, 41.876383], [-5.916712, 41.876374], [-5.916861, 41.87634], [-5.916965, 41.876282], [-5.917024, 41.876198], [-5.917039, 41.876089], [-5.91701, 41.875955], [-5.916935, 41.875796], [-5.916816, 41.875613], [-5.916588, 41.875351], [-5.916251, 41.875011], [-5.915804, 41.874594], [-5.915248, 41.874098], [-5.914777, 41.873692], [-5.91439, 41.873374], [-5.914087, 41.873146], [-5.913869, 41.873006], [-5.91366, 41.872885], [-5.913462, 41.872782], [-5.913273, 41.872696], [-5.913094, 41.872629], [-5.912926, 41.87258], [-5.912767, 41.872549], [-5.912618, 41.872535], [-5.912479, 41.87254], [-5.91232, 41.872562], [-5.912142, 41.8726], [-5.911943, 41.872656], [-5.911726, 41.872728], [-5.911503, 41.872842], [-5.911276, 41.872999], [-5.911043, 41.873197], [-5.910806, 41.873438], [-5.910593, 41.87364], [-5.910404, 41.873802], [-5.910238, 41.873925], [-5.910097, 41.874009], [-5.909889, 41.874113], [-5.909614, 41.874235], [-5.909273, 41.874377], [-5.908866, 41.874539], [-5.9085, 41.874663], [-5.908177, 41.874751], [-5.907896, 41.874802], [-5.907657, 41.874817], [-5.907415, 41.874815], [-5.907169, 41.874796], [-5.906919, 41.874762], [-5.906666, 41.874711], [-5.906277, 41.87457], [-5.905752, 41.87434], [-5.905092, 41.874021], [-5.904296, 41.873612], [-5.903647, 41.873295], [-5.903144, 41.87307], [-5.902788, 41.872938], [-5.902578, 41.872897], [-5.902378, 41.872874], [-5.902186, 41.872869], [-5.902004, 41.872881], [-5.90183, 41.872911], [-5.901634, 41.872973], [-5.901415, 41.873067], [-5.901173, 41.873193], [-5.900908, 41.873352], [-5.900652, 41.873467], [-5.900405, 41.873539], [-5.900167, 41.873569], [-5.899938, 41.873555], [-5.899714, 41.873512], [-5.899493, 41.87344], [-5.899275, 41.873338], [-5.899062, 41.873206], [-5.898773, 41.873063], [-5.898409, 41.872909], [-5.89797, 41.872743], [-5.897455, 41.872566], [-5.897053, 41.872411], [-5.896763, 41.872277], [-5.896585, 41.872166], [-5.896521, 41.872076], [-5.896471, 41.87194], [-5.896436, 41.871759], [-5.896416, 41.871533], [-5.896411, 41.871261], [-5.896438, 41.871028], [-5.896498, 41.870834], [-5.89659, 41.870679], [-5.896714, 41.870563], [-5.896865, 41.870456], [-5.897042, 41.870358], [-5.897246, 41.870269], [-5.897476, 41.870188], [-5.897927, 41.870106], [-5.898599, 41.870023], [-5.899493, 41.86994], [-5.900608, 41.869854], [-5.901502, 41.869778], [-5.902176, 41.86971], [-5.902629, 41.869651], [-5.902861, 41.869601], [-5.903067, 41.869545], [-5.903247, 41.869485], [-5.9034, 41.869419], [-5.903528, 41.869349], [-5.90365, 41.869252], [-5.903766, 41.869128], [-5.903877, 41.868978], [-5.903982, 41.868802], [-5.904147, 41.868632], [-5.904373, 41.868467], [-5.904658, 41.868308], [-5.905003, 41.868154], [-5.905746, 41.867936], [-5.906885, 41.867652], [-5.908422, 41.867304], [-5.910356, 41.866891], [-5.911891, 41.866555], [-5.913027, 41.866296], [-5.913764, 41.866114], [-5.914102, 41.86601], [-5.91439, 41.865911], [-5.914628, 41.865819], [-5.914817, 41.865731], [-5.914956, 41.86565], [-5.915772, 41.865458], [-5.917262, 41.865154], [-5.919429, 41.864739], [-5.922272, 41.864212], [-5.924495, 41.863816], [-5.926101, 41.863552], [-5.927087, 41.863418], [-5.927455, 41.863416], [-5.927807, 41.863427], [-5.928142, 41.863453], [-5.928462, 41.863493], [-5.928766, 41.863546], [-5.929054, 41.863614], [-5.929325, 41.863696], [-5.929581, 41.863792], [-5.929821, 41.863902], [-5.930084, 41.864001], [-5.930371, 41.864089], [-5.930681, 41.864166], [-5.931014, 41.864232], [-5.931371, 41.864288], [-5.931751, 41.864332], [-5.932155, 41.864366], [-5.932582, 41.864389], [-5.933033, 41.864401], [-5.933507, 41.864402], [-5.934004, 41.864393], [-5.934525, 41.864372], [-5.935574, 41.864284], [-5.937151, 41.864129], [-5.939257, 41.863906], [-5.94189, 41.863615], [-5.944159, 41.863391], [-5.946065, 41.863232], [-5.947606, 41.86314], [-5.948783, 41.863114], [-5.949966, 41.863106], [-5.951154, 41.863114], [-5.952347, 41.863139], [-5.953546, 41.863182], [-5.954539, 41.863192], [-5.955327, 41.86317], [-5.95591, 41.863115], [-5.956288, 41.863029], [-5.95664, 41.862902], [-5.956967, 41.862736], [-5.957269, 41.86253], [-5.957546, 41.862285], [-5.957767, 41.862066], [-5.957934, 41.861873], [-5.958045, 41.861707], [-5.958101, 41.861567], [-5.95814, 41.861427], [-5.958162, 41.861289], [-5.958166, 41.86115], [-5.958153, 41.861013], [-5.958122, 41.860876], [-5.958074, 41.86074], [-5.958009, 41.860604], [-5.957926, 41.860469], [-5.957802, 41.860302], [-5.957638, 41.860102], [-5.957433, 41.859871], [-5.957188, 41.859607], [-5.956995, 41.859377], [-5.956855, 41.85918], [-5.956767, 41.859017], [-5.956733, 41.858887], [-5.956734, 41.858726], [-5.95677, 41.858534], [-5.956842, 41.85831], [-5.956949, 41.858055], [-5.957056, 41.857844], [-5.957162, 41.857677], [-5.957268, 41.857555], [-5.957373, 41.857477], [-5.957483, 41.857411], [-5.957599, 41.857358], [-5.957721, 41.857316], [-5.957847, 41.857287], [-5.958062, 41.857295], [-5.958365, 41.85734], [-5.958756, 41.857422], [-5.959235, 41.857541], [-5.959667, 41.857618], [-5.960052, 41.857652], [-5.96039, 41.857644], [-5.96068, 41.857592], [-5.961119, 41.857398], [-5.961708, 41.85706], [-5.962445, 41.856578], [-5.963331, 41.855953], [-5.964047, 41.855468], [-5.964593, 41.855124], [-5.964968, 41.85492], [-5.965173, 41.854856], [-5.96545, 41.854801], [-5.965797, 41.854755], [-5.966215, 41.854718], [-5.966705, 41.854689], [-5.967118, 41.854648], [-5.967454, 41.854595], [-5.967715, 41.85453], [-5.967899, 41.854452], [-5.968064, 41.854354], [-5.968211, 41.854237], [-5.96834, 41.854099], [-5.96845, 41.853942], [-5.968542, 41.853765], [-5.968615, 41.853567], [-5.968669, 41.85335], [-5.968706, 41.853113], [-5.968708, 41.852791], [-5.968675, 41.852385], [-5.968609, 41.851895], [-5.968508, 41.851319], [-5.968382, 41.850803], [-5.968231, 41.850345], [-5.968054, 41.849946], [-5.967853, 41.849605], [-5.967666, 41.849329], [-5.967496, 41.849118], [-5.967341, 41.848971], [-5.967202, 41.848889], [-5.967071, 41.848793], [-5.966947, 41.848684], [-5.96683, 41.848562], [-5.966721, 41.848427], [-5.96662, 41.848279], [-5.966525, 41.848117], [-5.966439, 41.847942], [-5.966359, 41.847754], [-5.966283, 41.84748], [-5.966208, 41.847119], [-5.966136, 41.846671], [-5.966067, 41.846137], [-5.966028, 41.84568], [-5.966019, 41.845302], [-5.966041, 41.845002], [-5.966093, 41.84478], [-5.966163, 41.844575], [-5.96625, 41.844389], [-5.966356, 41.84422], [-5.96648, 41.844069], [-5.966621, 41.843936], [-5.96678, 41.843821], [-5.966958, 41.843724], [-5.967153, 41.843644], [-5.967366, 41.843583], [-5.967597, 41.843539], [-5.967846, 41.843513], [-5.968112, 41.843505], [-5.968361, 41.843485], [-5.968591, 41.843455], [-5.968803, 41.843413], [-5.968996, 41.84336], [-5.969171, 41.843296], [-5.969328, 41.84322], [-5.969466, 41.843134], [-5.969587, 41.843036], [-5.969688, 41.842927], [-5.969772, 41.842806], [-5.969837, 41.842675], [-5.969883, 41.842532], [-5.969901, 41.842344], [-5.969888, 41.84211], [-5.969846, 41.841831], [-5.969774, 41.841506], [-5.969704, 41.841242], [-5.969636, 41.841037], [-5.96957, 41.840891], [-5.969507, 41.840805], [-5.969391, 41.840729], [-5.969224, 41.840662], [-5.969006, 41.840605], [-5.968736, 41.840557], [-5.968515, 41.840502], [-5.968344, 41.84044], [-5.968222, 41.840371], [-5.968149, 41.840296], [-5.968042, 41.84011], [-5.967902, 41.839814], [-5.967728, 41.839408], [-5.96752, 41.838891], [-5.96732, 41.838472], [-5.967126, 41.838151], [-5.966939, 41.837928], [-5.966759, 41.837802], [-5.966587, 41.837641], [-5.966421, 41.837447], [-5.966262, 41.837218], [-5.96611, 41.836954], [-5.965978, 41.83676], [-5.965866, 41.836637], [-5.965774, 41.836583], [-5.965702, 41.836599], [-5.965558, 41.836684], [-5.96534, 41.836839], [-5.96505, 41.837064], [-5.964687, 41.837358], [-5.96437, 41.837598], [-5.9641, 41.837783], [-5.963875, 41.837914], [-5.963697, 41.837991], [-5.963206, 41.838122], [-5.962401, 41.838307], [-5.961284, 41.838547], [-5.959854, 41.838841], [-5.95872, 41.839063], [-5.957882, 41.839215], [-5.95734, 41.839295], [-5.957094, 41.839304], [-5.956849, 41.839299], [-5.956606, 41.839279], [-5.956363, 41.839245], [-5.956122, 41.839197], [-5.955883, 41.839134], [-5.955645, 41.839056], [-5.955407, 41.838965], [-5.955172, 41.838859], [-5.954937, 41.838738], [-5.954704, 41.838604], [-5.954472, 41.838454], [-5.954241, 41.838291], [-5.954039, 41.838133], [-5.953866, 41.837981], [-5.953721, 41.837835], [-5.953605, 41.837694], [-5.953517, 41.837559], [-5.953458, 41.83743], [-5.953427, 41.837307], [-5.953425, 41.837189], [-5.953452, 41.837078], [-5.953507, 41.836972], [-5.95359, 41.836872], [-5.953703, 41.836777], [-5.953983, 41.836661], [-5.954432, 41.836525], [-5.955049, 41.836367], [-5.955835, 41.836188], [-5.956668, 41.836028], [-5.95755, 41.835887], [-5.95848, 41.835765], [-5.959458, 41.835662], [-5.960238, 41.835569], [-5.960822, 41.835487], [-5.961207, 41.835416], [-5.961396, 41.835355], [-5.961562, 41.83529], [-5.961705, 41.83522], [-5.961827, 41.835145], [-5.961925, 41.835066], [-5.962002, 41.834982], [-5.962056, 41.834894], [-5.962087, 41.834801], [-5.962096, 41.834703], [-5.962148, 41.834593], [-5.962242, 41.83447], [-5.962379, 41.834334], [-5.962559, 41.834185], [-5.962792, 41.834051], [-5.963079, 41.833933], [-5.96342, 41.83383], [-5.963815, 41.833742], [-5.964256, 41.833676], [-5.964744, 41.833631], [-5.965278, 41.833608], [-5.965859, 41.833606], [-5.966485, 41.833627], [-5.967154, 41.833672], [-5.967868, 41.83374], [-5.968626, 41.833832], [-5.969281, 41.8339], [-5.969832, 41.833945], [-5.97028, 41.833967], [-5.970625, 41.833966], [-5.970955, 41.833951], [-5.971272, 41.83392], [-5.971574, 41.833875], [-5.971862, 41.833816], [-5.972136, 41.833742], [-5.972396, 41.833653], [-5.972642, 41.833549], [-5.972873, 41.833431], [-5.973131, 41.833262], [-5.973414, 41.833042], [-5.973723, 41.83277], [-5.974058, 41.832448], [-5.974425, 41.832126], [-5.974825, 41.831804], [-5.975256, 41.831482], [-5.97572, 41.831161], [-5.976077, 41.830899], [-5.976327, 41.830696], [-5.97647, 41.830552], [-5.976506, 41.830468], [-5.976522, 41.830351], [-5.976517, 41.830201], [-5.976491, 41.830018], [-5.976446, 41.829803], [-5.97642, 41.829611], [-5.976414, 41.829442], [-5.976429, 41.829295], [-5.976463, 41.829172], [-5.976564, 41.829012], [-5.97673, 41.828815], [-5.976963, 41.828581], [-5.977262, 41.82831], [-5.977622, 41.828039], [-5.978042, 41.827768], [-5.978523, 41.827497], [-5.979065, 41.827227], [-5.979543, 41.826999], [-5.979959, 41.826814], [-5.980311, 41.826672], [-5.9806, 41.826573], [-5.980971, 41.826467], [-5.981423, 41.826355], [-5.981957, 41.826236], [-5.982573, 41.826111], [-5.983113, 41.825987], [-5.983577, 41.825867], [-5.983967, 41.825748], [-5.984281, 41.825632], [-5.984594, 41.825499], [-5.984908, 41.825351], [-5.985222, 41.825185], [-5.985536, 41.825004], [-5.98585, 41.824806], [-5.986164, 41.824591], [-5.986478, 41.824361], [-5.986793, 41.824113], [-5.987178, 41.823793], [-5.987634, 41.8234], [-5.988161, 41.822933], [-5.98876, 41.822394], [-5.989272, 41.821954], [-5.989699, 41.821613], [-5.990039, 41.821372], [-5.990294, 41.821231], [-5.990541, 41.82111], [-5.99078, 41.821012], [-5.991013, 41.820934], [-5.991237, 41.820878], [-5.991507, 41.820856], [-5.991823, 41.820866], [-5.992184, 41.820909], [-5.99259, 41.820985], [-5.993077, 41.821103], [-5.993645, 41.821262], [-5.994295, 41.821462], [-5.995026, 41.821704], [-5.995699, 41.821947], [-5.996313, 41.82219], [-5.996869, 41.822434], [-5.997367, 41.822679], [-5.997858, 41.82294], [-5.998341, 41.823218], [-5.998817, 41.823512], [-5.999286, 41.823823], [-5.999672, 41.824102], [-5.999977, 41.824351], [-6.000199, 41.824569], [-6.00034, 41.824755], [-6.000458, 41.824948], [-6.000553, 41.825146], [-6.000626, 41.825351], [-6.000676, 41.825561], [-6.000704, 41.825777], [-6.000709, 41.825999], [-6.000691, 41.826226], [-6.000651, 41.82646], [-6.000589, 41.826699], [-6.000504, 41.826944], [-6.000396, 41.827195], [-6.000266, 41.827451], [-6.000155, 41.8277], [-6.000062, 41.827941], [-5.999989, 41.828174], [-5.999935, 41.828399], [-5.9999, 41.828615], [-5.999885, 41.828824], [-5.999888, 41.829025], [-5.99991, 41.829218], [-5.999951, 41.829403], [-6.000012, 41.829579], [-6.000091, 41.829748], [-6.00019, 41.829909], [-6.000307, 41.830062], [-6.000444, 41.830207], [-6.000599, 41.830344], [-6.000774, 41.830473], [-6.000959, 41.830588], [-6.001154, 41.830689], [-6.00136, 41.830777], [-6.001575, 41.830852], [-6.001801, 41.830912], [-6.002037, 41.830959], [-6.002284, 41.830992], [-6.00254, 41.831012], [-6.002807, 41.831018], [-6.003084, 41.83101], [-6.003372, 41.830989], [-6.003669, 41.830954], [-6.004049, 41.830891], [-6.004512, 41.830801], [-6.005057, 41.830684], [-6.005685, 41.830539], [-6.006216, 41.830424], [-6.00665, 41.830341], [-6.006986, 41.830289], [-6.007226, 41.830268], [-6.007489, 41.830267], [-6.007775, 41.830286], [-6.008084, 41.830325], [-6.008415, 41.830385], [-6.008729, 41.830425], [-6.009025, 41.830445], [-6.009304, 41.830445], [-6.009564, 41.830424], [-6.009818, 41.830366], [-6.010064, 41.830269], [-6.010302, 41.830135], [-6.010534, 41.829962], [-6.010728, 41.829795], [-6.010886, 41.829634], [-6.011006, 41.82948], [-6.011089, 41.829331], [-6.011165, 41.829171], [-6.011233, 41.829001], [-6.011294, 41.82882], [-6.011348, 41.828628], [-6.011394, 41.828355], [-6.011431, 41.828002], [-6.01146, 41.827569], [-6.011481, 41.827055], [-6.011466, 41.826613], [-6.011417, 41.826243], [-6.011334, 41.825946], [-6.011215, 41.825721], [-6.011068, 41.825509], [-6.010892, 41.82531], [-6.010688, 41.825125], [-6.010455, 41.824953], [-6.010193, 41.824795], [-6.009903, 41.82465], [-6.009584, 41.824518], [-6.009237, 41.824399], [-6.008861, 41.824294], [-6.008457, 41.824203], [-6.008024, 41.824124], [-6.007562, 41.824059], [-6.007115, 41.823985], [-6.006681, 41.823901], [-6.006263, 41.823808], [-6.005858, 41.823705], [-6.005468, 41.823593], [-6.005092, 41.823472], [-6.004731, 41.823341], [-6.004383, 41.8232], [-6.003922, 41.822953], [-6.003346, 41.822597], [-6.002656, 41.822134], [-6.001852, 41.821564], [-6.001167, 41.821101], [-6.0006, 41.820746], [-6.000152, 41.8205], [-5.999823, 41.820361], [-5.999302, 41.820197], [-5.99859, 41.820007], [-5.997686, 41.819793], [-5.99659, 41.819553], [-5.995729, 41.81935], [-5.995101, 41.819184], [-5.994708, 41.819055], [-5.994549, 41.818963], [-5.994423, 41.818867], [-5.994331, 41.818768], [-5.994272, 41.818664], [-5.994246, 41.818557], [-5.994254, 41.818446], [-5.994295, 41.818331], [-5.994369, 41.818213], [-5.994477, 41.818091], [-5.994562, 41.817975], [-5.994625, 41.817864], [-5.994665, 41.817759], [-5.994682, 41.817661], [-5.994677, 41.817568], [-5.99465, 41.81748], [-5.994599, 41.817399], [-5.994527, 41.817323], [-5.994327, 41.817234], [-5.994002, 41.817131], [-5.99355, 41.817013], [-5.992971, 41.816882], [-5.992519, 41.816766], [-5.992194, 41.816664], [-5.991996, 41.816578], [-5.991924, 41.816507], [-5.991875, 41.81643], [-5.991849, 41.816348], [-5.991845, 41.816261], [-5.991865, 41.816168], [-5.991917, 41.816048], [-5.992003, 41.8159], [-5.992123, 41.815724], [-5.992276, 41.81552], [-5.992385, 41.815351], [-5.99245, 41.815216], [-5.992471, 41.815116], [-5.992447, 41.815049], [-5.992368, 41.814985], [-5.992233, 41.814922], [-5.992042, 41.81486], [-5.991795, 41.814799], [-5.991584, 41.814736], [-5.99141, 41.81467], [-5.991273, 41.814602], [-5.991172, 41.814531], [-5.991086, 41.814447], [-5.991013, 41.814349], [-5.990954, 41.814239], [-5.990909, 41.814115], [-5.990879, 41.813978], [-5.990862, 41.813828], [-5.99086, 41.813665], [-5.990871, 41.813488], [-5.990919, 41.813246], [-5.991003, 41.812936], [-5.991123, 41.812561], [-5.99128, 41.812119], [-5.991497, 41.811651], [-5.991775, 41.811159], [-5.992114, 41.810642], [-5.992512, 41.810099], [-5.992828, 41.809651], [-5.993059, 41.809297], [-5.993207, 41.809038], [-5.993271, 41.808873], [-5.993312, 41.808707], [-5.993331, 41.808542], [-5.993327, 41.808376], [-5.9933, 41.80821], [-5.993251, 41.808044], [-5.993179, 41.807878], [-5.993084, 41.807711], [-5.992966, 41.807545], [-5.99276, 41.807329], [-5.992464, 41.807065], [-5.99208, 41.806752], [-5.991607, 41.80639], [-5.991237, 41.806111], [-5.990972, 41.805916], [-5.990811, 41.805805], [-5.990754, 41.805777], [-5.990537, 41.805844], [-5.990161, 41.806006], [-5.989625, 41.806263], [-5.988931, 41.806616], [-5.988344, 41.806899], [-5.987865, 41.807114], [-5.987494, 41.80726], [-5.987231, 41.807338], [-5.986909, 41.807401], [-5.986527, 41.807449], [-5.986086, 41.807483], [-5.985586, 41.807503], [-5.985103, 41.807482], [-5.984636, 41.80742], [-5.984187, 41.807317], [-5.983754, 41.807173], [-5.983363, 41.807], [-5.983014, 41.806799], [-5.982708, 41.806569], [-5.982443, 41.806311], [-5.982227, 41.806074], [-5.98206, 41.805858], [-5.981942, 41.805665], [-5.981873, 41.805493], [-5.981811, 41.805269], [-5.981755, 41.804993], [-5.981705, 41.804665], [-5.981663, 41.804286], [-5.981656, 41.803852], [-5.981685, 41.803364], [-5.98175, 41.802822], [-5.981851, 41.802225], [-5.98192, 41.801747], [-5.981958, 41.801387], [-5.981963, 41.801146], [-5.981936, 41.801024], [-5.981899, 41.800914], [-5.981851, 41.800816], [-5.981792, 41.80073], [-5.981723, 41.800656], [-5.981643, 41.800594], [-5.981552, 41.800544], [-5.981451, 41.800507], [-5.981339, 41.800481], [-5.981201, 41.800467], [-5.981038, 41.800464], [-5.98085, 41.800472], [-5.980636, 41.800491], [-5.980392, 41.800545], [-5.980119, 41.800634], [-5.979817, 41.800757], [-5.979485, 41.800916], [-5.979037, 41.801039], [-5.978471, 41.801127], [-5.977789, 41.80118], [-5.976991, 41.801197], [-5.976344, 41.801227], [-5.975848, 41.801269], [-5.975504, 41.801323], [-5.975311, 41.801389], [-5.975083, 41.801505], [-5.974821, 41.801672], [-5.974524, 41.801889], [-5.974192, 41.802156], [-5.973894, 41.802383], [-5.973631, 41.802568], [-5.973402, 41.802713], [-5.973208, 41.802816], [-5.973004, 41.802906], [-5.97279, 41.802983], [-5.972568, 41.803047], [-5.972336, 41.803098], [-5.972095, 41.803135], [-5.971844, 41.803159], [-5.971584, 41.80317], [-5.971314, 41.803167], [-5.97098, 41.803134], [-5.97058, 41.80307], [-5.970115, 41.802975], [-5.969585, 41.802849], [-5.969152, 41.802732], [-5.968817, 41.802626], [-5.96858, 41.80253], [-5.96844, 41.802443], [-5.968321, 41.802353], [-5.968223, 41.802258], [-5.968145, 41.80216], [-5.968089, 41.802058], [-5.96805, 41.801929], [-5.968027, 41.801775], [-5.968022, 41.801594], [-5.968034, 41.801387], [-5.968029, 41.801216], [-5.968007, 41.801083], [-5.967967, 41.800985], [-5.96791, 41.800925], [-5.967807, 41.80087], [-5.967659, 41.800822], [-5.967464, 41.800781], [-5.967224, 41.800745], [-5.967017, 41.800733], [-5.966843, 41.800743], [-5.966702, 41.800777], [-5.966594, 41.800834], [-5.966495, 41.800905], [-5.966404, 41.800992], [-5.966322, 41.801094], [-5.966248, 41.80121], [-5.96618, 41.801401], [-5.966119, 41.801666], [-5.966065, 41.802006], [-5.966017, 41.802419], [-5.965963, 41.80278], [-5.965902, 41.803089], [-5.965834, 41.803346], [-5.96576, 41.80355], [-5.965669, 41.803745], [-5.965561, 41.803933], [-5.965437, 41.804112], [-5.965295, 41.804284], [-5.96502, 41.804504], [-5.964611, 41.804774], [-5.964069, 41.805094], [-5.963393, 41.805462], [-5.962859, 41.805775], [-5.962467, 41.806031], [-5.962217, 41.806231], [-5.962109, 41.806375], [-5.962023, 41.806524], [-5.961957, 41.806677], [-5.961912, 41.806836], [-5.961888, 41.806999], [-5.961891, 41.807211], [-5.961919, 41.807471], [-5.961973, 41.807781], [-5.962054, 41.808138], [-5.96211, 41.808449], [-5.96214, 41.808713], [-5.962146, 41.808929], [-5.962127, 41.809098], [-5.962073, 41.809304], [-5.961984, 41.809547], [-5.961861, 41.809828], [-5.961703, 41.810146], [-5.961508, 41.810476], [-5.961277, 41.810819], [-5.961008, 41.811174], [-5.960703, 41.811542], [-5.960305, 41.811988], [-5.959815, 41.812512], [-5.959232, 41.813115], [-5.958557, 41.813795], [-5.957906, 41.814493], [-5.957278, 41.815207], [-5.956673, 41.815939], [-5.956092, 41.816687], [-5.955605, 41.817286], [-5.955212, 41.817737], [-5.954913, 41.818039], [-5.954709, 41.818192], [-5.954497, 41.818319], [-5.954279, 41.818421], [-5.954053, 41.818497], [-5.953821, 41.818547], [-5.953582, 41.818572], [-5.953337, 41.818572], [-5.953084, 41.818545], [-5.952825, 41.818493], [-5.952559, 41.818415], [-5.952286, 41.818312], [-5.952006, 41.818183], [-5.95172, 41.818029], [-5.951447, 41.817894], [-5.951189, 41.81778], [-5.950945, 41.817685], [-5.950715, 41.817611], [-5.950498, 41.817557], [-5.950297, 41.817523], [-5.950109, 41.817509], [-5.949935, 41.817515], [-5.949776, 41.817542], [-5.94963, 41.817588], [-5.949499, 41.817654], [-5.949381, 41.817741], [-5.949278, 41.817847], [-5.949189, 41.817974], [-5.949114, 41.818121], [-5.949054, 41.818288], [-5.948962, 41.818424], [-5.948839, 41.818529], [-5.948686, 41.818602], [-5.948501, 41.818645], [-5.948286, 41.818657], [-5.94804, 41.818638], [-5.947763, 41.818588], [-5.947455, 41.818506], [-5.947116, 41.818394], [-5.946746, 41.81825], [-5.946346, 41.818076], [-5.945914, 41.817871], [-5.945338, 41.817579], [-5.944619, 41.817202], [-5.943755, 41.816739], [-5.942747, 41.81619], [-5.941903, 41.815751], [-5.941224, 41.815422], [-5.940709, 41.815202], [-5.940359, 41.815093], [-5.940034, 41.815011], [-5.939735, 41.814957], [-5.939461, 41.81493], [-5.939213, 41.81493], [-5.93899, 41.814959], [-5.938793, 41.815014], [-5.938622, 41.815098], [-5.938476, 41.815208], [-5.9383, 41.815356], [-5.938095, 41.815539], [-5.93786, 41.815759], [-5.937595, 41.816016], [-5.937339, 41.816284], [-5.937092, 41.816564], [-5.936853, 41.816855], [-5.936624, 41.817158], [-5.93642, 41.817469], [-5.936242, 41.817787], [-5.936089, 41.818112], [-5.935961, 41.818444], [-5.935864, 41.818783], [-5.935798, 41.819127], [-5.935762, 41.819478], [-5.935758, 41.819834], [-5.93574, 41.820133], [-5.935709, 41.820374], [-5.935665, 41.820556], [-5.935607, 41.820681], [-5.935532, 41.820792], [-5.935439, 41.820889], [-5.935329, 41.820971], [-5.935201, 41.82104], [-5.935056, 41.821094], [-5.934893, 41.821135], [-5.934712, 41.821161], [-5.934514, 41.821174], [-5.934246, 41.821171], [-5.93391, 41.821153], [-5.933504, 41.82112], [-5.93303, 41.821072], [-5.932639, 41.821045], [-5.93233, 41.821039], [-5.932105, 41.821054], [-5.931962, 41.82109], [-5.931836, 41.821136], [-5.931725, 41.821192], [-5.93163, 41.821258], [-5.931551, 41.821334], [-5.931492, 41.821452], [-5.931452, 41.821612], [-5.931433, 41.821814], [-5.931434, 41.822059], [-5.931505, 41.822391], [-5.931645, 41.822811], [-5.931856, 41.823319], [-5.932138, 41.823916], [-5.932338, 41.824391], [-5.932459, 41.824744], [-5.932498, 41.824977], [-5.932458, 41.825088], [-5.932312, 41.82523], [-5.932061, 41.825402], [-5.931705, 41.825605], [-5.931244, 41.825839], [-5.930873, 41.826045], [-5.930592, 41.826225], [-5.930401, 41.826377], [-5.9303, 41.826502], [-5.930199, 41.826764], [-5.930097, 41.827162], [-5.929995, 41.827697], [-5.929893, 41.828368], [-5.929791, 41.828957], [-5.92969, 41.829463], [-5.92959, 41.829886], [-5.929491, 41.830227], [-5.929426, 41.830626], [-5.929395, 41.831081], [-5.929398, 41.831594], [-5.929436, 41.832164], [-5.929447, 41.832642], [-5.929431, 41.833029], [-5.929389, 41.833324], [-5.92932, 41.833527], [-5.929194, 41.833803], [-5.929011, 41.834154], [-5.928771, 41.834577], [-5.928473, 41.835075], [-5.928199, 41.835497], [-5.927948, 41.835844], [-5.92772, 41.836116], [-5.927515, 41.836312], [-5.927302, 41.836492], [-5.927082, 41.836655], [-5.926855, 41.836801], [-5.926621, 41.83693], [-5.926379, 41.837043], [-5.92613, 41.837139], [-5.925873, 41.837218], [-5.925609, 41.83728], [-5.925337, 41.837325], [-5.925059, 41.837354], [-5.924772, 41.837365], [-5.924479, 41.83736], [-5.924202, 41.837344], [-5.923942, 41.837317], [-5.923699, 41.837279], [-5.923472, 41.837231], [-5.923263, 41.837171], [-5.92307, 41.8371], [-5.922895, 41.837019], [-5.922736, 41.836927], [-5.922593, 41.836824], [-5.922468, 41.83671], [-5.92236, 41.836585], [-5.922268, 41.836449], [-5.922174, 41.836261], [-5.922076, 41.836022], [-5.921976, 41.83573], [-5.921873, 41.835386], [-5.921716, 41.835058], [-5.921504, 41.834745], [-5.921238, 41.834448], [-5.920918, 41.834166], [-5.920558, 41.833904], [-5.920158, 41.833664], [-5.919718, 41.833445], [-5.919239, 41.833247], [-5.918764, 41.833088], [-5.918294, 41.832967], [-5.917828, 41.832885], [-5.917366, 41.832841], [-5.916964, 41.832818], [-5.916621, 41.832814], [-5.916337, 41.83283], [-5.916113, 41.832866], [-5.915909, 41.832887], [-5.915725, 41.832893], [-5.915561, 41.832883], [-5.915417, 41.832858], [-5.915293, 41.832818], [-5.915189, 41.832763], [-5.915105, 41.832692], [-5.915042, 41.832606], [-5.915022, 41.832453], [-5.915047, 41.832233], [-5.915116, 41.831946], [-5.91523, 41.831592], [-5.91535, 41.831284], [-5.915476, 41.831021], [-5.915608, 41.830805], [-5.915747, 41.830634], [-5.915896, 41.830473], [-5.916056, 41.83032], [-5.916226, 41.830177], [-5.916407, 41.830044], [-5.916713, 41.829882], [-5.917143, 41.829691], [-5.917698, 41.829473], [-5.918377, 41.829226], [-5.918917, 41.829011], [-5.919317, 41.828828], [-5.919577, 41.828676], [-5.919697, 41.828557], [-5.919799, 41.82843], [-5.919884, 41.828295], [-5.91995, 41.828153], [-5.919997, 41.828003], [-5.920013, 41.827815], [-5.919997, 41.827589], [-5.919949, 41.827324], [-5.919868, 41.827021], [-5.919785, 41.826776], [-5.919701, 41.82659], [-5.919615, 41.826462], [-5.919526, 41.826394], [-5.91943, 41.826339], [-5.919325, 41.826298], [-5.919213, 41.826271], [-5.919093, 41.826257], [-5.918921, 41.826275], [-5.918697, 41.826324], [-5.918422, 41.826404], [-5.918095, 41.826516], [-5.917686, 41.826693], [-5.917195, 41.826935], [-5.916622, 41.827243], [-5.915967, 41.827617], [-5.915437, 41.827913], [-5.915032, 41.828131], [-5.914751, 41.828271], [-5.914596, 41.828333], [-5.914461, 41.828372], [-5.914347, 41.82839], [-5.914254, 41.828384], [-5.914183, 41.828357], [-5.914132, 41.828306], [-5.914102, 41.828234], [-5.914094, 41.828139], [-5.914107, 41.828021], [-5.914166, 41.827838], [-5.914273, 41.827591], [-5.914427, 41.827279], [-5.914628, 41.826902], [-5.914836, 41.826563], [-5.915051, 41.826262], [-5.915274, 41.825999], [-5.915503, 41.825775], [-5.915707, 41.825593], [-5.915885, 41.825453], [-5.916036, 41.825355], [-5.916162, 41.8253], [-5.916278, 41.825224], [-5.916383, 41.825128], [-5.916479, 41.82501], [-5.916565, 41.824872], [-5.916642, 41.824713], [-5.916708, 41.824533], [-5.916764, 41.824333], [-5.916811, 41.824112], [-5.916847, 41.823869], [-5.916874, 41.823607], [-5.916891, 41.823323], [-5.916898, 41.823019], [-5.91688, 41.822611], [-5.916838, 41.822101], [-5.916772, 41.821488], [-5.916681, 41.820771], [-5.916592, 41.820166], [-5.916505, 41.819673], [-5.91642, 41.819291], [-5.916336, 41.819021], [-5.916196, 41.818693], [-5.915998, 41.818307], [-5.915744, 41.817863], [-5.915432, 41.817361], [-5.915198, 41.816954], [-5.915041, 41.816642], [-5.914961, 41.816425], [-5.914958, 41.816304], [-5.914971, 41.816186], [-5.915001, 41.816072], [-5.915047, 41.815962], [-5.915109, 41.815856], [-5.915242, 41.81572], [-5.915444, 41.815553], [-5.915717, 41.815356], [-5.91606, 41.815128], [-5.916829, 41.814665], [-5.918026, 41.813967], [-5.919649, 41.813033], [-5.921699, 41.811863], [-5.92352, 41.810858], [-5.925111, 41.810018], [-5.926473, 41.809344], [-5.927606, 41.808834], [-5.928589, 41.808418], [-5.929423, 41.808093], [-5.930108, 41.807862], [-5.930644, 41.807724], [-5.931095, 41.807618], [-5.931462, 41.807546], [-5.931744, 41.807507], [-5.931941, 41.807502], [-5.932149, 41.807478], [-5.932369, 41.807435], [-5.932599, 41.807373], [-5.932841, 41.807293], [-5.933176, 41.807136], [-5.933605, 41.806903], [-5.934128, 41.806595], [-5.934744, 41.806209], [-5.935607, 41.805589], [-5.936718, 41.804732], [-5.938075, 41.803641], [-5.93968, 41.802313], [-5.940919, 41.801275], [-5.941794, 41.800526], [-5.942304, 41.800067], [-5.942449, 41.799898], [-5.942563, 41.799742], [-5.942647, 41.799601], [-5.9427, 41.799474], [-5.942722, 41.799362], [-5.942714, 41.799263], [-5.942676, 41.799179], [-5.942607, 41.799109], [-5.942507, 41.799053], [-5.942377, 41.799011], [-5.942217, 41.798983], [-5.942025, 41.79897], [-5.941804, 41.798971], [-5.941572, 41.798991], [-5.941332, 41.799031], [-5.941082, 41.79909], [-5.940822, 41.799169], [-5.940553, 41.799268], [-5.940275, 41.799385], [-5.939987, 41.799523], [-5.93969, 41.79968], [-5.93921, 41.799987], [-5.938546, 41.800446], [-5.937698, 41.801055], [-5.936667, 41.801814], [-5.935825, 41.802411], [-5.935172, 41.802846], [-5.934709, 41.803118], [-5.934434, 41.803227], [-5.934171, 41.803312], [-5.933921, 41.803371], [-5.933683, 41.803404], [-5.933458, 41.803412], [-5.933193, 41.803356], [-5.93289, 41.803237], [-5.932548, 41.803054], [-5.932167, 41.802808], [-5.931874, 41.802608], [-5.93167, 41.802456], [-5.931554, 41.80235], [-5.931527, 41.802291], [-5.93152, 41.802228], [-5.931535, 41.80216], [-5.931569, 41.802088], [-5.931625, 41.802011], [-5.931738, 41.801963], [-5.931908, 41.801944], [-5.932135, 41.801952], [-5.93242, 41.801989], [-5.932666, 41.802004], [-5.932874, 41.801997], [-5.933045, 41.801967], [-5.933177, 41.801915], [-5.93322, 41.801815], [-5.933173, 41.801665], [-5.933036, 41.801467], [-5.93281, 41.80122], [-5.932635, 41.801001], [-5.932513, 41.80081], [-5.932443, 41.800647], [-5.932425, 41.800512], [-5.932444, 41.800384], [-5.932501, 41.800263], [-5.932595, 41.800148], [-5.932727, 41.800039], [-5.932882, 41.799934], [-5.933061, 41.799831], [-5.933263, 41.799731], [-5.933488, 41.799633], [-5.933776, 41.799572], [-5.934128, 41.799547], [-5.934542, 41.799559], [-5.935019, 41.799606], [-5.935453, 41.799608], [-5.935845, 41.799565], [-5.936194, 41.799476], [-5.9365, 41.799341], [-5.936839, 41.799143], [-5.937212, 41.79888], [-5.937618, 41.798553], [-5.938057, 41.798161], [-5.938454, 41.797769], [-5.938808, 41.797377], [-5.93912, 41.796985], [-5.93939, 41.796593], [-5.93977, 41.79616], [-5.940261, 41.795687], [-5.940862, 41.795174], [-5.941574, 41.794621], [-5.942281, 41.794116], [-5.942983, 41.793659], [-5.943681, 41.79325], [-5.944374, 41.79289], [-5.945176, 41.792515], [-5.946089, 41.792124], [-5.947112, 41.791719], [-5.948244, 41.791298], [-5.949139, 41.790955], [-5.949795, 41.790689], [-5.950214, 41.7905], [-5.950394, 41.790388], [-5.950544, 41.790279], [-5.950662, 41.790174], [-5.950749, 41.790072], [-5.950804, 41.789974], [-5.950808, 41.789863], [-5.950761, 41.78974], [-5.950662, 41.789604], [-5.950512, 41.789456], [-5.950295, 41.789322], [-5.950012, 41.789201], [-5.949662, 41.789095], [-5.949247, 41.789003], [-5.948913, 41.788918], [-5.948661, 41.788839], [-5.948492, 41.788768], [-5.948405, 41.788703], [-5.948278, 41.788549], [-5.948111, 41.788305], [-5.947904, 41.787972], [-5.947657, 41.787549], [-5.947443, 41.787205], [-5.947261, 41.78694], [-5.947113, 41.786753], [-5.946996, 41.786646], [-5.946889, 41.786584], [-5.94679, 41.78657], [-5.9467, 41.786602], [-5.946619, 41.78668], [-5.946549, 41.786814], [-5.946491, 41.787002], [-5.946444, 41.787245], [-5.94641, 41.787543], [-5.946363, 41.787801], [-5.946304, 41.788019], [-5.946233, 41.788197], [-5.94615, 41.788335], [-5.946049, 41.788463], [-5.94593, 41.788581], [-5.945793, 41.78869], [-5.945638, 41.788789], [-5.945466, 41.788878], [-5.945275, 41.788958], [-5.945067, 41.789028], [-5.94484, 41.789089], [-5.944532, 41.789136], [-5.944142, 41.789169], [-5.943671, 41.789189], [-5.943118, 41.789195], [-5.942649, 41.789186], [-5.942267, 41.789163], [-5.941969, 41.789125], [-5.941756, 41.789072], [-5.941554, 41.789009], [-5.941363, 41.788938], [-5.941182, 41.788857], [-5.941012, 41.788766], [-5.940787, 41.788622], [-5.940509, 41.788425], [-5.940176, 41.788174], [-5.939788, 41.78787], [-5.939397, 41.787613], [-5.939003, 41.787404], [-5.938605, 41.787242], [-5.938204, 41.787128], [-5.937802, 41.786977], [-5.9374, 41.786788], [-5.936998, 41.786563], [-5.936596, 41.7863], [-5.936249, 41.786086], [-5.935958, 41.785919], [-5.935722, 41.7858], [-5.935543, 41.785728], [-5.935352, 41.785666], [-5.935149, 41.785614], [-5.934936, 41.785571], [-5.934711, 41.785537], [-5.934395, 41.785523], [-5.93399, 41.78553], [-5.933494, 41.785556], [-5.932907, 41.785603], [-5.932405, 41.785659], [-5.931986, 41.785727], [-5.931651, 41.785805], [-5.9314, 41.785893], [-5.931165, 41.785993], [-5.930947, 41.786105], [-5.930744, 41.786228], [-5.930558, 41.786363], [-5.930388, 41.786509], [-5.930234, 41.786667], [-5.930097, 41.786836], [-5.929976, 41.787017], [-5.929851, 41.787256], [-5.929722, 41.787553], [-5.92959, 41.787907], [-5.929454, 41.78832], [-5.929326, 41.788665], [-5.929207, 41.788943], [-5.929097, 41.789153], [-5.928995, 41.789296], [-5.92885, 41.789443], [-5.928662, 41.789594], [-5.928432, 41.78975], [-5.928159, 41.789909], [-5.92792, 41.790028], [-5.927716, 41.790106], [-5.927546, 41.790142], [-5.92741, 41.790138], [-5.927278, 41.790118], [-5.927149, 41.790082], [-5.927022, 41.79003], [-5.926899, 41.789963], [-5.926779, 41.789879], [-5.926663, 41.78978], [-5.926549, 41.789666], [-5.926438, 41.789535], [-5.926317, 41.789352], [-5.926186, 41.789115], [-5.926044, 41.788826], [-5.925892, 41.788484], [-5.925784, 41.788187], [-5.92572, 41.787935], [-5.925701, 41.787729], [-5.925725, 41.787568], [-5.925763, 41.787444], [-5.925815, 41.787357], [-5.925879, 41.787308], [-5.925958, 41.787295], [-5.926038, 41.787261], [-5.926119, 41.787205], [-5.926203, 41.787128], [-5.926287, 41.787029], [-5.926348, 41.786906], [-5.926385, 41.786758], [-5.926398, 41.786586], [-5.926386, 41.786389], [-5.926354, 41.786222], [-5.926301, 41.786083], [-5.926228, 41.785973], [-5.926133, 41.785892], [-5.92602, 41.785819], [-5.925887, 41.785753], [-5.925735, 41.785694], [-5.925564, 41.785643], [-5.925292, 41.785602], [-5.92492, 41.78557], [-5.924448, 41.785548], [-5.923875, 41.785536], [-5.923335, 41.785506], [-5.922829, 41.785458], [-5.922357, 41.785394], [-5.921917, 41.785312], [-5.921559, 41.785227], [-5.921282, 41.785141], [-5.921086, 41.785052], [-5.920972, 41.784962], [-5.920874, 41.784841], [-5.920793, 41.784689], [-5.920728, 41.784507], [-5.920681, 41.784294], [-5.920655, 41.784121], [-5.92065, 41.783987], [-5.920667, 41.783894], [-5.920705, 41.78384], [-5.920753, 41.783794], [-5.920812, 41.783757], [-5.920881, 41.783729], [-5.920961, 41.78371], [-5.921087, 41.783697], [-5.921261, 41.78369], [-5.921481, 41.783689], [-5.921748, 41.783694], [-5.92204, 41.783673], [-5.922358, 41.783626], [-5.922701, 41.783553], [-5.923069, 41.783455], [-5.92351, 41.7833], [-5.924023, 41.78309], [-5.92461, 41.782824], [-5.925269, 41.782502], [-5.92587, 41.782183], [-5.926414, 41.781866], [-5.9269, 41.781552], [-5.927329, 41.781241], [-5.927675, 41.780971], [-5.927939, 41.780743], [-5.92812, 41.780557], [-5.928219, 41.780412], [-5.928289, 41.780273], [-5.928331, 41.780139], [-5.928344, 41.780009], [-5.928328, 41.779885], [-5.928284, 41.779766], [-5.928212, 41.779653], [-5.928111, 41.779544], [-5.927981, 41.77944], [-5.927823, 41.779342], [-5.927636, 41.779249], [-5.927421, 41.779161], [-5.927177, 41.779078], [-5.926938, 41.779015], [-5.926705, 41.778972], [-5.926477, 41.778948], [-5.926254, 41.778945], [-5.926036, 41.778961], [-5.925824, 41.778998], [-5.925617, 41.779054], [-5.925415, 41.77913], [-5.925219, 41.779226], [-5.925028, 41.779342], [-5.924842, 41.779478], [-5.924661, 41.779633], [-5.924451, 41.779849], [-5.92421, 41.780124], [-5.923939, 41.78046], [-5.923638, 41.780855], [-5.923381, 41.781173], [-5.923169, 41.781413], [-5.923001, 41.781576], [-5.922878, 41.781661], [-5.922759, 41.781728], [-5.922645, 41.781776], [-5.922535, 41.781805], [-5.92243, 41.781815], [-5.922318, 41.781786], [-5.9222, 41.781716], [-5.922076, 41.781607], [-5.921946, 41.781458], [-5.921849, 41.78132], [-5.921785, 41.781193], [-5.921753, 41.781077], [-5.921755, 41.780972], [-5.92179, 41.780825], [-5.921858, 41.780637], [-5.92196, 41.780408], [-5.922096, 41.780138], [-5.9222, 41.7799], [-5.922272, 41.779695], [-5.922314, 41.779523], [-5.922324, 41.779384], [-5.922313, 41.779247], [-5.922283, 41.779111], [-5.922233, 41.778977], [-5.922163, 41.778844], [-5.921934, 41.778619], [-5.921546, 41.778302], [-5.920999, 41.777892], [-5.920294, 41.77739], [-5.919706, 41.776917], [-5.919237, 41.776472], [-5.918885, 41.776056], [-5.918651, 41.775668], [-5.918398, 41.775343], [-5.918127, 41.77508], [-5.917837, 41.774879], [-5.917529, 41.774741], [-5.917244, 41.774631], [-5.916981, 41.774549], [-5.916741, 41.774495], [-5.916524, 41.774469], [-5.916271, 41.774421], [-5.915981, 41.774354], [-5.915655, 41.774265], [-5.915293, 41.774155], [-5.914956, 41.774026], [-5.914642, 41.773878], [-5.914352, 41.773711], [-5.914087, 41.773524], [-5.913849, 41.773369], [-5.91364, 41.773246], [-5.913459, 41.773154], [-5.913306, 41.773093], [-5.913144, 41.773043], [-5.912975, 41.773004], [-5.912797, 41.772975], [-5.912611, 41.772957], [-5.912354, 41.772966], [-5.912027, 41.773003], [-5.911628, 41.773066], [-5.911159, 41.773157], [-5.910729, 41.773226], [-5.910339, 41.773274], [-5.909988, 41.7733], [-5.909677, 41.773304], [-5.909351, 41.773292], [-5.909009, 41.773265], [-5.908653, 41.773223], [-5.908281, 41.773165], [-5.907771, 41.773046], [-5.907124, 41.772865], [-5.906338, 41.772623], [-5.905414, 41.77232], [-5.904644, 41.772055], [-5.904028, 41.771829], [-5.903566, 41.771642], [-5.903258, 41.771493], [-5.902996, 41.771352], [-5.90278, 41.77122], [-5.90261, 41.771096], [-5.902486, 41.770981], [-5.902408, 41.770874], [-5.902376, 41.770775], [-5.90239, 41.770685], [-5.90245, 41.770603], [-5.902556, 41.77053], [-5.902708, 41.770465], [-5.902906, 41.770409], [-5.903151, 41.770361], [-5.903407, 41.770291], [-5.903676, 41.770199], [-5.903958, 41.770084], [-5.904251, 41.769947], [-5.904484, 41.769823], [-5.904655, 41.76971], [-5.904766, 41.769609], [-5.904815, 41.769521], [-5.904849, 41.769429], [-5.904866, 41.769333], [-5.904867, 41.769234], [-5.904851, 41.769132], [-5.904779, 41.769013], [-5.904651, 41.768876], [-5.904467, 41.768723], [-5.904226, 41.768552], [-5.903915, 41.768392], [-5.903535, 41.768244], [-5.903084, 41.768107], [-5.902563, 41.767981], [-5.902049, 41.767884], [-5.901542, 41.767815], [-5.901041, 41.767774], [-5.900548, 41.767762], [-5.900128, 41.767764], [-5.899782, 41.76778], [-5.89951, 41.767811], [-5.899311, 41.767856], [-5.899063, 41.76795], [-5.898763, 41.768093], [-5.898413, 41.768285], [-5.898013, 41.768526], [-5.897659, 41.768773], [-5.89735, 41.769025], [-5.897088, 41.769283], [-5.896872, 41.769547], [-5.896597, 41.769802], [-5.896264, 41.770049], [-5.895872, 41.770287], [-5.895422, 41.770516], [-5.894778, 41.770793], [-5.89394, 41.771118], [-5.892908, 41.77149], [-5.891682, 41.771909], [-5.890699, 41.772238], [-5.88996, 41.772477], [-5.889463, 41.772625], [-5.88921, 41.772684], [-5.888952, 41.772723], [-5.888691, 41.772743], [-5.888425, 41.772744], [-5.888154, 41.772727], [-5.88788, 41.77269], [-5.887601, 41.772634], [-5.887318, 41.77256], [-5.88703, 41.772466], [-5.886738, 41.772354], [-5.886442, 41.772222], [-5.886142, 41.772072], [-5.885837, 41.771903], [-5.885529, 41.771715], [-5.885215, 41.771507], [-5.884898, 41.771281], [-5.884576, 41.771036], [-5.884278, 41.77079], [-5.884004, 41.770541], [-5.883753, 41.770291], [-5.883526, 41.77004], [-5.883323, 41.769787], [-5.883143, 41.769532], [-5.882987, 41.769275], [-5.882854, 41.769017], [-5.882746, 41.768758], [-5.88266, 41.768496], [-5.882599, 41.768234], [-5.882561, 41.767969], [-5.882547, 41.767703], [-5.882556, 41.767435], [-5.88259, 41.767166], [-5.882646, 41.766895], [-5.88271, 41.766643], [-5.88278, 41.766411], [-5.882856, 41.766197], [-5.882939, 41.766003], [-5.883028, 41.765827], [-5.883124, 41.765671], [-5.883227, 41.765534], [-5.883335, 41.765416], [-5.883451, 41.765318], [-5.883573, 41.765238], [-5.883701, 41.765178], [-5.883836, 41.765136], [-5.883978, 41.765114], [-5.884126, 41.765111], [-5.884281, 41.765127], [-5.884442, 41.765163], [-5.884592, 41.765185], [-5.884732, 41.765196], [-5.884861, 41.765193], [-5.88498, 41.765179], [-5.885088, 41.765151], [-5.885186, 41.765112], [-5.885273, 41.76506], [-5.885349, 41.764995], [-5.885417, 41.76484], [-5.885478, 41.764595], [-5.885531, 41.764259], [-5.885576, 41.763833], [-5.885621, 41.763481], [-5.885667, 41.763203], [-5.885714, 41.762999], [-5.885762, 41.762869], [-5.885842, 41.76272], [-5.885955, 41.762551], [-5.886101, 41.762363], [-5.886279, 41.762155], [-5.886464, 41.761987], [-5.886655, 41.761858], [-5.886851, 41.761769], [-5.887054, 41.761719], [-5.887282, 41.76168], [-5.887534, 41.761653], [-5.887812, 41.761637], [-5.888114, 41.761632], [-5.888566, 41.76166], [-5.889169, 41.76172], [-5.889922, 41.761813], [-5.890825, 41.761938], [-5.891604, 41.762038], [-5.89226, 41.762113], [-5.892793, 41.762162], [-5.893202, 41.762186], [-5.893588, 41.762194], [-5.893951, 41.762187], [-5.894291, 41.762165], [-5.894608, 41.762127], [-5.894902, 41.762074], [-5.895172, 41.762005], [-5.89542, 41.761921], [-5.895645, 41.761822], [-5.895847, 41.761707], [-5.896025, 41.761577], [-5.896181, 41.761431], [-5.896313, 41.76127], [-5.896513, 41.761088], [-5.896778, 41.760885], [-5.897111, 41.760661], [-5.89751, 41.760416], [-5.898193, 41.760138], [-5.899158, 41.759828], [-5.900407, 41.759486], [-5.90194, 41.75911], [-5.903132, 41.758801], [-5.903984, 41.758557], [-5.904496, 41.758379], [-5.904667, 41.758266], [-5.904833, 41.75814], [-5.904993, 41.758], [-5.905147, 41.757845], [-5.905295, 41.757678], [-5.905463, 41.757426], [-5.90565, 41.757092], [-5.905857, 41.756674], [-5.906083, 41.756173], [-5.906303, 41.755753], [-5.906517, 41.755414], [-5.906725, 41.755157], [-5.906926, 41.75498], [-5.907152, 41.754829], [-5.907404, 41.754704], [-5.90768, 41.754604], [-5.907981, 41.754529], [-5.908308, 41.75448], [-5.908659, 41.754456], [-5.909035, 41.754458], [-5.909436, 41.754485], [-5.91033, 41.75465], [-5.911716, 41.754953], [-5.913595, 41.755394], [-5.915967, 41.755972], [-5.91784, 41.756413], [-5.919214, 41.756715], [-5.92009, 41.75688], [-5.920468, 41.756906], [-5.920828, 41.756914], [-5.921171, 41.756902], [-5.921497, 41.756872], [-5.921804, 41.756822], [-5.922095, 41.756753], [-5.922368, 41.756666], [-5.922624, 41.756559], [-5.922862, 41.756434], [-5.923082, 41.756289], [-5.923286, 41.756125], [-5.923472, 41.755943], [-5.92364, 41.755741], [-5.923812, 41.755554], [-5.923988, 41.755382], [-5.924168, 41.755224], [-5.924352, 41.755081], [-5.92454, 41.754952], [-5.924732, 41.754839], [-5.924927, 41.75474], [-5.925127, 41.754655], [-5.92533, 41.754585], [-5.925537, 41.75453], [-5.925748, 41.75449], [-5.925963, 41.754464], [-5.926515, 41.754512], [-5.927403, 41.754636], [-5.928627, 41.754833], [-5.930188, 41.755106], [-5.931549, 41.755374], [-5.93271, 41.755637], [-5.933672, 41.755896], [-5.934434, 41.756151], [-5.935188, 41.75644], [-5.935934, 41.756763], [-5.93667, 41.75712], [-5.937399, 41.757511], [-5.938098, 41.757915], [-5.938767, 41.758332], [-5.939408, 41.758762], [-5.940018, 41.759204], [-5.940643, 41.759695], [-5.94128, 41.760232], [-5.941931, 41.760817], [-5.942595, 41.76145], [-5.943139, 41.761949], [-5.943563, 41.762314], [-5.943866, 41.762545], [-5.94405, 41.762642], [-5.944229, 41.762721], [-5.944405, 41.762784], [-5.944577, 41.762828], [-5.944745, 41.762856], [-5.944909, 41.762866], [-5.945069, 41.762859], [-5.945225, 41.762834], [-5.945377, 41.762792], [-5.945515, 41.762742], [-5.945638, 41.762684], [-5.945747, 41.762618], [-5.945841, 41.762544], [-5.945915, 41.762427], [-5.945969, 41.762268], [-5.946003, 41.762066], [-5.946017, 41.761822], [-5.945947, 41.761444], [-5.945792, 41.760933], [-5.945554, 41.760289], [-5.945231, 41.759512], [-5.944945, 41.75889], [-5.944697, 41.758423], [-5.944486, 41.75811], [-5.944313, 41.757953], [-5.944109, 41.757791], [-5.943874, 41.757625], [-5.943607, 41.757454], [-5.94331, 41.75728], [-5.942673, 41.756969], [-5.941696, 41.756522], [-5.940379, 41.755938], [-5.938723, 41.755219], [-5.937445, 41.754652], [-5.936546, 41.754237], [-5.936024, 41.753975], [-5.935881, 41.753865], [-5.935762, 41.753736], [-5.935666, 41.753587], [-5.935593, 41.75342], [-5.935543, 41.753234], [-5.935428, 41.752964], [-5.935247, 41.752612], [-5.935, 41.752176], [-5.934687, 41.751657], [-5.934445, 41.751227], [-5.934273, 41.750887], [-5.934172, 41.750637], [-5.934141, 41.750476], [-5.934136, 41.750326], [-5.934158, 41.750187], [-5.934205, 41.75006], [-5.93428, 41.749943], [-5.93438, 41.749837], [-5.934507, 41.749743], [-5.93466, 41.749659], [-5.934839, 41.749587], [-5.935044, 41.749525], [-5.935276, 41.749475], [-5.935534, 41.749435], [-5.935819, 41.749407], [-5.936161, 41.749354], [-5.93656, 41.749277], [-5.937018, 41.749175], [-5.937533, 41.749048], [-5.93803, 41.748898], [-5.938509, 41.748725], [-5.938971, 41.748528], [-5.939415, 41.748308], [-5.939806, 41.748077], [-5.940146, 41.747835], [-5.940434, 41.747581], [-5.940671, 41.747316], [-5.940848, 41.747026], [-5.940968, 41.746711], [-5.941028, 41.746371], [-5.941031, 41.746006], [-5.941087, 41.745757], [-5.941196, 41.745624], [-5.941358, 41.745607], [-5.941574, 41.745705], [-5.941833, 41.745855], [-5.942134, 41.746056], [-5.942478, 41.746309], [-5.942866, 41.746613], [-5.943247, 41.746883], [-5.943622, 41.74712], [-5.943991, 41.747322], [-5.944353, 41.74749], [-5.944762, 41.747629], [-5.945217, 41.747738], [-5.945718, 41.747817], [-5.946266, 41.747866], [-5.94678, 41.74789], [-5.947261, 41.747889], [-5.947709, 41.747863], [-5.948125, 41.747811], [-5.948467, 41.747757], [-5.948737, 41.747702], [-5.948934, 41.747644], [-5.949058, 41.747585], [-5.949161, 41.747519], [-5.949241, 41.747448], [-5.949299, 41.74737], [-5.949335, 41.747285], [-5.949314, 41.747161], [-5.949235, 41.746997], [-5.949099, 41.746793], [-5.948906, 41.746549], [-5.948747, 41.746332], [-5.948622, 41.746142], [-5.948531, 41.745978], [-5.948474, 41.745841], [-5.948439, 41.745703], [-5.948424, 41.745565], [-5.94843, 41.745426], [-5.948457, 41.745286], [-5.948505, 41.745146], [-5.948574, 41.745005], [-5.948664, 41.744863], [-5.948775, 41.744721], [-5.948999, 41.744494], [-5.949336, 41.744184], [-5.949785, 41.743789], [-5.950346, 41.74331], [-5.950825, 41.742831], [-5.95122, 41.742351], [-5.951532, 41.741872], [-5.95176, 41.741392], [-5.952011, 41.740988], [-5.952283, 41.74066], [-5.952576, 41.740409], [-5.952892, 41.740234], [-5.95334, 41.740009], [-5.953921, 41.739736], [-5.954635, 41.739413], [-5.955482, 41.73904], [-5.956539, 41.73854], [-5.957808, 41.737912], [-5.959289, 41.737156], [-5.96098, 41.736272], [-5.962339, 41.735598], [-5.963365, 41.735135], [-5.96406, 41.734881], [-5.964422, 41.734838], [-5.964814, 41.734818], [-5.965235, 41.734822], [-5.965686, 41.73485], [-5.966166, 41.734901], [-5.966585, 41.73493], [-5.966943, 41.734935], [-5.967239, 41.734918], [-5.967473, 41.734878], [-5.967703, 41.734818], [-5.967927, 41.73474], [-5.968146, 41.734642], [-5.96836, 41.734524], [-5.968569, 41.734387], [-5.968772, 41.734231], [-5.968971, 41.734056], [-5.969164, 41.733861], [-5.969352, 41.733646], [-5.969535, 41.733413], [-5.969713, 41.73316], [-5.969886, 41.732888], [-5.970032, 41.732623], [-5.97015, 41.732366], [-5.970241, 41.732117], [-5.970306, 41.731875], [-5.970343, 41.731641], [-5.970353, 41.731414], [-5.970335, 41.731196], [-5.970291, 41.730985], [-5.970219, 41.730781], [-5.970121, 41.730586], [-5.969995, 41.730397], [-5.969842, 41.730217], [-5.969662, 41.730044], [-5.969454, 41.729879], [-5.96922, 41.729722], [-5.968959, 41.729572], [-5.968689, 41.729393], [-5.96841, 41.729186], [-5.968124, 41.728951], [-5.967829, 41.728686], [-5.967599, 41.728459], [-5.967435, 41.72827], [-5.967337, 41.728118], [-5.967303, 41.728003], [-5.967289, 41.727864], [-5.967294, 41.727702], [-5.967318, 41.727516], [-5.967362, 41.727306], [-5.967384, 41.727121], [-5.967385, 41.72696], [-5.967365, 41.726824], [-5.967324, 41.726713], [-5.967217, 41.726542], [-5.967043, 41.726312], [-5.966803, 41.726021], [-5.966497, 41.725671], [-5.966236, 41.725329], [-5.966018, 41.724994], [-5.965845, 41.724667], [-5.965717, 41.724347], [-5.965629, 41.724089], [-5.965583, 41.723893], [-5.965578, 41.723758], [-5.965614, 41.723684], [-5.965662, 41.723618], [-5.965724, 41.723559], [-5.965799, 41.723507], [-5.965886, 41.723462], [-5.966074, 41.723424], [-5.966363, 41.723393], [-5.966754, 41.723368], [-5.967245, 41.72335], [-5.967647, 41.723325], [-5.96796, 41.723295], [-5.968183, 41.723257], [-5.968317, 41.723214], [-5.968464, 41.723138], [-5.968624, 41.723031], [-5.968796, 41.722891], [-5.968981, 41.722719], [-5.96912, 41.722564], [-5.969213, 41.722426], [-5.96926, 41.722304], [-5.969262, 41.722199], [-5.969244, 41.722093], [-5.969206, 41.721986], [-5.96915, 41.721877], [-5.969074, 41.721767], [-5.968892, 41.721601], [-5.968604, 41.721379], [-5.96821, 41.721101], [-5.96771, 41.720767], [-5.967334, 41.720497], [-5.967083, 41.720292], [-5.966955, 41.72015], [-5.966952, 41.720071], [-5.966977, 41.719999], [-5.967031, 41.719931], [-5.967113, 41.719869], [-5.967223, 41.719812], [-5.967431, 41.719753], [-5.967735, 41.719693], [-5.968138, 41.719631], [-5.968637, 41.719568], [-5.969297, 41.719514], [-5.970116, 41.719469], [-5.971096, 41.719433], [-5.972235, 41.719406], [-5.973281, 41.719398], [-5.974232, 41.719409], [-5.975089, 41.719439], [-5.975852, 41.719488], [-5.976697, 41.719572], [-5.977626, 41.71969], [-5.978637, 41.719843], [-5.979732, 41.720031], [-5.980664, 41.720174], [-5.981434, 41.720272], [-5.982042, 41.720325], [-5.982488, 41.720334], [-5.982918, 41.720365], [-5.983333, 41.720418], [-5.983733, 41.720493], [-5.984118, 41.72059], [-5.9846, 41.720741], [-5.98518, 41.720946], [-5.985857, 41.721205], [-5.986632, 41.721519], [-5.987686, 41.721992], [-5.989018, 41.722626], [-5.99063, 41.723419], [-5.99252, 41.724373], [-5.994077, 41.725127], [-5.995298, 41.725684], [-5.996186, 41.726042], [-5.996739, 41.726201], [-5.99727, 41.726386], [-5.99778, 41.726596], [-5.998268, 41.726831], [-5.998734, 41.727092], [-5.999179, 41.727286], [-5.999603, 41.727414], [-6.000005, 41.727475], [-6.000386, 41.72747], [-6.000812, 41.727444], [-6.001284, 41.727396], [-6.001801, 41.727326], [-6.002363, 41.727235], [-6.002869, 41.727221], [-6.003317, 41.727284], [-6.003709, 41.727423], [-6.004044, 41.72764], [-6.004386, 41.727823], [-6.004735, 41.727974], [-6.005092, 41.728092], [-6.005456, 41.728177], [-6.005916, 41.728185], [-6.006472, 41.728114], [-6.007125, 41.727966], [-6.007873, 41.72774], [-6.008484, 41.727571], [-6.008959, 41.727458], [-6.009297, 41.727402], [-6.009499, 41.727402], [-6.00978, 41.727441], [-6.010143, 41.72752], [-6.010586, 41.727638], [-6.011109, 41.727796], [-6.011667, 41.727985], [-6.012258, 41.728207], [-6.012884, 41.728461], [-6.013544, 41.728747], [-6.01422, 41.729004], [-6.014911, 41.729233], [-6.015618, 41.729432], [-6.01634, 41.729603], [-6.016979, 41.729742], [-6.017532, 41.729849], [-6.018002, 41.729923], [-6.018387, 41.729966], [-6.018749, 41.729994], [-6.01909, 41.730007], [-6.019409, 41.730007], [-6.019705, 41.729991], [-6.01998, 41.729962], [-6.020232, 41.729917], [-6.020462, 41.729859], [-6.02067, 41.729786], [-6.020856, 41.729698], [-6.02102, 41.729596], [-6.021162, 41.72948], [-6.021282, 41.729349], [-6.02138, 41.729204], [-6.021456, 41.729045], [-6.021509, 41.728871], [-6.021541, 41.728682], [-6.021591, 41.728502], [-6.021659, 41.728331], [-6.021745, 41.728168], [-6.02185, 41.728013], [-6.021973, 41.727867], [-6.022114, 41.72773], [-6.022274, 41.727601], [-6.022452, 41.72748], [-6.022648, 41.727368], [-6.022863, 41.727265], [-6.023096, 41.72717], [-6.023347, 41.727083], [-6.023686, 41.726998], [-6.024111, 41.726915], [-6.024624, 41.726834], [-6.025225, 41.726754], [-6.025776, 41.726699], [-6.026279, 41.72667], [-6.026734, 41.726666], [-6.027139, 41.726688], [-6.027476, 41.726716], [-6.027743, 41.726752], [-6.027942, 41.726794], [-6.028072, 41.726842], [-6.028181, 41.726892], [-6.028271, 41.726943], [-6.02834, 41.726995], [-6.028389, 41.727048], [-6.028419, 41.727103], [-6.028427, 41.727158], [-6.028416, 41.727214], [-6.028385, 41.727272], [-6.02825, 41.727365], [-6.028011, 41.727493], [-6.027669, 41.727656], [-6.027223, 41.727855], [-6.026856, 41.728043], [-6.026567, 41.728221], [-6.026358, 41.728388], [-6.026227, 41.728545], [-6.026132, 41.728683], [-6.026073, 41.728804], [-6.026048, 41.728908], [-6.02606, 41.728993], [-6.026115, 41.729092], [-6.026215, 41.729203], [-6.026359, 41.729328], [-6.026547, 41.729465], [-6.026831, 41.729608], [-6.027211, 41.729758], [-6.027687, 41.729912], [-6.028258, 41.730073], [-6.028708, 41.730217], [-6.029039, 41.730345], [-6.029248, 41.730456], [-6.029338, 41.73055], [-6.029409, 41.730652], [-6.029463, 41.73076], [-6.029499, 41.730875], [-6.029517, 41.730996], [-6.029516, 41.731124], [-6.029498, 41.731259], [-6.029463, 41.731401], [-6.029409, 41.731549], [-6.029373, 41.731691], [-6.029355, 41.731826], [-6.029355, 41.731954], [-6.029373, 41.732076], [-6.029408, 41.732191], [-6.029462, 41.732299], [-6.029533, 41.7324], [-6.029623, 41.732495], [-6.02973, 41.732583], [-6.029856, 41.732664], [-6.029999, 41.732738], [-6.03016, 41.732806], [-6.030379, 41.732865], [-6.030656, 41.732915], [-6.030992, 41.732956], [-6.031386, 41.732988], [-6.031704, 41.732998], [-6.031945, 41.732985], [-6.032111, 41.732949], [-6.032201, 41.732891], [-6.032259, 41.732748], [-6.032286, 41.73252], [-6.032281, 41.732207], [-6.032245, 41.731809], [-6.032231, 41.731483], [-6.032239, 41.73123], [-6.03227, 41.731048], [-6.032322, 41.73094], [-6.032428, 41.730821], [-6.032587, 41.730694], [-6.032798, 41.730558], [-6.033063, 41.730412], [-6.033358, 41.730296], [-6.033684, 41.73021], [-6.03404, 41.730152], [-6.034427, 41.730125], [-6.034941, 41.730147], [-6.035582, 41.73022], [-6.03635, 41.730343], [-6.037246, 41.730516], [-6.038033, 41.73065], [-6.038711, 41.730743], [-6.039281, 41.730795], [-6.039743, 41.730808], [-6.040232, 41.730836], [-6.040749, 41.730881], [-6.041294, 41.730942], [-6.041866, 41.73102], [-6.042394, 41.731116], [-6.042877, 41.731232], [-6.043316, 41.731367], [-6.04371, 41.731522], [-6.044134, 41.73174], [-6.044588, 41.732024], [-6.045071, 41.732371], [-6.045584, 41.732783], [-6.045997, 41.73313], [-6.046312, 41.733412], [-6.046528, 41.733629], [-6.046644, 41.73378], [-6.046766, 41.733972], [-6.046893, 41.734203], [-6.047026, 41.734474], [-6.047165, 41.734786], [-6.047286, 41.73515], [-6.04739, 41.735566], [-6.047476, 41.736035], [-6.047546, 41.736556], [-6.047573, 41.737021], [-6.04756, 41.737429], [-6.047505, 41.737781], [-6.047408, 41.738076], [-6.04726, 41.738443], [-6.047059, 41.738881], [-6.046805, 41.739392], [-6.0465, 41.739974], [-6.046242, 41.740552], [-6.046034, 41.741128], [-6.045874, 41.741699], [-6.045763, 41.742267], [-6.045705, 41.742764], [-6.045699, 41.743191], [-6.045746, 41.743547], [-6.045845, 41.743832], [-6.046018, 41.744114], [-6.046263, 41.744393], [-6.046581, 41.744668], [-6.046972, 41.744941], [-6.047323, 41.745217], [-6.047634, 41.745496], [-6.047905, 41.745778], [-6.048136, 41.746064], [-6.048353, 41.7464], [-6.048556, 41.746788], [-6.048744, 41.747226], [-6.048919, 41.747715], [-6.049045, 41.748111], [-6.049123, 41.748415], [-6.049154, 41.748626], [-6.049136, 41.748745], [-6.049089, 41.748875], [-6.049013, 41.749019], [-6.048909, 41.749174], [-6.048776, 41.749342], [-6.048651, 41.74948], [-6.048535, 41.749587], [-6.048428, 41.749664], [-6.048329, 41.74971], [-6.048133, 41.749764], [-6.047838, 41.749825], [-6.047445, 41.749893], [-6.046955, 41.749968], [-6.046546, 41.75006], [-6.04622, 41.750169], [-6.045977, 41.750294], [-6.045817, 41.750436], [-6.045696, 41.750561], [-6.045616, 41.750672], [-6.045576, 41.750766], [-6.045577, 41.750844], [-6.045632, 41.75094], [-6.045741, 41.751053], [-6.045904, 41.751184], [-6.046122, 41.751332], [-6.046397, 41.751483], [-6.04673, 41.751636], [-6.047121, 41.751792], [-6.047569, 41.751951], [-6.048031, 41.752129], [-6.048507, 41.752327], [-6.048997, 41.752544], [-6.049502, 41.752781], [-6.049948, 41.752995], [-6.050337, 41.753188], [-6.050667, 41.753358], [-6.050941, 41.753505], [-6.051189, 41.753658], [-6.051414, 41.753814], [-6.051614, 41.753976], [-6.051789, 41.754141], [-6.051941, 41.754312], [-6.052068, 41.754486], [-6.05217, 41.754666], [-6.052249, 41.754849], [-6.052303, 41.755038], [-6.052332, 41.75523], [-6.052337, 41.755427], [-6.052318, 41.755629], [-6.05226, 41.755881], [-6.052163, 41.756184], [-6.052027, 41.756538], [-6.051852, 41.756941], [-6.05172, 41.757281], [-6.051632, 41.757558], [-6.051587, 41.75777], [-6.051586, 41.757919], [-6.051599, 41.758058], [-6.051627, 41.758189], [-6.051669, 41.758311], [-6.051725, 41.758424], [-6.051796, 41.758528], [-6.051881, 41.758624], [-6.051981, 41.75871], [-6.052095, 41.758788], [-6.052387, 41.758935], [-6.052857, 41.759152], [-6.053505, 41.75944], [-6.05433, 41.759797], [-6.055081, 41.76017], [-6.055756, 41.76056], [-6.056356, 41.760967], [-6.056881, 41.761391], [-6.057382, 41.761756], [-6.057858, 41.762064], [-6.058311, 41.762314], [-6.058739, 41.762507], [-6.059091, 41.76265], [-6.059368, 41.762745], [-6.059568, 41.762791], [-6.059693, 41.762788], [-6.059811, 41.762773], [-6.059922, 41.762747], [-6.060027, 41.762708], [-6.060124, 41.762657], [-6.06024, 41.762533], [-6.060374, 41.762336], [-6.060526, 41.762065], [-6.060697, 41.76172], [-6.060844, 41.761449], [-6.060966, 41.761252], [-6.061064, 41.761127], [-6.061138, 41.761076], [-6.061242, 41.761048], [-6.061376, 41.761042], [-6.061541, 41.76106], [-6.061736, 41.7611], [-6.061901, 41.761184], [-6.062037, 41.761311], [-6.062145, 41.761482], [-6.062222, 41.761696], [-6.06225, 41.762], [-6.062228, 41.762393], [-6.062157, 41.762876], [-6.062035, 41.763448], [-6.06197, 41.763954], [-6.06196, 41.764394], [-6.062007, 41.764769], [-6.06211, 41.765077], [-6.062305, 41.765402], [-6.06259, 41.765744], [-6.062968, 41.766103], [-6.063436, 41.766479], [-6.064034, 41.766916], [-6.064762, 41.767415], [-6.065619, 41.767974], [-6.066606, 41.768595], [-6.067544, 41.769216], [-6.068433, 41.769837], [-6.069273, 41.770457], [-6.070064, 41.771077], [-6.070808, 41.77172], [-6.071504, 41.772385], [-6.072154, 41.773072], [-6.072756, 41.773782], [-6.073353, 41.774438], [-6.073944, 41.775039], [-6.074531, 41.775586], [-6.075113, 41.776078], [-6.075561, 41.776502], [-6.075875, 41.776857], [-6.076055, 41.777143], [-6.076102, 41.77736], [-6.076119, 41.777575], [-6.076106, 41.777788], [-6.076063, 41.777999], [-6.07599, 41.778207], [-6.075974, 41.77841], [-6.076016, 41.778609], [-6.076114, 41.778802], [-6.07627, 41.778991], [-6.076546, 41.779226], [-6.076941, 41.779509], [-6.077457, 41.779839], [-6.078092, 41.780216], [-6.078679, 41.780489], [-6.079217, 41.78066], [-6.079706, 41.780726], [-6.080146, 41.78069], [-6.080571, 41.78068], [-6.08098, 41.780696], [-6.081373, 41.780739], [-6.081751, 41.780809], [-6.082072, 41.780889], [-6.082336, 41.780979], [-6.082542, 41.781079], [-6.082692, 41.78119], [-6.082806, 41.781312], [-6.082885, 41.781443], [-6.082929, 41.781584], [-6.082937, 41.781736], [-6.083047, 41.781916], [-6.083258, 41.782125], [-6.08357, 41.782363], [-6.083983, 41.78263], [-6.084656, 41.782969], [-6.085587, 41.783381], [-6.086777, 41.783865], [-6.088227, 41.784421], [-6.089395, 41.784858], [-6.090282, 41.785176], [-6.090888, 41.785373], [-6.091213, 41.785452], [-6.091507, 41.785512], [-6.091769, 41.785554], [-6.092001, 41.785579], [-6.092201, 41.785586], [-6.092396, 41.785564], [-6.092584, 41.785514], [-6.092766, 41.785435], [-6.092942, 41.785328], [-6.093104, 41.785242], [-6.093254, 41.785179], [-6.09339, 41.785137], [-6.093513, 41.785117], [-6.093755, 41.785113], [-6.094115, 41.785127], [-6.094593, 41.785157], [-6.09519, 41.785204], [-6.095739, 41.785234], [-6.096239, 41.785248], [-6.096691, 41.785245], [-6.097095, 41.785225], [-6.097643, 41.78523], [-6.098335, 41.785261], [-6.099171, 41.785316], [-6.100151, 41.785397], [-6.100957, 41.785501], [-6.10159, 41.785628], [-6.10205, 41.785778], [-6.102336, 41.785952], [-6.102699, 41.786221], [-6.103139, 41.786585], [-6.103655, 41.787044], [-6.104248, 41.787598], [-6.104775, 41.788062], [-6.105236, 41.788435], [-6.105631, 41.788719], [-6.105961, 41.788912], [-6.106241, 41.789056], [-6.106473, 41.789153], [-6.106656, 41.789201], [-6.106791, 41.789201], [-6.10692, 41.789185], [-6.107045, 41.789153], [-6.107164, 41.789104], [-6.107278, 41.78904], [-6.107387, 41.788959], [-6.107491, 41.788863], [-6.10759, 41.78875], [-6.107684, 41.788621], [-6.107793, 41.78851], [-6.107917, 41.788415], [-6.108055, 41.788338], [-6.108209, 41.788278], [-6.108377, 41.788236], [-6.10856, 41.78821], [-6.108758, 41.788202], [-6.108971, 41.788211], [-6.109199, 41.788237], [-6.109441, 41.788281], [-6.109698, 41.788341], [-6.109971, 41.788419], [-6.110332, 41.788555], [-6.110783, 41.788749], [-6.111324, 41.789001], [-6.111953, 41.789311], [-6.112549, 41.789638], [-6.113112, 41.78998], [-6.113641, 41.790339], [-6.114136, 41.790715], [-6.114584, 41.791096], [-6.114984, 41.791481], [-6.115337, 41.791872], [-6.115642, 41.792267], [-6.115875, 41.792603], [-6.116037, 41.792878], [-6.116126, 41.793092], [-6.116144, 41.793246], [-6.11614, 41.793393], [-6.116113, 41.793533], [-6.116064, 41.793665], [-6.115993, 41.793791], [-6.115899, 41.793908], [-6.115782, 41.794019], [-6.115643, 41.794122], [-6.115482, 41.794219], [-6.115346, 41.794315], [-6.115235, 41.794412], [-6.115148, 41.794509], [-6.115087, 41.794606], [-6.11505, 41.794704], [-6.115038, 41.794802], [-6.115052, 41.7949], [-6.11509, 41.794998], [-6.115153, 41.795097], [-6.115241, 41.795197], [-6.115354, 41.795296], [-6.115492, 41.795396], [-6.115714, 41.795513], [-6.11602, 41.795647], [-6.116411, 41.795799], [-6.116886, 41.795969], [-6.117302, 41.796104], [-6.117658, 41.796207], [-6.117955, 41.796276], [-6.118193, 41.796311], [-6.118542, 41.796335], [-6.119004, 41.796346], [-6.119578, 41.796344], [-6.120264, 41.796331], [-6.120825, 41.796335], [-6.12126, 41.796357], [-6.121571, 41.796396], [-6.121755, 41.796453], [-6.122035, 41.796609], [-6.122409, 41.796864], [-6.122877, 41.797217], [-6.12344, 41.797669], [-6.12441, 41.798341], [-6.125788, 41.799233], [-6.127574, 41.800345], [-6.129768, 41.801677], [-6.131512, 41.802746], [-6.132804, 41.803552], [-6.133646, 41.804096], [-6.134038, 41.804377], [-6.134391, 41.804644], [-6.134708, 41.804897], [-6.134987, 41.805136], [-6.135229, 41.805361], [-6.135443, 41.805616], [-6.13563, 41.805902], [-6.135789, 41.806219], [-6.13592, 41.806566], [-6.136016, 41.806874], [-6.136075, 41.807143], [-6.136098, 41.807372], [-6.136084, 41.807562], [-6.136028, 41.807808], [-6.13593, 41.808109], [-6.135788, 41.808465], [-6.135604, 41.808877], [-6.135484, 41.809242], [-6.135429, 41.80956], [-6.135439, 41.809831], [-6.135514, 41.810054], [-6.135637, 41.810281], [-6.135809, 41.810511], [-6.136028, 41.810743], [-6.136297, 41.810979], [-6.136613, 41.811218], [-6.136978, 41.811459], [-6.137391, 41.811704], [-6.137852, 41.811952], [-6.138486, 41.812263], [-6.139293, 41.812637], [-6.140272, 41.813073], [-6.141424, 41.813573], [-6.142373, 41.814003], [-6.143119, 41.814363], [-6.143662, 41.814652], [-6.144002, 41.814872], [-6.144302, 41.815086], [-6.144563, 41.815296], [-6.144785, 41.8155], [-6.144967, 41.8157], [-6.145129, 41.815933], [-6.145269, 41.816199], [-6.145389, 41.816499], [-6.145487, 41.816832], [-6.145592, 41.817114], [-6.145702, 41.817345], [-6.145819, 41.817525], [-6.145941, 41.817653], [-6.146165, 41.817818], [-6.146491, 41.818019], [-6.146919, 41.818256], [-6.147449, 41.81853], [-6.147861, 41.818763], [-6.148155, 41.818954], [-6.148332, 41.819103], [-6.14839, 41.819212], [-6.148428, 41.819324], [-6.148446, 41.81944], [-6.148444, 41.81956], [-6.148422, 41.819683], [-6.148289, 41.819947], [-6.148045, 41.82035], [-6.147691, 41.820893], [-6.147226, 41.821576], [-6.146615, 41.822517], [-6.145857, 41.823717], [-6.144954, 41.825175], [-6.143905, 41.826892], [-6.143078, 41.828223], [-6.142475, 41.829168], [-6.142094, 41.829728], [-6.141936, 41.829902], [-6.141785, 41.830053], [-6.141639, 41.830182], [-6.1415, 41.830287], [-6.141368, 41.83037], [-6.141241, 41.83043], [-6.141121, 41.830467], [-6.141007, 41.830481], [-6.1409, 41.830473], [-6.14076, 41.830492], [-6.140589, 41.83054], [-6.140385, 41.830616], [-6.14015, 41.830719], [-6.139908, 41.830864], [-6.13966, 41.831048], [-6.139404, 41.831273], [-6.139142, 41.831539], [-6.138882, 41.831827], [-6.138624, 41.832137], [-6.138367, 41.83247], [-6.138112, 41.832826], [-6.137901, 41.833188], [-6.137734, 41.833556], [-6.137611, 41.83393], [-6.137532, 41.834309], [-6.137485, 41.834675], [-6.137472, 41.835028], [-6.137492, 41.835367], [-6.137544, 41.835692], [-6.137606, 41.835986], [-6.137676, 41.836247], [-6.137756, 41.836476], [-6.137844, 41.836674], [-6.137904, 41.836855], [-6.137937, 41.83702], [-6.137942, 41.837169], [-6.137919, 41.837301], [-6.137878, 41.837443], [-6.13782, 41.837593], [-6.137743, 41.837752], [-6.137648, 41.837921], [-6.137435, 41.838211], [-6.137104, 41.838623], [-6.136655, 41.839156], [-6.136089, 41.839812], [-6.135645, 41.840349], [-6.135322, 41.840769], [-6.135121, 41.84107], [-6.135041, 41.841253], [-6.134982, 41.841429], [-6.134943, 41.841598], [-6.134923, 41.84176], [-6.134924, 41.841915], [-6.134959, 41.842093], [-6.135027, 41.842293], [-6.13513, 41.842517], [-6.135267, 41.842763], [-6.135378, 41.843002], [-6.135464, 41.843235], [-6.135525, 41.843461], [-6.13556, 41.84368], [-6.135561, 41.844045], [-6.135526, 41.844556], [-6.135456, 41.845213], [-6.135412, 41.845548], [-6.13533, 41.845546], [-6.134072, 41.845593], [-6.132492, 41.845709], [-6.130592, 41.845892], [-6.129062, 41.845793], [-6.1279, 41.845413], [-6.127107, 41.844752], [-6.126684, 41.843809], [-6.126196, 41.843098], [-6.125643, 41.842619], [-6.125026, 41.842371], [-6.124344, 41.842356], [-6.123942, 41.842674], [-6.123821, 41.843326], [-6.123981, 41.844312], [-6.124421, 41.845632], [-6.124893, 41.846757], [-6.125397, 41.847686], [-6.125934, 41.848421], [-6.126503, 41.848961], [-6.126711, 41.849575], [-6.126558, 41.850264], [-6.126043, 41.851028], [-6.125167, 41.851866], [-6.124214, 41.852575], [-6.123183, 41.853154], [-6.122075, 41.853603], [-6.120889, 41.853923], [-6.119871, 41.85431], [-6.119018, 41.854765], [-6.118333, 41.855288], [-6.117813, 41.855878], [-6.117518, 41.857064], [-6.117447, 41.858847], [-6.1176, 41.861225], [-6.117977, 41.864199], [-6.118345, 41.866669], [-6.118705, 41.868634], [-6.119056, 41.870095], [-6.119398, 41.871051], [-6.119452, 41.871801], [-6.119217, 41.872346], [-6.118693, 41.872684], [-6.117881, 41.872816], [-6.117158, 41.872807], [-6.116524, 41.872657], [-6.11598, 41.872366], [-6.115524, 41.871935], [-6.114756, 41.87168], [-6.113676, 41.871603], [-6.112283, 41.871703], [-6.110577, 41.871981], [-6.109119, 41.872313], [-6.107909, 41.872699], [-6.106947, 41.87314], [-6.106232, 41.873636], [-6.106119, 41.87416], [-6.106607, 41.874713], [-6.107696, 41.875295], [-6.109387, 41.875905], [-6.110709, 41.876441], [-6.111662, 41.876903], [-6.112247, 41.87729], [-6.112464, 41.877602], [-6.112642, 41.877933], [-6.112781, 41.878282], [-6.112881, 41.878649], [-6.112942, 41.879035], [-6.112939, 41.879383], [-6.112872, 41.879694], [-6.112741, 41.879968], [-6.112545, 41.880206], [-6.112268, 41.880611], [-6.111911, 41.881182], [-6.111473, 41.881922], [-6.110954, 41.882828], [-6.110179, 41.884045], [-6.109149, 41.885572], [-6.107863, 41.88741], [-6.106321, 41.889558], [-6.105031, 41.89138], [-6.103992, 41.892877], [-6.103205, 41.894048], [-6.102669, 41.894894], [-6.1023, 41.895808], [-6.102098, 41.89679], [-6.102062, 41.897839], [-6.102194, 41.898956], [-6.101715, 41.900172], [-6.100627, 41.901487], [-6.09893, 41.902901], [-6.096623, 41.904414], [-6.094482, 41.9056], [-6.092508, 41.906458], [-6.0907, 41.906989], [-6.089058, 41.907192], [-6.087705, 41.907522], [-6.08664, 41.90798], [-6.085864, 41.908564], [-6.085419, 41.909214], [-6.084363, 41.909118], [-6.08334, 41.909014], [-6.082415, 41.908906], [-6.081589, 41.908796], [-6.080862, 41.908683], [-6.080224, 41.908566], [-6.079677, 41.908447], [-6.079219, 41.908324], [-6.078852, 41.908198], [-6.078547, 41.908068], [-6.078307, 41.907935], [-6.078129, 41.907798], [-6.078015, 41.907657], [-6.077954, 41.907508], [-6.077946, 41.907351], [-6.07799, 41.907186], [-6.078087, 41.907014], [-6.078268, 41.90674], [-6.078535, 41.906365], [-6.078886, 41.905889], [-6.079323, 41.905311], [-6.079772, 41.904754], [-6.080235, 41.904216], [-6.080711, 41.903698], [-6.081201, 41.9032], [-6.08161, 41.902749], [-6.081939, 41.902346], [-6.082189, 41.901992], [-6.082358, 41.901685], [-6.082455, 41.901333], [-6.08248, 41.900936], [-6.082433, 41.900494], [-6.082314, 41.900007], [-6.082265, 41.899548], [-6.082286, 41.899117], [-6.082378, 41.898713], [-6.082541, 41.898338], [-6.082661, 41.89796], [-6.082739, 41.897579], [-6.082774, 41.897196], [-6.082767, 41.896811], [-6.082714, 41.896436], [-6.082614, 41.896072], [-6.082469, 41.895717], [-6.082276, 41.895373], [-6.082126, 41.894994], [-6.082018, 41.894581], [-6.081952, 41.894132], [-6.081927, 41.89365], [-6.081868, 41.893257], [-6.081773, 41.892955], [-6.081644, 41.892743], [-6.08148, 41.892621], [-6.081276, 41.892527], [-6.081033, 41.892461], [-6.08075, 41.892422], [-6.080428, 41.892411], [-6.079929, 41.892422], [-6.079255, 41.892454], [-6.078403, 41.892507], [-6.077376, 41.892582], [-6.076534, 41.892629], [-6.075878, 41.892649], [-6.075407, 41.89264], [-6.075122, 41.892603], [-6.074765, 41.89253], [-6.074336, 41.892419], [-6.073834, 41.892272], [-6.073335, 41.892111], [-6.073445, 41.891986], [-6.073505, 41.89163], [-6.073423, 41.891146], [-6.0732, 41.890533], [-6.073068, 41.89006], [-6.073027, 41.889728], [-6.073077, 41.889536], [-6.073218, 41.889484], [-6.073335, 41.889415], [-6.073427, 41.889328], [-6.073496, 41.889223], [-6.07354, 41.8891], [-6.073609, 41.888996], [-6.073702, 41.888908], [-6.073818, 41.888839], [-6.073959, 41.888787], [-6.074065, 41.888694], [-6.074135, 41.88856], [-6.07417, 41.888385], [-6.07417, 41.888169], [-6.074099, 41.887993], [-6.073956, 41.887858], [-6.073742, 41.887763], [-6.073456, 41.887708], [-6.07312, 41.887661], [-6.072733, 41.887623], [-6.072294, 41.887593], [-6.071805, 41.887572], [-6.071357, 41.88758], [-6.070952, 41.887617], [-6.070587, 41.887683], [-6.070265, 41.887778], [-6.06998, 41.887904], [-6.069731, 41.88806], [-6.06952, 41.888245], [-6.069346, 41.888461], [-6.069186, 41.888585], [-6.069039, 41.888615], [-6.068907, 41.888554], [-6.068788, 41.8884], [-6.068632, 41.88827], [-6.068439, 41.888165], [-6.06821, 41.888083], [-6.067943, 41.888025], [-6.067688, 41.887922], [-6.067445, 41.887774], [-6.067214, 41.887581], [-6.066995, 41.887342], [-6.066766, 41.887189], [-6.066525, 41.887119], [-6.066273, 41.887135], [-6.066009, 41.887235], [-6.065715, 41.887345], [-6.065389, 41.887462], [-6.065031, 41.887589], [-6.064642, 41.887724], [-6.064287, 41.887789], [-6.063966, 41.887783], [-6.06368, 41.887707], [-6.063428, 41.88756], [-6.06326, 41.887331], [-6.063176, 41.887021], [-6.063177, 41.886627], [-6.063262, 41.886152], [-6.063427, 41.885794], [-6.063672, 41.885552], [-6.063996, 41.885427], [-6.0644, 41.885419], [-6.064785, 41.885393], [-6.06515, 41.885348], [-6.065495, 41.885285], [-6.065822, 41.885203], [-6.066112, 41.885095], [-6.066365, 41.88496], [-6.066583, 41.884799], [-6.066765, 41.884611], [-6.066842, 41.884393], [-6.066814, 41.884145], [-6.066681, 41.883867], [-6.066444, 41.883559], [-6.066122, 41.88319], [-6.065716, 41.882758], [-6.065226, 41.882264], [-6.064651, 41.881708], [-6.064078, 41.881213], [-6.063507, 41.880779], [-6.062938, 41.880407], [-6.062371, 41.880095], [-6.061917, 41.879772], [-6.061576, 41.879438], [-6.061348, 41.879092], [-6.061233, 41.878736], [-6.061177, 41.878399], [-6.061178, 41.878081], [-6.061238, 41.877783], [-6.061357, 41.877504], [-6.061252, 41.877258], [-6.060924, 41.877045], [-6.060373, 41.876863], [-6.059598, 41.876715], [-6.058906, 41.876568], [-6.058296, 41.876421], [-6.057769, 41.876276], [-6.057325, 41.876132], [-6.056729, 41.875947], [-6.055982, 41.875722], [-6.055084, 41.875456], [-6.054035, 41.87515], [-6.052935, 41.874795], [-6.051782, 41.874391], [-6.050578, 41.873937], [-6.049321, 41.873434], [-6.048343, 41.873102], [-6.047643, 41.872941], [-6.04722, 41.872952], [-6.047076, 41.873134], [-6.04692, 41.873293], [-6.046753, 41.873428], [-6.046575, 41.873539], [-6.046386, 41.873628], [-6.046283, 41.873749], [-6.046267, 41.873903], [-6.046336, 41.87409], [-6.046492, 41.87431], [-6.046486, 41.874812], [-6.04632, 41.875596], [-6.045992, 41.876663], [-6.045502, 41.878011], [-6.045075, 41.879285], [-6.04471, 41.880483], [-6.044407, 41.881607], [-6.044166, 41.882655], [-6.043944, 41.883701], [-6.04374, 41.884743], [-6.043554, 41.885783], [-6.043388, 41.88682], [-6.043148, 41.887929], [-6.042837, 41.889112], [-6.042453, 41.890367], [-6.041997, 41.891696], [-6.041521, 41.892732], [-6.041024, 41.893476], [-6.040507, 41.893927], [-6.039969, 41.894086], [-6.039523, 41.894242], [-6.039167, 41.894393], [-6.038902, 41.89454], [-6.038728, 41.894684], [-6.038913, 41.895033], [-6.039458, 41.895586], [-6.040362, 41.896345], [-6.041626, 41.897308], [-6.042748, 41.898064], [-6.043727, 41.898612], [-6.044563, 41.898953], [-6.045256, 41.899086], [-6.045754, 41.899103], [-6.046056, 41.899003], [-6.046162, 41.898788], [-6.046073, 41.898456], [-6.046086, 41.89818], [-6.046201, 41.897959], [-6.046418, 41.897794], [-6.046737, 41.897685], [-6.047025, 41.897678], [-6.047283, 41.897773], [-6.04751, 41.897971], [-6.047706, 41.898271], [-6.047878, 41.898496], [-6.048024, 41.898645], [-6.048146, 41.898719], [-6.048242, 41.898718], [-6.048301, 41.898665], [-6.048321, 41.898561], [-6.048303, 41.898405], [-6.048248, 41.898198], [-6.048315, 41.898071], [-6.048506, 41.898026], [-6.04882, 41.898062], [-6.049258, 41.898178], [-6.049721, 41.898265], [-6.050211, 41.898323], [-6.050726, 41.898352], [-6.051267, 41.89835], [-6.051696, 41.898378], [-6.052011, 41.898436], [-6.052213, 41.898522], [-6.052302, 41.898637], [-6.052376, 41.898787], [-6.052435, 41.898972], [-6.05248, 41.899192], [-6.052509, 41.899447], [-6.052434, 41.899636], [-6.052255, 41.899759], [-6.05197, 41.899816], [-6.051581, 41.899807], [-6.051232, 41.899824], [-6.050925, 41.899866], [-6.050658, 41.899935], [-6.050431, 41.900029], [-6.050452, 41.900141], [-6.050719, 41.900271], [-6.051232, 41.900418], [-6.051992, 41.900584], [-6.052606, 41.90069], [-6.053073, 41.900737], [-6.053394, 41.900725], [-6.053568, 41.900653], [-6.053727, 41.900631], [-6.053869, 41.900658], [-6.053996, 41.900735], [-6.054108, 41.900861], [-6.054305, 41.900984], [-6.054589, 41.901104], [-6.054959, 41.901221], [-6.055415, 41.901335], [-6.055846, 41.901463], [-6.056158, 41.901573], [-6.056101, 41.901603], [-6.055793, 41.901732], [-6.055421, 41.901862], [-6.055096, 41.901989], [-6.054817, 41.902113], [-6.054585, 41.902233], [-6.0544, 41.902351], [-6.054169, 41.902523], [-6.053892, 41.902752], [-6.05357, 41.903035], [-6.053201, 41.903374], [-6.05291, 41.903674], [-6.052696, 41.903933], [-6.052558, 41.904153], [-6.052498, 41.904333], [-6.052469, 41.904511], [-6.052471, 41.904687], [-6.052504, 41.904862], [-6.052568, 41.905035], [-6.052663, 41.905206], [-6.052789, 41.905376], [-6.052946, 41.905543], [-6.053134, 41.905709], [-6.053353, 41.905874], [-6.053603, 41.906036], [-6.053884, 41.906197], [-6.054196, 41.906356], [-6.054519, 41.906541], [-6.054852, 41.906752], [-6.055196, 41.906989], [-6.055551, 41.907253], [-6.055828, 41.907476], [-6.056026, 41.90766], [-6.056147, 41.907804], [-6.05619, 41.907909], [-6.05621, 41.908027], [-6.056207, 41.908158], [-6.056181, 41.908303], [-6.056133, 41.908461], [-6.056108, 41.908595], [-6.056106, 41.908703], [-6.056128, 41.908786], [-6.056173, 41.908844], [-6.05629, 41.908918], [-6.05648, 41.909007], [-6.056741, 41.909112], [-6.057075, 41.909233], [-6.057344, 41.909339], [-6.057549, 41.90943], [-6.057689, 41.909507], [-6.057764, 41.909569], [-6.057875, 41.909723], [-6.058021, 41.909968], [-6.058203, 41.910306], [-6.058421, 41.910736], [-6.058714, 41.911179], [-6.059081, 41.911637], [-6.059523, 41.912109], [-6.06004, 41.912595], [-6.06051, 41.912987], [-6.060931, 41.913285], [-6.061304, 41.91349], [-6.06163, 41.913601], [-6.062058, 41.913674], [-6.06259, 41.913709], [-6.063226, 41.913705], [-6.063964, 41.913664], [-6.064691, 41.913656], [-6.065406, 41.913681], [-6.06611, 41.913739], [-6.066802, 41.91383], [-6.067611, 41.914026], [-6.068539, 41.914329], [-6.069584, 41.914737], [-6.070747, 41.915251], [-6.071642, 41.915637], [-6.07227, 41.915893], [-6.072631, 41.91602], [-6.072724, 41.916018], [-6.072815, 41.915985], [-6.072903, 41.915921], [-6.072989, 41.915827], [-6.073073, 41.915702], [-6.0731, 41.915561], [-6.07307, 41.915402], [-6.072984, 41.915226], [-6.072842, 41.915033], [-6.072537, 41.91477], [-6.072069, 41.914436], [-6.07144, 41.914033], [-6.070648, 41.913559], [-6.069858, 41.913052], [-6.06907, 41.912513], [-6.068285, 41.911941], [-6.067502, 41.911337], [-6.066894, 41.910839], [-6.066461, 41.910448], [-6.066203, 41.910163], [-6.06612, 41.909984], [-6.066058, 41.909826], [-6.066018, 41.909687], [-6.065999, 41.909569], [-6.066002, 41.90947], [-6.066036, 41.909347], [-6.066102, 41.909198], [-6.066199, 41.909026], [-6.066327, 41.908828], [-6.066455, 41.908655], [-6.066582, 41.908507], [-6.066708, 41.908383], [-6.066834, 41.908284], [-6.066978, 41.908192], [-6.067141, 41.908107], [-6.067323, 41.908028], [-6.067523, 41.907956], [-6.067742, 41.907891], [-6.067979, 41.907833], [-6.068236, 41.907782], [-6.068511, 41.907737], [-6.06891, 41.907702], [-6.069435, 41.907676], [-6.070084, 41.907659], [-6.070857, 41.907651], [-6.071539, 41.907661], [-6.072129, 41.907689], [-6.072627, 41.907734], [-6.073034, 41.907797], [-6.073435, 41.907873], [-6.073833, 41.907963], [-6.074226, 41.908066], [-6.074614, 41.908181], [-6.074998, 41.908311], [-6.075377, 41.908453], [-6.075752, 41.908609], [-6.076122, 41.908778], [-6.076488, 41.90896], [-6.07685, 41.909156], [-6.077207, 41.909365], [-6.077559, 41.909587], [-6.077885, 41.909813], [-6.078184, 41.910041], [-6.078455, 41.910273], [-6.0787, 41.910509], [-6.078918, 41.910747], [-6.079109, 41.910989], [-6.079273, 41.911234], [-6.07941, 41.911483], [-6.07952, 41.911734], [-6.079603, 41.911989], [-6.07966, 41.912247], [-6.079689, 41.912509], [-6.079594, 41.913115], [-6.079376, 41.914066], [-6.079033, 41.915362], [-6.078567, 41.917003], [-6.078213, 41.918283], [-6.077971, 41.919203], [-6.077842, 41.919762], [-6.077826, 41.919961], [-6.077831, 41.920178], [-6.077859, 41.920412], [-6.077893, 41.920583], [-6.077032, 41.920763], [-6.074646, 41.921134], [-6.071885, 41.921455], [-6.070363, 41.921923], [-6.070081, 41.922538], [-6.071037, 41.9233], [-6.071946, 41.923676], [-6.071831, 41.923705], [-6.070807, 41.92395], [-6.069896, 41.924154], [-6.069097, 41.924319], [-6.06841, 41.924443], [-6.067851, 41.924537], [-6.06742, 41.9246], [-6.067117, 41.924633], [-6.066942, 41.924635], [-6.066736, 41.924661], [-6.066498, 41.924709], [-6.06623, 41.92478], [-6.06593, 41.924875], [-6.065647, 41.924999], [-6.065381, 41.925153], [-6.065132, 41.925338], [-6.0649, 41.925552], [-6.064716, 41.925737], [-6.064581, 41.925894], [-6.064494, 41.926021], [-6.064456, 41.926118], [-6.064435, 41.92621], [-6.064432, 41.926296], [-6.064446, 41.926375], [-6.064478, 41.926449], [-6.064569, 41.926522], [-6.064721, 41.926596], [-6.064932, 41.92667], [-6.065204, 41.926744], [-6.065436, 41.926826], [-6.065629, 41.926915], [-6.065782, 41.927013], [-6.065895, 41.927119], [-6.065994, 41.927246], [-6.066079, 41.927392], [-6.06615, 41.927559], [-6.066206, 41.927747], [-6.066233, 41.928042], [-6.066232, 41.928445], [-6.066226, 41.928546], [-6.065934, 41.928617], [-6.064812, 41.929178], [-6.063665, 41.929491], [-6.062494, 41.929554], [-6.061299, 41.929368], [-6.060079, 41.928933], [-6.058498, 41.92881], [-6.056554, 41.928999], [-6.054249, 41.929498], [-6.051582, 41.93031], [-6.049285, 41.931156], [-6.047358, 41.932037], [-6.045801, 41.932953], [-6.04549, 41.933202], [-6.045446, 41.933198], [-6.044945, 41.933127], [-6.044449, 41.933035], [-6.043957, 41.932921], [-6.04347, 41.932786], [-6.043063, 41.932683], [-6.042737, 41.932611], [-6.04249, 41.932572], [-6.042324, 41.932564], [-6.042171, 41.932565], [-6.04203, 41.932577], [-6.041903, 41.932599], [-6.041788, 41.932631], [-6.041687, 41.932672], [-6.041598, 41.932724], [-6.041522, 41.932785], [-6.04146, 41.932856], [-6.041419, 41.932927], [-6.041402, 41.932998], [-6.041406, 41.933068], [-6.041434, 41.933138], [-6.041484, 41.933207], [-6.041557, 41.933276], [-6.041652, 41.933344], [-6.04177, 41.933413], [-6.041985, 41.933497], [-6.042297, 41.933597], [-6.042707, 41.933713], [-6.043214, 41.933845], [-6.043639, 41.933961], [-6.043982, 41.934061], [-6.044244, 41.934146], [-6.044401, 41.934207], [-6.044061, 41.934689], [-6.044133, 41.935235], [-6.044057, 41.935294], [-6.04378, 41.935535], [-6.043577, 41.935746], [-6.043449, 41.935926], [-6.043395, 41.936074], [-6.043374, 41.936285], [-6.043386, 41.936558], [-6.043431, 41.936893], [-6.043508, 41.937291], [-6.043533, 41.93756], [-6.041825, 41.937896], [-6.040036, 41.938185], [-6.038272, 41.938407], [-6.036531, 41.938562], [-6.03512, 41.938838], [-6.034039, 41.939234], [-6.033286, 41.939751], [-6.032863, 41.940389], [-6.032689, 41.940923], [-6.032762, 41.941353], [-6.033083, 41.941681], [-6.033652, 41.941905], [-6.034376, 41.941914], [-6.035254, 41.941709], [-6.036287, 41.941289], [-6.037475, 41.940655], [-6.038741, 41.940209], [-6.040085, 41.939952], [-6.041508, 41.939883], [-6.041823, 41.939909], [-6.041442, 41.940145]], [[-6.064658, 41.819961], [-6.065787, 41.820162], [-6.067284, 41.819727], [-6.069149, 41.818656], [-6.070937, 41.817737], [-6.072649, 41.81697], [-6.074285, 41.816355], [-6.075844, 41.815892], [-6.078242, 41.815415], [-6.081478, 41.814925], [-6.085552, 41.81442], [-6.090464, 41.813901], [-6.094156, 41.813283], [-6.09663, 41.812566], [-6.097884, 41.811751], [-6.09792, 41.810837], [-6.096974, 41.810188], [-6.095046, 41.809803], [-6.092138, 41.809682], [-6.088248, 41.809826], [-6.084998, 41.80983], [-6.08239, 41.809695], [-6.080423, 41.809421], [-6.079096, 41.809008], [-6.078105, 41.808366], [-6.077451, 41.807494], [-6.077132, 41.806394], [-6.07715, 41.805064], [-6.076858, 41.804413], [-6.076258, 41.80444], [-6.075348, 41.805147], [-6.07413, 41.806532], [-6.072826, 41.8076], [-6.071437, 41.808349], [-6.069963, 41.80878], [-6.068403, 41.808894], [-6.066601, 41.80889], [-6.064558, 41.808767], [-6.062272, 41.808527], [-6.059745, 41.808169], [-6.057719, 41.808288], [-6.056196, 41.808885], [-6.055174, 41.809958], [-6.054654, 41.811509], [-6.054358, 41.812849], [-6.054286, 41.813978], [-6.054438, 41.814897], [-6.054815, 41.815604], [-6.055568, 41.816058], [-6.056697, 41.816259], [-6.058203, 41.816207], [-6.060086, 41.815901], [-6.061596, 41.81604], [-6.062734, 41.816624], [-6.063501, 41.817652], [-6.063895, 41.819124], [-6.064658, 41.819961]], [[-5.997372, 41.793317], [-5.9982, 41.791952], [-5.998905, 41.789992], [-5.999485, 41.787436], [-6.000012, 41.785531], [-6.000483, 41.784277], [-6.0009, 41.783672], [-6.001263, 41.783718], [-6.001621, 41.783835], [-6.001975, 41.784022], [-6.002324, 41.78428], [-6.002669, 41.784608], [-6.002985, 41.784741], [-6.003271, 41.784677], [-6.003529, 41.784417], [-6.003758, 41.783961], [-6.004027, 41.783677], [-6.004336, 41.783566], [-6.004686, 41.783628], [-6.005075, 41.783861], [-6.005376, 41.784092], [-6.005589, 41.784319], [-6.005713, 41.784544], [-6.005748, 41.784765], [-6.005752, 41.785018], [-6.005722, 41.785302], [-6.00566, 41.785617], [-6.005566, 41.785964], [-6.005679, 41.786256], [-6.005999, 41.786492], [-6.006526, 41.786673], [-6.007261, 41.786799], [-6.007884, 41.787012], [-6.008397, 41.787313], [-6.008799, 41.787702], [-6.009089, 41.788179], [-6.009424, 41.788601], [-6.009802, 41.788967], [-6.010224, 41.789279], [-6.01069, 41.789535], [-6.011149, 41.789701], [-6.011601, 41.789776], [-6.012047, 41.789761], [-6.012486, 41.789655], [-6.012831, 41.789612], [-6.013082, 41.789632], [-6.013239, 41.789716], [-6.013301, 41.789863], [-6.013338, 41.790045], [-6.013349, 41.790261], [-6.013334, 41.790513], [-6.013294, 41.790798], [-6.013337, 41.791049], [-6.013465, 41.791264], [-6.013676, 41.791444], [-6.013972, 41.791588], [-6.014328, 41.791543], [-6.014745, 41.79131], [-6.015222, 41.790888], [-6.01576, 41.790277], [-6.016267, 41.789855], [-6.016742, 41.789621], [-6.017186, 41.789575], [-6.017598, 41.789718], [-6.017986, 41.789773], [-6.018351, 41.78974], [-6.018693, 41.789619], [-6.019011, 41.78941], [-6.019324, 41.78929], [-6.019631, 41.789258], [-6.019932, 41.789314], [-6.020228, 41.789458], [-6.020477, 41.78954], [-6.020681, 41.789559], [-6.020839, 41.789516], [-6.020951, 41.789411], [-6.020927, 41.789253], [-6.020765, 41.789043], [-6.020468, 41.788782], [-6.020033, 41.788468], [-6.019709, 41.788193], [-6.019494, 41.787957], [-6.019389, 41.78776], [-6.019393, 41.787603], [-6.019502, 41.787485], [-6.019715, 41.787406], [-6.020032, 41.787368], [-6.020453, 41.78737], [-6.020873, 41.787433], [-6.021292, 41.787557], [-6.021709, 41.787743], [-6.022126, 41.78799], [-6.022503, 41.788134], [-6.022841, 41.788175], [-6.02314, 41.788113], [-6.0234, 41.787949], [-6.023525, 41.787737], [-6.023514, 41.787477], [-6.023367, 41.787169], [-6.023085, 41.786813], [-6.022729, 41.78653], [-6.022299, 41.78632], [-6.021796, 41.786184], [-6.021218, 41.78612], [-6.020738, 41.786119], [-6.020358, 41.786181], [-6.020075, 41.786305], [-6.019891, 41.786492], [-6.019636, 41.786673], [-6.019309, 41.786848], [-6.01891, 41.787017], [-6.018439, 41.787181], [-6.017899, 41.787234], [-6.017287, 41.787175], [-6.016605, 41.787006], [-6.015853, 41.786727], [-6.015205, 41.786421], [-6.014661, 41.78609], [-6.014221, 41.785734], [-6.013885, 41.785352], [-6.013524, 41.785048], [-6.013136, 41.784822], [-6.012723, 41.784675], [-6.012284, 41.784607], [-6.012, 41.784723], [-6.01187, 41.785023], [-6.011894, 41.785508], [-6.012072, 41.786177], [-6.011922, 41.786533], [-6.011443, 41.786576], [-6.010634, 41.786305], [-6.009497, 41.785721], [-6.008447, 41.785092], [-6.007485, 41.784419], [-6.00661, 41.7837], [-6.005822, 41.782937], [-6.004841, 41.782328], [-6.003668, 41.781872], [-6.002302, 41.781569], [-6.000744, 41.781419], [-5.998912, 41.781275], [-5.996807, 41.781135], [-5.994428, 41.781], [-5.991777, 41.78087], [-5.989215, 41.7809], [-5.986742, 41.78109], [-5.984359, 41.78144], [-5.982064, 41.78195], [-5.980437, 41.782772], [-5.979477, 41.783904], [-5.979184, 41.785348], [-5.979558, 41.787104], [-5.980022, 41.788408], [-5.980576, 41.789261], [-5.981221, 41.789663], [-5.981956, 41.789614], [-5.983174, 41.789889], [-5.984875, 41.790487], [-5.98706, 41.791409], [-5.989729, 41.792653], [-5.991999, 41.793544], [-5.993871, 41.794079], [-5.995345, 41.79426], [-5.996421, 41.794086], [-5.997372, 41.793317]], [[-5.961921, 41.87107], [-5.962774, 41.871145], [-5.963528, 41.870887], [-5.964184, 41.870296], [-5.964701, 41.869758], [-5.965079, 41.869273], [-5.965319, 41.86884], [-5.965421, 41.86846], [-5.96551, 41.868051], [-5.965587, 41.867614], [-5.965651, 41.867149], [-5.965702, 41.866656], [-5.965893, 41.866325], [-5.966225, 41.866158], [-5.966696, 41.866154], [-5.967308, 41.866314], [-5.967778, 41.866401], [-5.968107, 41.866416], [-5.968295, 41.866359], [-5.968342, 41.86623], [-5.968699, 41.866025], [-5.969365, 41.865743], [-5.970342, 41.865385], [-5.971628, 41.86495], [-5.972689, 41.86468], [-5.973524, 41.864576], [-5.974135, 41.864637], [-5.97452, 41.864863], [-5.974772, 41.865121], [-5.974891, 41.865413], [-5.974876, 41.865738], [-5.974727, 41.866095], [-5.974815, 41.866407], [-5.97514, 41.866673], [-5.975702, 41.866893], [-5.9765, 41.867068], [-5.977269, 41.867281], [-5.978006, 41.867534], [-5.978714, 41.867825], [-5.979392, 41.868155], [-5.980093, 41.868558], [-5.980819, 41.869032], [-5.98157, 41.869578], [-5.982344, 41.870196], [-5.983273, 41.870592], [-5.984356, 41.870766], [-5.985593, 41.870718], [-5.986984, 41.870448], [-5.988112, 41.870315], [-5.988977, 41.87032], [-5.989579, 41.870461], [-5.989918, 41.87074], [-5.990319, 41.871005], [-5.990782, 41.871256], [-5.991308, 41.871494], [-5.991896, 41.871717], [-5.992617, 41.871775], [-5.993473, 41.871667], [-5.994462, 41.871394], [-5.995584, 41.870955], [-5.996673, 41.870468], [-5.99773, 41.869934], [-5.998753, 41.869352], [-5.999743, 41.868722], [-6.000449, 41.868229], [-6.000872, 41.867872], [-6.001012, 41.867652], [-6.000868, 41.86757], [-6.000479, 41.867655], [-5.999846, 41.867909], [-5.998968, 41.868331], [-5.997845, 41.868922], [-5.996959, 41.869293], [-5.996308, 41.869443], [-5.995893, 41.869374], [-5.995714, 41.869084], [-5.995829, 41.868694], [-5.996236, 41.868204], [-5.996937, 41.867613], [-5.997931, 41.866922], [-5.998535, 41.866275], [-5.99875, 41.865671], [-5.998575, 41.865112], [-5.998011, 41.864597], [-5.997405, 41.864327], [-5.996759, 41.864302], [-5.996071, 41.864523], [-5.995342, 41.86499], [-5.994726, 41.86529], [-5.994223, 41.865424], [-5.993834, 41.865393], [-5.993558, 41.865195], [-5.993113, 41.865168], [-5.992502, 41.865312], [-5.991722, 41.865627], [-5.990775, 41.866114], [-5.990064, 41.866418], [-5.989589, 41.86654], [-5.989349, 41.866481], [-5.989345, 41.866239], [-5.98962, 41.86588], [-5.990174, 41.865404], [-5.991006, 41.864811], [-5.992117, 41.864101], [-5.99302, 41.863621], [-5.993716, 41.863372], [-5.994204, 41.863354], [-5.994484, 41.863567], [-5.994821, 41.863668], [-5.995215, 41.863657], [-5.995665, 41.863535], [-5.996171, 41.863302], [-5.996509, 41.863065], [-5.996679, 41.862826], [-5.99668, 41.862583], [-5.996513, 41.862337], [-5.996383, 41.862078], [-5.996289, 41.861804], [-5.996233, 41.861518], [-5.996214, 41.861218], [-5.996378, 41.860956], [-5.996725, 41.860733], [-5.997255, 41.860549], [-5.997968, 41.860404], [-5.998714, 41.860211], [-5.999493, 41.859972], [-6.000305, 41.859685], [-6.001151, 41.859351], [-6.001821, 41.859027], [-6.002316, 41.858712], [-6.002636, 41.858406], [-6.00278, 41.85811], [-6.002619, 41.858], [-6.002151, 41.858075], [-6.001378, 41.858337], [-6.000298, 41.858784], [-5.999277, 41.859127], [-5.998315, 41.859366], [-5.997411, 41.859501], [-5.996566, 41.859531], [-5.995853, 41.859487], [-5.995273, 41.859368], [-5.994825, 41.859175], [-5.99451, 41.858908], [-5.994319, 41.858651], [-5.994253, 41.858403], [-5.994312, 41.858167], [-5.994495, 41.85794], [-5.994842, 41.857755], [-5.995352, 41.857612], [-5.996026, 41.857511], [-5.996864, 41.857451], [-5.997487, 41.857369], [-5.997896, 41.857265], [-5.998091, 41.857139], [-5.998072, 41.856991], [-5.998129, 41.856826], [-5.998264, 41.856645], [-5.998475, 41.856448], [-5.998764, 41.856235], [-5.998959, 41.856014], [-5.99906, 41.855785], [-5.999068, 41.855549], [-5.998983, 41.855305], [-5.998813, 41.855146], [-5.99856, 41.855073], [-5.998223, 41.855086], [-5.997803, 41.855184], [-5.997457, 41.855221], [-5.997186, 41.855197], [-5.996991, 41.855111], [-5.99687, 41.854964], [-5.9968, 41.854778], [-5.996781, 41.854553], [-5.996812, 41.854291], [-5.996894, 41.853989], [-5.996739, 41.853597], [-5.996346, 41.853115], [-5.995715, 41.852542], [-5.994848, 41.851879], [-5.994226, 41.85132], [-5.99385, 41.850865], [-5.993721, 41.850514], [-5.993838, 41.850268], [-5.993826, 41.850069], [-5.993684, 41.849917], [-5.993412, 41.849813], [-5.993011, 41.849757], [-5.992752, 41.849586], [-5.992636, 41.849302], [-5.992662, 41.848904], [-5.99283, 41.848391], [-5.99311, 41.84794], [-5.993504, 41.847551], [-5.994011, 41.847223], [-5.99463, 41.846956], [-5.995147, 41.846664], [-5.99556, 41.846347], [-5.99587, 41.846005], [-5.996076, 41.845638], [-5.996224, 41.845296], [-5.996312, 41.844979], [-5.99634, 41.844686], [-5.996309, 41.844418], [-5.995996, 41.844177], [-5.9954, 41.843962], [-5.994522, 41.843774], [-5.993362, 41.843613], [-5.992504, 41.843387], [-5.99195, 41.843098], [-5.991698, 41.842744], [-5.991749, 41.842327], [-5.99167, 41.841991], [-5.99146, 41.841737], [-5.991119, 41.841564], [-5.990648, 41.841473], [-5.990259, 41.84146], [-5.989951, 41.841525], [-5.989725, 41.841668], [-5.989581, 41.841888], [-5.989514, 41.842134], [-5.989525, 41.842405], [-5.989615, 41.842702], [-5.989782, 41.843023], [-5.989915, 41.84337], [-5.990014, 41.84374], [-5.990079, 41.844135], [-5.990109, 41.844555], [-5.99006, 41.844942], [-5.989931, 41.845296], [-5.989723, 41.845618], [-5.989434, 41.845907], [-5.989075, 41.846159], [-5.988644, 41.846372], [-5.988143, 41.846548], [-5.98757, 41.846686], [-5.986988, 41.846768], [-5.986396, 41.846796], [-5.985794, 41.846768], [-5.985183, 41.846685], [-5.984633, 41.846679], [-5.984144, 41.84675], [-5.983716, 41.846898], [-5.98335, 41.847124], [-5.983181, 41.84733], [-5.98321, 41.847515], [-5.983437, 41.847679], [-5.983861, 41.847823], [-5.984531, 41.848241], [-5.985448, 41.848935], [-5.98661, 41.849903], [-5.988019, 41.851147], [-5.988891, 41.85217], [-5.989227, 41.852972], [-5.989027, 41.853554], [-5.988291, 41.853915], [-5.9877, 41.85431], [-5.987256, 41.854738], [-5.986957, 41.8552], [-5.986805, 41.855694], [-5.986527, 41.856213], [-5.986123, 41.856756], [-5.985594, 41.857322], [-5.984939, 41.857913], [-5.984309, 41.85839], [-5.983705, 41.858753], [-5.983126, 41.859002], [-5.982573, 41.859137], [-5.981927, 41.859343], [-5.981188, 41.859621], [-5.980357, 41.859972], [-5.979434, 41.860393], [-5.978732, 41.860639], [-5.978253, 41.860709], [-5.977996, 41.860603], [-5.977961, 41.86032], [-5.978173, 41.85999], [-5.978631, 41.859613], [-5.979336, 41.859189], [-5.980287, 41.858717], [-5.980978, 41.858298], [-5.981409, 41.857933], [-5.981579, 41.857621], [-5.98149, 41.857363], [-5.981157, 41.857239], [-5.980581, 41.857248], [-5.979761, 41.857392], [-5.978697, 41.85767], [-5.977858, 41.857706], [-5.977245, 41.857502], [-5.976857, 41.857057], [-5.976694, 41.85637], [-5.97642, 41.855778], [-5.976033, 41.855279], [-5.975534, 41.854875], [-5.974923, 41.854564], [-5.974486, 41.854392], [-5.974223, 41.854358], [-5.974134, 41.854464], [-5.974219, 41.854708], [-5.974182, 41.854968], [-5.974022, 41.855244], [-5.973739, 41.855535], [-5.973334, 41.855843], [-5.972846, 41.856149], [-5.972277, 41.856453], [-5.971627, 41.856756], [-5.970894, 41.857056], [-5.970267, 41.857354], [-5.969747, 41.85765], [-5.969333, 41.857944], [-5.969025, 41.858236], [-5.968651, 41.858475], [-5.968213, 41.858659], [-5.967709, 41.85879], [-5.96714, 41.858866], [-5.96668, 41.858872], [-5.966327, 41.858808], [-5.966083, 41.858673], [-5.965947, 41.858467], [-5.965615, 41.858346], [-5.965088, 41.85831], [-5.964364, 41.858358], [-5.963444, 41.858491], [-5.962769, 41.858646], [-5.962339, 41.858821], [-5.962153, 41.859018], [-5.962211, 41.859236], [-5.962487, 41.859396], [-5.962981, 41.859498], [-5.963694, 41.859543], [-5.964625, 41.859529], [-5.965329, 41.859636], [-5.965806, 41.859862], [-5.966056, 41.860208], [-5.966078, 41.860675], [-5.965738, 41.861018], [-5.965035, 41.861237], [-5.963968, 41.861333], [-5.962539, 41.861306], [-5.961439, 41.861335], [-5.96067, 41.861421], [-5.96023, 41.861564], [-5.960121, 41.861764], [-5.959957, 41.862006], [-5.959738, 41.862291], [-5.959465, 41.86262], [-5.959138, 41.862991], [-5.958958, 41.863422], [-5.958926, 41.863912], [-5.959042, 41.864462], [-5.959306, 41.865071], [-5.959398, 41.865606], [-5.959317, 41.866066], [-5.959064, 41.866452], [-5.958639, 41.866763], [-5.958342, 41.867095], [-5.958172, 41.867448], [-5.958129, 41.867823], [-5.958214, 41.868218], [-5.958541, 41.8687], [-5.959109, 41.869268], [-5.959918, 41.869922], [-5.960969, 41.870663], [-5.961921, 41.87107]], [[-6.003204, 41.914134], [-6.003579, 41.91409], [-6.004108, 41.91394], [-6.004792, 41.913686], [-6.005568, 41.913376], [-6.006437, 41.913012], [-6.007399, 41.912592], [-6.008453, 41.912118], [-6.009632, 41.911547], [-6.010935, 41.91088], [-6.012363, 41.910117], [-6.013916, 41.909258], [-6.01515, 41.908654], [-6.016066, 41.908306], [-6.016664, 41.908213], [-6.016944, 41.908376], [-6.017194, 41.908548], [-6.017414, 41.908729], [-6.017605, 41.908918], [-6.017765, 41.909116], [-6.018014, 41.909284], [-6.018352, 41.909422], [-6.018778, 41.909529], [-6.019292, 41.909606], [-6.01967, 41.909573], [-6.019911, 41.90943], [-6.020015, 41.909177], [-6.019982, 41.908814], [-6.020017, 41.908444], [-6.02012, 41.908067], [-6.020291, 41.907683], [-6.02053, 41.907292], [-6.020687, 41.906935], [-6.020761, 41.90661], [-6.020753, 41.90632], [-6.020663, 41.906062], [-6.020644, 41.905753], [-6.020698, 41.905392], [-6.020823, 41.904979], [-6.021021, 41.904515], [-6.021097, 41.904174], [-6.021049, 41.903958], [-6.020879, 41.903865], [-6.020587, 41.903896], [-6.02035, 41.903835], [-6.020169, 41.90368], [-6.020044, 41.903432], [-6.019974, 41.903091], [-6.019997, 41.902755], [-6.020112, 41.902424], [-6.02032, 41.902098], [-6.020621, 41.901777], [-6.020615, 41.901474], [-6.020302, 41.901188], [-6.019683, 41.90092], [-6.018757, 41.90067], [-6.017914, 41.90051], [-6.017154, 41.90044], [-6.016478, 41.900461], [-6.015885, 41.900573], [-6.015367, 41.900501], [-6.014922, 41.900244], [-6.014552, 41.899804], [-6.014256, 41.899179], [-6.014218, 41.898617], [-6.014439, 41.898117], [-6.014917, 41.897679], [-6.015654, 41.897304], [-6.016235, 41.896926], [-6.016659, 41.896545], [-6.016927, 41.896162], [-6.017038, 41.895775], [-6.017025, 41.895425], [-6.016887, 41.895111], [-6.016625, 41.894833], [-6.016238, 41.894592], [-6.015842, 41.894455], [-6.015436, 41.894425], [-6.015022, 41.8945], [-6.014598, 41.894681], [-6.014205, 41.894516], [-6.013843, 41.894006], [-6.013512, 41.893151], [-6.013212, 41.89195], [-6.012751, 41.890952], [-6.01213, 41.890155], [-6.011349, 41.889561], [-6.010406, 41.889169], [-6.009842, 41.888804], [-6.009655, 41.888466], [-6.009845, 41.888155], [-6.010413, 41.887871], [-6.010677, 41.887652], [-6.010636, 41.887499], [-6.01029, 41.88741], [-6.00964, 41.887387], [-6.008973, 41.887423], [-6.00829, 41.887517], [-6.00759, 41.887671], [-6.006874, 41.887882], [-6.006172, 41.888108], [-6.005485, 41.888347], [-6.004812, 41.8886], [-6.004153, 41.888866], [-6.003641, 41.889101], [-6.003277, 41.889304], [-6.00306, 41.889475], [-6.00299, 41.889615], [-6.002703, 41.889645], [-6.002198, 41.889566], [-6.001477, 41.889378], [-6.000539, 41.889082], [-5.999791, 41.888894], [-5.999234, 41.888816], [-5.998866, 41.888847], [-5.998689, 41.888988], [-5.998531, 41.889038], [-5.998391, 41.888996], [-5.99827, 41.888864], [-5.998167, 41.88864], [-5.998138, 41.888372], [-5.998184, 41.888061], [-5.998303, 41.887705], [-5.998497, 41.887306], [-5.998494, 41.887014], [-5.998295, 41.88683], [-5.997899, 41.886754], [-5.997306, 41.886785], [-5.996871, 41.886884], [-5.996593, 41.887049], [-5.996472, 41.88728], [-5.996509, 41.887579], [-5.996527, 41.887888], [-5.996527, 41.888208], [-5.996508, 41.888539], [-5.996471, 41.888882], [-5.996298, 41.889118], [-5.995989, 41.889248], [-5.995545, 41.889271], [-5.994964, 41.889189], [-5.99443, 41.889035], [-5.99394, 41.88881], [-5.993496, 41.888513], [-5.993097, 41.888145], [-5.992691, 41.887871], [-5.992277, 41.887689], [-5.991856, 41.887601], [-5.991428, 41.887606], [-5.991032, 41.88753], [-5.990668, 41.887373], [-5.990336, 41.887134], [-5.990036, 41.886814], [-5.989853, 41.886531], [-5.989788, 41.886286], [-5.989839, 41.886077], [-5.990008, 41.885906], [-5.990122, 41.885691], [-5.990182, 41.885433], [-5.990188, 41.885132], [-5.990139, 41.884788], [-5.990056, 41.884577], [-5.989938, 41.8845], [-5.989787, 41.884557], [-5.989602, 41.884747], [-5.989394, 41.884892], [-5.989163, 41.884993], [-5.98891, 41.88505], [-5.988634, 41.885063], [-5.988372, 41.885105], [-5.988123, 41.885177], [-5.987887, 41.885279], [-5.987665, 41.885411], [-5.987517, 41.885579], [-5.987442, 41.885784], [-5.987442, 41.886024], [-5.987516, 41.8863], [-5.987642, 41.886572], [-5.987821, 41.886839], [-5.988052, 41.887102], [-5.988336, 41.887361], [-5.988462, 41.887632], [-5.988431, 41.887918], [-5.988242, 41.888216], [-5.987896, 41.888528], [-5.987762, 41.88883], [-5.98784, 41.889122], [-5.98813, 41.889403], [-5.988632, 41.889675], [-5.988995, 41.890028], [-5.989219, 41.890465], [-5.989304, 41.890983], [-5.98925, 41.891584], [-5.989043, 41.892054], [-5.988682, 41.892392], [-5.988168, 41.892599], [-5.987502, 41.892675], [-5.986799, 41.892676], [-5.98606, 41.892603], [-5.985285, 41.892456], [-5.984475, 41.892235], [-5.983831, 41.891874], [-5.983354, 41.891375], [-5.983044, 41.890736], [-5.982901, 41.889959], [-5.982666, 41.88934], [-5.982339, 41.88888], [-5.981921, 41.88858], [-5.98141, 41.888438], [-5.980929, 41.888283], [-5.980477, 41.888116], [-5.980053, 41.887936], [-5.979658, 41.887744], [-5.979334, 41.887636], [-5.979081, 41.887613], [-5.978899, 41.887674], [-5.978787, 41.88782], [-5.978723, 41.888043], [-5.978707, 41.888341], [-5.978737, 41.888717], [-5.978815, 41.889169], [-5.978814, 41.889569], [-5.978736, 41.889918], [-5.978579, 41.890215], [-5.978344, 41.890461], [-5.977978, 41.890717], [-5.977479, 41.890981], [-5.976849, 41.891255], [-5.976088, 41.891538], [-5.975497, 41.891617], [-5.975077, 41.891492], [-5.974829, 41.891164], [-5.974751, 41.890632], [-5.97464, 41.890218], [-5.974497, 41.889921], [-5.97432, 41.889741], [-5.97411, 41.889679], [-5.973966, 41.889682], [-5.973888, 41.889751], [-5.973875, 41.889885], [-5.973928, 41.890084], [-5.973897, 41.89027], [-5.973782, 41.89044], [-5.973582, 41.890597], [-5.973298, 41.890738], [-5.973102, 41.89091], [-5.972995, 41.891112], [-5.972976, 41.891343], [-5.973046, 41.891604], [-5.973194, 41.891836], [-5.97342, 41.89204], [-5.973724, 41.892215], [-5.974107, 41.892361], [-5.974389, 41.892552], [-5.974569, 41.892787], [-5.974649, 41.893066], [-5.974628, 41.89339], [-5.974872, 41.893639], [-5.97538, 41.893813], [-5.976153, 41.893913], [-5.97719, 41.893938], [-5.977994, 41.893892], [-5.978564, 41.893776], [-5.978901, 41.89359], [-5.979004, 41.893333], [-5.979331, 41.893172], [-5.979883, 41.893107], [-5.980658, 41.893138], [-5.981659, 41.893265], [-5.982411, 41.893428], [-5.982915, 41.893627], [-5.98317, 41.893862], [-5.983178, 41.894133], [-5.983256, 41.894344], [-5.983404, 41.894497], [-5.983623, 41.89459], [-5.983911, 41.894623], [-5.984116, 41.89457], [-5.98424, 41.89443], [-5.984281, 41.894203], [-5.984241, 41.89389], [-5.984291, 41.893677], [-5.984433, 41.893566], [-5.984667, 41.893557], [-5.984992, 41.893648], [-5.985471, 41.893755], [-5.986105, 41.893877], [-5.986893, 41.894014], [-5.987836, 41.894166], [-5.988922, 41.894595], [-5.990152, 41.895302], [-5.991526, 41.896285], [-5.993044, 41.897545], [-5.994235, 41.898466], [-5.995098, 41.899047], [-5.995635, 41.899288], [-5.995845, 41.89919], [-5.996064, 41.899143], [-5.99629, 41.899147], [-5.996525, 41.899201], [-5.996767, 41.899306], [-5.996999, 41.899549], [-5.997219, 41.899929], [-5.997427, 41.900448], [-5.997624, 41.901105], [-5.997845, 41.90161], [-5.99809, 41.901962], [-5.998358, 41.902163], [-5.998651, 41.902212], [-5.99895, 41.902328], [-5.999257, 41.902511], [-5.99957, 41.90276], [-5.999891, 41.903077], [-6.000123, 41.903339], [-6.000264, 41.903549], [-6.000317, 41.903704], [-6.00028, 41.903806], [-6.000267, 41.904001], [-6.000279, 41.904287], [-6.000316, 41.904665], [-6.000378, 41.905136], [-6.000494, 41.905489], [-6.000664, 41.905726], [-6.00089, 41.905846], [-6.00117, 41.905848], [-6.001379, 41.905747], [-6.001517, 41.90554], [-6.001584, 41.905229], [-6.00158, 41.904813], [-6.001859, 41.904532], [-6.002421, 41.904385], [-6.003266, 41.904373], [-6.004394, 41.904495], [-6.005292, 41.904662], [-6.005961, 41.904875], [-6.0064, 41.905132], [-6.00661, 41.905434], [-6.006782, 41.905815], [-6.006915, 41.906274], [-6.007011, 41.906811], [-6.007068, 41.907426], [-6.00705, 41.908041], [-6.006957, 41.908657], [-6.006789, 41.909272], [-6.006546, 41.909888], [-6.006226, 41.91044], [-6.005831, 41.910928], [-6.005359, 41.911353], [-6.004811, 41.911713], [-6.004327, 41.912072], [-6.003907, 41.912428], [-6.003551, 41.912781], [-6.003258, 41.913133], [-6.003055, 41.913438], [-6.002942, 41.913696], [-6.002918, 41.913908], [-6.002984, 41.914074], [-6.003204, 41.914134]], [[-5.995446, 41.926319], [-5.997202, 41.92694], [-5.999494, 41.926678], [-6.002324, 41.925533], [-6.004452, 41.924553], [-6.005877, 41.923738], [-6.0066, 41.923089], [-6.006621, 41.922605], [-6.00683, 41.922163], [-6.007228, 41.921763], [-6.007814, 41.921404], [-6.008588, 41.921087], [-6.009162, 41.920722], [-6.009535, 41.92031], [-6.009707, 41.919849], [-6.009678, 41.919342], [-6.009561, 41.918944], [-6.009355, 41.918657], [-6.009061, 41.918481], [-6.008678, 41.918414], [-6.00828, 41.918291], [-6.007866, 41.918109], [-6.007437, 41.91787], [-6.006992, 41.917574], [-6.006737, 41.917263], [-6.006672, 41.916937], [-6.006795, 41.916597], [-6.007108, 41.916242], [-6.007249, 41.915943], [-6.007216, 41.9157], [-6.00701, 41.915513], [-6.006631, 41.915382], [-6.006075, 41.915432], [-6.005342, 41.915663], [-6.004432, 41.916074], [-6.003345, 41.916666], [-6.002311, 41.917077], [-6.001331, 41.917307], [-6.000404, 41.917356], [-5.999532, 41.917225], [-5.998521, 41.91724], [-5.997372, 41.917402], [-5.996085, 41.917709], [-5.99466, 41.918163], [-5.993761, 41.919101], [-5.99339, 41.920522], [-5.993545, 41.922426], [-5.994227, 41.924814], [-5.995446, 41.926319]], [[-5.969903, 41.938253], [-5.970728, 41.938505], [-5.97152, 41.938938], [-5.97228, 41.939552], [-5.973009, 41.940347], [-5.973744, 41.940769], [-5.974488, 41.940817], [-5.975239, 41.940492], [-5.975997, 41.939793], [-5.976757, 41.939159], [-5.977518, 41.938588], [-5.978279, 41.938081], [-5.979041, 41.937638], [-5.979655, 41.937223], [-5.980121, 41.936835], [-5.980439, 41.936476], [-5.980608, 41.936145], [-5.980992, 41.935734], [-5.981592, 41.935245], [-5.982407, 41.934678], [-5.983437, 41.934031], [-5.984183, 41.933507], [-5.984645, 41.933104], [-5.984822, 41.932823], [-5.984715, 41.932664], [-5.984475, 41.932591], [-5.984103, 41.932603], [-5.983597, 41.932701], [-5.982959, 41.932884], [-5.982426, 41.932961], [-5.982, 41.932934], [-5.98168, 41.932802], [-5.981466, 41.932564], [-5.981228, 41.932198], [-5.980967, 41.931704], [-5.980683, 41.931081], [-5.980374, 41.93033], [-5.980215, 41.929611], [-5.980203, 41.928925], [-5.980339, 41.92827], [-5.980624, 41.927648], [-5.980801, 41.927003], [-5.980869, 41.926336], [-5.98083, 41.925646], [-5.980682, 41.924933], [-5.98053, 41.924345], [-5.980374, 41.923882], [-5.980214, 41.923543], [-5.98005, 41.92333], [-5.97982, 41.923234], [-5.979526, 41.923258], [-5.979166, 41.9234], [-5.978742, 41.92366], [-5.978389, 41.923805], [-5.978106, 41.923835], [-5.977896, 41.923749], [-5.977756, 41.923547], [-5.977723, 41.923304], [-5.977797, 41.92302], [-5.977979, 41.922695], [-5.978268, 41.922328], [-5.978426, 41.922018], [-5.978455, 41.921765], [-5.978355, 41.921569], [-5.978124, 41.92143], [-5.977879, 41.921338], [-5.97762, 41.921292], [-5.977346, 41.921292], [-5.977058, 41.921338], [-5.976782, 41.92131], [-5.976519, 41.921209], [-5.976268, 41.921033], [-5.976029, 41.920783], [-5.975789, 41.92063], [-5.975549, 41.920573], [-5.975307, 41.920612], [-5.975063, 41.920747], [-5.97485, 41.920893], [-5.974667, 41.921051], [-5.974513, 41.92122], [-5.97439, 41.9214], [-5.974167, 41.921552], [-5.973846, 41.921676], [-5.973426, 41.921771], [-5.972907, 41.921839], [-5.972463, 41.922047], [-5.972094, 41.922394], [-5.9718, 41.922882], [-5.971581, 41.923509], [-5.971283, 41.924002], [-5.970906, 41.924359], [-5.970449, 41.92458], [-5.969914, 41.924667], [-5.969564, 41.925067], [-5.969401, 41.925782], [-5.969424, 41.926811], [-5.969632, 41.928154], [-5.969499, 41.929184], [-5.969025, 41.929901], [-5.968209, 41.930305], [-5.967051, 41.930395], [-5.966236, 41.930659], [-5.965762, 41.931095], [-5.965629, 41.931705], [-5.965838, 41.932488], [-5.966103, 41.933078], [-5.966424, 41.933474], [-5.966801, 41.933678], [-5.967233, 41.933688], [-5.967565, 41.933643], [-5.967795, 41.933542], [-5.967925, 41.933385], [-5.967954, 41.933172], [-5.96808, 41.933019], [-5.968303, 41.932927], [-5.968622, 41.932896], [-5.969038, 41.932925], [-5.969351, 41.933151], [-5.96956, 41.933574], [-5.969666, 41.934193], [-5.96967, 41.935009], [-5.969475, 41.935609], [-5.969084, 41.935992], [-5.968495, 41.936159], [-5.967708, 41.936109], [-5.967195, 41.9362], [-5.966956, 41.936431], [-5.966991, 41.936801], [-5.967299, 41.937312], [-5.967744, 41.937713], [-5.968327, 41.938003], [-5.969046, 41.938183], [-5.969903, 41.938253]], [[-6.077802, 41.869186], [-6.078107, 41.869317], [-6.078405, 41.869345], [-6.078694, 41.869269], [-6.078837, 41.869119], [-6.078835, 41.868896], [-6.078688, 41.868599], [-6.078395, 41.868228], [-6.078191, 41.867847], [-6.078076, 41.867454], [-6.07805, 41.867051], [-6.078113, 41.866637], [-6.078063, 41.866256], [-6.077902, 41.865907], [-6.077629, 41.865591], [-6.077243, 41.865307], [-6.076885, 41.865109], [-6.076556, 41.864997], [-6.076254, 41.86497], [-6.075979, 41.865029], [-6.075757, 41.865101], [-6.075587, 41.865186], [-6.075468, 41.865285], [-6.075401, 41.865397], [-6.075415, 41.865521], [-6.07551, 41.865657], [-6.075685, 41.865805], [-6.075941, 41.865966], [-6.076099, 41.866196], [-6.076161, 41.866496], [-6.076125, 41.866866], [-6.075991, 41.867306], [-6.075947, 41.867645], [-6.075992, 41.867883], [-6.076125, 41.86802], [-6.076348, 41.868056], [-6.076595, 41.868167], [-6.076867, 41.868354], [-6.077165, 41.868615], [-6.077487, 41.868953], [-6.077802, 41.869186]]]}}]}